{"modelSettings":{"letterOrder":"ACGTN","bindingModeInteractions":[],"bindingModes":[{"size":12,"fitLogActivity":true,"flankLength":0,"dinucleotideDistance":0,"componentName":"Binding mode 1","positionBias":false,"singleStrand":false,"modifications":[]}],"letterComplement":"C-G,A-T,N-N"},"coefficients":{"bindingModeInteractions":[],"bindingModes":[{"mononucleotide":[-0.021149277379063136,-0.29650566484723484,0,-0.15711447637966103,-0.11174461819636929,-0.15059044429471768,-0.7097440179672816,0,-0.40857968097581576,-0.28217608927307253,-0.39110897459993765,-2.0889344326278803,0,-2.655015858709927,-0.7601296571056114,-2.9884769720629727,-2.4628947898253664,-2.237664556208653,0,-1.169362462722498,-5.315908182560314,0,-5.476742305090323,-5.947622539961063,-1.374654574620735,0,-3.8666344168939766,-4.490071841612913,-3.6795361372751927,-1.3304971811033859,-5.05043783692896,0,-3.053265185660482,-1.933908571871246,-1.2054797289208352,-2.032721047414352,-3.2650605843879994,0,-5.123451166831984,-1.2249166944616512,-1.212232750108413,-1.6334842868484785,-2.2190249761198473,0,-0.9153565643946704,-5.484222829475819,-4.790194070201455,0,-3.6188465758338424,-1.3477698605632267,0,-0.7199378673195866,-0.2593847753681384,-0.7176682693863778,-0.37607725840568595,-0.9702250248223461,-0.2941006299827045,-0.7546996767952994,0,-0.43295795913608226],"activity":[[0]],"dinucleotide":[],"positionBias":[],"modifications":[]}]},"modelFittingConstraints":{"enrichmentModel":[{}],"nShifts":0,"addBindingModesSequentially":true,"bindingModeInteractions":[],"flankLengths":[0],"singleModeLengthSweep":false,"bindingModes":[{"maxFlankLength":-1,"positionBiasBinWidth":1,"optimizeSizeHeuristic":false,"maxSize":-1,"optimizeFlankLength":false,"symmetryString":"null","roundSpecificActivity":true,"informationThreshold":0.1,"optimizeMotifShift":false,"fittingStages":[],"optimizeMotifShiftHeuristic":false,"experimentSpecificPositionBias":true,"minSize":-1,"experimentSpecificActivity":true,"optimizeSize":false}]}}
