{"modelSettings":{"letterOrder":"ACGTN","bindingModeInteractions":[],"bindingModes":[{"size":14,"fitLogActivity":true,"flankLength":0,"dinucleotideDistance":0,"componentName":"Binding mode 1","positionBias":false,"singleStrand":false,"modifications":[]}],"letterComplement":"C-G,A-T,N-N"},"coefficients":{"bindingModeInteractions":[],"bindingModes":[{"mononucleotide":[-0.12064255941857382,-0.1914557969234103,-0.24233990463189414,0,-0.13441857902308132,-0.8728048040048932,-0.09666129266897272,-0.5436538566642959,0,-0.3194258049912439,-0.6705842736345335,0,-0.341908847199786,-0.6591267538459977,-0.378655646688591,-1.5011677822578005,-1.4071619135264442,-2.1549438921875623,0,-0.9265831388500405,-1.4614007341606374,-3.907168920381789,-2.959356476133024,0,-1.1209646567732523,0,-5.249039860223217,-4.448826313004496,-5.198276692793463,-1.3640721921771224,-4.780084593535497,-5.267467969704811,-5.543268725422934,0,-1.3689794799571733,-5.316267281016231,0,-5.392581046899629,-5.22999313411748,-1.3715882016847403,-0.40508813464331617,-2.90102681387253,-1.0140024455643033,0,-0.6516939102195757,-0.19090173906244168,0,-0.25164660725361365,-0.45323292014269434,-0.210936083056678,-0.21908165100014365,0,-1.0069706254412942,-0.5959689346032437,-0.38580641261795895,-0.6853487554493327,0,-1.1950519970449758,-0.36178123438398657,-0.4687894154861524,-0.459819998817391,0,-1.0127210475990065,-0.20602058204482,-0.3536641654664668,-0.02448122129932173,-0.5748476017328255,-0.27593368288036224,0,-0.19313888410121863],"activity":[[0]],"dinucleotide":[],"positionBias":[],"modifications":[]}]},"modelFittingConstraints":{"enrichmentModel":[{}],"nShifts":0,"addBindingModesSequentially":true,"bindingModeInteractions":[],"flankLengths":[0],"singleModeLengthSweep":false,"bindingModes":[{"maxFlankLength":-1,"positionBiasBinWidth":1,"optimizeSizeHeuristic":false,"maxSize":-1,"optimizeFlankLength":false,"symmetryString":"null","roundSpecificActivity":true,"informationThreshold":0.1,"optimizeMotifShift":false,"fittingStages":[],"optimizeMotifShiftHeuristic":false,"experimentSpecificPositionBias":true,"minSize":-1,"experimentSpecificActivity":true,"optimizeSize":false}]}}
