{"modelSettings":{"letterOrder":"ACGTN","bindingModeInteractions":[],"bindingModes":[{"size":15,"fitLogActivity":true,"flankLength":0,"dinucleotideDistance":0,"componentName":"Binding mode 1","positionBias":false,"singleStrand":false,"modifications":[]}],"letterComplement":"C-G,A-T,N-N"},"coefficients":{"bindingModeInteractions":[],"bindingModes":[{"mononucleotide":[-0.0830488674227734,-0.05677733292917786,-0.05094912871332191,0,-0.04723899534177635,-0.1190329706069182,-0.06454165843427795,-0.2968561190634378,0,-0.11416961363802021,0,-0.28041170672496696,-1.3390976365127245,-1.010845304220004,-0.5185781247047297,-1.9739786190453041,0,-1.840468952319187,-1.4115596499892251,-0.9535975054888878,-1.1112542708144972,-2.3840701612619433,0,-1.756139167979088,-0.9200283986565136,-2.1560074435744743,0,-2.366099853739667,-2.488742826014414,-1.1296024815258527,-2.855102178593615,0,-2.8236170581790505,-2.60978982796227,-1.2119288072735324,-2.339570524017256,0,-2.2293048560813893,-1.471041542197391,-1.0260648940919666,0,-0.5063543424929873,-2.5799753298219046,-2.510946198592149,-0.8211760095004175,-2.577742085654267,0,-2.60554628343256,-2.6755638021542674,-1.1885292930885962,-1.535368449566071,-2.13970752335108,0,-1.7445044178876334,-0.9756446218463094,-1.6840792330898604,0,-1.910012459623879,-1.2437019910021756,-0.9026290392515207,0,-1.3308583823846782,-0.8488617029822998,-1.0351894533570092,-0.6697670588327962,-0.038603044084229765,-0.13184595311978242,-0.4512697123061984,0,-0.14057683306585905,-0.22738650922690606,-0.4150318256914449,-0.5767613299262271,0,-0.2814857354501358],"activity":[[0]],"dinucleotide":[],"positionBias":[],"modifications":[]}]},"modelFittingConstraints":{"enrichmentModel":[{}],"nShifts":0,"addBindingModesSequentially":true,"bindingModeInteractions":[],"flankLengths":[0],"singleModeLengthSweep":false,"bindingModes":[{"maxFlankLength":-1,"positionBiasBinWidth":1,"optimizeSizeHeuristic":false,"maxSize":-1,"optimizeFlankLength":false,"symmetryString":"null","roundSpecificActivity":true,"informationThreshold":0.1,"optimizeMotifShift":false,"fittingStages":[],"optimizeMotifShiftHeuristic":false,"experimentSpecificPositionBias":true,"minSize":-1,"experimentSpecificActivity":true,"optimizeSize":false}]}}
