{"modelSettings":{"letterOrder":"ACGTN","bindingModeInteractions":[],"bindingModes":[{"size":16,"fitLogActivity":true,"flankLength":0,"dinucleotideDistance":0,"componentName":"Binding mode 1","positionBias":false,"singleStrand":false,"modifications":[]}],"letterComplement":"C-G,A-T,N-N"},"coefficients":{"bindingModeInteractions":[],"bindingModes":[{"mononucleotide":[0,-0.09082444085065156,-0.14621239227902727,-0.04257414181553276,-0.06842028352371309,-0.004940142344997511,0,-0.44544066273206173,-0.1688206374938268,-0.13918322528092375,-0.1858168250311074,-0.9394944564099972,0,-1.220595465965896,-0.4635026152350337,-0.06183073726396682,-2.231614820730923,0,-2.433379391207217,-0.627763668552896,-2.990896285478556,-2.944649630211281,0,-2.525107843518271,-1.2183146945639347,-2.903410679996105,-3.1673311042725487,0,-1.1418777590005527,-1.038337775491064,-3.0649707407374724,-2.550756637608568,-1.9074341606946983,0,-1.1448091388355677,-2.593276768207135,0,-2.120514788870586,-1.577135148070869,-1.0488864873357662,0,-2.785411988244701,-2.1072874249258216,-3.6567310076439004,-1.1964282426336423,0,-0.8282767061362564,-1.9004223831767573,-0.6496170545007889,-0.6402926382960816,0,-1.5978832120578939,-0.34086502483311776,-2.272207924888891,-0.6848995068607738,-0.2546288942399313,-1.4634843475808652,0,-1.979314094778435,-0.6232496428605451,-1.719314473317549,-0.3684398673789602,0,-1.1050879178276074,-0.596844984936607,-1.4972737906731703,-0.12527014805662162,-0.8733762633953677,0,-0.4606327679587774,-1.6583303139163337,0,-1.465469247446928,-0.3995794233760739,-0.6481602738401514,0,-0.22466004421375363,-0.513126355083716,-0.6325395054833098,-0.3117528394301774],"activity":[[0]],"dinucleotide":[],"positionBias":[],"modifications":[]}]},"modelFittingConstraints":{"enrichmentModel":[{}],"nShifts":0,"addBindingModesSequentially":true,"bindingModeInteractions":[],"flankLengths":[0],"singleModeLengthSweep":false,"bindingModes":[{"maxFlankLength":-1,"positionBiasBinWidth":1,"optimizeSizeHeuristic":false,"maxSize":-1,"optimizeFlankLength":false,"symmetryString":"null","roundSpecificActivity":true,"informationThreshold":0.1,"optimizeMotifShift":false,"fittingStages":[],"optimizeMotifShiftHeuristic":false,"experimentSpecificPositionBias":true,"minSize":-1,"experimentSpecificActivity":true,"optimizeSize":false}]}}
