{"modelSettings":{"letterOrder":"ACGTN","bindingModeInteractions":[],"bindingModes":[{"size":12,"fitLogActivity":true,"flankLength":0,"dinucleotideDistance":0,"componentName":"Binding mode 1","positionBias":false,"singleStrand":false,"modifications":[]}],"letterComplement":"C-G,A-T,N-N"},"coefficients":{"bindingModeInteractions":[],"bindingModes":[{"mononucleotide":[0,-0.6316675644568797,-0.39686436326801733,-0.40613911726239493,-0.3318613931635817,0,-1.024396889576428,-0.30133848511382766,-0.45134453215221626,-0.3799393120244001,0,-1.0963858837517915,-0.7743214839371024,-0.960951252677658,-0.6080610852526656,0,-3.064561943128724,-3.0614955783307582,-2.220749210611946,-1.2022911565959442,-2.8944658736727407,0,-1.7654935764681445,-1.9601187071595687,-1.0734764200200202,0,-3.178535426100127,-2.94666509566935,-2.746497003422877,-1.2393294285756191,0,-3.205139517559939,-3.158600084223435,-2.923962007094742,-1.2581132683269431,-1.6276854446479074,-2.964519485731234,-2.7399758705691664,0,-1.1143296023942255,-0.3697584773316738,-0.9818322377980788,0,-1.0047166886102765,-0.49771461566229536,-0.428212290445078,-0.6577258949520282,0,-1.1388920137514962,-0.47406198298474256,0,-0.39937194876120685,-0.22744669621897273,-0.621944931128013,-0.2862813061837995,0,-0.2031420210970989,-0.2953519251768011,-0.05602174011465877,-0.13183268907693885],"activity":[[0]],"dinucleotide":[],"positionBias":[],"modifications":[]}]},"modelFittingConstraints":{"enrichmentModel":[{}],"nShifts":0,"addBindingModesSequentially":true,"bindingModeInteractions":[],"flankLengths":[0],"singleModeLengthSweep":false,"bindingModes":[{"maxFlankLength":-1,"positionBiasBinWidth":1,"optimizeSizeHeuristic":false,"maxSize":-1,"optimizeFlankLength":false,"symmetryString":"null","roundSpecificActivity":true,"informationThreshold":0.1,"optimizeMotifShift":false,"fittingStages":[],"optimizeMotifShiftHeuristic":false,"experimentSpecificPositionBias":true,"minSize":-1,"experimentSpecificActivity":true,"optimizeSize":false}]}}
