{"modelSettings":{"letterOrder":"ACGTN","bindingModeInteractions":[],"bindingModes":[{"size":14,"fitLogActivity":true,"flankLength":0,"dinucleotideDistance":0,"componentName":"Binding mode 1","positionBias":false,"singleStrand":false,"modifications":[]}],"letterComplement":"C-G,A-T,N-N"},"coefficients":{"bindingModeInteractions":[],"bindingModes":[{"mononucleotide":[0,-0.8489024201987441,-0.27087306551192825,-0.3887050409107786,-0.33249402330178757,-0.44723871663921955,-1.4328640697752455,0,-1.3066748727652922,-0.6214152979609402,-0.8645305787034694,-2.3012364829602365,0,-0.19067411672263646,-0.5328215806855214,-1.2339972722237391,-4.781423067395975,0,-4.9093853075705525,-1.1186459151381223,-4.951791544537345,-4.8892293045809705,0,-5.121507885324018,-1.3659379949980053,-4.731016821870158,-4.582586630849574,0,-4.766263968491792,-1.3591092204069926,-1.5707121952312235,0,-3.8134044112282357,-1.6036810785414026,-1.027833750969704,-3.337770725255357,-3.601525664043651,0,-3.158158061020252,-1.2861756963698332,-3.8314884966569895,-3.1942320619442057,0,-0.40762935824629487,-0.8393871486201283,-0.9598208255625451,-1.8366304405339982,0,-1.1049608252133147,-0.758465297325201,-0.8304042654278536,-0.8627541755261063,0,-0.7482622509321502,-0.5399715246224812,-1.2878744254147083,0,-1.946642051959742,-0.8132893659315545,-0.7646397951626692,-0.8550338489123028,0,-1.1481599409935246,-0.32568012190365536,-0.48429533242086725,0,-0.305174924974402,-0.5176204708924921,-0.17316130265576923,-0.231322752523674],"activity":[[0]],"dinucleotide":[],"positionBias":[],"modifications":[]}]},"modelFittingConstraints":{"enrichmentModel":[{}],"nShifts":0,"addBindingModesSequentially":true,"bindingModeInteractions":[],"flankLengths":[0],"singleModeLengthSweep":false,"bindingModes":[{"maxFlankLength":-1,"positionBiasBinWidth":1,"optimizeSizeHeuristic":false,"maxSize":-1,"optimizeFlankLength":false,"symmetryString":"null","roundSpecificActivity":true,"informationThreshold":0.1,"optimizeMotifShift":false,"fittingStages":[],"optimizeMotifShiftHeuristic":false,"experimentSpecificPositionBias":true,"minSize":-1,"experimentSpecificActivity":true,"optimizeSize":false}]}}
