{"modelSettings":{"letterOrder":"ACGTN","bindingModeInteractions":[],"bindingModes":[{"size":13,"fitLogActivity":true,"flankLength":0,"dinucleotideDistance":0,"componentName":"Binding mode 1","positionBias":false,"singleStrand":false,"modifications":[]}],"letterComplement":"C-G,A-T,N-N"},"coefficients":{"bindingModeInteractions":[],"bindingModes":[{"mononucleotide":[-0.4736015268538347,0,-0.3169397374627829,-0.3435242974620234,-0.267749960241223,-0.15450977763832086,-0.11304141276204938,-0.2623433642096389,0,-0.12806191073559184,0,-1.1807955484723136,-1.1119995579960626,-0.7551333239786411,-0.6415595125264485,0,-2.200018926431585,-0.5911688071037355,-1.6810376350831406,-0.7707512124354876,0,-3.1385953151560435,-1.1866126815711775,-4.282258451353471,-1.0770402135500836,-4.618307820860192,-4.578280227276043,0,-4.556301023785192,-1.3561116177013033,-4.356479437531526,-4.507906033058724,0,-0.9551841946773187,-1.0437078267626998,-4.582653655969469,-4.288559233993604,-3.977682124812774,0,-1.3444986919029653,-4.8256668176038,0,-4.5562256984929865,-3.8651991241632984,-1.347572260180663,0,-4.367246970583878,-3.118235876163399,-4.619809472151322,-1.3216534135254674,0,-0.3268672356859046,-2.309284930532495,-0.4167795860638126,-0.4781656752825622,0,-0.07210521448829788,-0.19221020074244244,-0.23069604754316497,-0.11947432520512503,0,-0.2901771732279923,-0.3838810725410382,-0.37616871563164045,-0.24979880888036538],"activity":[[0]],"dinucleotide":[],"positionBias":[],"modifications":[]}]},"modelFittingConstraints":{"enrichmentModel":[{}],"nShifts":0,"addBindingModesSequentially":true,"bindingModeInteractions":[],"flankLengths":[0],"singleModeLengthSweep":false,"bindingModes":[{"maxFlankLength":-1,"positionBiasBinWidth":1,"optimizeSizeHeuristic":false,"maxSize":-1,"optimizeFlankLength":false,"symmetryString":"null","roundSpecificActivity":true,"informationThreshold":0.1,"optimizeMotifShift":false,"fittingStages":[],"optimizeMotifShiftHeuristic":false,"experimentSpecificPositionBias":true,"minSize":-1,"experimentSpecificActivity":true,"optimizeSize":false}]}}
