{"modelSettings":{"letterOrder":"ACGTN","bindingModeInteractions":[],"bindingModes":[{"size":12,"fitLogActivity":true,"flankLength":0,"dinucleotideDistance":0,"componentName":"Binding mode 1","positionBias":false,"singleStrand":false,"modifications":[]}],"letterComplement":"C-G,A-T,N-N"},"coefficients":{"bindingModeInteractions":[],"bindingModes":[{"mononucleotide":[0,-0.21800679094782716,-0.5712491496014618,-0.2279807737053492,-0.2341163449288902,-0.5380229521585118,-0.09381852860581397,-0.1710176915016337,0,-0.1811753708555019,-0.41652936847364597,-0.7107373588656021,-0.3424648312249481,0,-0.33525211333766275,-3.8780796176932024,-1.4884839906541938,-4.018936258923876,0,-1.151714712060112,-3.0197677291435157,-3.172811203047004,0,-3.346959942775912,-1.26772104875439,0,-2.864899926351963,-3.831460677674795,-3.2466567510762547,-1.2751369433159976,-1.6529513851277207,0,-4.257400052415145,-3.9484189170096973,-1.1834121575676182,-3.5770566195930695,0,-4.146521689023187,-3.795824947063712,-1.3221544384729464,-3.341798200609816,-0.8999817113566078,-2.8651018054365722,0,-0.9815443633939959,-1.817404710576616,0,-1.8296617387361094,-0.13483404633893414,-0.599303730645295,-0.5684433077437783,-0.8851022035893559,-0.8439359734624468,0,-0.5070439791248088,0,-0.19551342669302318,-0.1196736400396281,-0.3109193538510713,-0.15012685025557604],"activity":[[0]],"dinucleotide":[],"positionBias":[],"modifications":[]}]},"modelFittingConstraints":{"enrichmentModel":[{}],"nShifts":0,"addBindingModesSequentially":true,"bindingModeInteractions":[],"flankLengths":[0],"singleModeLengthSweep":false,"bindingModes":[{"maxFlankLength":-1,"positionBiasBinWidth":1,"optimizeSizeHeuristic":false,"maxSize":-1,"optimizeFlankLength":false,"symmetryString":"null","roundSpecificActivity":true,"informationThreshold":0.1,"optimizeMotifShift":false,"fittingStages":[],"optimizeMotifShiftHeuristic":false,"experimentSpecificPositionBias":true,"minSize":-1,"experimentSpecificActivity":true,"optimizeSize":false}]}}
