{"modelSettings":{"letterOrder":"ACGTN","bindingModeInteractions":[],"bindingModes":[{"size":15,"fitLogActivity":true,"flankLength":0,"dinucleotideDistance":0,"componentName":"Binding mode 1","positionBias":false,"singleStrand":false,"modifications":[]}],"letterComplement":"C-G,A-T,N-N"},"coefficients":{"bindingModeInteractions":[],"bindingModes":[{"mononucleotide":[-0.2261926995634571,-0.08618644834204936,0,-0.3428814836286538,-0.15527759953921874,-0.5218829137014573,0,-0.5203210022787044,-0.2714745125468525,-0.3044937271792135,-2.367596551141212,-2.672422398668928,-3.8432394246551493,0,-1.2172147333123802,0,-3.11448582914887,-2.755436497234469,-3.1996395617654376,-1.2476117047911592,0,-3.599310194545984,-3.72760911441619,-4.23810703342916,-1.322542646598607,-4.110003039624331,-3.881741962005977,-2.5238077192588912,0,-1.275489903736599,-2.7595721210181177,0,-3.273569717585972,-3.250678947126844,-1.2553207114037777,-2.586141986135015,0,-0.48768998300147004,-1.1975104084879522,-0.6975075574563019,-1.7477258732222123,-1.3315258010219821,0,-1.0046739649342697,-0.7960620203809831,0,-1.028226839462926,-1.4284060064478954,-0.3515794958051863,-0.5529909018166723,-1.906163767177803,-2.0312259778371833,-2.199933662081881,0,-1.0565341261818286,-0.31428220680062147,-1.7464452216699482,-1.939075642202234,0,-0.6691657889206459,0,-2.922510582219482,-2.801238301936579,-1.914545137011999,-1.1536424551345874,-0.10573191667044046,-0.8119869435471614,-0.28626450737042575,0,-0.25660185055283014,-0.5675454372947835,0,-0.4039547117810054,-0.6737641751628054,-0.37674075922373157],"activity":[[0]],"dinucleotide":[],"positionBias":[],"modifications":[]}]},"modelFittingConstraints":{"enrichmentModel":[{}],"nShifts":0,"addBindingModesSequentially":true,"bindingModeInteractions":[],"flankLengths":[0],"singleModeLengthSweep":false,"bindingModes":[{"maxFlankLength":-1,"positionBiasBinWidth":1,"optimizeSizeHeuristic":false,"maxSize":-1,"optimizeFlankLength":false,"symmetryString":"null","roundSpecificActivity":true,"informationThreshold":0.1,"optimizeMotifShift":false,"fittingStages":[],"optimizeMotifShiftHeuristic":false,"experimentSpecificPositionBias":true,"minSize":-1,"experimentSpecificActivity":true,"optimizeSize":false}]}}
