{"modelSettings":{"letterOrder":"ACGTN","bindingModeInteractions":[],"bindingModes":[{"size":13,"fitLogActivity":true,"flankLength":0,"dinucleotideDistance":0,"componentName":"Binding mode 1","positionBias":false,"singleStrand":false,"modifications":[]}],"letterComplement":"C-G,A-T,N-N"},"coefficients":{"bindingModeInteractions":[],"bindingModes":[{"mononucleotide":[-0.12895512275785492,-0.09680011695292468,0,-0.3361985742876712,-0.13317943862107717,-0.21510471365766293,-0.015957677089913247,-0.16957457002725906,0,-0.09578160305174438,-1.801266739148084,-2.019844237974218,-2.462381288845741,0,-1.0620411108263272,0,-2.374427596305454,-2.1049447781741906,-3.4344974432613244,-1.165423984564138,0,-3.979268318802138,-3.9432624028885153,-2.4634839388814074,-1.2700930154940555,-2.1900809538199937,-1.108895508402628,-1.7417010623933367,0,-0.9056890479577036,-0.9693422523477615,-0.9374987596865632,-0.6168739193679138,0,-0.5488012823153364,-0.06117111781595019,-0.593233301936809,0,-0.49391403994897454,-0.2537853237508093,-0.09536511219955512,-0.24287360759835064,0,-0.4225931045673268,-0.17770517258029012,0,-0.1581742032329574,-0.32331337145110073,-0.18009788018629935,-0.1588091932877786,-0.16417303559709007,-0.1749577775287463,-0.23740758535312656,0,-0.140194280524622,-0.21245313407065858,-0.36624709407056355,-0.500386708163822,0,-0.25224227109020825,0,-0.4950200100060158,-0.47058038427867,-0.1482464705006714,-0.2560487506203332],"activity":[[0]],"dinucleotide":[],"positionBias":[],"modifications":[]}]},"modelFittingConstraints":{"enrichmentModel":[{}],"nShifts":0,"addBindingModesSequentially":true,"bindingModeInteractions":[],"flankLengths":[0],"singleModeLengthSweep":false,"bindingModes":[{"maxFlankLength":-1,"positionBiasBinWidth":1,"optimizeSizeHeuristic":false,"maxSize":-1,"optimizeFlankLength":false,"symmetryString":"null","roundSpecificActivity":true,"informationThreshold":0.1,"optimizeMotifShift":false,"fittingStages":[],"optimizeMotifShiftHeuristic":false,"experimentSpecificPositionBias":true,"minSize":-1,"experimentSpecificActivity":true,"optimizeSize":false}]}}
