{"modelSettings":{"letterOrder":"ACGTN","bindingModeInteractions":[],"bindingModes":[{"size":14,"fitLogActivity":true,"flankLength":0,"dinucleotideDistance":0,"componentName":"Binding mode 1","positionBias":false,"singleStrand":false,"modifications":[]}],"letterComplement":"C-G,A-T,N-N"},"coefficients":{"bindingModeInteractions":[],"bindingModes":[{"mononucleotide":[-1.3444552291818428,-0.6360776014986818,-2.050431285939101,0,-0.7346330351883225,-2.901484674064156,-2.231897104757814,0,-2.7137999069143133,-1.1804592013369042,-1.0495399092884035,0,-2.759788746036498,-2.372367418051311,-0.9763966848737977,-2.1316720561092173,-1.74119303849135,-2.5726325126878957,0,-1.0712761904294152,-2.284330872296702,-2.38279660513263,0,-1.2087752951657502,-0.9857098080913508,0,-1.9623378168490846,-2.270453615028769,-2.235192265467659,-1.0856222319370525,-1.3576382088756183,0,-0.760747087972955,-0.9392386468240619,-0.6369983501148907,-0.4188858607451116,-0.6357926459307577,-0.03957088234911943,0,-0.23936926273975015,-0.37336764826294155,0,-0.5511876564739278,-0.07685324582334196,-0.2260531446009835,0,-0.1882437889506523,-0.12791309049125132,-0.1020195008585576,-0.1022114467325434,-0.597501987107123,-0.9388653214938025,0,-0.7072725176503378,-0.49665870389239836,-1.0044840337404657,0,-0.2691806844383855,-1.0902214576447835,-0.4835425507069937,-0.11587212597887842,0,-0.5228299076314813,-0.9001317633310628,-0.3250566551633251,0,-0.1260571172061571,-0.16614926222610915,-0.2062499501368844,-0.12157064032428284],"activity":[[0]],"dinucleotide":[],"positionBias":[],"modifications":[]}]},"modelFittingConstraints":{"enrichmentModel":[{}],"nShifts":0,"addBindingModesSequentially":true,"bindingModeInteractions":[],"flankLengths":[0],"singleModeLengthSweep":false,"bindingModes":[{"maxFlankLength":-1,"positionBiasBinWidth":1,"optimizeSizeHeuristic":false,"maxSize":-1,"optimizeFlankLength":false,"symmetryString":"null","roundSpecificActivity":true,"informationThreshold":0.1,"optimizeMotifShift":false,"fittingStages":[],"optimizeMotifShiftHeuristic":false,"experimentSpecificPositionBias":true,"minSize":-1,"experimentSpecificActivity":true,"optimizeSize":false}]}}
