{"modelSettings":{"letterOrder":"ACGTN","bindingModeInteractions":[],"bindingModes":[{"size":18,"fitLogActivity":true,"flankLength":0,"dinucleotideDistance":0,"componentName":"Binding mode 1","positionBias":false,"singleStrand":false,"modifications":[]}],"letterComplement":"C-G,A-T,N-N"},"coefficients":{"bindingModeInteractions":[],"bindingModes":[{"mononucleotide":[-0.3592944805748086,-0.5938095185811907,-0.48245885146736533,0,-0.3328007601775327,-1.3288683432174242,-0.7606436791954625,-0.2950329413820132,0,-0.47938780848786194,-2.0207605036088108,-0.9315581368742638,0,-1.5959828802263285,-0.8386336190722365,-1.317411251365158,0,-1.535597482182336,-0.6546324520953846,-0.6917542710047959,-0.5505440342820584,-0.562467183070698,-0.5571797669475522,0,-0.38593464317021914,-0.11467301253416196,-1.0873727754569629,0,-0.7320922892073245,-0.3894710552623455,0,-0.5600594004765842,-1.1480361875396667,-1.164904773927388,-0.5976612448565006,-1.3943954227929574,-0.9231786101254258,0,-1.9507624061793667,-0.8055307034054346,-2.3942836947409116,-2.766277836327882,-2.835532122611429,0,-1.1933453297893912,-1.7163531697379888,0,-2.361257332147334,-2.425747664900662,-1.0770216021241683,0,-2.5397345852054567,-1.73564212214408,-1.90172362259616,-1.046623429734179,-2.3447572217362005,-2.6710009189459196,0,-1.6920734571123734,-1.0867893960094026,-2.958389563320196,0,-2.463504225511132,-2.355489532734744,-1.1777483643717424,0,-2.4689394708903762,-0.952712387766864,-1.4137522424509097,-0.8476997031459883,0,-0.20247269441419125,-0.2650924808897619,-0.24828700008919657,-0.1731696248496062,-0.08558078960867466,-1.4150132141336345,-0.9197780959370139,0,-0.44647897095356204,-0.259333746634427,-1.414199854901005,-1.1967626540578538,0,-0.5460830936555483,-0.4996619085201468,-1.0597353014547712,-1.718411923535065,0,-0.6289365113092866],"activity":[[0]],"dinucleotide":[],"positionBias":[],"modifications":[]}]},"modelFittingConstraints":{"enrichmentModel":[{}],"nShifts":0,"addBindingModesSequentially":true,"bindingModeInteractions":[],"flankLengths":[0],"singleModeLengthSweep":false,"bindingModes":[{"maxFlankLength":-1,"positionBiasBinWidth":1,"optimizeSizeHeuristic":false,"maxSize":-1,"optimizeFlankLength":false,"symmetryString":"null","roundSpecificActivity":true,"informationThreshold":0.1,"optimizeMotifShift":false,"fittingStages":[],"optimizeMotifShiftHeuristic":false,"experimentSpecificPositionBias":true,"minSize":-1,"experimentSpecificActivity":true,"optimizeSize":false}]}}
