{"modelSettings":{"letterOrder":"ACGTN","bindingModeInteractions":[],"bindingModes":[{"size":12,"fitLogActivity":true,"flankLength":0,"dinucleotideDistance":0,"componentName":"Binding mode 1","positionBias":false,"singleStrand":false,"modifications":[]}],"letterComplement":"C-G,A-T,N-N"},"coefficients":{"bindingModeInteractions":[],"bindingModes":[{"mononucleotide":[0,-0.48900936225870595,-0.22513614338759957,-0.49473002375096264,-0.28058180632188434,-0.6688344546889553,0,-0.851598212126282,-1.0004253606785642,-0.550450108230687,-1.6786478800300504,0,-3.435233194469621,-4.084594750126536,-1.1746777900680045,0,-3.4526410462033006,-0.8705326041362405,-1.8735434499534573,-0.9138132549711442,-4.238286066948804,0,-3.4661117397595547,-2.2357421812178355,-1.2442885765378355,-0.9428928262093024,-3.099215454150543,0,-4.362993703753032,-1.0165778892293154,-3.625341037061471,-3.69635791067458,-4.493232310710198,0,-1.3255396957604013,-4.6683742168381475,-4.559756072502031,0,-3.4727826242228375,-1.3366638887252726,-0.5785819097550249,-0.20507010399006909,0,-0.4395690111402146,-0.2811709233875087,-0.5745512358243268,-0.07869960540178411,-0.4098884234012292,0,-0.23857472300015373,-0.1319005443390875,0,-0.36055586932961603,-0.023510331085040193,-0.11921137044863477,-0.020333667680057843,-0.1612429679430214,0,-0.0751387950717266,-0.06225535465688769],"activity":[[0]],"dinucleotide":[],"positionBias":[],"modifications":[]}]},"modelFittingConstraints":{"enrichmentModel":[{}],"nShifts":0,"addBindingModesSequentially":true,"bindingModeInteractions":[],"flankLengths":[0],"singleModeLengthSweep":false,"bindingModes":[{"maxFlankLength":-1,"positionBiasBinWidth":1,"optimizeSizeHeuristic":false,"maxSize":-1,"optimizeFlankLength":false,"symmetryString":"null","roundSpecificActivity":true,"informationThreshold":0.1,"optimizeMotifShift":false,"fittingStages":[],"optimizeMotifShiftHeuristic":false,"experimentSpecificPositionBias":true,"minSize":-1,"experimentSpecificActivity":true,"optimizeSize":false}]}}
