{"modelSettings":{"letterOrder":"ACGTN","bindingModeInteractions":[],"bindingModes":[{"size":14,"fitLogActivity":true,"flankLength":0,"dinucleotideDistance":0,"componentName":"Binding mode 1","positionBias":false,"singleStrand":false,"modifications":[]}],"letterComplement":"C-G,A-T,N-N"},"coefficients":{"bindingModeInteractions":[],"bindingModes":[{"mononucleotide":[-0.3636822012330967,-0.09573948131831678,-0.5097546365867558,0,-0.2217521071079526,-0.5908322706253397,-0.5264872269974852,0,-0.25843820802124107,-0.31580753913112986,0,-0.839656977315892,-0.13885749907367284,-1.9348804091916563,-0.49157371074893175,-3.856506949284779,-3.585014287379889,-4.212286403099631,0,-1.3245499397144451,-3.5421938057458666,-3.2263096267281215,-1.9715408625663384,0,-1.1974146597938882,0,-3.9438925868551546,-1.692273337881839,-3.441423084695349,-1.1748248710575688,-3.3013142657969583,0,-2.740767295071726,-0.6058798271047179,-0.8873694306112361,-0.539178990471326,-2.670960114893579,0,-3.2727516460097945,-0.8613796670191719,-3.029308796200473,-1.7338719666299625,-2.761910790135323,0,-1.1331111212376943,0,-2.1771719747434357,-3.17795106163793,-3.6883400547909213,-1.2207408514182154,0,-2.8515721720123945,-2.8917300974151,-3.1021280759745,-1.2394384831073784,-2.137385102973788,0,-0.4886965134835197,-0.2092083123315227,-0.4531014411660164,0,-0.7127969312998985,-0.16820564171460717,-0.4571274811377606,-0.2982205197181761,-0.4583455974443069,0,-0.32644362683801553,-0.27690886804445203,-0.25104882675017887],"activity":[[0]],"dinucleotide":[],"positionBias":[],"modifications":[]}]},"modelFittingConstraints":{"enrichmentModel":[{}],"nShifts":0,"addBindingModesSequentially":true,"bindingModeInteractions":[],"flankLengths":[0],"singleModeLengthSweep":false,"bindingModes":[{"maxFlankLength":-1,"positionBiasBinWidth":1,"optimizeSizeHeuristic":false,"maxSize":-1,"optimizeFlankLength":false,"symmetryString":"null","roundSpecificActivity":true,"informationThreshold":0.1,"optimizeMotifShift":false,"fittingStages":[],"optimizeMotifShiftHeuristic":false,"experimentSpecificPositionBias":true,"minSize":-1,"experimentSpecificActivity":true,"optimizeSize":false}]}}
