{"modelSettings":{"letterOrder":"ACGTN","bindingModeInteractions":[],"bindingModes":[{"size":13,"fitLogActivity":true,"flankLength":0,"dinucleotideDistance":0,"componentName":"Binding mode 1","positionBias":false,"singleStrand":false,"modifications":[]}],"letterComplement":"C-G,A-T,N-N"},"coefficients":{"bindingModeInteractions":[],"bindingModes":[{"mononucleotide":[-0.017665321286409075,0,-0.14130586995428285,-0.027640557400715693,-0.045140825299612546,-0.4237341506168235,-0.38224590286604343,-0.14276596434564848,0,-0.221931138595763,0,-1.024145863396412,-0.3255509600607427,-1.8849935876987756,-0.5829204127933395,-3.0986538960485825,-3.131491480340279,-3.4618044162427095,0,-1.2728445880233537,-3.2738446714267324,-4.143349439944081,-0.975282262339066,0,-1.028049383922356,0,-2.7503831153925944,-0.6031509699539903,-2.080934984420688,-0.8348248632224471,-2.451739158085121,0,-2.2004503572764103,-1.5167810480444484,-1.0382366731485704,-0.11175158771299465,-2.3820852181993066,0,-2.6256203228384223,-0.6640647043490985,-3.076284564562025,-2.3386464746120597,-2.9136325000025627,0,-1.2065873467008548,0,-0.7020111596458847,-2.5883920320704377,-3.4007046350126435,-0.9137451469458288,0,-3.7018079508322397,-3.1507495890987727,-3.0382109668487614,-1.2770638568591837,-1.8173133572870217,-0.21566552085953639,-0.8783368304924828,0,-0.5175398512957223,0,-0.17909212649282757,-0.42159719114909766,-0.2793224426168246,-0.20815546552067818],"activity":[[0]],"dinucleotide":[],"positionBias":[],"modifications":[]}]},"modelFittingConstraints":{"enrichmentModel":[{}],"nShifts":0,"addBindingModesSequentially":true,"bindingModeInteractions":[],"flankLengths":[0],"singleModeLengthSweep":false,"bindingModes":[{"maxFlankLength":-1,"positionBiasBinWidth":1,"optimizeSizeHeuristic":false,"maxSize":-1,"optimizeFlankLength":false,"symmetryString":"null","roundSpecificActivity":true,"informationThreshold":0.1,"optimizeMotifShift":false,"fittingStages":[],"optimizeMotifShiftHeuristic":false,"experimentSpecificPositionBias":true,"minSize":-1,"experimentSpecificActivity":true,"optimizeSize":false}]}}
