{"modelSettings":{"letterOrder":"ACGTN","bindingModeInteractions":[],"bindingModes":[{"size":14,"fitLogActivity":true,"flankLength":0,"dinucleotideDistance":0,"componentName":"Binding mode 1","positionBias":false,"singleStrand":false,"modifications":[]}],"letterComplement":"C-G,A-T,N-N"},"coefficients":{"bindingModeInteractions":[],"bindingModes":[{"mononucleotide":[-0.038763142589396615,-0.13191122334958205,0,-0.1628007128506166,-0.08116725564932857,-0.1713360048105077,0,-0.06891111980367448,-0.14441890323581408,-0.0939060449167443,-0.6913516948517531,-0.4562045373322672,0,-5.57632265413055E-4,-0.2439761495014141,0,-1.751194866226065,-0.430016165775819,-2.1640772471029788,-0.7241627907675898,-3.3905916431300236,-3.402173256954452,-3.5193330959607305,0,-1.2940719061173807,-3.233472293182503,-4.155789300356583,-1.675808295105874,0,-1.1693695965742554,-0.7294225472925886,-3.451088089019582,0,-1.7419515768521707,-0.8621123387199009,-2.4330022573130483,0,-2.4716176379839556,-1.626498721615297,-1.0723322717114963,-1.370751947914326,-2.6242176632930985,0,-2.48343206040465,-1.042797771637695,-1.3529142815463429,0,-3.0060066045186318,-0.5921247288245386,-0.7651129409419206,0,-1.0570731289883604,-3.4181294651806073,-3.5335692319182623,-1.0430979855368803,-0.04181456473679912,0,-2.560380716174281,-2.9629212117346038,-0.6500921526822089,-0.3675887706865124,-0.3898058260833803,-0.11692407308984709,0,-0.20479941592320647,0,-0.4345145186557877,-0.9350357423634765,-0.469741598589116,-0.4059722606597611],"activity":[[0]],"dinucleotide":[],"positionBias":[],"modifications":[]}]},"modelFittingConstraints":{"enrichmentModel":[{}],"nShifts":0,"addBindingModesSequentially":true,"bindingModeInteractions":[],"flankLengths":[0],"singleModeLengthSweep":false,"bindingModes":[{"maxFlankLength":-1,"positionBiasBinWidth":1,"optimizeSizeHeuristic":false,"maxSize":-1,"optimizeFlankLength":false,"symmetryString":"null","roundSpecificActivity":true,"informationThreshold":0.1,"optimizeMotifShift":false,"fittingStages":[],"optimizeMotifShiftHeuristic":false,"experimentSpecificPositionBias":true,"minSize":-1,"experimentSpecificActivity":true,"optimizeSize":false}]}}
