{"modelSettings":{"letterOrder":"ACGTN","bindingModeInteractions":[],"bindingModes":[{"size":13,"fitLogActivity":true,"flankLength":0,"dinucleotideDistance":0,"componentName":"Binding mode 1","positionBias":false,"singleStrand":false,"modifications":[]}],"letterComplement":"C-G,A-T,N-N"},"coefficients":{"bindingModeInteractions":[],"bindingModes":[{"mononucleotide":[-0.41676562048021104,-0.06068685376144245,-0.21986104503573145,0,-0.16165941078298313,-0.7899048674285276,-0.4061335733354827,0,-0.17750184847805173,-0.3019606626154168,0,-1.1900786114932864,-0.2988029866153106,-2.888634113642808,-0.6436167923553768,-3.153266964640341,-3.6649379983026065,-3.3648558697702815,0,-1.2883647825198277,-3.5916083730823654,-3.424770094570038,-2.849035474793818,0,-1.2747432521854394,0,-2.9780108528154368,-1.6349084524868225,-3.1201584316636075,-1.1316410099080223,-3.370313940652389,0,-2.8654462330123542,-1.3100260214656587,-1.077964733757791,-1.1042407514153436,-3.1657294107115708,0,-3.117088929753551,-1.0370950928155531,-2.8627899372012053,-1.8276222493732845,-2.8732177831250523,0,-1.1438020684746077,0,-1.3642992337442483,-2.765087160442294,-3.112621974768375,-1.0765955867687502,0,-2.7096325976908777,-0.8683085564642341,-2.427224158078938,-0.9323543212743342,-0.4831357875372513,0,-0.9345719065706715,-0.2599762220081647,-0.3636024758676148,0,-0.23803432937702063,-0.1547702243974456,-0.12841125240035645,-0.1266184200379483],"activity":[[0]],"dinucleotide":[],"positionBias":[],"modifications":[]}]},"modelFittingConstraints":{"enrichmentModel":[{}],"nShifts":0,"addBindingModesSequentially":true,"bindingModeInteractions":[],"flankLengths":[0],"singleModeLengthSweep":false,"bindingModes":[{"maxFlankLength":-1,"positionBiasBinWidth":1,"optimizeSizeHeuristic":false,"maxSize":-1,"optimizeFlankLength":false,"symmetryString":"null","roundSpecificActivity":true,"informationThreshold":0.1,"optimizeMotifShift":false,"fittingStages":[],"optimizeMotifShiftHeuristic":false,"experimentSpecificPositionBias":true,"minSize":-1,"experimentSpecificActivity":true,"optimizeSize":false}]}}
