{"modelSettings":{"letterOrder":"ACGTN","bindingModeInteractions":[],"bindingModes":[{"size":12,"fitLogActivity":true,"flankLength":0,"dinucleotideDistance":0,"componentName":"Binding mode 1","positionBias":false,"singleStrand":false,"modifications":[]}],"letterComplement":"C-G,A-T,N-N"},"coefficients":{"bindingModeInteractions":[],"bindingModes":[{"mononucleotide":[0,-0.42856455539964955,-0.20564046393599256,-0.05508760451868966,-0.15900408397573967,-0.7248804324511013,-0.2895596744848117,-0.43571183016002735,0,-0.32858056639069755,-1.7929455108086447,0,-0.9360429370335499,-0.7283205237289856,-0.6726757712085324,-1.0624815005267614,-0.01789645512354454,-1.5574531193097627,0,-0.45470846844213236,0,-3.594019565078993,-3.0189665404013617,-1.7731985945097897,-1.1662529513680466,-4.195599158791086,-3.7857714315657702,-3.8872575492922063,0,-1.3296734517620674,-3.6877055160270125,-4.309562658422343,-4.236756616584242,0,-1.3347240758664831,-2.3579265718191262,-2.9247512400346736,0,-4.514739511061999,-1.238529139950078,-3.8162173739335365,-4.452944819869019,-4.266959294841949,0,-1.339716650949869,-1.3886978532240022,-0.7816958518061536,-1.590978815163071,0,-0.738795786827484,-0.38089790483206265,-0.4747382859782725,-0.9716506027272782,0,-0.39907805574541044,-0.6610636985981522,-0.7298668588191841,-0.9722550040764428,0,-0.5206637866547431],"activity":[[0]],"dinucleotide":[],"positionBias":[],"modifications":[]}]},"modelFittingConstraints":{"enrichmentModel":[{}],"nShifts":0,"addBindingModesSequentially":true,"bindingModeInteractions":[],"flankLengths":[0],"singleModeLengthSweep":false,"bindingModes":[{"maxFlankLength":-1,"positionBiasBinWidth":1,"optimizeSizeHeuristic":false,"maxSize":-1,"optimizeFlankLength":false,"symmetryString":"null","roundSpecificActivity":true,"informationThreshold":0.1,"optimizeMotifShift":false,"fittingStages":[],"optimizeMotifShiftHeuristic":false,"experimentSpecificPositionBias":true,"minSize":-1,"experimentSpecificActivity":true,"optimizeSize":false}]}}
