{"modelSettings":{"letterOrder":"ACGTN","bindingModeInteractions":[],"bindingModes":[{"size":14,"fitLogActivity":true,"flankLength":0,"dinucleotideDistance":0,"componentName":"Binding mode 1","positionBias":false,"singleStrand":false,"modifications":[]}],"letterComplement":"C-G,A-T,N-N"},"coefficients":{"bindingModeInteractions":[],"bindingModes":[{"mononucleotide":[-0.1329992881260269,-0.6578639741033183,0,-0.32851524414277566,-0.2505744267688416,-0.3525457287507372,-0.32231738685854694,0,-0.24855672889456226,-0.22086793658195514,0,-0.505750041397341,-0.8639856430240047,-1.906929977049019,-0.6101545272441422,-2.6718821442006444,-2.7416614508243375,-2.593867218198174,0,-1.1970670025235688,-2.335756906530307,-2.892858388132288,0,-1.9435545180633382,-1.1275143022102028,0,-2.5955688139082187,-2.9973706118426864,-2.372128986590845,-1.1892455369840198,-2.751807972117166,0,-2.481541427597939,-0.04171812688345433,-0.6412348834065971,-2.8222024868529028,-2.8798487507690997,0,-2.5050230166137735,-1.2062322066895839,-1.5272499506533923,0,-4.3721206431898745,-0.7472247870488498,-0.8536471482933032,0,-2.011226911342735,-3.1398871743712653,-2.9795211458768702,-1.1809651658866402,0,-3.350734557931558,-3.2778860597746715,-2.867721887488456,-1.2644354500254311,-2.087185659856453,-0.4304791110580526,-1.004920101747262,0,-0.6253450333392333,0,-0.09930326578585635,-0.6486005030676929,-0.5960156154969112,-0.29462356451276955,-0.060725448414079786,-0.14924002807622294,0,-0.13007922983665665,-0.0832539592038695],"activity":[[0]],"dinucleotide":[],"positionBias":[],"modifications":[]}]},"modelFittingConstraints":{"enrichmentModel":[{}],"nShifts":0,"addBindingModesSequentially":true,"bindingModeInteractions":[],"flankLengths":[0],"singleModeLengthSweep":false,"bindingModes":[{"maxFlankLength":-1,"positionBiasBinWidth":1,"optimizeSizeHeuristic":false,"maxSize":-1,"optimizeFlankLength":false,"symmetryString":"null","roundSpecificActivity":true,"informationThreshold":0.1,"optimizeMotifShift":false,"fittingStages":[],"optimizeMotifShiftHeuristic":false,"experimentSpecificPositionBias":true,"minSize":-1,"experimentSpecificActivity":true,"optimizeSize":false}]}}
