{"modelSettings":{"letterOrder":"ACGTN","bindingModeInteractions":[],"bindingModes":[{"size":15,"fitLogActivity":true,"flankLength":0,"dinucleotideDistance":0,"componentName":"Binding mode 1","positionBias":false,"singleStrand":false,"modifications":[]}],"letterComplement":"C-G,A-T,N-N"},"coefficients":{"bindingModeInteractions":[],"bindingModes":[{"mononucleotide":[0,-0.49348931130378215,-0.23427539795109542,-0.1889996197250028,-0.21399081473488926,-0.6607705004372653,-0.5175250929712805,-0.3728757876331077,0,-0.3562472547277703,-2.4346265255077917,0,-1.829200075198223,-2.448806529089019,-1.0976859352774435,0,-3.6294081523351243,-2.4177867726083218,-3.1574422436086507,-1.2394403086661732,-2.6962885793590035,0,-2.681276171314603,-2.915845072670752,-1.2122659645682106,-3.164457495794997,-3.57132921553502,0,-3.460937562318527,-1.2893892618867326,-2.7572842803169575,-2.1912487901885376,-0.8725542171831959,0,-0.9205976298597668,-3.4575748585406463,-3.644209130108497,0,-3.4744008712096552,-1.301375675168369,-0.08796973211716708,0,-1.0280510466135775,-0.8084427819664128,-0.3860142444632893,-0.3241285793767581,-0.022470477447308568,-0.8607235342016875,0,-0.24724627171416055,-0.1344239879159943,0,-1.6515291058051513,-0.4761177097829181,-0.39780719724496,-0.15438075568996723,-0.09446539576503987,0,-0.4436437016447874,-0.16002237036958586,-0.7546670678522753,-0.29848598251405356,0,-0.9219956067680428,-0.42700837512507334,-0.14459777940107266,-0.3108436708365203,0,-0.17434582158862533,-0.15134480575242157,0,-0.32368660599935417,-0.5608186113395481,-0.6918426898391892,-0.3585083134885535],"activity":[[0]],"dinucleotide":[],"positionBias":[],"modifications":[]}]},"modelFittingConstraints":{"enrichmentModel":[{}],"nShifts":0,"addBindingModesSequentially":true,"bindingModeInteractions":[],"flankLengths":[0],"singleModeLengthSweep":false,"bindingModes":[{"maxFlankLength":-1,"positionBiasBinWidth":1,"optimizeSizeHeuristic":false,"maxSize":-1,"optimizeFlankLength":false,"symmetryString":"null","roundSpecificActivity":true,"informationThreshold":0.1,"optimizeMotifShift":false,"fittingStages":[],"optimizeMotifShiftHeuristic":false,"experimentSpecificPositionBias":true,"minSize":-1,"experimentSpecificActivity":true,"optimizeSize":false}]}}
