{"modelSettings":{"letterOrder":"ACGTN","bindingModeInteractions":[],"bindingModes":[{"size":17,"fitLogActivity":true,"flankLength":0,"dinucleotideDistance":0,"componentName":"Binding mode 1","positionBias":false,"singleStrand":false,"modifications":[]}],"letterComplement":"C-G,A-T,N-N"},"coefficients":{"bindingModeInteractions":[],"bindingModes":[{"mononucleotide":[-0.03517979143147798,-0.43687019898186996,0,-0.2494243558388991,-0.16524725589800976,-0.06101012039965248,-0.3531262626580993,0,-0.42760587077540535,-0.19377573472772452,-0.24963310576220898,-1.079003814694918,0,-0.7533102675793124,-0.4347036515397991,-1.4188047859673674,-1.2540888222068265,0,-0.8970253243008521,-0.7261251842504544,-1.3953666722511269,-0.7440178950932541,0,-0.5073553798376427,-0.5425619734712982,-0.8123747384683586,0,-1.3403334606120936,-0.23571009074934146,-0.4717768253094672,-0.4055380283370251,0,-1.2330460382937414,-0.8647168158409553,-0.5195332345795817,0,-2.220051402837246,-2.0621040588039783,-1.7127084933802745,-1.0383410076562667,0,-2.901356275142033,-0.6034861642670819,-1.4911615994855447,-0.7836402232804984,0,-4.432146746710457,-1.7005133675043345,-4.322866738538272,-1.197543090224053,-3.9511909918932173,-4.354872791151223,0,-3.6575683727805917,-1.330035946897772,-3.9890598275327362,-4.446257654302366,0,-2.6699013573159207,-1.2914401705542213,-4.2144670562730795,-3.832156147355438,-3.487258735165904,0,-1.3214174739976159,-3.390298940293337,0,-3.177269157680949,-1.9326582991396064,-1.1873116756029347,0,-0.720983146870994,-2.2969756096915774,-3.279462279119937,-0.9011035417261977,-0.13800472856550527,-0.5516175903289673,0,-0.0018902870210348865,-0.14930562057977967,0,-0.7185698424743752,-0.42620433735439534,-1.2991898664193906,-0.5053471349090654],"activity":[[0]],"dinucleotide":[],"positionBias":[],"modifications":[]}]},"modelFittingConstraints":{"enrichmentModel":[{}],"nShifts":0,"addBindingModesSequentially":true,"bindingModeInteractions":[],"flankLengths":[0],"singleModeLengthSweep":false,"bindingModes":[{"maxFlankLength":-1,"positionBiasBinWidth":1,"optimizeSizeHeuristic":false,"maxSize":-1,"optimizeFlankLength":false,"symmetryString":"null","roundSpecificActivity":true,"informationThreshold":0.1,"optimizeMotifShift":false,"fittingStages":[],"optimizeMotifShiftHeuristic":false,"experimentSpecificPositionBias":true,"minSize":-1,"experimentSpecificActivity":true,"optimizeSize":false}]}}
