{"modelSettings":{"letterOrder":"ACGTN","bindingModeInteractions":[],"bindingModes":[{"size":15,"fitLogActivity":true,"flankLength":0,"dinucleotideDistance":0,"componentName":"Binding mode 1","positionBias":false,"singleStrand":false,"modifications":[]}],"letterComplement":"C-G,A-T,N-N"},"coefficients":{"bindingModeInteractions":[],"bindingModes":[{"mononucleotide":[-0.5361540474452675,-0.9398118667528643,0,-0.37707668111473547,-0.40738246958026847,0,-0.5559043824762306,-1.1032390213308316,-0.39422624819558516,-0.4386796020458292,-0.9227319499748998,-0.6986186369694072,-0.6542077188878985,0,-0.5047784013787407,0,-1.9173172271690038,-0.2681877637717669,-0.15010331527879472,-0.36658674944871483,-1.9581714625761122,-0.6761195354211087,-3.0466471074975514,0,-0.8573021991133588,-3.4149020194333057,0,-2.8560025781325247,-3.9355545696152654,-1.282013054460729,0,-3.978611712791146,-2.1291115485689427,-2.75726075009464,-1.2030399909311777,-3.5666615432715902,0,-2.0192188226369,-2.8433456024674375,-1.1880669225636369,-1.4277556097042572,-1.2535104821240166,0,-2.8381906394336247,-0.9264175270876958,-2.131357518149041,-0.17345707771765007,-3.1158059790524466,0,-0.6912629217083672,-2.814928831726871,-0.330977125022033,0,-2.066656427637835,-0.7419493805681938,0,-3.1056954882492565,-2.958300100641101,-1.9160375806338905,-1.1680512241756191,-3.3791622633781064,0,-1.5271823006369267,-0.14180378378102176,-0.6353433974968787,-0.26061137465764883,-0.09748254380496668,-0.3502792410933302,0,-0.1677709785573474,-0.16031016934663622,0,-0.15031744121101465,-0.25980543758885855,-0.13825225129799684],"activity":[[0]],"dinucleotide":[],"positionBias":[],"modifications":[]}]},"modelFittingConstraints":{"enrichmentModel":[{}],"nShifts":0,"addBindingModesSequentially":true,"bindingModeInteractions":[],"flankLengths":[0],"singleModeLengthSweep":false,"bindingModes":[{"maxFlankLength":-1,"positionBiasBinWidth":1,"optimizeSizeHeuristic":false,"maxSize":-1,"optimizeFlankLength":false,"symmetryString":"null","roundSpecificActivity":true,"informationThreshold":0.1,"optimizeMotifShift":false,"fittingStages":[],"optimizeMotifShiftHeuristic":false,"experimentSpecificPositionBias":true,"minSize":-1,"experimentSpecificActivity":true,"optimizeSize":false}]}}
