{"modelSettings":{"letterOrder":"ACGTN","bindingModeInteractions":[],"bindingModes":[{"size":12,"fitLogActivity":true,"flankLength":0,"dinucleotideDistance":0,"componentName":"Binding mode 1","positionBias":false,"singleStrand":false,"modifications":[]}],"letterComplement":"C-G,A-T,N-N"},"coefficients":{"bindingModeInteractions":[],"bindingModes":[{"mononucleotide":[-0.2698183102726972,-0.15227165077854377,0,-0.219110276276842,-0.1550450730444282,0,-1.5402185313533931,-0.39346303470259203,-1.6613974703595504,-0.6544439244154063,-1.7562153694842952,-1.7379006515622852,-2.2081190137880813,0,-1.0088901853825325,-2.397134077760339,0,-2.354368398388991,-3.2818790722428766,-1.184587425713535,0,-2.711104025888924,-2.7706968903311084,-2.6294013051436003,-1.2029704997459958,-2.7945479616721656,0,-1.6213596242250512,-1.3765586139678736,-0.9733783174208164,-1.454291242782256,-0.9690555519660369,0,-2.140227807099484,-0.8378058976417391,-0.21413393032250827,-0.5416260289749073,-2.1493707958284247,0,-0.4677664560706266,-0.448521127316853,-0.7003062106142148,0,-1.381821976955146,-0.516623361749598,0,-1.5391899671545017,-1.4327611241935614,-0.26917582712319144,-0.5900434450905315,-1.1865908885082512,-0.20309271794862838,0,-0.32906349045721894,-0.3421171225528196,-0.2602319721094526,-0.5602893271967146,-0.7281921842818351,0,-0.3478930655378073],"activity":[[0]],"dinucleotide":[],"positionBias":[],"modifications":[]}]},"modelFittingConstraints":{"enrichmentModel":[{}],"nShifts":0,"addBindingModesSequentially":true,"bindingModeInteractions":[],"flankLengths":[0],"singleModeLengthSweep":false,"bindingModes":[{"maxFlankLength":-1,"positionBiasBinWidth":1,"optimizeSizeHeuristic":false,"maxSize":-1,"optimizeFlankLength":false,"symmetryString":"null","roundSpecificActivity":true,"informationThreshold":0.1,"optimizeMotifShift":false,"fittingStages":[],"optimizeMotifShiftHeuristic":false,"experimentSpecificPositionBias":true,"minSize":-1,"experimentSpecificActivity":true,"optimizeSize":false}]}}
