{"modelSettings":{"letterOrder":"ACGTN","bindingModeInteractions":[],"bindingModes":[{"size":14,"fitLogActivity":true,"flankLength":0,"dinucleotideDistance":0,"componentName":"Binding mode 1","positionBias":false,"singleStrand":false,"modifications":[]}],"letterComplement":"C-G,A-T,N-N"},"coefficients":{"bindingModeInteractions":[],"bindingModes":[{"mononucleotide":[0,-0.48437697544837066,-0.5861253712692318,-0.6083098916593035,-0.38682854950218193,0,-0.4135009074146496,-0.2004790949917954,-0.12774930916308946,-0.1744297265242351,0,-0.2232681768748268,-0.3046342257191301,-0.516052931136735,-0.2439315226652924,0,-0.9868011758797297,-0.8103775232876917,-0.2594811046575036,-0.4350577552305497,0,-0.09256978693766449,-0.6812528109114333,-0.10960390096998651,-0.1882116701824098,0,-0.8807155500516912,-2.0878622655589067,-1.1645109166360355,-0.770831298716291,-3.3800794776189855,-3.4527584794840416,-4.87104653011461,0,-1.3154927361602127,-1.5027772300045634,0,-2.239474601540913,-2.6385390563429834,-1.04947119405965,-3.8341343567762043,-4.408284765925343,0,-3.6453087507718522,-1.3281108935249606,-0.6723302299487766,-1.7050727542615913,-0.3215097203601851,0,-0.5036306069698842,-0.09503020179013699,-0.7570937321478453,-0.7959377298116475,0,-0.3461833839446298,-0.1160383864775234,-1.3368697851872264,-0.9485632882983346,0,-0.453970967656635,-0.30376400930973135,-0.39656099362925934,-0.6537282567515632,0,-0.3110300800917576,-0.2271167418364377,0,-0.045986000513264624,-0.017943564371796228,-0.06878765623156685],"activity":[[0]],"dinucleotide":[],"positionBias":[],"modifications":[]}]},"modelFittingConstraints":{"enrichmentModel":[{}],"nShifts":0,"addBindingModesSequentially":true,"bindingModeInteractions":[],"flankLengths":[0],"singleModeLengthSweep":false,"bindingModes":[{"maxFlankLength":-1,"positionBiasBinWidth":1,"optimizeSizeHeuristic":false,"maxSize":-1,"optimizeFlankLength":false,"symmetryString":"null","roundSpecificActivity":true,"informationThreshold":0.1,"optimizeMotifShift":false,"fittingStages":[],"optimizeMotifShiftHeuristic":false,"experimentSpecificPositionBias":true,"minSize":-1,"experimentSpecificActivity":true,"optimizeSize":false}]}}
