{"modelSettings":{"letterOrder":"ACGTN","bindingModeInteractions":[],"bindingModes":[{"size":12,"fitLogActivity":true,"flankLength":0,"dinucleotideDistance":0,"componentName":"Binding mode 1","positionBias":false,"singleStrand":false,"modifications":[]}],"letterComplement":"C-G,A-T,N-N"},"coefficients":{"bindingModeInteractions":[],"bindingModes":[{"mononucleotide":[0,-1.8341928126929363,-1.4467246608095636,-1.4423705098517652,-0.8968257712791484,-0.925333101998346,-0.21237762286380857,0,-0.901790850323037,-0.42659905249773633,-1.4868517432582729,0,-1.3513586689371042,-2.015913900015392,-0.9049983562866808,-4.207498703425289,-2.339241307432174,-3.7651479586516428,0,-1.2601477457673957,-4.29028604311088,-4.385803134191004,0,-4.456060994075452,-1.349227999838225,-3.378783534141679,-3.618720947642116,-4.4387167822579805,0,-1.3160997371655137,-4.174907621870727,0,-4.309233128312123,-4.3104131624983175,-1.3449139933273204,0,-3.6894994891270207,-2.2402771617721418,-3.2682242441281715,-1.2297287567096102,0,-0.30934939602105516,-0.8090229980026704,-0.6461301909364314,-0.39182588080690883,0,-0.4846992110094597,-0.6929152090037745,-0.015581688273655026,-0.2547188785427489,-0.1657923567618207,-0.4330795241932428,-0.4130381667005967,0,-0.23655556558673374,-0.10766590523273223,-0.19504978288353492,-0.7654368323634522,0,-0.22757462351356364],"activity":[[0]],"dinucleotide":[],"positionBias":[],"modifications":[]}]},"modelFittingConstraints":{"enrichmentModel":[{}],"nShifts":0,"addBindingModesSequentially":true,"bindingModeInteractions":[],"flankLengths":[0],"singleModeLengthSweep":false,"bindingModes":[{"maxFlankLength":-1,"positionBiasBinWidth":1,"optimizeSizeHeuristic":false,"maxSize":-1,"optimizeFlankLength":false,"symmetryString":"null","roundSpecificActivity":true,"informationThreshold":0.1,"optimizeMotifShift":false,"fittingStages":[],"optimizeMotifShiftHeuristic":false,"experimentSpecificPositionBias":true,"minSize":-1,"experimentSpecificActivity":true,"optimizeSize":false}]}}
