{"modelSettings":{"letterOrder":"ACGTN","bindingModeInteractions":[],"bindingModes":[{"size":12,"fitLogActivity":true,"flankLength":0,"dinucleotideDistance":0,"componentName":"Binding mode 1","positionBias":false,"singleStrand":false,"modifications":[]}],"letterComplement":"C-G,A-T,N-N"},"coefficients":{"bindingModeInteractions":[],"bindingModes":[{"mononucleotide":[0,-0.07351627329148691,-0.030740483141456387,-0.14603098560866368,-0.0610833892691129,-0.45589706942952013,-0.08128945418012545,0,-0.3793006900994982,-0.21067606811303222,-0.7792431994895166,0,-0.9147222373527946,-0.24631758890138933,-0.4151159445478392,0,-0.9504017896182306,-0.84766972444804,-0.9111008676983001,-0.5901037540961661,0,-1.4145360588979035,-1.4869082558429234,-1.8782254848101614,-0.9026529069693341,-2.8946408445285456,-1.5396120471177586,-1.71651076834965,0,-1.015092787829716,-2.974203047631238,-1.2508191775687254,-1.230107536109962,0,-0.8979478247099378,0,-1.9688192519633643,-1.1927497241705907,-2.1048345741834127,-0.938489474723779,-0.12165728958413968,-0.08973282419181494,-0.05020140722341182,0,-0.06436119617610983,-0.41549001534612895,0,-0.17959209630535078,-0.45316964618324196,-0.24486588543727444,-0.2654797363006294,-0.06381302771365416,0,-0.14804546388516204,-0.11445443894854046,-0.1991200487507343,0,-0.07661207093040456,-0.010567249130740475,-0.06849594026338707],"activity":[[0]],"dinucleotide":[],"positionBias":[],"modifications":[]}]},"modelFittingConstraints":{"enrichmentModel":[{}],"nShifts":0,"addBindingModesSequentially":true,"bindingModeInteractions":[],"flankLengths":[0],"singleModeLengthSweep":false,"bindingModes":[{"maxFlankLength":-1,"positionBiasBinWidth":1,"optimizeSizeHeuristic":false,"maxSize":-1,"optimizeFlankLength":false,"symmetryString":"null","roundSpecificActivity":true,"informationThreshold":0.1,"optimizeMotifShift":false,"fittingStages":[],"optimizeMotifShiftHeuristic":false,"experimentSpecificPositionBias":true,"minSize":-1,"experimentSpecificActivity":true,"optimizeSize":false}]}}
