{"modelSettings":{"letterOrder":"ACGTN","bindingModeInteractions":[],"bindingModes":[{"size":14,"fitLogActivity":true,"flankLength":0,"dinucleotideDistance":0,"componentName":"Binding mode 1","positionBias":false,"singleStrand":false,"modifications":[]}],"letterComplement":"C-G,A-T,N-N"},"coefficients":{"bindingModeInteractions":[],"bindingModes":[{"mononucleotide":[-0.18060279211274688,0,-0.3951335189299017,-0.03787849585069791,-0.14179778337711837,-2.809758899521838,-1.802600548721213,-2.7363567083724396,0,-1.1317334537854242,0,-3.101760106397152,-2.352936525883899,-2.568131013232493,-1.1901206706304301,0,-2.439449987593495,-2.8258075314421736,-2.8744670592623245,-1.201545917656963,-2.7938838872601743,-1.5975297059224767,-1.9651577905205477,0,-1.0471736527345852,-2.18366092482313,-1.762091181577583,-0.9821464495851826,0,-0.8801876801731215,0,-1.0908740575314768,-0.3168506285023476,-0.9514211591890334,-0.4899801997226926,-0.30873829684970433,-0.7956228260850193,0,-1.389959711370016,-0.49644685458408694,0,-0.47875770560831343,-0.9686520493893491,-0.5052135578079078,-0.42981275056808343,-1.417253809526696,-0.9929419723425106,-1.509811847079698,0,-0.7798956478729272,0,-1.1336305941075984,-1.1455983663922233,-0.00564139062220681,-0.41768801721988996,0,-1.5279775237448456,-2.0062968607753517,-0.9246338916055103,-0.8277440313924975,-0.3122055400051216,-0.5009172507869608,-0.12035154331858333,0,-0.21554301904412723,-0.43540718060630956,0,-0.6127007324804734,-0.2917205858657925,-0.3092926433173537],"activity":[[0]],"dinucleotide":[],"positionBias":[],"modifications":[]}]},"modelFittingConstraints":{"enrichmentModel":[{}],"nShifts":0,"addBindingModesSequentially":true,"bindingModeInteractions":[],"flankLengths":[0],"singleModeLengthSweep":false,"bindingModes":[{"maxFlankLength":-1,"positionBiasBinWidth":1,"optimizeSizeHeuristic":false,"maxSize":-1,"optimizeFlankLength":false,"symmetryString":"null","roundSpecificActivity":true,"informationThreshold":0.1,"optimizeMotifShift":false,"fittingStages":[],"optimizeMotifShiftHeuristic":false,"experimentSpecificPositionBias":true,"minSize":-1,"experimentSpecificActivity":true,"optimizeSize":false}]}}
