{"modelSettings":{"letterOrder":"ACGTN","bindingModeInteractions":[],"bindingModes":[{"size":12,"fitLogActivity":true,"flankLength":0,"dinucleotideDistance":0,"componentName":"Binding mode 1","positionBias":false,"singleStrand":false,"modifications":[]}],"letterComplement":"C-G,A-T,N-N"},"coefficients":{"bindingModeInteractions":[],"bindingModes":[{"mononucleotide":[-0.4360956457417071,-0.3442848155927205,0,-0.9584109286751623,-0.3787800649399833,-0.8378837556008829,-0.39657733917825233,0,-0.7391552546071161,-0.43743558211323025,-2.8235932579595744,-0.9765064769072822,-4.056377759379158,0,-1.012438048977362,0,-0.6904656796262252,-3.316504422466012,-2.5897695749024807,-0.9084098017825759,0,-3.977738413544142,-4.689507768023434,-3.740221220204369,-1.3359168817601075,-4.6936982827300735,-4.3317750930170025,-4.417045100422444,0,-1.3525048961400559,-4.759656906034438,-4.435746712376447,-3.978534534218435,0,-1.3479126458122923,0,-4.458781186098983,-4.790568798820503,-3.410781535101227,-1.3347464957969475,-0.7192328484087778,-1.5212892245415683,0,-1.682107412379684,-0.7489043523536898,-0.7948083259330332,0,-0.06186460944134886,-0.14168150603666163,-0.2046973647279933,-0.34918675360124585,-0.5550405017659115,0,-0.6276993952958945,-0.35199700495976866,-0.24603145553498695,0,-0.2512307580047999,-0.2847027586282991,-0.18874867528122902],"activity":[[0]],"dinucleotide":[],"positionBias":[],"modifications":[]}]},"modelFittingConstraints":{"enrichmentModel":[{}],"nShifts":0,"addBindingModesSequentially":true,"bindingModeInteractions":[],"flankLengths":[0],"singleModeLengthSweep":false,"bindingModes":[{"maxFlankLength":-1,"positionBiasBinWidth":1,"optimizeSizeHeuristic":false,"maxSize":-1,"optimizeFlankLength":false,"symmetryString":"null","roundSpecificActivity":true,"informationThreshold":0.1,"optimizeMotifShift":false,"fittingStages":[],"optimizeMotifShiftHeuristic":false,"experimentSpecificPositionBias":true,"minSize":-1,"experimentSpecificActivity":true,"optimizeSize":false}]}}
