{"modelSettings":{"letterOrder":"ACGTN","bindingModeInteractions":[],"bindingModes":[{"size":12,"fitLogActivity":true,"flankLength":0,"dinucleotideDistance":0,"componentName":"Binding mode 1","positionBias":false,"singleStrand":false,"modifications":[]}],"letterComplement":"C-G,A-T,N-N"},"coefficients":{"bindingModeInteractions":[],"bindingModes":[{"mononucleotide":[-0.16026638424495943,0,-0.005147047827270157,-0.43090570498508063,-0.13447378248746328,-0.18581543402172107,-0.1327560035780646,0,-0.4047663150867602,-0.17042116733576396,-0.3934398065270517,-0.01581756539771284,0,-0.39317115851769513,-0.18213596601430257,-0.9848011907280383,-2.06571764400915,0,-1.5666456889149005,-0.850394738384536,-2.4925874942832054,-3.1618719628693266,0,-2.591349849648391,-1.2040053436872933,0,-1.3621798208839606,-3.5583659218312653,-2.661371578835515,-1.0829065762927663,-3.1817149714217634,-2.6738355396329467,-3.445138251882193,0,-1.253161416965346,-2.799841259461718,-1.6582768865481738,-3.1695075410729916,0,-1.1290888431884036,0,-2.84250652221395,-2.5971249539553436,-1.5231908508531595,-1.0856107128592323,0,-0.4975652152079175,-0.07007634530841766,-0.5661629037060636,-0.25230480893086327,-0.3610391279857641,0,-0.06225203444792715,-0.320864275707188,-0.1737227893998827,-0.21469959525060744,-0.28499115693945676,0,-0.3900302463575147,-0.21200547740281545],"activity":[[0]],"dinucleotide":[],"positionBias":[],"modifications":[]}]},"modelFittingConstraints":{"enrichmentModel":[{}],"nShifts":0,"addBindingModesSequentially":true,"bindingModeInteractions":[],"flankLengths":[0],"singleModeLengthSweep":false,"bindingModes":[{"maxFlankLength":-1,"positionBiasBinWidth":1,"optimizeSizeHeuristic":false,"maxSize":-1,"optimizeFlankLength":false,"symmetryString":"null","roundSpecificActivity":true,"informationThreshold":0.1,"optimizeMotifShift":false,"fittingStages":[],"optimizeMotifShiftHeuristic":false,"experimentSpecificPositionBias":true,"minSize":-1,"experimentSpecificActivity":true,"optimizeSize":false}]}}
