{"modelSettings":{"letterOrder":"ACGTN","bindingModeInteractions":[],"bindingModes":[{"size":12,"fitLogActivity":true,"flankLength":0,"dinucleotideDistance":0,"componentName":"Binding mode 1","positionBias":false,"singleStrand":false,"modifications":[]}],"letterComplement":"C-G,A-T,N-N"},"coefficients":{"bindingModeInteractions":[],"bindingModes":[{"mononucleotide":[0,-2.3918412443028085,-2.6470179374818206,-0.5521886862688685,-0.8335525624603293,-0.9866092779896594,-0.2916631743581899,0,-0.3859543649834922,-0.3567962371627607,-2.3300100862387314,-0.8899097069830137,-1.7022256397366942,0,-0.8614090468518923,0,-2.8379307268940352,-0.6803020879792854,-2.8910132654621514,-0.9035407407793786,-3.099063926616037,-3.038219964872193,0,-2.149780546625479,-1.1960697591337643,-2.9477764794781582,-3.1488529706595494,0,-3.1021335504465886,-1.254993581760498,-2.586441466317954,-2.3096319304420216,-1.8603017297941609,0,-1.1009568324420107,-2.585795072438353,0,-3.0683897114972933,-1.0433388850759453,-0.9982408726485941,0,-2.448878682373161,-2.019848082060486,-3.30210237663943,-1.1584644247285354,-0.0629542442542359,-0.2768690291137377,0,-0.4072541300946577,-0.17357533425597574,-1.0149324343874886,-0.6790088414536681,-0.4147788105615282,0,-0.4580621522123578,0,-0.33874537537666516,-0.05706965701336664,-0.5467049685461367,-0.21194209272565423],"activity":[[0]],"dinucleotide":[],"positionBias":[],"modifications":[]}]},"modelFittingConstraints":{"enrichmentModel":[{}],"nShifts":0,"addBindingModesSequentially":true,"bindingModeInteractions":[],"flankLengths":[0],"singleModeLengthSweep":false,"bindingModes":[{"maxFlankLength":-1,"positionBiasBinWidth":1,"optimizeSizeHeuristic":false,"maxSize":-1,"optimizeFlankLength":false,"symmetryString":"null","roundSpecificActivity":true,"informationThreshold":0.1,"optimizeMotifShift":false,"fittingStages":[],"optimizeMotifShiftHeuristic":false,"experimentSpecificPositionBias":true,"minSize":-1,"experimentSpecificActivity":true,"optimizeSize":false}]}}
