{"modelSettings":{"letterOrder":"ACGTN","bindingModeInteractions":[],"bindingModes":[{"size":12,"fitLogActivity":true,"flankLength":0,"dinucleotideDistance":0,"componentName":"Binding mode 1","positionBias":false,"singleStrand":false,"modifications":[]}],"letterComplement":"C-G,A-T,N-N"},"coefficients":{"bindingModeInteractions":[],"bindingModes":[{"mononucleotide":[-0.14300248699039564,-0.4803540400126458,0,-0.34744020177990187,-0.2257060412022849,-0.4006651540826649,-0.4474043707924089,0,-0.38768619763910017,-0.29176207103276053,-0.3316754638628865,-0.4139237948100938,-0.38070022445541163,0,-0.2671756874788822,0,-2.662879415748123,-0.45240259189318976,-1.3611148695883082,-0.7122179141122361,-2.5822753811495462,0,-2.9601443013977478,-2.746407656353043,-1.2110216302827637,-2.52870357968682,0,-3.2950620152554655,-2.690395853441541,-1.216819825924497,-0.8868509349377458,0,-2.6588763036781784,-2.1596521624671348,-0.9179526861335202,-2.3744860103391274,-2.823043185992135,0,-2.3539850293251825,-1.1651712447066451,-2.8957059361823076,0,-2.7728403444449103,-1.2841255819694357,-1.0536602847037164,0,-3.2421247924809027,-3.546228274322213,-3.0864620344167597,-1.2787168447589428,-2.867573819414285,-1.9751533825055714,-1.5148486785186628,0,-1.038869372046498,0,-0.36829013624171747,-0.07732785769582584,-0.6237896035488362,-0.23780917874275895],"activity":[[0]],"dinucleotide":[],"positionBias":[],"modifications":[]}]},"modelFittingConstraints":{"enrichmentModel":[{}],"nShifts":0,"addBindingModesSequentially":true,"bindingModeInteractions":[],"flankLengths":[0],"singleModeLengthSweep":false,"bindingModes":[{"maxFlankLength":-1,"positionBiasBinWidth":1,"optimizeSizeHeuristic":false,"maxSize":-1,"optimizeFlankLength":false,"symmetryString":"null","roundSpecificActivity":true,"informationThreshold":0.1,"optimizeMotifShift":false,"fittingStages":[],"optimizeMotifShiftHeuristic":false,"experimentSpecificPositionBias":true,"minSize":-1,"experimentSpecificActivity":true,"optimizeSize":false}]}}
