{"modelSettings":{"letterOrder":"ACGTN","bindingModeInteractions":[],"bindingModes":[{"size":12,"fitLogActivity":true,"flankLength":0,"dinucleotideDistance":0,"componentName":"Binding mode 1","positionBias":false,"singleStrand":false,"modifications":[]}],"letterComplement":"C-G,A-T,N-N"},"coefficients":{"bindingModeInteractions":[],"bindingModes":[{"mononucleotide":[0,-0.7037510734545016,-0.6617869449339135,-0.6206796724951129,-0.4508939575970329,0,-0.7850488981095953,-0.39094413970805064,-0.37634302775753703,-0.3499539417725484,0,-1.4040129966447061,-0.540608935615202,-2.1247914585348973,-0.7197680238263691,0,-1.1325291516890328,-1.2112242446465764,-1.67890274859775,-0.7948320638795903,-1.6415061337188686,-4.018950088272474,0,-3.9617291245299686,-1.1787192869135419,-3.6091686159634024,-2.22431380472369,-1.942806821901221,0,-1.1405934625508682,-3.0405191090151975,0,-2.2879346352033734,-2.0000136967569793,-1.1358319324314208,0,-3.547766463236135,-1.6805884204615484,-3.589875778719081,-1.1690441656683552,0,-0.68758452640283,-0.6734023316309496,-0.653019801852766,-0.4567986831792083,0,-0.4367811061742213,-0.34099679638982927,-0.2309201241964205,-0.238581828947278,0,-0.6136198814446612,-0.607746697108003,-0.47150107724205537,-0.38933504807675445,-0.3037145573930564,-0.5122831123610272,0,-0.4831373322239978,-0.3031197011155075],"activity":[[0]],"dinucleotide":[],"positionBias":[],"modifications":[]}]},"modelFittingConstraints":{"enrichmentModel":[{}],"nShifts":0,"addBindingModesSequentially":true,"bindingModeInteractions":[],"flankLengths":[0],"singleModeLengthSweep":false,"bindingModes":[{"maxFlankLength":-1,"positionBiasBinWidth":1,"optimizeSizeHeuristic":false,"maxSize":-1,"optimizeFlankLength":false,"symmetryString":"null","roundSpecificActivity":true,"informationThreshold":0.1,"optimizeMotifShift":false,"fittingStages":[],"optimizeMotifShiftHeuristic":false,"experimentSpecificPositionBias":true,"minSize":-1,"experimentSpecificActivity":true,"optimizeSize":false}]}}
