{"modelSettings":{"letterOrder":"ACGTN","bindingModeInteractions":[],"bindingModes":[{"size":12,"fitLogActivity":true,"flankLength":0,"dinucleotideDistance":0,"componentName":"Binding mode 1","positionBias":false,"singleStrand":false,"modifications":[]}],"letterComplement":"C-G,A-T,N-N"},"coefficients":{"bindingModeInteractions":[],"bindingModes":[{"mononucleotide":[0,-1.0398003552855277,-0.5382464407917178,-0.7817925102236654,-0.5129606777704614,-0.891005024467356,-0.12337755140967754,0,-0.5993140877709573,-0.34130744773899974,-0.6435346454283186,0,-0.26394764123225567,-1.5607090267615864,-0.4686314490762923,0,-2.4415425837642153,-0.3916585294150918,-3.0366687900679854,-0.792439538178253,-3.0868463202710315,-2.9711801733087935,-2.669088917902935,0,-1.2325404794815225,-2.946437138152825,-3.5076430956268854,0,-2.487093803507209,-1.2330195655470824,0,-2.1868355076435795,-2.8758509627245274,-2.6716662001475164,-1.172977692256849,-1.7558122035700103,0,-0.11620793415749109,-1.5675844102608192,-0.5658076044941388,-2.169410291554113,-2.12275321509676,-2.3236097955698667,0,-1.0997133526387526,-1.734047067837099,0,-2.2085622260993354,-2.5001001612137768,-1.0725764504506397,0,-2.042416881854851,-1.8785245763736826,-2.1046632352059484,-1.0466721282407543,-2.200252695408736,-0.24948065251764184,-1.1825130300927897,0,-0.5994346280330237],"activity":[[0]],"dinucleotide":[],"positionBias":[],"modifications":[]}]},"modelFittingConstraints":{"enrichmentModel":[{}],"nShifts":0,"addBindingModesSequentially":true,"bindingModeInteractions":[],"flankLengths":[0],"singleModeLengthSweep":false,"bindingModes":[{"maxFlankLength":-1,"positionBiasBinWidth":1,"optimizeSizeHeuristic":false,"maxSize":-1,"optimizeFlankLength":false,"symmetryString":"null","roundSpecificActivity":true,"informationThreshold":0.1,"optimizeMotifShift":false,"fittingStages":[],"optimizeMotifShiftHeuristic":false,"experimentSpecificPositionBias":true,"minSize":-1,"experimentSpecificActivity":true,"optimizeSize":false}]}}
