{"modelSettings":{"letterOrder":"ACGTN","bindingModeInteractions":[],"bindingModes":[{"size":12,"fitLogActivity":true,"flankLength":0,"dinucleotideDistance":0,"componentName":"Binding mode 1","positionBias":false,"singleStrand":false,"modifications":[]}],"letterComplement":"C-G,A-T,N-N"},"coefficients":{"bindingModeInteractions":[],"bindingModes":[{"mononucleotide":[-0.17057721065393494,-0.11767733177993289,0,-0.42555405999656726,-0.1667725233850447,-1.4850903255615484,-0.5575871065086786,-1.9659903825686675,0,-0.7240765889549865,-0.022822292419349743,0,-0.8141812244415232,-2.13272234920581,-0.4545428528254388,0,-2.26676798311292,-1.1092047496382231,-3.4200171623239495,-1.003634222400385,-3.616698258746607,-2.897868972561819,-2.58194034132203,0,-1.2399117988666244,-4.104245255159254,-1.7942356892440814,-2.640860967971569,0,-1.1599106253541487,0,-3.3329169202837514,-2.281697274044896,-3.3024923758122977,-1.2253743963989705,-0.6111547000676611,-0.7048516964168328,0,-0.9212363860850084,-0.49637540628359433,-1.1229430974201047,0,-0.2290840992022023,-0.16352760395606136,-0.2978247890377079,-0.2087607905926614,-0.3840707007759874,0,-0.45124448150449536,-0.24541863624284013,-0.20990341544561097,-0.10321789014263327,-0.17384525915151983,0,-0.11849644151766683,-0.09286921146401284,-0.20682719404765137,-0.09619605317180735,0,-0.09630201118898143],"activity":[[0]],"dinucleotide":[],"positionBias":[],"modifications":[]}]},"modelFittingConstraints":{"enrichmentModel":[{}],"nShifts":0,"addBindingModesSequentially":true,"bindingModeInteractions":[],"flankLengths":[0],"singleModeLengthSweep":false,"bindingModes":[{"maxFlankLength":-1,"positionBiasBinWidth":1,"optimizeSizeHeuristic":false,"maxSize":-1,"optimizeFlankLength":false,"symmetryString":"null","roundSpecificActivity":true,"informationThreshold":0.1,"optimizeMotifShift":false,"fittingStages":[],"optimizeMotifShiftHeuristic":false,"experimentSpecificPositionBias":true,"minSize":-1,"experimentSpecificActivity":true,"optimizeSize":false}]}}
