{"modelSettings":{"letterOrder":"ACGTN","bindingModeInteractions":[],"bindingModes":[{"size":12,"fitLogActivity":true,"flankLength":0,"dinucleotideDistance":0,"componentName":"Binding mode 1","positionBias":false,"singleStrand":false,"modifications":[]}],"letterComplement":"C-G,A-T,N-N"},"coefficients":{"bindingModeInteractions":[],"bindingModes":[{"mononucleotide":[-0.15254387476781073,-0.6153857356766537,0,-0.6835452874761305,-0.32028182138068784,-0.5109893578211171,-0.6672685554767721,0,-1.3881586016942946,-0.5265552153598343,-1.0662126220364376,-0.05849139646665602,-1.5771680856607806,0,-0.4723841935911217,-0.3394607265082872,0,-1.7619115995824433,-0.9495904186030337,-0.5661753712663788,0,-1.759466021256943,-0.7904999001763127,-2.574173506599027,-0.8545070637815125,-4.180938813228307,-3.0939794395642632,-3.8721272694275504,0,-1.3080198875315654,0,-1.859740050655669,-2.3838746991377393,-0.2186582924749203,-0.6677221365183482,0,-3.252683446120855,-3.2921279314417253,-2.299444496654963,-1.2240398812371966,0,-1.5605445903276824,-2.529404775442745,-1.4521123487899268,-0.9650848947998095,0,-0.5260916617282554,-0.7064156081931765,-0.4571008398879224,-0.3866055589069469,-0.14817943622593344,-0.0029905090550910174,-0.2357621440853528,0,-0.09177025913257875,-0.1995703768310113,-0.04309485148507619,-0.1515756100733645,0,-0.09533977653340123],"activity":[[0]],"dinucleotide":[],"positionBias":[],"modifications":[]}]},"modelFittingConstraints":{"enrichmentModel":[{}],"nShifts":0,"addBindingModesSequentially":true,"bindingModeInteractions":[],"flankLengths":[0],"singleModeLengthSweep":false,"bindingModes":[{"maxFlankLength":-1,"positionBiasBinWidth":1,"optimizeSizeHeuristic":false,"maxSize":-1,"optimizeFlankLength":false,"symmetryString":"null","roundSpecificActivity":true,"informationThreshold":0.1,"optimizeMotifShift":false,"fittingStages":[],"optimizeMotifShiftHeuristic":false,"experimentSpecificPositionBias":true,"minSize":-1,"experimentSpecificActivity":true,"optimizeSize":false}]}}
