{"modelSettings":{"letterOrder":"ACGTN","bindingModeInteractions":[],"bindingModes":[{"size":12,"fitLogActivity":true,"flankLength":0,"dinucleotideDistance":0,"componentName":"Binding mode 1","positionBias":false,"singleStrand":false,"modifications":[]}],"letterComplement":"C-G,A-T,N-N"},"coefficients":{"bindingModeInteractions":[],"bindingModes":[{"mononucleotide":[0,-2.4080834409336944,-2.1722860687685195,-1.510382135538162,-1.0323119901600186,-4.118165612416798,0,-4.554125920795646,-3.5956158835822816,-1.3334725150364908,0,-2.325168339118637,-0.8047422212939992,-1.325128573166248,-0.7925593328739491,-0.42655022525809727,-0.28965726314835116,-0.22166205728419897,0,-0.22237409040063455,-0.0219119681312403,-0.1875611325935509,-0.18353221860105506,0,-0.09441237333857966,0,-0.4858131180607579,-0.23058680341382143,-0.5898527139106111,-0.2998649143455959,-1.4353780034569361,-0.7070155653429371,-2.449533296410303,0,-0.7888473352664669,-3.0105295082456642,-3.5526029745255148,0,-4.172886497832561,-1.2970724278473937,-2.805979361708605,-2.992428467372294,-2.867453314918107,0,-1.2314669013050406,-0.17309599671925824,-0.5161789217258939,-1.2737130915976298,0,-0.386528930600377,-3.10005173780531,0,-4.297711718467204,-2.7736538840916065,-1.2720018745432602,-1.4187140233129885,0,-1.4114150060809667,-0.10295506616265548,-0.5158420897669078],"activity":[[0]],"dinucleotide":[],"positionBias":[],"modifications":[]}]},"modelFittingConstraints":{"enrichmentModel":[{}],"nShifts":0,"addBindingModesSequentially":true,"bindingModeInteractions":[],"flankLengths":[0],"singleModeLengthSweep":false,"bindingModes":[{"maxFlankLength":-1,"positionBiasBinWidth":1,"optimizeSizeHeuristic":false,"maxSize":-1,"optimizeFlankLength":false,"symmetryString":"null","roundSpecificActivity":true,"informationThreshold":0.1,"optimizeMotifShift":false,"fittingStages":[],"optimizeMotifShiftHeuristic":false,"experimentSpecificPositionBias":true,"minSize":-1,"experimentSpecificActivity":true,"optimizeSize":false}]}}
