{"modelSettings":{"letterOrder":"ACGTN","bindingModeInteractions":[],"bindingModes":[{"size":12,"fitLogActivity":true,"flankLength":0,"dinucleotideDistance":0,"componentName":"Binding mode 1","positionBias":false,"singleStrand":false,"modifications":[]}],"letterComplement":"C-G,A-T,N-N"},"coefficients":{"bindingModeInteractions":[],"bindingModes":[{"mononucleotide":[-1.426805707397043,0,-1.0886677150704704,-0.9906893275739499,-0.7194603880051421,-0.9138405870164927,0,-0.3219685746465286,-0.42436593637162634,-0.3638841995827427,-1.2864400785150156,-2.989215718606018,0,-2.538201109493471,-1.0458388091713338,-2.8157978536932626,-2.999505988219436,-2.98416372762121,0,-1.2376585185544164,-2.26385272864679,-1.8291227379326305,-2.684332956991569,0,-1.0990346573318384,-0.8423621717588805,-2.766397424166194,0,-1.7079355934185614,-0.8705888626407315,-2.7431032515649356,0,-3.2242353163301054,-1.2753789404595155,-1.0616911594783922,-2.419544526515656,0,-2.526962291798357,-0.4544168236832009,-0.7964644694395987,0,-2.603606672150918,-1.053910230118844,-1.9113815564737164,-0.934929477576158,-0.42286201319191097,-1.6444425965459368,-0.9695726070500017,0,-0.5853990822853163,-1.4126354707261157,-1.9204901994828472,0,-0.8595866348749581,-0.7911057969802949,-0.9126500269253497,-0.4958503456451595,0,-1.01741123582214,-0.5225434422865727],"activity":[[0]],"dinucleotide":[],"positionBias":[],"modifications":[]}]},"modelFittingConstraints":{"enrichmentModel":[{}],"nShifts":0,"addBindingModesSequentially":true,"bindingModeInteractions":[],"flankLengths":[0],"singleModeLengthSweep":false,"bindingModes":[{"maxFlankLength":-1,"positionBiasBinWidth":1,"optimizeSizeHeuristic":false,"maxSize":-1,"optimizeFlankLength":false,"symmetryString":"null","roundSpecificActivity":true,"informationThreshold":0.1,"optimizeMotifShift":false,"fittingStages":[],"optimizeMotifShiftHeuristic":false,"experimentSpecificPositionBias":true,"minSize":-1,"experimentSpecificActivity":true,"optimizeSize":false}]}}
