{"modelSettings":{"letterOrder":"ACGTN","bindingModeInteractions":[],"bindingModes":[{"size":12,"fitLogActivity":true,"flankLength":0,"dinucleotideDistance":0,"componentName":"Binding mode 1","positionBias":false,"singleStrand":false,"modifications":[]}],"letterComplement":"C-G,A-T,N-N"},"coefficients":{"bindingModeInteractions":[],"bindingModes":[{"mononucleotide":[-0.17987270399268063,-0.1850332412615412,-0.11972928180289699,0,-0.11832931010632107,-0.09706795906913257,0,-0.13644245336262806,-0.31857750331486434,-0.13149530285643204,-1.1360555628609417,-0.6970396919764972,-0.1731176729842243,0,-0.4079008767336828,-1.633809478337033,-2.1595205918743674,0,-1.1136201110076032,-0.8922488769909563,-1.0941703065107928,0,-2.7219812673763104,-3.1563201108928665,-1.0194704284246034,-2.2302242824596976,0,-3.3158044241989524,-2.604095084476177,-1.1892654956207502,0,-2.0445717915735355,-2.445141651432276,-2.9028636899667224,-1.1464783072764893,-2.546941057795194,0,-2.799827751728293,-3.3668674257159874,-1.2261852242452904,-2.176195763543816,-2.770711026914403,0,-2.8389003703908666,-1.1755636914692589,-2.006832141676182,-1.6150955277443488,-1.6499753328139133,0,-0.9640769447093538,-0.2384649129655232,0,-0.12376243828218758,-0.577974347020088,-0.21305098753822496,-0.001346016291712715,-0.6299629771952584,0,-0.12098605056407319,-0.15743987097199794],"activity":[[0]],"dinucleotide":[],"positionBias":[],"modifications":[]}]},"modelFittingConstraints":{"enrichmentModel":[{}],"nShifts":0,"addBindingModesSequentially":true,"bindingModeInteractions":[],"flankLengths":[0],"singleModeLengthSweep":false,"bindingModes":[{"maxFlankLength":-1,"positionBiasBinWidth":1,"optimizeSizeHeuristic":false,"maxSize":-1,"optimizeFlankLength":false,"symmetryString":"null","roundSpecificActivity":true,"informationThreshold":0.1,"optimizeMotifShift":false,"fittingStages":[],"optimizeMotifShiftHeuristic":false,"experimentSpecificPositionBias":true,"minSize":-1,"experimentSpecificActivity":true,"optimizeSize":false}]}}
