{"modelSettings":{"letterOrder":"ACGTN","bindingModeInteractions":[],"bindingModes":[{"size":10,"fitLogActivity":true,"flankLength":0,"dinucleotideDistance":0,"componentName":"Binding mode 1","positionBias":false,"singleStrand":false,"modifications":[]}],"letterComplement":"C-G,A-T,N-N"},"coefficients":{"bindingModeInteractions":[],"bindingModes":[{"mononucleotide":[0,-0.01600082009120385,-0.14116241993955736,-0.0853877942743333,-0.0590520166850909,-0.14206127943965896,-0.05475245087894898,0,-0.42581788950382027,-0.1428538948314142,-0.7501072883477089,-0.6654356668890082,0,-1.1063537374283763,-0.5459657811554375,-0.6533203960128582,-0.11438878461517987,-0.3006617274355552,0,-0.2380812709407673,-1.9009613199006214,-2.065704339470547,-0.06042498901906512,0,-0.5899056811059805,-2.996992052547763,-2.914314340855052,0,-1.7161075529378722,-1.136358727188266,-2.6267293953929123,-3.2846645434127826,0,-2.776567561246263,-1.2275659876486074,-2.8455625304646555,0,-3.301981759614921,-1.436650664771413,-1.099136656546489,0,-2.575607002204887,-2.3803456850086775,-2.901806902281301,-1.1845378187665028,-1.3396331260555516,0,-1.2754244630666534,-0.13826051298682707,-0.5057858760709919],"activity":[[0]],"dinucleotide":[],"positionBias":[],"modifications":[]}]},"modelFittingConstraints":{"enrichmentModel":[{}],"nShifts":0,"addBindingModesSequentially":true,"bindingModeInteractions":[],"flankLengths":[0],"singleModeLengthSweep":false,"bindingModes":[{"maxFlankLength":-1,"positionBiasBinWidth":1,"optimizeSizeHeuristic":false,"maxSize":-1,"optimizeFlankLength":false,"symmetryString":"null","roundSpecificActivity":true,"informationThreshold":0.1,"optimizeMotifShift":false,"fittingStages":[],"optimizeMotifShiftHeuristic":false,"experimentSpecificPositionBias":true,"minSize":-1,"experimentSpecificActivity":true,"optimizeSize":false}]}}
