{"modelSettings":{"letterOrder":"ACGTN","bindingModeInteractions":[],"bindingModes":[{"size":8,"fitLogActivity":true,"flankLength":0,"dinucleotideDistance":0,"componentName":"Binding mode 3","positionBias":false,"singleStrand":false,"modifications":[]}],"letterComplement":"C-G,A-T,N-N"},"coefficients":{"bindingModeInteractions":[],"bindingModes":[{"mononucleotide":[-0.5834214360359946,-0.25132083015353146,0,-0.060880135474521424,-0.1994591297176293,-2.1847641931453574,0,-2.342968803569629,-2.3484523503434236,-1.1208094180977481,0,-2.3584429967960587,-2.149377956202508,-2.671782825506742,-1.1392367561936876,-2.4817912436351337,0,-2.3951729416771714,-2.0488522801186333,-1.1211393727421624,-2.3020609465806987,-2.7404297151683212,0,-2.7231802886936842,-1.17906832731058,-2.382317451300673,-2.293118187349498,-2.417887504276779,0,-1.1375632278378192,-2.186859741485083,-2.5643427440171314,0,-2.2544140131205874,-1.1284220793988333,-1.069736936022065,-0.08760291967839784,-0.29656939770914215,0,-0.2868199842440559],"activity":[[0]],"dinucleotide":[],"positionBias":[],"modifications":[]}]},"modelFittingConstraints":{"enrichmentModel":[{}],"nShifts":0,"addBindingModesSequentially":true,"bindingModeInteractions":[],"flankLengths":[0],"singleModeLengthSweep":false,"bindingModes":[{"maxFlankLength":-1,"positionBiasBinWidth":1,"optimizeSizeHeuristic":false,"maxSize":-1,"optimizeFlankLength":false,"symmetryString":"null","roundSpecificActivity":true,"informationThreshold":0.1,"optimizeMotifShift":false,"fittingStages":[],"optimizeMotifShiftHeuristic":false,"experimentSpecificPositionBias":true,"minSize":-1,"experimentSpecificActivity":true,"optimizeSize":false}]}}
