{"modelSettings":{"letterOrder":"ACGTN","bindingModeInteractions":[],"bindingModes":[{"size":14,"fitLogActivity":true,"flankLength":0,"dinucleotideDistance":0,"componentName":"Binding mode 1","positionBias":false,"singleStrand":false,"modifications":[]}],"letterComplement":"C-G,A-T,N-N"},"coefficients":{"bindingModeInteractions":[],"bindingModes":[{"mononucleotide":[-0.03702094519468879,-0.12360240975317716,-0.10115059983057151,0,-0.0642228386843622,-0.4146019627911084,0,-0.5107087402554726,-0.09445219671047589,-0.2323910101741659,-0.5633749641257091,-1.2762158852422076,0,-0.4339435374506988,-0.47147480640293105,0,-0.6158161417733994,-1.9840099259330182,-1.2663585234042825,-0.7135679412739121,0,-2.429719593730416,-2.4094865535948844,-1.4359439415544393,-1.0385899797670264,-3.8483023653016257,-3.137427625520721,-3.1685051275463385,0,-1.284842527205413,0,-2.4369681948780317,-2.7581265318038635,-0.35014194169327517,-0.7681811014357451,-1.0552108749613027,-3.134573332401785,-3.174901767573796,0,-1.0262203243768078,-1.2129807019440109,-2.3453384643314865,0,-0.18061817122823953,-0.5852445453412368,-3.053863711303171,0,-3.5306160306351506,-3.274040246833021,-1.2780532864711054,0,-2.4772840056068763,-1.7492647705376831,-2.350626070351726,-1.083835351283278,-0.5363283646478698,-1.0225410015275647,-1.1670384930754696,0,-0.5727634794464076,0,-1.4340898478387047,-0.5249211298462542,-1.0014514749354317,-0.5990740988878566,-0.007244119697114471,-0.3961958550436311,-0.646873608469996,0,-0.22648117654951017],"activity":[[0]],"dinucleotide":[],"positionBias":[],"modifications":[]}]},"modelFittingConstraints":{"enrichmentModel":[{}],"nShifts":0,"addBindingModesSequentially":true,"bindingModeInteractions":[],"flankLengths":[0],"singleModeLengthSweep":false,"bindingModes":[{"maxFlankLength":-1,"positionBiasBinWidth":1,"optimizeSizeHeuristic":false,"maxSize":-1,"optimizeFlankLength":false,"symmetryString":"null","roundSpecificActivity":true,"informationThreshold":0.1,"optimizeMotifShift":false,"fittingStages":[],"optimizeMotifShiftHeuristic":false,"experimentSpecificPositionBias":true,"minSize":-1,"experimentSpecificActivity":true,"optimizeSize":false}]}}
