{"modelSettings":{"letterOrder":"ACGTN","bindingModeInteractions":[],"bindingModes":[{"size":14,"fitLogActivity":true,"flankLength":0,"dinucleotideDistance":0,"componentName":"Binding mode 1","positionBias":false,"singleStrand":false,"modifications":[]}],"letterComplement":"C-G,A-T,N-N"},"coefficients":{"bindingModeInteractions":[],"bindingModes":[{"mononucleotide":[0,-0.4677687454191055,-0.5574920775408163,-0.19247421419649235,-0.27972800237537093,0,-1.010022247271964,-0.5436665941141623,-0.19463133713385616,-0.36818218369544886,0,-1.4168635845328876,-0.9544776685098331,-0.13037435110148543,-0.4679045156826484,0,-1.1694670367901634,-1.0029723922417855,-0.07449427945098108,-0.4286571900731548,-0.05950281571320204,-0.4502010913071697,-0.3023990945937758,0,-0.18669835657312528,-1.7628168903402077,-0.8471841566006351,-2.7887134093717876,0,-0.8784644011707221,-3.796419160720604,-3.3096660603549504,0,-4.114549482473333,-1.3136828685644284,-1.4962059054215406,0,-3.4178788510906544,-3.050068853530139,-1.1207690171244924,-2.404843163313073,-2.050795913952762,-3.583635639844387,0,-1.1658049911351647,-2.324712852530663,-3.991926018282972,0,-1.2316133550198525,-1.044055192292788,0,-2.2749732496118535,-2.624309146031201,-2.4186693843800615,-1.1517524232141279,-1.3610989266409717,0,-0.4213308944331233,-0.6110104622794053,-0.4880234421055305,-0.607931792602594,-0.6359058143512293,-0.06626427095133636,0,-0.2844157521815989,-0.5834242993635623,-0.1934598699014023,-0.9096376702621782,0,-0.36213360476503914],"activity":[[0]],"dinucleotide":[],"positionBias":[],"modifications":[]}]},"modelFittingConstraints":{"enrichmentModel":[{}],"nShifts":0,"addBindingModesSequentially":true,"bindingModeInteractions":[],"flankLengths":[0],"singleModeLengthSweep":false,"bindingModes":[{"maxFlankLength":-1,"positionBiasBinWidth":1,"optimizeSizeHeuristic":false,"maxSize":-1,"optimizeFlankLength":false,"symmetryString":"null","roundSpecificActivity":true,"informationThreshold":0.1,"optimizeMotifShift":false,"fittingStages":[],"optimizeMotifShiftHeuristic":false,"experimentSpecificPositionBias":true,"minSize":-1,"experimentSpecificActivity":true,"optimizeSize":false}]}}
