{"modelSettings":{"letterOrder":"ACGTN","bindingModeInteractions":[],"bindingModes":[{"size":14,"fitLogActivity":true,"flankLength":0,"dinucleotideDistance":0,"componentName":"Binding mode 1","positionBias":false,"singleStrand":false,"modifications":[]}],"letterComplement":"C-G,A-T,N-N"},"coefficients":{"bindingModeInteractions":[],"bindingModes":[{"mononucleotide":[-0.23634981292282475,-1.4339868184625146,0,-0.007242611544239885,-0.2808240624230289,-0.44427401605820904,-1.2735441325524324,0,-2.024067289522447,-0.6668730072519673,-0.016274801248459703,-0.15873947559723334,0,-1.1872367462740527,-0.24139071047998314,-1.6632178909536464,0,-0.6807765934942545,-1.4091672851725505,-0.7235556181166962,-2.5181311882088515,-0.48956338023923873,-2.020753016566649,0,-0.7841339072492785,-1.0336648074562547,-0.46428449727167465,-1.9668528457557772,0,-0.6329075121125719,-0.8069613642331381,-1.3782621460469553,-0.8421580530077506,0,-0.6306382657520645,-4.03860229906099,-3.0788230014705444,-4.099464255831637,0,-1.3091323914820574,-2.2147057117330937,-3.339055190636494,0,-4.194756651895332,-1.2381067048616632,0,-3.272008628266742,-3.796107850147349,-3.9100047601663412,-1.3089365649105777,-3.6073174510584147,0,-4.251666583925448,-3.8116676155591405,-1.3247513202917052,-3.458426788376567,0,-4.261811251693233,-4.08769336386581,-1.3258072710551172,-3.1686124277279535,-0.3312383224336273,-0.5319662005366848,0,-0.5329243716079707,-0.5383405246734414,0,-0.9831752330538386,-0.09468340185949131,-0.33285438883093343],"activity":[[0]],"dinucleotide":[],"positionBias":[],"modifications":[]}]},"modelFittingConstraints":{"enrichmentModel":[{}],"nShifts":0,"addBindingModesSequentially":true,"bindingModeInteractions":[],"flankLengths":[0],"singleModeLengthSweep":false,"bindingModes":[{"maxFlankLength":-1,"positionBiasBinWidth":1,"optimizeSizeHeuristic":false,"maxSize":-1,"optimizeFlankLength":false,"symmetryString":"null","roundSpecificActivity":true,"informationThreshold":0.1,"optimizeMotifShift":false,"fittingStages":[],"optimizeMotifShiftHeuristic":false,"experimentSpecificPositionBias":true,"minSize":-1,"experimentSpecificActivity":true,"optimizeSize":false}]}}
