{"modelSettings":{"letterOrder":"ACGTN","bindingModeInteractions":[],"bindingModes":[{"size":14,"fitLogActivity":true,"flankLength":0,"dinucleotideDistance":0,"componentName":"Binding mode 1","positionBias":false,"singleStrand":false,"modifications":[]}],"letterComplement":"C-G,A-T,N-N"},"coefficients":{"bindingModeInteractions":[],"bindingModes":[{"mononucleotide":[0,-0.22721553278829099,-0.07098582252503327,-0.007008071324612786,-0.07223726343327348,-1.2838174974451464,-0.5460778035138167,-1.4555976608084302,0,-0.6493906194662838,-1.4028579906498697,-2.8260193770480693,0,-2.731786447124997,-1.0713053080579837,-0.3766528875354558,-1.6214845147683228,0,-1.1880985943931401,-0.6030507500727481,0,-0.3423621819242584,-2.8031565874037696,-2.138309490560584,-0.7504779815094743,-2.768794603787544,0,-3.271301888886937,-2.497000204206878,-1.2182186559023784,-2.8695451208823597,-1.7045727766472467,-3.0922416290682486,0,-1.1363337402215603,-2.172376821685887,-1.987982064891073,-3.0306487020073725,0,-1.1245746030590613,-2.9234663964080654,-1.393510830163644,-2.9891611242055665,0,-1.0845029909387576,-1.357278098267658,-2.752565164973197,0,-2.0710380813762423,-1.016678024530942,-0.14374288972817695,-0.7576008649665376,0,-0.763884023556872,-0.35640580274188005,-0.1122275615228272,0,-1.9868513391289362,-1.082700380484206,-0.5235533337503602,-1.7409929308155077,0,-2.7099263492972208,-2.340747880269107,-1.0950111267681424,-1.7838805506723778,0,-1.719804612018216,-0.16506333327815614,-0.600145959309539],"activity":[[0]],"dinucleotide":[],"positionBias":[],"modifications":[]}]},"modelFittingConstraints":{"enrichmentModel":[{}],"nShifts":0,"addBindingModesSequentially":true,"bindingModeInteractions":[],"flankLengths":[0],"singleModeLengthSweep":false,"bindingModes":[{"maxFlankLength":-1,"positionBiasBinWidth":1,"optimizeSizeHeuristic":false,"maxSize":-1,"optimizeFlankLength":false,"symmetryString":"null","roundSpecificActivity":true,"informationThreshold":0.1,"optimizeMotifShift":false,"fittingStages":[],"optimizeMotifShiftHeuristic":false,"experimentSpecificPositionBias":true,"minSize":-1,"experimentSpecificActivity":true,"optimizeSize":false}]}}
