{"modelSettings":{"letterOrder":"ACGTN","bindingModeInteractions":[],"bindingModes":[{"size":12,"fitLogActivity":true,"flankLength":0,"dinucleotideDistance":0,"componentName":"Binding mode 1","positionBias":false,"singleStrand":false,"modifications":[]}],"letterComplement":"C-G,A-T,N-N"},"coefficients":{"bindingModeInteractions":[],"bindingModes":[{"mononucleotide":[-0.25801807297407375,-0.7049202653281244,0,-1.326107021254633,-0.45719081903009995,-2.3157639167971116,-1.8190017752191077,-2.1729981530518554,0,-1.0680485490209357,-2.0453411475781325,-1.8346884451616452,0,-0.08530487458591818,-0.5945553033865089,0,-1.4943698193626131,-0.20525475375479463,-0.08623842421307071,-0.30238792357237304,-1.6084851346125424,0,-1.2129101815169703,-0.5527474509603119,-0.6573514491719414,-1.628397111818586,-2.0028241044305535,0,-2.1535576428150085,-1.0166167297661948,-1.0482555965149984,0,-3.1364665085416785,-0.8185626347755344,-0.7792226902660367,0,-1.7373492811667273,-3.010199230313889,-3.559152208197207,-1.1601703936568863,0,-3.1217585358721345,-3.0565432566904156,-2.8968300411240033,-1.2497309571044677,-1.9949256083581108,-0.2328132438364925,-0.7620865045651062,0,-0.5129040505807727,-0.0629376184320467,0,-0.37850970355256575,-0.588796613854198,-0.2297660160177324,-0.37720137340976656,-0.07710449088123905,0,-0.2918807338312037,-0.174821151391014],"activity":[[0]],"dinucleotide":[],"positionBias":[],"modifications":[]}]},"modelFittingConstraints":{"enrichmentModel":[{}],"nShifts":0,"addBindingModesSequentially":true,"bindingModeInteractions":[],"flankLengths":[0],"singleModeLengthSweep":false,"bindingModes":[{"maxFlankLength":-1,"positionBiasBinWidth":1,"optimizeSizeHeuristic":false,"maxSize":-1,"optimizeFlankLength":false,"symmetryString":"null","roundSpecificActivity":true,"informationThreshold":0.1,"optimizeMotifShift":false,"fittingStages":[],"optimizeMotifShiftHeuristic":false,"experimentSpecificPositionBias":true,"minSize":-1,"experimentSpecificActivity":true,"optimizeSize":false}]}}
