{"modelSettings":{"letterOrder":"ACGTN","bindingModeInteractions":[],"bindingModes":[{"size":12,"fitLogActivity":true,"flankLength":0,"dinucleotideDistance":0,"componentName":"Binding mode 1","positionBias":false,"singleStrand":false,"modifications":[]}],"letterComplement":"C-G,A-T,N-N"},"coefficients":{"bindingModeInteractions":[],"bindingModes":[{"mononucleotide":[0,-1.0941011944294257,-0.09930543640793665,-0.21713697607168925,-0.2727519986302861,-0.4290870102323172,-0.7072623245218832,-0.6149782950135858,0,-0.39870752660981856,0,-2.4035345069641494,-0.08232949297215875,-2.7115152318053912,-0.6549835660928066,-4.096946736301434,-3.761951620135666,-3.8649455790331375,0,-1.327246736991613,-3.8837487458815554,0,-4.015853409531927,-4.193973590705055,-1.3339985986018676,-3.5130655180147734,0,-4.206835595203222,-4.744625811565371,-1.334274044168944,-3.505147777707437,-2.7495379470660906,-3.326964902999083,0,-1.2641637718681105,-1.6474326536440742,-1.6411847265949007,-0.1791916974987,0,-0.587778844425929,-0.42034211142309097,-0.1262821372246261,0,-0.16169561364775475,-0.16579242059323818,-0.18766148101525815,0,-0.2612984270622718,-0.2320724918232724,-0.1649232938297975,0,-0.2246886764756013,-0.019001915144519543,-0.14811646900137987,-0.09368642057324278,-0.08663298911141126,-0.15204191446779092,0,-0.38409108884036947,-0.14588300299625548],"activity":[[0]],"dinucleotide":[],"positionBias":[],"modifications":[]}]},"modelFittingConstraints":{"enrichmentModel":[{}],"nShifts":0,"addBindingModesSequentially":true,"bindingModeInteractions":[],"flankLengths":[0],"singleModeLengthSweep":false,"bindingModes":[{"maxFlankLength":-1,"positionBiasBinWidth":1,"optimizeSizeHeuristic":false,"maxSize":-1,"optimizeFlankLength":false,"symmetryString":"null","roundSpecificActivity":true,"informationThreshold":0.1,"optimizeMotifShift":false,"fittingStages":[],"optimizeMotifShiftHeuristic":false,"experimentSpecificPositionBias":true,"minSize":-1,"experimentSpecificActivity":true,"optimizeSize":false}]}}
