{"modelSettings":{"letterOrder":"ACGTN","bindingModeInteractions":[],"bindingModes":[{"size":12,"fitLogActivity":true,"flankLength":0,"dinucleotideDistance":0,"componentName":"Binding mode 1","positionBias":false,"singleStrand":false,"modifications":[]}],"letterComplement":"C-G,A-T,N-N"},"coefficients":{"bindingModeInteractions":[],"bindingModes":[{"mononucleotide":[-0.1692184805595014,0,-0.35028450925673216,-0.7810454431533325,-0.28543823606511004,-0.5869236787944478,-0.17736954626818946,-1.4961683143247235,0,-0.4240776744764162,-1.898316231854011,-0.5397590542713342,-1.7848571375218691,0,-0.7441613639829008,-0.8428456683214725,0,-1.4016650651227218,-2.0074486532454765,-0.792414390911693,-3.3900673078682946,-3.0181387077535557,0,-3.3066212362163148,-1.2736459907965405,0,-3.2068334071316285,-3.2272281039106607,-2.907271726927262,-1.259858675466654,-2.93754241294302,0,-2.529344880087728,-2.604904856569906,-1.1984736166372933,-2.460342351035375,-3.6807130676091537,0,-3.458645780461283,-1.253440523600539,-1.7297895400500751,-1.988271387407389,0,-0.5450697732631689,-0.747574340542153,-0.4139373280362735,0,-0.042307052733335127,-0.5191400201475247,-0.21857592863333536,0,-0.4623075181876395,-0.4031965220943876,-0.49115525411267846,-0.31816586298432603,-0.1201176307119356,0,-0.026240893106576735,-0.3122258768853534,-0.1073812419972158],"activity":[[0]],"dinucleotide":[],"positionBias":[],"modifications":[]}]},"modelFittingConstraints":{"enrichmentModel":[{}],"nShifts":0,"addBindingModesSequentially":true,"bindingModeInteractions":[],"flankLengths":[0],"singleModeLengthSweep":false,"bindingModes":[{"maxFlankLength":-1,"positionBiasBinWidth":1,"optimizeSizeHeuristic":false,"maxSize":-1,"optimizeFlankLength":false,"symmetryString":"null","roundSpecificActivity":true,"informationThreshold":0.1,"optimizeMotifShift":false,"fittingStages":[],"optimizeMotifShiftHeuristic":false,"experimentSpecificPositionBias":true,"minSize":-1,"experimentSpecificActivity":true,"optimizeSize":false}]}}
