{"modelSettings":{"letterOrder":"ACGTN","bindingModeInteractions":[],"bindingModes":[{"size":12,"fitLogActivity":true,"flankLength":0,"dinucleotideDistance":0,"componentName":"Binding mode 1","positionBias":false,"singleStrand":false,"modifications":[]}],"letterComplement":"C-G,A-T,N-N"},"coefficients":{"bindingModeInteractions":[],"bindingModes":[{"mononucleotide":[-1.1711075777382316,-1.542830143533692,0,-1.679113075007633,-0.8496033756025698,-1.4042301328185243,-2.036598008872293,0,-1.4360863093176857,-0.9076502390222537,-0.5699311233256079,-1.9150625274233821,0,-0.9218515933165872,-0.6392847401930808,0,-2.311142001833831,-0.49246898491333546,-1.4941379636873684,-0.7263391636149227,0,-1.3329991405299868,-1.9464519653006978,-1.4547440820704782,-0.8916437852727055,0,-2.2246260603464165,-1.8994023888025762,-0.6027414407294405,-0.7956922030868063,-1.4679463836849784,-0.6416780337950829,-0.47090503242189463,0,-0.5186715823619011,-2.4489049172819843,0,-3.3908059891441162,-0.622571898418018,-0.881507534637192,-1.6716860553008104,0,-3.7836987943808538,-4.214545882067567,-1.182988358761199,-4.233938950069554,0,-4.250541663575399,-4.570228402692111,-1.3479323954883418,-3.918563002510469,0,-3.523687591717062,-3.9878993465775814,-1.3206014482644084,-0.8946429160995795,0,-0.5232078168350593,-0.04841528015683494,-0.30309759199651193],"activity":[[0]],"dinucleotide":[],"positionBias":[],"modifications":[]}]},"modelFittingConstraints":{"enrichmentModel":[{}],"nShifts":0,"addBindingModesSequentially":true,"bindingModeInteractions":[],"flankLengths":[0],"singleModeLengthSweep":false,"bindingModes":[{"maxFlankLength":-1,"positionBiasBinWidth":1,"optimizeSizeHeuristic":false,"maxSize":-1,"optimizeFlankLength":false,"symmetryString":"null","roundSpecificActivity":true,"informationThreshold":0.1,"optimizeMotifShift":false,"fittingStages":[],"optimizeMotifShiftHeuristic":false,"experimentSpecificPositionBias":true,"minSize":-1,"experimentSpecificActivity":true,"optimizeSize":false}]}}
