{"modelSettings":{"letterOrder":"ACGTN","bindingModeInteractions":[],"bindingModes":[{"size":12,"fitLogActivity":true,"flankLength":0,"dinucleotideDistance":0,"componentName":"Binding mode 1","positionBias":false,"singleStrand":false,"modifications":[]}],"letterComplement":"C-G,A-T,N-N"},"coefficients":{"bindingModeInteractions":[],"bindingModes":[{"mononucleotide":[0,-0.1373141850016104,-0.08696068998839834,-0.15585605768976762,-0.093187192542277,0,-2.135381627001533,-0.6468094520523682,-2.4769163790004773,-0.8405367969188771,-0.005281975175171816,0,-0.31639532813334537,-2.5656836242062733,-0.3565428616107015,-3.7195066936702164,0,-3.781931310324535,-3.9159286847233803,-1.3214934176191049,0,-3.405455808700144,-1.5858946109693948,-2.5722586077655487,-1.1129756312304606,-3.625728213573674,-3.3448886549439045,-2.8613248217016043,0,-1.2737813841289323,0,-3.163980131582168,-3.3928206632708457,-3.873060400263303,-1.2940200770465387,-2.139971608128975,-1.4609731755204534,-3.343111599626657,0,-1.0605975247426562,-3.6834692404892913,-3.522866370451233,0,-1.5277251430500245,-1.1459561675836625,-2.074025978856093,-0.31077289620961857,-0.08019907109343105,0,-0.36330700270075056,-0.5499894589040641,0,-0.27749546795515023,-0.24426011674029624,-0.24912864821861516,0,-0.6594093202253615,-0.45044265362195857,-0.010319507950546036,-0.24072334959817762],"activity":[[0]],"dinucleotide":[],"positionBias":[],"modifications":[]}]},"modelFittingConstraints":{"enrichmentModel":[{}],"nShifts":0,"addBindingModesSequentially":true,"bindingModeInteractions":[],"flankLengths":[0],"singleModeLengthSweep":false,"bindingModes":[{"maxFlankLength":-1,"positionBiasBinWidth":1,"optimizeSizeHeuristic":false,"maxSize":-1,"optimizeFlankLength":false,"symmetryString":"null","roundSpecificActivity":true,"informationThreshold":0.1,"optimizeMotifShift":false,"fittingStages":[],"optimizeMotifShiftHeuristic":false,"experimentSpecificPositionBias":true,"minSize":-1,"experimentSpecificActivity":true,"optimizeSize":false}]}}
