{"modelSettings":{"letterOrder":"ACGTN","bindingModeInteractions":[],"bindingModes":[{"size":14,"fitLogActivity":true,"flankLength":0,"dinucleotideDistance":0,"componentName":"Binding mode 1","positionBias":false,"singleStrand":false,"modifications":[]}],"letterComplement":"C-G,A-T,N-N"},"coefficients":{"bindingModeInteractions":[],"bindingModes":[{"mononucleotide":[-0.2032122339432707,-0.08297164562828918,0,-0.4312254629724528,-0.16658758656423725,-0.22395278103900296,-0.025944335003066143,-0.34451601014630384,0,-0.1385998115399286,-1.7111798926178405,-1.780466239377327,-2.6232673919865523,0,-1.0343865598299058,0,-3.0201586066391886,-2.451308352626089,-1.7762075929828187,-1.120663788644456,0,-3.68043146579416,-3.8633915945954516,-3.7210327624011263,-1.3182454022749983,-3.1963245515099428,-1.9973238370923698,-2.8919926868011148,0,-1.1775939528720545,-2.291774601129337,-1.228420002717229,-1.5988362314018958,0,-0.9188105956771199,0,-0.5856953121776298,-0.61240000328901,-1.146768300684641,-0.504003645541589,-0.22533945478817152,-0.7641236862781589,0,-0.5540667491918754,-0.3429850237327867,0,-0.9325389512782256,-0.7457338574197139,-0.3473526663662492,-0.4406408172604286,-1.167701289143841,-1.4159532844107412,-0.8229758403588332,0,-0.6967043494029266,-0.6158282652938238,-0.6831023812190211,-1.626770783162689,0,-0.5790133322861506,0,-1.796890215528078,-2.056084870022256,-0.8937652021790501,-0.853973345269196,0,-0.2990914991443221,-0.06635707315168826,-0.07131575564488024,-0.10301436960669337],"activity":[[0]],"dinucleotide":[],"positionBias":[],"modifications":[]}]},"modelFittingConstraints":{"enrichmentModel":[{}],"nShifts":0,"addBindingModesSequentially":true,"bindingModeInteractions":[],"flankLengths":[0],"singleModeLengthSweep":false,"bindingModes":[{"maxFlankLength":-1,"positionBiasBinWidth":1,"optimizeSizeHeuristic":false,"maxSize":-1,"optimizeFlankLength":false,"symmetryString":"null","roundSpecificActivity":true,"informationThreshold":0.1,"optimizeMotifShift":false,"fittingStages":[],"optimizeMotifShiftHeuristic":false,"experimentSpecificPositionBias":true,"minSize":-1,"experimentSpecificActivity":true,"optimizeSize":false}]}}
