{"modelSettings":{"letterOrder":"ACGTN","bindingModeInteractions":[],"bindingModes":[{"size":12,"fitLogActivity":true,"flankLength":0,"dinucleotideDistance":0,"componentName":"Binding mode 1","positionBias":false,"singleStrand":false,"modifications":[]}],"letterComplement":"C-G,A-T,N-N"},"coefficients":{"bindingModeInteractions":[],"bindingModes":[{"mononucleotide":[-0.1662087459702022,-0.23807740515793796,-0.17542345406317494,0,-0.14095524069241516,-0.6240798828769396,-0.15554218704863132,-0.31855900198364395,0,-0.24881357030151213,-1.694322955094992,0,-0.8595023347519071,-0.6142281560310856,-0.6216851895612239,-1.1510024375866763,-0.020806605219824803,-1.669136533235485,0,-0.47636882037863987,0,-2.450359731597456,-2.5813954483133754,-0.7081733544392463,-0.8828112478408308,-3.070134084289368,-3.2673622695035807,-3.3831835723876047,0,-1.2743407497222055,-2.8309243472128927,-3.5043232205445207,-3.412934435373357,0,-1.2712084429739599,-1.2575200317816435,-1.7461532081794324,0,-3.578092433790072,-0.9897146251206783,-1.9005997745960492,-3.4270882931882545,-3.3686549456028363,0,-1.190401773311252,-0.6720947881170893,-0.5335086949454855,-0.834451739655476,0,-0.45756390255746165,-0.40685739019964906,-0.2896165385547995,-0.9606644714971093,0,-0.3577726081664728,-0.23995790646590542,-0.40574980059695953,-0.4679612919716867,0,-0.261554510198632],"activity":[[0]],"dinucleotide":[],"positionBias":[],"modifications":[]}]},"modelFittingConstraints":{"enrichmentModel":[{}],"nShifts":0,"addBindingModesSequentially":true,"bindingModeInteractions":[],"flankLengths":[0],"singleModeLengthSweep":false,"bindingModes":[{"maxFlankLength":-1,"positionBiasBinWidth":1,"optimizeSizeHeuristic":false,"maxSize":-1,"optimizeFlankLength":false,"symmetryString":"null","roundSpecificActivity":true,"informationThreshold":0.1,"optimizeMotifShift":false,"fittingStages":[],"optimizeMotifShiftHeuristic":false,"experimentSpecificPositionBias":true,"minSize":-1,"experimentSpecificActivity":true,"optimizeSize":false}]}}
