{"modelSettings":{"letterOrder":"ACGTN","bindingModeInteractions":[],"bindingModes":[{"size":12,"fitLogActivity":true,"flankLength":0,"dinucleotideDistance":0,"componentName":"Binding mode 1","positionBias":false,"singleStrand":false,"modifications":[]}],"letterComplement":"C-G,A-T,N-N"},"coefficients":{"bindingModeInteractions":[],"bindingModes":[{"mononucleotide":[0,-0.7026925392624239,-0.7450919201002044,-0.7633925256969487,-0.49592747274111393,0,-1.0914121854286236,-0.3486646752093492,-0.33235531811689967,-0.37156954612999266,0,-1.467058214972269,-0.8278137565615538,-1.1678729110055883,-0.7038874849600587,0,-3.2337494942118017,-3.414921335375282,-2.922988117937649,-1.2675684665119538,-3.151830068242697,0,-2.238550427692523,-1.682417405083548,-1.097130369286895,0,-3.8462951545001633,-3.4525209180079077,-3.28378144116445,-1.299648273423041,0,-3.3429811828321343,-3.273812846342593,-3.3776195090558367,-1.28434999784863,-1.4142642935954868,-2.7589513057527144,-3.0733231645649752,0,-1.0841697925756029,0,-1.4874877000329718,-0.14298107094466772,-1.2077742247302616,-0.5143435604018652,-0.5205555148132568,-0.8209279656733663,0,-1.504492619684985,-0.5725487859895597,0,-0.4269844122199604,-0.38517893267789205,-0.5467941648457924,-0.31758988582773956,0,-0.2432424486045086,-0.49759409708769553,-0.04559820099110823,-0.17808091028690673],"activity":[[0]],"dinucleotide":[],"positionBias":[],"modifications":[]}]},"modelFittingConstraints":{"enrichmentModel":[{}],"nShifts":0,"addBindingModesSequentially":true,"bindingModeInteractions":[],"flankLengths":[0],"singleModeLengthSweep":false,"bindingModes":[{"maxFlankLength":-1,"positionBiasBinWidth":1,"optimizeSizeHeuristic":false,"maxSize":-1,"optimizeFlankLength":false,"symmetryString":"null","roundSpecificActivity":true,"informationThreshold":0.1,"optimizeMotifShift":false,"fittingStages":[],"optimizeMotifShiftHeuristic":false,"experimentSpecificPositionBias":true,"minSize":-1,"experimentSpecificActivity":true,"optimizeSize":false}]}}
