{"modelSettings":{"letterOrder":"ACGTN","bindingModeInteractions":[],"bindingModes":[{"size":15,"fitLogActivity":true,"flankLength":0,"dinucleotideDistance":0,"componentName":"Binding mode 1","positionBias":false,"singleStrand":false,"modifications":[]}],"letterComplement":"C-G,A-T,N-N"},"coefficients":{"bindingModeInteractions":[],"bindingModes":[{"mononucleotide":[-0.34835991706047587,0,-0.03217141974558935,-0.47317682972175223,-0.193219144473196,-0.7875211734606236,-0.44055306602511735,-1.113228358500864,0,-0.4995773483390032,-0.35086998169822436,-1.5788996058430138,-2.6056821649577095,0,-0.7011138767866747,0,-2.029604767822611,-0.7093078961727999,-1.7013908472036405,-0.7952897464319216,-0.21879319197369806,-0.8505041037515495,-0.6818109748415324,0,-0.37965565156022935,-0.308718804818116,-1.352721648115918,0,-2.988379425101397,-0.6717321755819321,-0.8086336208701876,-1.411382823041678,-2.590829763135968,0,-0.8185799964961735,0,-0.4303271579800718,-3.2641748544409497,-0.9236095331006666,-0.65123396908714,0,-3.055114359016166,-3.6398191959099737,-3.738956480857615,-1.2935754201981204,0,-3.728519589617809,-3.149965088791787,-3.4629723670489976,-1.2926050540116045,-3.3870885666698936,0,-3.258371214531536,-0.3757893302898996,-0.8215460923587906,0,-3.652635047519819,-2.784008777415044,-3.2146152749604977,-1.2659512069067849,-0.18361973076277582,-0.8153866741018572,-0.90267829559009,0,-0.40040196132400885,-0.4239623450390404,-0.7870104243774891,-0.7564342746015127,0,-0.4388968501640492,-0.129377768556715,-0.06247170477851682,0,-0.2225782837842143,-0.10022539922131082],"activity":[[0]],"dinucleotide":[],"positionBias":[],"modifications":[]}]},"modelFittingConstraints":{"enrichmentModel":[{}],"nShifts":0,"addBindingModesSequentially":true,"bindingModeInteractions":[],"flankLengths":[0],"singleModeLengthSweep":false,"bindingModes":[{"maxFlankLength":-1,"positionBiasBinWidth":1,"optimizeSizeHeuristic":false,"maxSize":-1,"optimizeFlankLength":false,"symmetryString":"null","roundSpecificActivity":true,"informationThreshold":0.1,"optimizeMotifShift":false,"fittingStages":[],"optimizeMotifShiftHeuristic":false,"experimentSpecificPositionBias":true,"minSize":-1,"experimentSpecificActivity":true,"optimizeSize":false}]}}
