{"modelSettings":{"letterOrder":"ACGTN","bindingModeInteractions":[],"bindingModes":[{"size":12,"fitLogActivity":true,"flankLength":0,"dinucleotideDistance":0,"componentName":"Binding mode 1","positionBias":false,"singleStrand":false,"modifications":[]}],"letterComplement":"C-G,A-T,N-N"},"coefficients":{"bindingModeInteractions":[],"bindingModes":[{"mononucleotide":[0,-0.1615523643917074,-0.07531210384588238,-0.25947681921558985,-0.11942252178615079,-0.011244577962139068,-0.04337285513981648,0,-0.09008384483845067,-0.03556830358950192,-0.20951058831885216,-0.03549976668332544,0,-0.4681100732612241,-0.16184603666020833,-0.7085918527823377,-0.26486839751086944,-1.4439746391034445,0,-0.4717524212111245,0,-0.28040853225450135,-1.1077911949639678,-0.8446880325526956,-0.4638410066322592,0,-1.6138017741357438,-2.1595739090311215,-1.6382833251213722,-0.9749686408840653,-2.819392025535622,-2.8922541656549505,-2.664693059550852,0,-1.216792976000887,-2.6794216797995936,-1.849770870605222,-2.5040799033004246,0,-1.1180804720436555,0,-2.7519445187694553,-1.9427975523866123,-1.944947759878481,-1.0861150614401125,-0.3101570731343739,-0.6816481057424856,0,-0.9573909497495555,-0.42197274021838715,-0.6844371695909518,0,-0.135115226133657,-0.2716493998799314,-0.2420363123183283,-0.060882909625795234,-0.18988927787117094,0,-0.06457329705433512,-0.07648924545010496],"activity":[[0]],"dinucleotide":[],"positionBias":[],"modifications":[]}]},"modelFittingConstraints":{"enrichmentModel":[{}],"nShifts":0,"addBindingModesSequentially":true,"bindingModeInteractions":[],"flankLengths":[0],"singleModeLengthSweep":false,"bindingModes":[{"maxFlankLength":-1,"positionBiasBinWidth":1,"optimizeSizeHeuristic":false,"maxSize":-1,"optimizeFlankLength":false,"symmetryString":"null","roundSpecificActivity":true,"informationThreshold":0.1,"optimizeMotifShift":false,"fittingStages":[],"optimizeMotifShiftHeuristic":false,"experimentSpecificPositionBias":true,"minSize":-1,"experimentSpecificActivity":true,"optimizeSize":false}]}}
