{"modelSettings":{"letterOrder":"ACGTN","bindingModeInteractions":[],"bindingModes":[{"size":14,"fitLogActivity":true,"flankLength":0,"dinucleotideDistance":0,"componentName":"Binding mode 2","positionBias":false,"singleStrand":false,"modifications":[]}],"letterComplement":"C-G,A-T,N-N"},"coefficients":{"bindingModeInteractions":[],"bindingModes":[{"mononucleotide":[0,-1.918490947757328,-0.9183382197668326,-0.9137832758606912,-0.7199972129056079,-0.9373844540874616,-1.126190389928861,0,-1.151026364434574,-0.6771611097252034,-2.8320344797671844,-2.1588368832946463,0,-2.4102204606958084,-1.1518961838369484,-2.4630973737246222,-1.37413368808335,-2.0490421191802497,0,-1.003015054328624,-3.020647902127786,-4.5264892780275545,0,-3.9939311505350754,-1.3111726656808362,-1.3264054973687758,-0.904028882266104,-2.0106469689667863,0,-0.79614017542362,-1.665962663062337,-1.1992226494048355,0,-0.7536076155466613,-0.712787514801869,0,-3.7082794842154483,-1.747593230594826,-4.582396662221741,-1.196548182959364,0,-0.5274386824345942,-0.8124892289157035,-0.6173794999708342,-0.4411353310909264,0,-0.2979796177272913,-0.4250165502865064,-0.36151369445067516,-0.25725099993955086,-0.09500634219828186,-0.5493517219449373,-0.5597051143443084,0,-0.26851080368435143,0,-0.12818286541402202,-0.14500971748251246,-0.025951320848602855,-0.07281564030958906,0,-0.11771439989940635,-0.02748979502912441,-0.1821172827887727,-0.07922231148332098,-0.044662059290843104,0,-0.07121108424002598,-0.14620104207740026,-0.0641199710259496],"activity":[[0]],"dinucleotide":[],"positionBias":[],"modifications":[]}]},"modelFittingConstraints":{"enrichmentModel":[{}],"nShifts":0,"addBindingModesSequentially":true,"bindingModeInteractions":[],"flankLengths":[0],"singleModeLengthSweep":false,"bindingModes":[{"maxFlankLength":-1,"positionBiasBinWidth":1,"optimizeSizeHeuristic":false,"maxSize":-1,"optimizeFlankLength":false,"symmetryString":"null","roundSpecificActivity":true,"informationThreshold":0.1,"optimizeMotifShift":false,"fittingStages":[],"optimizeMotifShiftHeuristic":false,"experimentSpecificPositionBias":true,"minSize":-1,"experimentSpecificActivity":true,"optimizeSize":false}]}}
