{"modelSettings":{"letterOrder":"ACGTN","bindingModeInteractions":[],"bindingModes":[{"size":18,"fitLogActivity":true,"flankLength":0,"dinucleotideDistance":0,"componentName":"Binding mode 2","positionBias":false,"singleStrand":false,"modifications":[]}],"letterComplement":"C-G,A-T,N-N"},"coefficients":{"bindingModeInteractions":[],"bindingModes":[{"mononucleotide":[-0.09110539539926776,-0.17965185007914997,0,-0.011810433361587158,-0.06808036327526074,-0.32015976980556005,0,-0.6861970119154792,-0.23448523040242364,-0.2808725981560883,-2.408484213064192,-3.421631982683415,-1.7204199869793517,0,-1.122698863195503,0,-1.7810191940639206,-1.6709722788573127,-1.8295282654426717,-0.9695466456617036,0,-4.15032401635855,-3.8686391018889994,-4.790501755418761,-1.3423211399521928,-2.8477431213696547,-1.9616624238935683,-1.8543024843656384,0,-1.0823736710337835,-1.982201091108974,-0.31477455063791737,-0.1019752890361092,0,-0.3671687552837649,0,-1.8882379584425766,-0.3494409629273214,-1.0465601744088047,-0.5944047469843338,-0.27655168683227327,0,-0.411912046876858,-0.5400172263176932,-0.28651103669188027,-0.5047411870580394,-0.2580292615924886,-0.6421532915615114,0,-0.3207589135899625,-0.28889390914215074,-0.3630889677118372,-0.45007080129229937,0,-0.26065098231173445,-0.34906266266540165,-0.4287753957097884,-0.6465057133894891,0,-0.3283206553535417,-0.25764538332890297,-0.4198449243935567,-0.691506220949484,0,-0.31100558699406583,-0.2655855008561261,-0.7896962347167156,-0.7463953400360612,0,-0.3949659527654086,0,-0.9559520455820274,-0.9726252164087215,-0.2973423766775589,-0.4678759809427625,0,-0.9367143195402732,-0.9769875070745422,-0.4185468515632076,-0.49990251930991086,-0.04235186733109497,-0.9931546420248685,-0.771913940221113,0,-0.35987057022710434,-0.268632418762369,-0.6503635837212309,-0.34193070310683726,0,-0.28879014371716527],"activity":[[0]],"dinucleotide":[],"positionBias":[],"modifications":[]}]},"modelFittingConstraints":{"enrichmentModel":[{}],"nShifts":0,"addBindingModesSequentially":true,"bindingModeInteractions":[],"flankLengths":[0],"singleModeLengthSweep":false,"bindingModes":[{"maxFlankLength":-1,"positionBiasBinWidth":1,"optimizeSizeHeuristic":false,"maxSize":-1,"optimizeFlankLength":false,"symmetryString":"null","roundSpecificActivity":true,"informationThreshold":0.1,"optimizeMotifShift":false,"fittingStages":[],"optimizeMotifShiftHeuristic":false,"experimentSpecificPositionBias":true,"minSize":-1,"experimentSpecificActivity":true,"optimizeSize":false}]}}
