{"modelSettings":{"letterOrder":"ACGTN","bindingModeInteractions":[],"bindingModes":[{"size":12,"fitLogActivity":true,"flankLength":0,"dinucleotideDistance":0,"componentName":"Binding mode 1","positionBias":false,"singleStrand":false,"modifications":[]}],"letterComplement":"C-G,A-T,N-N"},"coefficients":{"bindingModeInteractions":[],"bindingModes":[{"mononucleotide":[-0.42147579358448084,0,-0.05288725281621076,-0.8401066901596717,-0.2756779834228648,0,-0.07186707385931079,-0.1686483382496693,-0.5946547802840474,-0.18415918158852432,-0.5104263398171884,-0.0073566636556936515,0,-0.4942282121212447,-0.2222216336326798,-1.3364032327233883,0,-3.3897607525806266,-0.3908934419620138,-0.7067603515071398,0,-2.078019178126172,-1.868817196508294,-2.901390801216119,-1.0977895748072835,0,-2.8755493085428285,-3.333874058894351,-3.2287616635849594,-1.262620813983426,-4.035491559880773,-3.645281858610797,-4.0188993957505375,0,-1.326362899999289,-3.442455263178,-2.6051949979088116,-2.869360401245307,0,-1.235626896325722,0,-3.8696511668478637,-3.2155946994356754,-2.95513517349536,-1.2791735398336155,-0.1606505541207719,-0.7446714297507153,0,-0.4168657104299074,-0.29249720051157774,-0.4681050488079097,0,-0.2682348524122333,-0.3074515725914866,-0.24646515498345997,-0.09781033530119121,-0.35126212045028593,0,-0.24133890420137627,-0.16363853386307753],"activity":[[0]],"dinucleotide":[],"positionBias":[],"modifications":[]}]},"modelFittingConstraints":{"enrichmentModel":[{}],"nShifts":0,"addBindingModesSequentially":true,"bindingModeInteractions":[],"flankLengths":[0],"singleModeLengthSweep":false,"bindingModes":[{"maxFlankLength":-1,"positionBiasBinWidth":1,"optimizeSizeHeuristic":false,"maxSize":-1,"optimizeFlankLength":false,"symmetryString":"null","roundSpecificActivity":true,"informationThreshold":0.1,"optimizeMotifShift":false,"fittingStages":[],"optimizeMotifShiftHeuristic":false,"experimentSpecificPositionBias":true,"minSize":-1,"experimentSpecificActivity":true,"optimizeSize":false}]}}
