{"modelSettings":{"letterOrder":"ACGTN","bindingModeInteractions":[],"bindingModes":[{"size":12,"fitLogActivity":true,"flankLength":0,"dinucleotideDistance":0,"componentName":"Binding mode 1","positionBias":false,"singleStrand":false,"modifications":[]}],"letterComplement":"C-G,A-T,N-N"},"coefficients":{"bindingModeInteractions":[],"bindingModes":[{"mononucleotide":[-0.592586651385755,-0.923117315054391,-0.779002225921035,0,-0.5070670388800398,-0.7275618911022903,-0.8580394325165042,-0.6365692035600148,0,-0.4958621093556276,-0.3278087196578401,-0.5770864809160141,-0.5651168402610072,0,-0.33886078137492653,-0.9881382959300762,-0.6780350247434033,-1.8356405769425415,0,-0.6736417288430245,-2.5689854102977225,-2.102381899210414,-2.9123994771261277,0,-1.160655121199803,-2.9151858014811687,-3.0827329626856725,0,-2.8962718261249907,-1.2419719439442503,-2.7582273236227266,0,-3.5996364977129995,-0.6859728699808691,-0.9198358998294786,-3.171459330335913,-2.544936137298482,0,-2.7287796820817833,-1.2159447364061553,-2.864488349002188,-2.9168149282159335,0,-3.1999081073300863,-1.2448955089581881,-3.3932051048255096,-2.768253468581259,-3.7892845562994477,0,-1.2738731186139436,-1.6797522555929785,-0.7196573566748867,-1.662940420042526,0,-0.7641492470080916,0,-2.1638574850529,-0.9711609304987414,-0.28910640975941515,-0.5787222994781187],"activity":[[0]],"dinucleotide":[],"positionBias":[],"modifications":[]}]},"modelFittingConstraints":{"enrichmentModel":[{}],"nShifts":0,"addBindingModesSequentially":true,"bindingModeInteractions":[],"flankLengths":[0],"singleModeLengthSweep":false,"bindingModes":[{"maxFlankLength":-1,"positionBiasBinWidth":1,"optimizeSizeHeuristic":false,"maxSize":-1,"optimizeFlankLength":false,"symmetryString":"null","roundSpecificActivity":true,"informationThreshold":0.1,"optimizeMotifShift":false,"fittingStages":[],"optimizeMotifShiftHeuristic":false,"experimentSpecificPositionBias":true,"minSize":-1,"experimentSpecificActivity":true,"optimizeSize":false}]}}
