{"modelSettings":{"letterOrder":"ACGTN","bindingModeInteractions":[],"bindingModes":[{"size":12,"fitLogActivity":true,"flankLength":0,"dinucleotideDistance":0,"componentName":"Binding mode 1","positionBias":false,"singleStrand":false,"modifications":[]}],"letterComplement":"C-G,A-T,N-N"},"coefficients":{"bindingModeInteractions":[],"bindingModes":[{"mononucleotide":[-0.32419948353229877,-0.8170999951309916,-0.47102258257271057,0,-0.3605466360479921,-0.32705513949081944,-1.0372546360958346,-0.860284434565803,0,-0.47059896708612464,-0.8796575958673865,-1.3754822551495556,-0.7946637200974092,0,-0.6351727641250366,-1.9313200465962646,-1.1562727641139015,0,-2.377342784342929,-0.946485572282231,-2.727446779234465,-2.6735283577721667,0,-2.330910681050242,-1.177978995609453,-2.984808486285767,0,-3.8822635861556427,-2.484998907929316,-1.2426452339776195,-2.691780137257471,-3.280342815894664,0,-3.032200466736808,-1.243419870374773,-2.476233400542509,0,-0.7877481145840379,-2.3694115753531007,-0.8962044746197985,-1.8549007935722375,0,-0.102544868562358,-0.15144149278916164,-0.31523338695939596,-0.2410744787576551,-0.024439832865870592,-0.8727243288209543,0,-0.2295857444786955,0,-0.8816311659289284,-0.7418324558399085,-0.10374196893848486,-0.35960595627570313,0,-0.6073667799799138,-0.6419720820285293,-0.18126116783674862,-0.3197733460322157],"activity":[[0]],"dinucleotide":[],"positionBias":[],"modifications":[]}]},"modelFittingConstraints":{"enrichmentModel":[{}],"nShifts":0,"addBindingModesSequentially":true,"bindingModeInteractions":[],"flankLengths":[0],"singleModeLengthSweep":false,"bindingModes":[{"maxFlankLength":-1,"positionBiasBinWidth":1,"optimizeSizeHeuristic":false,"maxSize":-1,"optimizeFlankLength":false,"symmetryString":"null","roundSpecificActivity":true,"informationThreshold":0.1,"optimizeMotifShift":false,"fittingStages":[],"optimizeMotifShiftHeuristic":false,"experimentSpecificPositionBias":true,"minSize":-1,"experimentSpecificActivity":true,"optimizeSize":false}]}}
