{"modelSettings":{"letterOrder":"ACGTN","bindingModeInteractions":[],"bindingModes":[{"size":12,"fitLogActivity":true,"flankLength":0,"dinucleotideDistance":0,"componentName":"Binding mode 1","positionBias":false,"singleStrand":false,"modifications":[]}],"letterComplement":"C-G,A-T,N-N"},"coefficients":{"bindingModeInteractions":[],"bindingModes":[{"mononucleotide":[-0.4423402282877973,-0.5741785428476378,0,-0.1030975273648238,-0.252399461337256,-0.289476896365084,-0.726996423332066,0,-0.8195318872065949,-0.4032232802115676,-0.9755779383275653,-0.18161898596834103,-0.16456589972585256,0,-0.2681555315502665,-1.730095808746345,0,-0.3778491756059914,-0.12818932027616103,-0.37750171469391847,0,-2.217824411576844,-1.991459808181085,-2.1769448424945614,-1.079744587165819,0,-2.6009250551233167,-2.5636138444089474,-2.5489456690216326,-1.179772334370574,-2.875305714402426,-3.1500348572875785,-3.187051987877938,0,-1.2547899372761429,-2.700046423469501,-2.8028819330720047,-2.263224100612746,0,-1.1777755946612791,0,-3.3390211757176234,-3.113624214926414,-2.48227057509229,-1.2348921161577746,-0.2875236388139517,-0.6989700500734055,0,-0.5767393402434937,-0.3534861605967974,-0.28332159210626795,0,-0.08969057220818843,-0.2370248652188347,-0.14604849272303197,-0.17103253160135878,-0.2797818075560823,0,-0.5098982915320458,-0.223362488174412],"activity":[[0]],"dinucleotide":[],"positionBias":[],"modifications":[]}]},"modelFittingConstraints":{"enrichmentModel":[{}],"nShifts":0,"addBindingModesSequentially":true,"bindingModeInteractions":[],"flankLengths":[0],"singleModeLengthSweep":false,"bindingModes":[{"maxFlankLength":-1,"positionBiasBinWidth":1,"optimizeSizeHeuristic":false,"maxSize":-1,"optimizeFlankLength":false,"symmetryString":"null","roundSpecificActivity":true,"informationThreshold":0.1,"optimizeMotifShift":false,"fittingStages":[],"optimizeMotifShiftHeuristic":false,"experimentSpecificPositionBias":true,"minSize":-1,"experimentSpecificActivity":true,"optimizeSize":false}]}}
