{"modelSettings":{"letterOrder":"ACGTN","bindingModeInteractions":[],"bindingModes":[{"size":17,"fitLogActivity":true,"flankLength":0,"dinucleotideDistance":0,"componentName":"Binding mode 1","positionBias":false,"singleStrand":false,"modifications":[]}],"letterComplement":"C-G,A-T,N-N"},"coefficients":{"bindingModeInteractions":[],"bindingModes":[{"mononucleotide":[-0.3133732513148413,-0.5914130984864379,-0.5964385339729432,0,-0.3441497000487377,0,-0.9980969829608171,-0.26464993437329554,-0.799869300449167,-0.43639770608723283,-1.7826616861716849,-2.92892522094098,0,-2.8890284227923027,-1.141565790168375,-3.3825066351915365,-2.9703575369273865,-3.0868285115586587,0,-1.2632861734888206,-2.458200007058267,-2.592029299824595,-4.140790806959311,0,-1.2238634067494378,0,-3.8194559185258883,-3.8865127854504897,-3.9902037827604757,-1.3271273214961972,0,-2.879923373182383,-2.8616699422010003,-3.4988163236854155,-1.2521609094617325,-2.3594144801154484,-2.6612591925523437,-3.192183869005556,0,-1.1994681503041318,-0.5285973612095685,-0.0693111098009993,0,-0.6705865820062726,-0.2764533465380569,0,-3.142017212430934,-2.282945643899023,-2.0724522047335117,-1.1464465776533985,-2.1557949620393493,-2.8045065448656525,-1.815634713544771,0,-1.0943098248551641,-3.20404717274952,-2.0631197820024014,-3.479193720382272,0,-1.2052346108818521,0,-1.5604935025142597,-1.4588969219622436,-1.6304879536569903,-0.892599243529057,0,-2.134538223145307,-1.3532802011994756,-2.387246326508007,-1.0020032829208947,-0.874618260879874,0,-1.5371440745741705,-0.4687305164240634,-0.5718983276558818,-0.18085209192947893,-0.07161080280597076,0,-0.03921137450401968,-0.07069091370887863,-0.4816209933284217,0,-0.27602639788198413,-0.30053086392264117,-0.24942364524448596],"activity":[[0]],"dinucleotide":[],"positionBias":[],"modifications":[]}]},"modelFittingConstraints":{"enrichmentModel":[{}],"nShifts":0,"addBindingModesSequentially":true,"bindingModeInteractions":[],"flankLengths":[0],"singleModeLengthSweep":false,"bindingModes":[{"maxFlankLength":-1,"positionBiasBinWidth":1,"optimizeSizeHeuristic":false,"maxSize":-1,"optimizeFlankLength":false,"symmetryString":"null","roundSpecificActivity":true,"informationThreshold":0.1,"optimizeMotifShift":false,"fittingStages":[],"optimizeMotifShiftHeuristic":false,"experimentSpecificPositionBias":true,"minSize":-1,"experimentSpecificActivity":true,"optimizeSize":false}]}}
