{"modelSettings":{"letterOrder":"ACGTN","bindingModeInteractions":[],"bindingModes":[{"size":14,"fitLogActivity":true,"flankLength":0,"dinucleotideDistance":0,"componentName":"Binding mode 1","positionBias":false,"singleStrand":false,"modifications":[]}],"letterComplement":"C-G,A-T,N-N"},"coefficients":{"bindingModeInteractions":[],"bindingModes":[{"mononucleotide":[-0.6512639352821545,0,-0.23932284935425896,-0.13228061869277408,-0.2279544236387512,-0.678926015491736,-0.35385534663393203,0,-0.8051933285341373,-0.40942065091866625,0,-2.347686978021924,-0.8647682014308331,-2.259632068272261,-0.9031721225620367,-0.034595897063426584,-0.015483484466975561,-0.3258295796161286,0,-0.08540548283899728,-0.2814580068605044,-2.9466746450199626,-3.1368304563410727,0,-0.7707753438127675,-0.2822195837309125,-1.945281080010202,-3.193107336868175,0,-0.72458663675859,-3.437552145797801,-3.478772396475195,-2.9902624232193054,0,-1.278999228144028,-3.684276356872366,0,-4.014784988104182,-2.926802092848592,-1.2939611103807556,-2.143030294304982,-2.1582071837273413,0,-1.7573367904333845,-1.0460189492234624,0,-0.36254707426691324,-0.037092882443211295,-0.10342733066114551,-0.11618844498012647,-1.656389796761903,-2.6192945682209396,-2.0320652328187245,0,-1.0535824269668588,-1.9238873902721583,-2.22839077355144,-3.387632417283453,0,-1.1335699988514596,-1.500336790173082,-0.27469961883592786,-1.3761982443951206,0,-0.5818776866889656,-0.18956653618227737,-0.40429440629784574,0,-0.9018525433771014,-0.321382806668774],"activity":[[0]],"dinucleotide":[],"positionBias":[],"modifications":[]}]},"modelFittingConstraints":{"enrichmentModel":[{}],"nShifts":0,"addBindingModesSequentially":true,"bindingModeInteractions":[],"flankLengths":[0],"singleModeLengthSweep":false,"bindingModes":[{"maxFlankLength":-1,"positionBiasBinWidth":1,"optimizeSizeHeuristic":false,"maxSize":-1,"optimizeFlankLength":false,"symmetryString":"null","roundSpecificActivity":true,"informationThreshold":0.1,"optimizeMotifShift":false,"fittingStages":[],"optimizeMotifShiftHeuristic":false,"experimentSpecificPositionBias":true,"minSize":-1,"experimentSpecificActivity":true,"optimizeSize":false}]}}
