{"modelSettings":{"letterOrder":"ACGTN","bindingModeInteractions":[],"bindingModes":[{"size":12,"fitLogActivity":true,"flankLength":0,"dinucleotideDistance":0,"componentName":"Binding mode 1","positionBias":false,"singleStrand":false,"modifications":[]}],"letterComplement":"C-G,A-T,N-N"},"coefficients":{"bindingModeInteractions":[],"bindingModes":[{"mononucleotide":[0,-0.9295544971140774,-0.36726410963961253,-0.13341171840419186,-0.30027404054922313,-2.6596394065237674,0,-0.747101258619236,-0.07534320860558008,-0.4816162400516034,-1.293170129325131,-2.042022391312064,0,-0.20795788992902242,-0.590407049490626,0,-1.9517871661252528,-2.9660500654346866,-2.958327437263009,-1.166811865589249,-0.9448530227142626,0,-3.4445528006175645,-3.0046039709481405,-1.0008863163838606,-3.026312850175945,0,-3.7751839664958564,-3.3856385030319927,-1.28619294708559,-3.2257324120424355,-1.5995599544340076,-3.4600724362293156,0,-1.1448084314612632,-1.496496040043465,-0.9072172546640189,-2.516254996894916,0,-0.8507834788115829,-2.3831050131898195,-1.6699923589819914,-2.7527488892587497,0,-1.090447316674442,-0.6220255417150842,-1.0480347968278547,0,-1.1375280217652541,-0.5941652856698049,0,-0.9399409835714536,-0.9143547886899777,-1.4477234828004386,-0.6799689380356252,-0.35291731917407976,0,-1.084417355619375,-1.0423848671525704,-0.5136016612572235],"activity":[[0]],"dinucleotide":[],"positionBias":[],"modifications":[]}]},"modelFittingConstraints":{"enrichmentModel":[{}],"nShifts":0,"addBindingModesSequentially":true,"bindingModeInteractions":[],"flankLengths":[0],"singleModeLengthSweep":false,"bindingModes":[{"maxFlankLength":-1,"positionBiasBinWidth":1,"optimizeSizeHeuristic":false,"maxSize":-1,"optimizeFlankLength":false,"symmetryString":"null","roundSpecificActivity":true,"informationThreshold":0.1,"optimizeMotifShift":false,"fittingStages":[],"optimizeMotifShiftHeuristic":false,"experimentSpecificPositionBias":true,"minSize":-1,"experimentSpecificActivity":true,"optimizeSize":false}]}}
