{"modelSettings":{"letterOrder":"ACGTN","bindingModeInteractions":[],"bindingModes":[{"size":18,"fitLogActivity":true,"flankLength":0,"dinucleotideDistance":0,"componentName":"Binding mode 1","positionBias":false,"singleStrand":false,"modifications":[]}],"letterComplement":"C-G,A-T,N-N"},"coefficients":{"bindingModeInteractions":[],"bindingModes":[{"mononucleotide":[-0.2949366443935082,0,-0.10976677579291039,-0.33606066669076373,-0.17578250237023116,-0.2181002395967191,-0.5924331292044611,0,-0.14062669032761388,-0.21510141288573634,-1.6078011379615447,-1.140052402272338,-1.7316734806170677,0,-0.8573629241215142,-1.3697726795479843,-1.2669373691912353,0,-0.9820964949538578,-0.7389906999638944,0,-0.58153063833453,-0.9505380668052181,-0.9769467491849824,-0.5438509318390808,-1.589258767957105,0,-1.5074662993762704,-1.8424930246455187,-0.9263605029961435,-1.731962286646744,0,-1.4654569241998834,-1.402401929553612,-0.8831493590250847,-1.2416781600062157,-1.3119178702200012,-1.6044301899351394,0,-0.8214317214217631,-1.4302685011301213,-0.9790509502263651,-1.4396941156633885,0,-0.770075539595367,-1.0426214912311842,-0.8752009706783577,-1.0423871543433956,0,-0.63397325497877,-1.3564992573263543,-1.35377115143201,0,-1.4445745056695571,-0.8257237555612007,0,-0.927441294842704,-1.2349028775726474,-1.2230345159689984,-0.7028121340427106,-1.1467948191696813,0,-1.607218340756404,-1.3538295440586507,-0.8117353132553948,-1.2491828235821218,0,-1.5633522409489817,-1.434080092289328,-0.8355715125230134,-1.5267517464753455,0,-1.3892585813372191,-0.24152463036595595,-0.5745068795845393,-0.891635779660481,-0.08973807747737617,-0.894518832332607,0,-0.3809093060823975,-0.4150238945858016,-0.491869967342077,-0.15671408839681522,0,-0.2462986870048828,-0.13456625845922332,0,-0.09610522655214337,-0.11049384960108766,-0.08396459826715194],"activity":[[0]],"dinucleotide":[],"positionBias":[],"modifications":[]}]},"modelFittingConstraints":{"enrichmentModel":[{}],"nShifts":0,"addBindingModesSequentially":true,"bindingModeInteractions":[],"flankLengths":[0],"singleModeLengthSweep":false,"bindingModes":[{"maxFlankLength":-1,"positionBiasBinWidth":1,"optimizeSizeHeuristic":false,"maxSize":-1,"optimizeFlankLength":false,"symmetryString":"null","roundSpecificActivity":true,"informationThreshold":0.1,"optimizeMotifShift":false,"fittingStages":[],"optimizeMotifShiftHeuristic":false,"experimentSpecificPositionBias":true,"minSize":-1,"experimentSpecificActivity":true,"optimizeSize":false}]}}
