{"modelSettings":{"letterOrder":"ACGTN","bindingModeInteractions":[],"bindingModes":[{"size":18,"fitLogActivity":true,"flankLength":0,"dinucleotideDistance":0,"componentName":"Binding mode 1","positionBias":false,"singleStrand":false,"modifications":[]}],"letterComplement":"C-G,A-T,N-N"},"coefficients":{"bindingModeInteractions":[],"bindingModes":[{"mononucleotide":[0,-0.1669341386882328,-0.053969708142314055,-0.24164312963882928,-0.11119624874123697,0,-0.44135986411493366,-0.041839100539334595,-0.06217621555309716,-0.12163032967651655,0,-1.8882880047165589,-1.17145332727093,-1.2670420199484393,-0.8307379931312526,-1.0836546904257016,-1.1285897314483408,0,-1.768464387629395,-0.7806456374423716,-4.0527737889676185,-2.492306419742638,0,-3.063000654172916,-1.249283774435667,-3.6847305515064375,-1.483710314980864,-3.826427093059363,0,-1.144379377040823,-3.357946961335102,-3.7045793886109997,0,-3.667492890020832,-1.304753421804807,-1.8374516898305755,-1.2754603544049417,-2.4478975094941724,0,-0.9642998017911446,-2.319961015098931,-1.2605724492819146,0,-0.7532312476977632,-0.7696979365636129,0,-3.218010707382544,-1.8770618555725447,-3.0798909596429067,-1.1719591013064923,0,-0.9222024036677974,-1.1108826798557319,-0.6186901265112477,-0.5684723745077532,0,-0.9773238530428019,-0.7972763098043307,-0.11838090257972489,-0.3874180992056955,-0.6758554517683564,-1.3463345922304528,-1.6254443387768225,0,-0.7104268820059502,-0.8202294966395849,-0.9929287864558756,-1.3781117848311855,0,-0.6621938951759356,-0.902522824734846,-0.7025860997934688,-1.9974669179106632,0,-0.6750486880854255,-0.5833703974461546,0,-1.0917121489906476,-1.6382265555591484,-0.6500971945376732,0,-0.5769780612064492,-0.7271080682625604,-1.1629449049440108,-0.5287087821348868,-1.2598292217031286,0,-0.7571906628343434,-2.1469115756316635,-0.7606078090883749],"activity":[[0]],"dinucleotide":[],"positionBias":[],"modifications":[]}]},"modelFittingConstraints":{"enrichmentModel":[{}],"nShifts":0,"addBindingModesSequentially":true,"bindingModeInteractions":[],"flankLengths":[0],"singleModeLengthSweep":false,"bindingModes":[{"maxFlankLength":-1,"positionBiasBinWidth":1,"optimizeSizeHeuristic":false,"maxSize":-1,"optimizeFlankLength":false,"symmetryString":"null","roundSpecificActivity":true,"informationThreshold":0.1,"optimizeMotifShift":false,"fittingStages":[],"optimizeMotifShiftHeuristic":false,"experimentSpecificPositionBias":true,"minSize":-1,"experimentSpecificActivity":true,"optimizeSize":false}]}}
