{"modelSettings":{"letterOrder":"ACGTN","bindingModeInteractions":[],"bindingModes":[{"size":12,"fitLogActivity":true,"flankLength":0,"dinucleotideDistance":0,"componentName":"Binding mode 1","positionBias":false,"singleStrand":false,"modifications":[]}],"letterComplement":"C-G,A-T,N-N"},"coefficients":{"bindingModeInteractions":[],"bindingModes":[{"mononucleotide":[-0.9646986673123665,-0.9428038081920516,-0.5354859448379408,0,-0.5293219222347352,-2.208260940751834,0,-2.1665342066899544,-0.4751325723681532,-0.7731279338399123,-2.7716021773550477,-1.876150592166213,-2.76638787032363,0,-1.1405058992846981,0,-2.8712472533447855,-2.8508843490528273,-2.6952671650713897,-1.2191323138534085,-1.6442652080165399,-2.939766869233705,-2.8253798854871492,0,-1.1198471935111185,-1.2983072593726774,-2.675847601251573,-2.7254880955575524,0,-1.0445814702577747,-0.9563900235270069,-2.503001610928462,-2.6865789138850777,0,-0.9582656286155545,0,-2.247368949144696,-2.3993764278785434,-0.02305495145266434,-0.6098818754432643,-2.2607307461739197,-2.497928382415993,-2.55849956043778,0,-1.1520523849196493,0,-2.62276300722555,-1.7601688565278701,-2.568371411165744,-1.1076948407629486,-0.618810842980106,-2.209562644640788,0,-1.806641700438858,-0.7915663895965087,0,-0.216056026189424,-0.5677579242532316,-0.32329923570281327,-0.25610517173903063],"activity":[[0]],"dinucleotide":[],"positionBias":[],"modifications":[]}]},"modelFittingConstraints":{"enrichmentModel":[{}],"nShifts":0,"addBindingModesSequentially":true,"bindingModeInteractions":[],"flankLengths":[0],"singleModeLengthSweep":false,"bindingModes":[{"maxFlankLength":-1,"positionBiasBinWidth":1,"optimizeSizeHeuristic":false,"maxSize":-1,"optimizeFlankLength":false,"symmetryString":"null","roundSpecificActivity":true,"informationThreshold":0.1,"optimizeMotifShift":false,"fittingStages":[],"optimizeMotifShiftHeuristic":false,"experimentSpecificPositionBias":true,"minSize":-1,"experimentSpecificActivity":true,"optimizeSize":false}]}}
