{"modelSettings":{"letterOrder":"ACGTN","bindingModeInteractions":[],"bindingModes":[{"size":12,"fitLogActivity":true,"flankLength":0,"dinucleotideDistance":0,"componentName":"Binding mode 1","positionBias":false,"singleStrand":false,"modifications":[]}],"letterComplement":"C-G,A-T,N-N"},"coefficients":{"bindingModeInteractions":[],"bindingModes":[{"mononucleotide":[0,-0.700929178253408,-9.312982687772475E-4,-0.12002824661024025,-0.1678009070664411,-0.19991675318413993,-0.5742245931282999,0,-0.5949280340461578,-0.3100836114481891,-0.7803117069790066,0,-0.15392518998310845,-1.3428136260716466,-0.4397812532672726,-2.4226862824597464,0,-2.0246019829078796,-0.5628479350407436,-0.8039032981775994,0,-2.281140581346839,-2.423543229123728,-2.3001032821411282,-1.1308592754497853,-2.1780900487711774,0,-2.9195408516260075,-2.777063379665224,-1.1797379745510825,-3.0076756375494,-2.737442523150424,-2.654172130618338,0,-1.2169743424045234,-2.511307563046133,-1.3303431802724122,-2.5985366963048806,0,-1.0356861516732665,0,-1.2056727454762615,-1.2968192257033127,-1.1722849437532488,-0.7536676164924965,0,-0.6518684340594594,-0.22241245165439505,-0.4820296016093959,-0.30816197649847,-0.3205743318013541,-0.18384345154521808,0,-0.2265161933206601,-0.17581141687969606,-0.025786706424854255,-0.18459734850268994,0,-0.14166851842522954,-0.08504308831626849],"activity":[[0]],"dinucleotide":[],"positionBias":[],"modifications":[]}]},"modelFittingConstraints":{"enrichmentModel":[{}],"nShifts":0,"addBindingModesSequentially":true,"bindingModeInteractions":[],"flankLengths":[0],"singleModeLengthSweep":false,"bindingModes":[{"maxFlankLength":-1,"positionBiasBinWidth":1,"optimizeSizeHeuristic":false,"maxSize":-1,"optimizeFlankLength":false,"symmetryString":"null","roundSpecificActivity":true,"informationThreshold":0.1,"optimizeMotifShift":false,"fittingStages":[],"optimizeMotifShiftHeuristic":false,"experimentSpecificPositionBias":true,"minSize":-1,"experimentSpecificActivity":true,"optimizeSize":false}]}}
