{"modelSettings":{"letterOrder":"ACGTN","bindingModeInteractions":[],"bindingModes":[{"size":12,"fitLogActivity":true,"flankLength":0,"dinucleotideDistance":0,"componentName":"Binding mode 1","positionBias":false,"singleStrand":false,"modifications":[]}],"letterComplement":"C-G,A-T,N-N"},"coefficients":{"bindingModeInteractions":[],"bindingModes":[{"mononucleotide":[-0.3645815650400368,-1.3312575299729406,-1.6855300991593554,0,-0.6236312746210544,-3.233802595244043,-3.0473711271295945,0,-0.49850875081654733,-0.8590088821667047,0,-2.621420612978912,-0.8454782715351334,-3.338594815201556,-0.9561117548530896,-0.5278662676601491,0,-3.2431761976814397,-2.276811565098039,-0.8372988896973772,-2.462619331698043,-2.657671462331979,0,-3.664376939756339,-1.2199811916228764,-3.8081272925612835,-3.7396629108894284,-2.9299602953268766,0,-1.2915743873549423,-2.9785022294941226,0,-3.933880696058831,-3.7432315953610176,-1.2963494400545112,0,-3.1679597531216417,-3.8698483197624185,-3.8225481563002695,-1.3048776011608878,-3.8618196965650604,-1.2625059237621072,-3.074239054722779,0,-1.0860426775844547,-1.0989265861595752,0,-1.1052389969266394,-1.1951344582003816,-0.7097728374574125,0,-0.36729699378083636,-0.2180827288997662,-0.8554357938490393,-0.3141079364600032,-0.1390873643235473,-0.08645421323543623,-0.4145094921574852,0,-0.14850180369293875],"activity":[[0]],"dinucleotide":[],"positionBias":[],"modifications":[]}]},"modelFittingConstraints":{"enrichmentModel":[{}],"nShifts":0,"addBindingModesSequentially":true,"bindingModeInteractions":[],"flankLengths":[0],"singleModeLengthSweep":false,"bindingModes":[{"maxFlankLength":-1,"positionBiasBinWidth":1,"optimizeSizeHeuristic":false,"maxSize":-1,"optimizeFlankLength":false,"symmetryString":"null","roundSpecificActivity":true,"informationThreshold":0.1,"optimizeMotifShift":false,"fittingStages":[],"optimizeMotifShiftHeuristic":false,"experimentSpecificPositionBias":true,"minSize":-1,"experimentSpecificActivity":true,"optimizeSize":false}]}}
