{"modelSettings":{"letterOrder":"ACGTN","bindingModeInteractions":[],"bindingModes":[{"size":14,"fitLogActivity":true,"flankLength":0,"dinucleotideDistance":0,"componentName":"Binding mode 1","positionBias":false,"singleStrand":false,"modifications":[]}],"letterComplement":"C-G,A-T,N-N"},"coefficients":{"bindingModeInteractions":[],"bindingModes":[{"mononucleotide":[-0.07641571858540797,-0.35632589713626484,-0.4460118266038977,0,-0.20246766319454623,-0.13223107088533848,-0.7739260442171014,-0.6455828028658566,0,-0.33488053397862105,0,-0.6251807039323998,-0.40048336396677886,-0.1788627513296417,-0.2739825111373533,0,-0.4174646035323848,-0.5758501639626274,-0.4279537494918966,-0.33101309722788735,-0.31745143577471957,-0.4800214909599996,-0.03038549382401534,0,-0.1872807432499107,-1.5359497703668676,0,-0.9864100780090297,-0.6435276042941442,-0.6379018026411428,-2.463367976461078,0,-2.7618433396902615,-0.17768320288073358,-0.7004082252014882,0,-2.4633965947198977,-3.8721806159295227,-3.107352715525236,-1.2459435718019416,0,-3.1481784412891476,-3.7945267629999244,-4.162432823720859,-1.308413893360792,-4.44362445478057,-3.8084013931590204,-4.059174890499112,0,-1.3363618659626992,-3.905380760553503,-1.9871751625179979,-4.3308270036577445,0,-1.2289726601551363,0,-3.66667447310318,-2.7541953738020215,-2.889580559293056,-1.2510459949796058,0,-0.2824095206462607,-0.017513015430679957,-0.4530562218475165,-0.17070330187337882,-0.516942286203872,0,-0.12077318577073104,-0.2919387998913372,-0.21400097515346067],"activity":[[0]],"dinucleotide":[],"positionBias":[],"modifications":[]}]},"modelFittingConstraints":{"enrichmentModel":[{}],"nShifts":0,"addBindingModesSequentially":true,"bindingModeInteractions":[],"flankLengths":[0],"singleModeLengthSweep":false,"bindingModes":[{"maxFlankLength":-1,"positionBiasBinWidth":1,"optimizeSizeHeuristic":false,"maxSize":-1,"optimizeFlankLength":false,"symmetryString":"null","roundSpecificActivity":true,"informationThreshold":0.1,"optimizeMotifShift":false,"fittingStages":[],"optimizeMotifShiftHeuristic":false,"experimentSpecificPositionBias":true,"minSize":-1,"experimentSpecificActivity":true,"optimizeSize":false}]}}
