{"modelSettings":{"letterOrder":"ACGTN","bindingModeInteractions":[],"bindingModes":[{"size":12,"fitLogActivity":true,"flankLength":0,"dinucleotideDistance":0,"componentName":"Binding mode 2","positionBias":false,"singleStrand":false,"modifications":[]}],"letterComplement":"C-G,A-T,N-N"},"coefficients":{"bindingModeInteractions":[],"bindingModes":[{"mononucleotide":[-0.4631997086225019,-0.08814845651284309,-0.39247706720983155,0,-0.2168279987678379,-0.052408597177238,-0.5022474239384529,-0.45741065182130125,0,-0.22720475918651212,0,-0.7085622480376058,-1.0147325465813706,-0.9859005801891928,-0.5852106841583609,0,-1.858892311382739,-1.352787976749169,-0.4263267656063182,-0.6600670925425287,-1.8728570595774998,-2.4446472433517616,-1.7100239531022525,0,-1.0347209071170997,-0.15142014067575593,-1.7156033723739454,-2.2218295237946446,0,-0.6218725200796137,-0.04756669469059649,-1.5040635351575047,-1.7449348459420182,0,-0.5316966899005711,-0.8138605463302279,-1.4101489168515935,0,-0.6439433221713969,-0.5921856610476772,-2.4509346128780827,0,-2.1279304446606764,-1.4403586792562755,-1.0201667563196875,0,-2.001263684700259,-1.1411098319034525,-2.524040423289276,-0.9579178582212977,-1.2599997042468676,-1.1284981928523914,-1.7237976712226488,0,-0.8065621194321712,0,-1.2967628921492123,-0.46957919070392184,-0.5285455468061947,-0.47475792959283825],"activity":[[0]],"dinucleotide":[],"positionBias":[],"modifications":[]}]},"modelFittingConstraints":{"enrichmentModel":[{}],"nShifts":0,"addBindingModesSequentially":true,"bindingModeInteractions":[],"flankLengths":[0],"singleModeLengthSweep":false,"bindingModes":[{"maxFlankLength":-1,"positionBiasBinWidth":1,"optimizeSizeHeuristic":false,"maxSize":-1,"optimizeFlankLength":false,"symmetryString":"null","roundSpecificActivity":true,"informationThreshold":0.1,"optimizeMotifShift":false,"fittingStages":[],"optimizeMotifShiftHeuristic":false,"experimentSpecificPositionBias":true,"minSize":-1,"experimentSpecificActivity":true,"optimizeSize":false}]}}
