{"modelSettings":{"letterOrder":"ACGTN","bindingModeInteractions":[],"bindingModes":[{"size":12,"fitLogActivity":true,"flankLength":0,"dinucleotideDistance":0,"componentName":"Binding mode 1","positionBias":false,"singleStrand":false,"modifications":[]}],"letterComplement":"C-G,A-T,N-N"},"coefficients":{"bindingModeInteractions":[],"bindingModes":[{"mononucleotide":[0,-0.6856204490725704,-0.6315633427890059,-0.45057059624761386,-0.40316706835370186,-0.1715131970197925,-0.23108806970129425,-0.0831481248452075,0,-0.11758112120714621,-0.7298511954853069,0,-1.4228298778260162,-1.2357016841496324,-0.6863491257036215,-0.5800519949879277,-0.11916032676086452,0,-1.65711923342049,-0.4161890631863203,-2.1166043882888372,-1.0373693179767762,0,-1.9844955142101404,-0.9086477805226221,0,-1.2309617692070984,-4.080501262456689,-2.8142408121421956,-1.072315498241765,-4.772837711508938,-3.497615290507103,-4.28100717689597,0,-1.3350742394642856,-2.1886562373950476,-2.472522811854093,-3.6150663951427524,0,-1.1846980012427122,0,-3.4854549639896275,-3.021041953603608,-1.9636409784282367,-1.1876593433216391,0,-0.6772556496773667,-0.20721731063949544,-0.3930094325359912,-0.28905814942915653,-0.16623521795219975,0,-0.18947591783609585,-0.2927482574849023,-0.15652234821005062,0,-0.2639658688233233,-0.15711655247868483,-0.1164027945997721,-0.129903462783514],"activity":[[0]],"dinucleotide":[],"positionBias":[],"modifications":[]}]},"modelFittingConstraints":{"enrichmentModel":[{}],"nShifts":0,"addBindingModesSequentially":true,"bindingModeInteractions":[],"flankLengths":[0],"singleModeLengthSweep":false,"bindingModes":[{"maxFlankLength":-1,"positionBiasBinWidth":1,"optimizeSizeHeuristic":false,"maxSize":-1,"optimizeFlankLength":false,"symmetryString":"null","roundSpecificActivity":true,"informationThreshold":0.1,"optimizeMotifShift":false,"fittingStages":[],"optimizeMotifShiftHeuristic":false,"experimentSpecificPositionBias":true,"minSize":-1,"experimentSpecificActivity":true,"optimizeSize":false}]}}
