{"modelSettings":{"letterOrder":"ACGTN","bindingModeInteractions":[],"bindingModes":[{"size":12,"fitLogActivity":true,"flankLength":0,"dinucleotideDistance":0,"componentName":"Binding mode 1","positionBias":false,"singleStrand":false,"modifications":[]}],"letterComplement":"C-G,A-T,N-N"},"coefficients":{"bindingModeInteractions":[],"bindingModes":[{"mononucleotide":[0,-0.18428199047839744,-0.04584276229065232,-0.23797221402783553,-0.1122961858234592,0,-0.4982859203482004,-0.888435049936497,-0.4877035324318486,-0.41820656473100565,-0.5892519451809086,-1.7266096544290148,-2.0523541803903176,0,-0.7651477201815435,-0.15492527608025597,-1.6681689892111007,-2.455390064287608,0,-0.6297494904642598,0,-3.2441538182769483,-3.405825727442585,-3.495026559063523,-1.2886878137785052,-1.88348382774854,-2.137723918228719,-2.6083771664906568,0,-1.0909147299930024,-2.10272520379267,-2.6736911638989524,-0.22519303076463615,0,-0.6984198896574231,-0.4907792284721948,0,-1.8588548706501928,-0.4301360083282262,-0.5031795843442243,0,-2.9541805308762594,-1.2878400733887994,-3.677696149561819,-1.0837715858998993,-1.2301639420038122,-1.3271022412322064,-1.0420628053286167,0,-0.7390781663271346,-0.5376298511134525,-0.8394399615685941,0,-0.77958996312368,-0.48018428896177434,0,-0.17050755480418633,-0.5751501214157297,-0.3061218114280262,-0.2413857948544525],"activity":[[0]],"dinucleotide":[],"positionBias":[],"modifications":[]}]},"modelFittingConstraints":{"enrichmentModel":[{}],"nShifts":0,"addBindingModesSequentially":true,"bindingModeInteractions":[],"flankLengths":[0],"singleModeLengthSweep":false,"bindingModes":[{"maxFlankLength":-1,"positionBiasBinWidth":1,"optimizeSizeHeuristic":false,"maxSize":-1,"optimizeFlankLength":false,"symmetryString":"null","roundSpecificActivity":true,"informationThreshold":0.1,"optimizeMotifShift":false,"fittingStages":[],"optimizeMotifShiftHeuristic":false,"experimentSpecificPositionBias":true,"minSize":-1,"experimentSpecificActivity":true,"optimizeSize":false}]}}
