{"modelSettings":{"letterOrder":"ACGTN","bindingModeInteractions":[],"bindingModes":[{"size":14,"fitLogActivity":true,"flankLength":0,"dinucleotideDistance":0,"componentName":"Binding mode 2","positionBias":false,"singleStrand":false,"modifications":[]}],"letterComplement":"C-G,A-T,N-N"},"coefficients":{"bindingModeInteractions":[],"bindingModes":[{"mononucleotide":[0,-0.14732354783898938,-0.37426370470105397,-0.12118766853546692,-0.15178907925294038,-0.4275827338445666,-0.983786959156963,0,-1.1269371168520026,-0.5318789752854907,-0.05372593453499963,-2.1266854073148598,0,-2.725830244977577,-0.6290390093495812,-2.7148571533944437,-2.9076465277046184,0,-2.670470073514635,-1.212308972046832,-2.465984589658282,-2.4810524070498583,0,-1.0450373424022983,-0.9674136385865524,-2.5977910054421134,-2.4029743893044766,-2.4557508342116354,0,-1.1626028769257006,-2.402979188186534,0,-1.6435275185336753,-1.2626451551518434,-0.937354920975469,0,-3.1344180456701762,-2.5635174977773336,-3.1216593259973044,-1.233880331562434,0,-3.0269418092365354,-1.8427392447402706,-2.426945875152409,-1.1276657397913488,0,-2.581339931851896,-1.9405368177679696,-2.7901553492780944,-1.138878936972372,-2.791496371725644,-2.824399393286673,0,-2.5884320091649706,-1.2074693890304906,-2.6783851997311214,-2.6080589976991386,0,-1.1920086880427645,-1.0175194035164585,-3.000993519857223,-2.549847724871372,-2.449152963097704,0,-1.1922106697332289,-1.8784337183862068,0,-1.8954509425602506,-1.3897155932621628,-0.9466043243842686],"activity":[[0]],"dinucleotide":[],"positionBias":[],"modifications":[]}]},"modelFittingConstraints":{"enrichmentModel":[{}],"nShifts":0,"addBindingModesSequentially":true,"bindingModeInteractions":[],"flankLengths":[0],"singleModeLengthSweep":false,"bindingModes":[{"maxFlankLength":-1,"positionBiasBinWidth":1,"optimizeSizeHeuristic":false,"maxSize":-1,"optimizeFlankLength":false,"symmetryString":"null","roundSpecificActivity":true,"informationThreshold":0.1,"optimizeMotifShift":false,"fittingStages":[],"optimizeMotifShiftHeuristic":false,"experimentSpecificPositionBias":true,"minSize":-1,"experimentSpecificActivity":true,"optimizeSize":false}]}}
