{"modelSettings":{"letterOrder":"ACGTN","bindingModeInteractions":[],"bindingModes":[{"size":12,"fitLogActivity":true,"flankLength":0,"dinucleotideDistance":0,"componentName":"Binding mode 1","positionBias":false,"singleStrand":false,"modifications":[]}],"letterComplement":"C-G,A-T,N-N"},"coefficients":{"bindingModeInteractions":[],"bindingModes":[{"mononucleotide":[0,-0.5554208172215738,-0.21607932870419155,-0.6471098278426215,-0.32052939368647154,-0.788181121645867,-0.4645008193599587,-0.46373526146309096,0,-0.3885896262633764,-3.196867487965932,0,-2.94525231313422,-1.6744768680523516,-1.1387430584023681,0,-2.0871019697389714,-1.9976942719247734,-1.1543619113368178,-0.9320692924087877,-2.824991524283617,0,-2.577854683441018,-1.2327045967327854,-1.0308959249465663,-1.5354626691479587,-2.6656128665061525,0,-3.04479402716675,-1.099223332147889,-3.3894781664434026,-3.152307852793382,-2.5723469944630737,0,-1.244069589775068,-3.418672346356595,-3.139056214086069,0,-3.156240259298616,-1.2741582504462274,0,-2.372247666180466,-2.32411714846614,-2.7786637302764126,-1.1605445114179014,-1.1675466834739434,0,-2.472151968321875,-0.4476299425513641,-0.6759590001159773,-0.06443793513458296,-0.012262708929313249,-0.35864522977559865,0,-0.09870807188163361,0,-0.16042852762636572,-0.19213537824800975,-0.0019830227946600054,-0.08474319047220429],"activity":[[0]],"dinucleotide":[],"positionBias":[],"modifications":[]}]},"modelFittingConstraints":{"enrichmentModel":[{}],"nShifts":0,"addBindingModesSequentially":true,"bindingModeInteractions":[],"flankLengths":[0],"singleModeLengthSweep":false,"bindingModes":[{"maxFlankLength":-1,"positionBiasBinWidth":1,"optimizeSizeHeuristic":false,"maxSize":-1,"optimizeFlankLength":false,"symmetryString":"null","roundSpecificActivity":true,"informationThreshold":0.1,"optimizeMotifShift":false,"fittingStages":[],"optimizeMotifShiftHeuristic":false,"experimentSpecificPositionBias":true,"minSize":-1,"experimentSpecificActivity":true,"optimizeSize":false}]}}
