{"modelSettings":{"letterOrder":"ACGTN","bindingModeInteractions":[],"bindingModes":[{"size":12,"fitLogActivity":true,"flankLength":0,"dinucleotideDistance":0,"componentName":"Binding mode 1","positionBias":false,"singleStrand":false,"modifications":[]}],"letterComplement":"C-G,A-T,N-N"},"coefficients":{"bindingModeInteractions":[],"bindingModes":[{"mononucleotide":[-0.2951294126375501,-0.47354981667483553,-0.24527991730255483,0,-0.23898452326753117,-1.7432116123318915,0,-1.257372320754886,-1.1874845841653947,-0.8185146006512914,-0.465700902661891,0,-0.449990280461642,-2.2268852527444505,-0.5220579612998161,-2.1520020571645304,0,-2.7375381652321162,-2.7927689801679256,-1.1693845493207073,-2.0966382080565404,0,-3.443443264356429,-2.7090855061702985,-1.1862794718507803,-1.6068369299596688,0,-3.3692565709871536,-2.5939056687548288,-1.1165239783938044,-1.887104427866304,0,-3.4067655720408134,-1.8461768145286621,-1.0917626098926287,-1.38396232144994,0,-2.9367953176618884,-2.2790795477853014,-1.0455473412813456,0,-0.19733998410386766,-0.9350017038047236,-0.0012377807618637604,-0.21931972439855388,-0.7622054004500924,0,-0.5066816530016882,-0.7888778292718928,-0.46065463339131263,0,-0.16179833241610364,-0.2782610952438058,-0.008893268773030982,-0.10567778588325306,-0.388882482660835,-0.1662302117807326,-0.5682733576924637,0,-0.257745374254411],"activity":[[0]],"dinucleotide":[],"positionBias":[],"modifications":[]}]},"modelFittingConstraints":{"enrichmentModel":[{}],"nShifts":0,"addBindingModesSequentially":true,"bindingModeInteractions":[],"flankLengths":[0],"singleModeLengthSweep":false,"bindingModes":[{"maxFlankLength":-1,"positionBiasBinWidth":1,"optimizeSizeHeuristic":false,"maxSize":-1,"optimizeFlankLength":false,"symmetryString":"null","roundSpecificActivity":true,"informationThreshold":0.1,"optimizeMotifShift":false,"fittingStages":[],"optimizeMotifShiftHeuristic":false,"experimentSpecificPositionBias":true,"minSize":-1,"experimentSpecificActivity":true,"optimizeSize":false}]}}
