{"modelSettings":{"letterOrder":"ACGTN","bindingModeInteractions":[],"bindingModes":[{"size":15,"fitLogActivity":true,"flankLength":0,"dinucleotideDistance":0,"componentName":"Binding mode 1","positionBias":false,"singleStrand":false,"modifications":[]}],"letterComplement":"C-G,A-T,N-N"},"coefficients":{"bindingModeInteractions":[],"bindingModes":[{"mononucleotide":[-0.12829480988456154,-0.4400082692254301,-0.5173803625114877,0,-0.24855586974444746,-0.4871035293718382,0,-0.16358686327932404,-0.25096346819879223,-0.21024368961114048,-1.7388350846821985,-0.46690688194851226,0,-2.0023962042904704,-0.7248056462404687,-3.9251981179473594,0,-4.266483788351003,-3.9345426356355655,-1.3343435784354414,-3.9023802903972755,0,-4.1617616955987256,-1.3629468339721456,-1.1303511080347197,-1.7778559521739923,-0.3437158740389279,-0.6264951718930885,0,-0.5055925884004322,-0.6595656334457427,-0.02821854296012294,0,-0.6626490287018125,-0.2861047304716902,0,-0.6216676141781399,-0.41382514808511583,-1.6132088552558428,-0.511904592432308,-1.3063005456762093,-4.176642899277974,0,-3.9690988902961974,-1.120044967130389,-3.6983328363158186,-4.107053992844081,0,-4.038451306687415,-1.3291150002521435,-1.5867402330448628,0,-0.29800055913272416,-1.7705383658995353,-0.6362312235430642,-0.4022492989693651,0,-0.23499188593156006,-0.2900244504833358,-0.22075997957223892,0,-0.9456393408547168,-0.7963310973868527,-1.212303754285303,-0.626927518019558,-0.6636738934115769,-1.115448894498515,-1.5473155492570592,0,-0.6657545175205204,0,-0.9911399755232164,-0.43162565087401106,-0.20890302893029933,-0.3452830364957103],"activity":[[0]],"dinucleotide":[],"positionBias":[],"modifications":[]}]},"modelFittingConstraints":{"enrichmentModel":[{}],"nShifts":0,"addBindingModesSequentially":true,"bindingModeInteractions":[],"flankLengths":[0],"singleModeLengthSweep":false,"bindingModes":[{"maxFlankLength":-1,"positionBiasBinWidth":1,"optimizeSizeHeuristic":false,"maxSize":-1,"optimizeFlankLength":false,"symmetryString":"null","roundSpecificActivity":true,"informationThreshold":0.1,"optimizeMotifShift":false,"fittingStages":[],"optimizeMotifShiftHeuristic":false,"experimentSpecificPositionBias":true,"minSize":-1,"experimentSpecificActivity":true,"optimizeSize":false}]}}
