{"modelSettings":{"letterOrder":"ACGTN","bindingModeInteractions":[],"bindingModes":[{"size":12,"fitLogActivity":true,"flankLength":0,"dinucleotideDistance":0,"componentName":"Binding mode 1","positionBias":false,"singleStrand":false,"modifications":[]}],"letterComplement":"C-G,A-T,N-N"},"coefficients":{"bindingModeInteractions":[],"bindingModes":[{"mononucleotide":[-0.15423223019811338,0,-0.018248191694463678,-0.03490053957224415,-0.050059393159055866,-0.20764285052641984,-0.006134351537798288,0,-0.03943907008841574,-0.059826939720457856,-0.2335954847593662,-0.09985164884545217,0,-0.07489673940583863,-0.09857995822339644,-0.09785601230103325,-0.10286437992524267,0,-0.13248480218922687,-0.08203875180082094,-0.14477349770403425,-0.17042414747562873,0,-0.9007838681777613,-0.2501369974583303,-2.9399510797345316,0,-3.648423484469809,-3.5033386349609645,-1.2828381910662783,0,-3.3567217783031853,-2.869848216075997,-3.375318438049105,-1.2678323803652567,-3.4096512083059145,-1.194822814950725,0,-2.9450363084919253,-1.0581348148141316,-1.252404348221313,-0.7972760569330766,0,-3.3798085210892035,-0.8150745491167842,-3.6567804018916736,-3.2986527583135805,-3.125136052300992,0,-1.284930413015511,-3.6177746435747857,-3.3914628887711187,0,-3.456843091137667,-1.2982552017254005,-1.2057559107309501,-0.002604177764511828,-0.3909294630540008,0,-0.2966243953101823],"activity":[[0]],"dinucleotide":[],"positionBias":[],"modifications":[]}]},"modelFittingConstraints":{"enrichmentModel":[{}],"nShifts":0,"addBindingModesSequentially":true,"bindingModeInteractions":[],"flankLengths":[0],"singleModeLengthSweep":false,"bindingModes":[{"maxFlankLength":-1,"positionBiasBinWidth":1,"optimizeSizeHeuristic":false,"maxSize":-1,"optimizeFlankLength":false,"symmetryString":"null","roundSpecificActivity":true,"informationThreshold":0.1,"optimizeMotifShift":false,"fittingStages":[],"optimizeMotifShiftHeuristic":false,"experimentSpecificPositionBias":true,"minSize":-1,"experimentSpecificActivity":true,"optimizeSize":false}]}}
