{"modelSettings":{"letterOrder":"ACGTN","bindingModeInteractions":[],"bindingModes":[{"size":16,"fitLogActivity":true,"flankLength":0,"dinucleotideDistance":0,"componentName":"Binding mode 1","positionBias":false,"singleStrand":false,"modifications":[]}],"letterComplement":"C-G,A-T,N-N"},"coefficients":{"bindingModeInteractions":[],"bindingModes":[{"mononucleotide":[-0.1502554224691668,-1.343292495444948,-0.8888204460880544,0,-0.45704256782157826,0,-0.8084535278821816,-1.037849015473281,-1.0031223360283077,-0.61318374182118,0,-1.7449894264779124,-1.944202520480728,-0.7226408844808683,-0.7967222748378576,-0.1216411208563839,0,-1.6925051890636182,-0.13693228468453356,-0.30735661760309263,0,-0.09541180178883568,-2.1605380992726966,-2.2732863848708647,-0.6314714288708072,0,-1.685256969041577,-1.1840711590003679,-1.1386846587938821,-0.7920469146669432,-2.6755634873500185,-1.5069077527188668,0,-0.999272159687318,-0.880314790025415,-0.730941760986024,0,-0.002835499973125266,-1.8711134017434117,-0.41833151420899645,-2.016040139906469,-2.4005436034364003,-2.7890477958962645,0,-1.1352787240370283,-0.8482412553113381,-2.410141995088594,0,-2.9534663313897456,-0.9351369345814584,0,-2.4838028363637425,-2.0171014117004127,-0.31829393274871975,-0.7216213190843858,-2.568821052237562,-2.0370767436376624,-2.137013877874412,0,-1.1048502764233834,-0.0848012152162072,-0.7448747316859308,-1.8069636503951867,0,-0.44720922109239214,-0.10534062105998743,-0.11584961935755533,-1.007234145702406,0,-0.23703496694678503,-0.5544054108246117,-1.0907129699177132,0,-0.07773249145794203,-0.34403993778033715,0,-0.6380753633999579,-0.5843408523183156,-0.18524470289792028,-0.3158475618054875],"activity":[[0]],"dinucleotide":[],"positionBias":[],"modifications":[]}]},"modelFittingConstraints":{"enrichmentModel":[{}],"nShifts":0,"addBindingModesSequentially":true,"bindingModeInteractions":[],"flankLengths":[0],"singleModeLengthSweep":false,"bindingModes":[{"maxFlankLength":-1,"positionBiasBinWidth":1,"optimizeSizeHeuristic":false,"maxSize":-1,"optimizeFlankLength":false,"symmetryString":"null","roundSpecificActivity":true,"informationThreshold":0.1,"optimizeMotifShift":false,"fittingStages":[],"optimizeMotifShiftHeuristic":false,"experimentSpecificPositionBias":true,"minSize":-1,"experimentSpecificActivity":true,"optimizeSize":false}]}}
