{"modelSettings":{"letterOrder":"ACGTN","bindingModeInteractions":[],"bindingModes":[{"size":16,"fitLogActivity":true,"flankLength":0,"dinucleotideDistance":0,"componentName":"Binding mode 1","positionBias":false,"singleStrand":false,"modifications":[]}],"letterComplement":"C-G,A-T,N-N"},"coefficients":{"bindingModeInteractions":[],"bindingModes":[{"mononucleotide":[0,-0.2513979715126915,-0.038823972455242384,-0.25504734844716737,-0.12939350014407847,-0.2180935542066873,-0.7440456274553051,0,-0.06618709460349947,-0.21840680583296787,-1.358495075552243,0,-0.24099064849721152,-0.42663524746195325,-0.39467433297188276,0,-2.407020916540325,-2.4240848030613207,-2.6373392098722537,-1.1629957885864906,0,-2.616532708341718,-1.943159946023675,-2.0865837108019987,-1.0933138186961944,-2.6297613125517976,-2.867856438464666,-2.3538897534793777,0,-1.184239474107213,-1.5715608170891417,-2.0532699015701055,0,-3.967263912736385E-4,-0.538008970758241,-0.5111919573087047,-0.5664225184962148,0,-0.12152808290758887,-0.2702028472059447,-2.1155682490661705,-0.1365027808656416,-1.690138242889234,0,-0.6081340746983392,0,-2.617220131744274,-2.134326430925329,-3.5356953898757935,-1.187059742255557,-1.9724337185301195,-2.426252479867524,0,-0.04065607372604951,-0.6034689492318959,-1.8527520865548102,-2.4072254002938385,-1.798038446449635,0,-1.0409379048153116,-0.35099164917491166,-0.056387320894020654,0,-1.5846420374358654,-0.33750844948065356,-0.36247763433856495,-2.3029543479230092,-1.3998993004228264,0,-0.6721027963231299,-0.4881539913993247,-0.1388401602360556,-0.201763672730638,0,-0.19194363846722254,-0.2733336871211107,0,-0.2253964780803277,-0.18154985801459178,-0.16457539129694349],"activity":[[0]],"dinucleotide":[],"positionBias":[],"modifications":[]}]},"modelFittingConstraints":{"enrichmentModel":[{}],"nShifts":0,"addBindingModesSequentially":true,"bindingModeInteractions":[],"flankLengths":[0],"singleModeLengthSweep":false,"bindingModes":[{"maxFlankLength":-1,"positionBiasBinWidth":1,"optimizeSizeHeuristic":false,"maxSize":-1,"optimizeFlankLength":false,"symmetryString":"null","roundSpecificActivity":true,"informationThreshold":0.1,"optimizeMotifShift":false,"fittingStages":[],"optimizeMotifShiftHeuristic":false,"experimentSpecificPositionBias":true,"minSize":-1,"experimentSpecificActivity":true,"optimizeSize":false}]}}
