{"modelSettings":{"letterOrder":"ACGTN","bindingModeInteractions":[],"bindingModes":[{"size":16,"fitLogActivity":true,"flankLength":0,"dinucleotideDistance":0,"componentName":"Binding mode 1","positionBias":false,"singleStrand":false,"modifications":[]}],"letterComplement":"C-G,A-T,N-N"},"coefficients":{"bindingModeInteractions":[],"bindingModes":[{"mononucleotide":[0,-0.8032234583739686,-0.3982412980779211,-0.10251193832533367,-0.2803919587483164,0,-0.24788954966606447,-0.48436732337540267,-0.1077671175268371,-0.194079513802151,0,-1.2811139127672706,-0.9986176143859633,-0.6997448738352627,-0.6241678533837671,-0.4304712560138588,-0.5528489064698183,-0.6962813508016064,0,-0.38421263082892654,-0.24882902280217856,0,-0.2635944016855314,-0.1892128517488958,-0.1697186985603753,-2.819004662381993,-0.5345621380141345,0,-2.071603722693252,-0.814425568345452,-4.250295006117268,0,-4.4838093555829115,-3.8799472312575323,-1.3411276454302852,-3.404855045589016,0,-4.5743399109212035,-2.055509534701404,-1.2279647200159638,-3.042863526663597,-0.3882144304832087,-0.6446034327797809,0,-0.5749928170319012,-0.8886202407409547,-0.09185791860421233,0,-0.7023307477906489,-0.34995232776962043,0,-0.6024066372385359,-0.18582656893195804,-0.9982438495217725,-0.3759902547376552,-1.301044862981518,-4.0709701415250334,0,-2.3773914999728554,-1.0626900455997308,-3.296518001266196,-1.7921572490276843,0,-1.8438979092305159,-1.077478359158677,-2.392362435238205,-0.10740428931634582,0,-1.6021817249531578,-0.6019214819299612,-0.51572306418899,0,-0.34478553341087226,-0.3712120980016551,-0.28923708786557273,0,-0.8347167295018583,-0.7313048540559,-0.7781038878789737,-0.5214847277875181],"activity":[[0]],"dinucleotide":[],"positionBias":[],"modifications":[]}]},"modelFittingConstraints":{"enrichmentModel":[{}],"nShifts":0,"addBindingModesSequentially":true,"bindingModeInteractions":[],"flankLengths":[0],"singleModeLengthSweep":false,"bindingModes":[{"maxFlankLength":-1,"positionBiasBinWidth":1,"optimizeSizeHeuristic":false,"maxSize":-1,"optimizeFlankLength":false,"symmetryString":"null","roundSpecificActivity":true,"informationThreshold":0.1,"optimizeMotifShift":false,"fittingStages":[],"optimizeMotifShiftHeuristic":false,"experimentSpecificPositionBias":true,"minSize":-1,"experimentSpecificActivity":true,"optimizeSize":false}]}}
