{"modelSettings":{"letterOrder":"ACGTN","bindingModeInteractions":[],"bindingModes":[{"size":12,"fitLogActivity":true,"flankLength":0,"dinucleotideDistance":0,"componentName":"Binding mode 2","positionBias":false,"singleStrand":false,"modifications":[]}],"letterComplement":"C-G,A-T,N-N"},"coefficients":{"bindingModeInteractions":[],"bindingModes":[{"mononucleotide":[-0.17378276985703067,-0.10357536027690273,0,-0.2434850995278488,-0.12613632187533935,-0.33735806994933615,0,-0.06008737311478729,-0.24680868162142833,-0.15180428305076019,-0.6682593982774403,-0.010632670214978823,-1.1508790650033571,0,-0.35013131510265805,0,-0.08981301290893562,-0.9049542499485073,-0.6598389367259481,-0.34404183768962315,0,-1.693722736428502,-2.606143081658185,-1.3774002168991464,-0.9742601798541849,-2.684122196082295,-3.132407055667678,-3.147525083980568,0,-1.2423220674421682,-2.5739679979444303,-1.7638528182494495,-1.5376694646240447,0,-1.0061490831448445,0,-3.427131196621549,-2.1013273802648196,-2.655725915870398,-1.1833357197974954,-0.16336502604047842,-0.4678802445221275,0,-0.7396145182689642,-0.3035040770969794,-0.3166665753791773,-0.005689898466068488,0,-0.36017866084046934,-0.156521775740192,-0.4070430803158622,-0.18156019591342965,0,-0.2678323216144478,-0.20315111132280725,-0.13187408882735996,0,-0.02015718690103041,-0.04519972152761964,-0.048061018090343494],"activity":[[0]],"dinucleotide":[],"positionBias":[],"modifications":[]}]},"modelFittingConstraints":{"enrichmentModel":[{}],"nShifts":0,"addBindingModesSequentially":true,"bindingModeInteractions":[],"flankLengths":[0],"singleModeLengthSweep":false,"bindingModes":[{"maxFlankLength":-1,"positionBiasBinWidth":1,"optimizeSizeHeuristic":false,"maxSize":-1,"optimizeFlankLength":false,"symmetryString":"null","roundSpecificActivity":true,"informationThreshold":0.1,"optimizeMotifShift":false,"fittingStages":[],"optimizeMotifShiftHeuristic":false,"experimentSpecificPositionBias":true,"minSize":-1,"experimentSpecificActivity":true,"optimizeSize":false}]}}
