{"modelSettings":{"letterOrder":"ACGTN","bindingModeInteractions":[],"bindingModes":[{"size":12,"fitLogActivity":true,"flankLength":0,"dinucleotideDistance":0,"componentName":"Binding mode 1","positionBias":false,"singleStrand":false,"modifications":[]}],"letterComplement":"C-G,A-T,N-N"},"coefficients":{"bindingModeInteractions":[],"bindingModes":[{"mononucleotide":[-0.8186960952707731,0,-0.29326107113809563,-0.9193330435627343,-0.4363295642516955,-0.7804728943680779,0,-1.0998831758054295,-0.14126833490099067,-0.40821054013498503,-0.7449964379106309,0,-2.1483873501629116,-1.7583614574897855,-0.8188605586879728,0,-2.440082063812995,-0.17778141024426874,-0.020853052318533738,-0.32032856424199957,-2.0272534202804464,-2.716829771104499,-3.5116842904604586,0,-1.1812111067450146,0,-1.9689710530549531,-2.263522144498017,-0.2962332363379181,-0.6995687610779968,0,-2.717637905048964,-2.2463184300936754,-1.6583245847500816,-1.0771372929350709,0,-1.3722342458907328,-1.485713954579118,-1.1483904751337528,-0.8001605300742491,0,-0.5504449282984667,-0.6529004827090925,-0.4313010934560335,-0.37582491695706066,-0.10557628483348847,-0.20183293528583146,-0.40016412526959666,0,-0.16627677123958992,-0.26683933435215357,-0.358706310306971,-0.4032311659468588,0,-0.2444523510863864,-0.33418465395884445,-0.4919660741326539,-0.41461506060588027,0,-0.2917104416362511],"activity":[[0]],"dinucleotide":[],"positionBias":[],"modifications":[]}]},"modelFittingConstraints":{"enrichmentModel":[{}],"nShifts":0,"addBindingModesSequentially":true,"bindingModeInteractions":[],"flankLengths":[0],"singleModeLengthSweep":false,"bindingModes":[{"maxFlankLength":-1,"positionBiasBinWidth":1,"optimizeSizeHeuristic":false,"maxSize":-1,"optimizeFlankLength":false,"symmetryString":"null","roundSpecificActivity":true,"informationThreshold":0.1,"optimizeMotifShift":false,"fittingStages":[],"optimizeMotifShiftHeuristic":false,"experimentSpecificPositionBias":true,"minSize":-1,"experimentSpecificActivity":true,"optimizeSize":false}]}}
