{"modelSettings":{"letterOrder":"ACGTN","bindingModeInteractions":[],"bindingModes":[{"size":12,"fitLogActivity":true,"flankLength":0,"dinucleotideDistance":0,"componentName":"Binding mode 1","positionBias":false,"singleStrand":false,"modifications":[]}],"letterComplement":"C-G,A-T,N-N"},"coefficients":{"bindingModeInteractions":[],"bindingModes":[{"mononucleotide":[-0.29682816553625635,-0.46205174734427157,0,-0.3296749914221171,-0.2573731081276355,-0.299821078150865,-0.4598101353825337,0,-0.22456678420183795,-0.23217908660726122,-0.17846762338286393,-0.21109867525566006,-0.31611176273151287,0,-0.16983288184575684,-0.2671732632217587,-0.35591965213923027,0,-0.24024152408757704,-0.20686821038528716,-0.8600089145244119,-0.9475626948469742,-0.45805583789698945,0,-0.49292216553733087,-2.1006577220810883,-2.5263546472783966,0,-2.701953247521624,-1.1477498401341775,-2.3846127548503637,-2.326888048876579,0,-2.267522364416387,-1.1291033679131237,-2.158698589075536,-2.5833357197909352,0,-2.2809748834208383,-1.1291888933622227,-2.1924494546410225,-2.695065108899106,0,-2.097825279534261,-1.1224665835496321,-2.1730391762921446,-2.411331668763622,0,-2.0790606694783227,-1.1021877787557763,-1.4526341433547376,-1.5989802156251292,0,-0.7683525006353236,-0.744528776683526,-0.9318091712146996,-0.8655536227594887,0,-0.7388858378937941,-0.5567365659184893],"activity":[[0]],"dinucleotide":[],"positionBias":[],"modifications":[]}]},"modelFittingConstraints":{"enrichmentModel":[{}],"nShifts":0,"addBindingModesSequentially":true,"bindingModeInteractions":[],"flankLengths":[0],"singleModeLengthSweep":false,"bindingModes":[{"maxFlankLength":-1,"positionBiasBinWidth":1,"optimizeSizeHeuristic":false,"maxSize":-1,"optimizeFlankLength":false,"symmetryString":"null","roundSpecificActivity":true,"informationThreshold":0.1,"optimizeMotifShift":false,"fittingStages":[],"optimizeMotifShiftHeuristic":false,"experimentSpecificPositionBias":true,"minSize":-1,"experimentSpecificActivity":true,"optimizeSize":false}]}}
