{"modelSettings":{"letterOrder":"ACGTN","bindingModeInteractions":[],"bindingModes":[{"size":12,"fitLogActivity":true,"flankLength":0,"dinucleotideDistance":0,"componentName":"Binding mode 1","positionBias":false,"singleStrand":false,"modifications":[]}],"letterComplement":"C-G,A-T,N-N"},"coefficients":{"bindingModeInteractions":[],"bindingModes":[{"mononucleotide":[0,-0.629868785270336,-0.3980858840893866,-0.5000975474602374,-0.3528474454469641,-0.014099676792684868,0,-0.09107166179147086,-0.5117384185495446,-0.13398746349709997,-0.20859976945176406,0,-0.03732494370657502,-0.6325242137124807,-0.1904548790739913,-1.2371915210732318,-0.17366753192300077,-1.546641095481652,0,-0.5345479108631845,-0.2136482512709712,0,-0.9174561182190044,-0.5124014280488929,-0.3544553384754805,0,-1.962966671546181,-1.9919083555523436,-2.3253743269401856,-1.0681149817097448,-3.587907847886008,-3.7499522176430107,-3.418405372739774,0,-1.3056921413131721,-3.3077936017651433,-2.616420776717069,-3.944318489636336,0,-1.2649398013888022,0,-2.967309459608644,-2.2112488754426334,-1.3160316730265378,-1.029177589975532,-0.054977475792348685,-0.9392849668734891,0,-0.8339935767973943,-0.36682446339407704,-0.6096467047421519,0,-0.328991548571953,-0.6165260225500018,-0.35560107097655314,0,-0.14650997129185228,-0.1441969455847918,-0.36660497780713897,-0.15591790361346616],"activity":[[0]],"dinucleotide":[],"positionBias":[],"modifications":[]}]},"modelFittingConstraints":{"enrichmentModel":[{}],"nShifts":0,"addBindingModesSequentially":true,"bindingModeInteractions":[],"flankLengths":[0],"singleModeLengthSweep":false,"bindingModes":[{"maxFlankLength":-1,"positionBiasBinWidth":1,"optimizeSizeHeuristic":false,"maxSize":-1,"optimizeFlankLength":false,"symmetryString":"null","roundSpecificActivity":true,"informationThreshold":0.1,"optimizeMotifShift":false,"fittingStages":[],"optimizeMotifShiftHeuristic":false,"experimentSpecificPositionBias":true,"minSize":-1,"experimentSpecificActivity":true,"optimizeSize":false}]}}
