{"modelSettings":{"letterOrder":"ACGTN","bindingModeInteractions":[],"bindingModes":[{"size":14,"fitLogActivity":true,"flankLength":0,"dinucleotideDistance":0,"componentName":"Binding mode 1","positionBias":false,"singleStrand":false,"modifications":[]}],"letterComplement":"C-G,A-T,N-N"},"coefficients":{"bindingModeInteractions":[],"bindingModes":[{"mononucleotide":[0,-0.2748226611823732,-0.6971900370752531,-0.4134939785133511,-0.3150447027218241,0,-1.4766408470281904,-1.4265169551058614,-1.0387730289173902,-0.7861202001469276,0,-1.5081031685836352,-1.3435164738317162,-0.6815820275434241,-0.6991290056700373,-2.6913599859690494,-2.467154254834097,-2.5378684931923035,0,-1.177940214205286,-0.044103838101293036,-2.29110735702885,0,-2.991469275990378,-0.6404491454105612,-2.2502025119679927,-2.600300193878655,-2.5768572329800215,0,-1.158647615724344,-3.089154693418939,-2.356660580143355,-2.254062839252612,0,-1.166959360363545,-0.3051292974947515,-2.2802260968384958,-0.06125443877864534,0,-0.36388910213905445,0,-1.867014870578867,-0.21395074470478903,-0.13992336687559437,-0.34552397627123904,-1.3661040254176013,0,-1.6678194013560614,-0.3053812440131196,-0.6066946167264455,0,-0.8247993971799517,-0.9104814910344974,-0.17678510819452598,-0.4009951605192275,-1.699304508589047,-0.3980017498021091,-1.7374836382820171,0,-0.6780447460708089,0,-2.7869897302827975,-1.9802608729260678,-0.36695035870224935,-0.7484042951150324,0,-0.8481059431929188,-0.029828912910927485,-0.4078055932700737,-0.26659106192500903],"activity":[[0]],"dinucleotide":[],"positionBias":[],"modifications":[]}]},"modelFittingConstraints":{"enrichmentModel":[{}],"nShifts":0,"addBindingModesSequentially":true,"bindingModeInteractions":[],"flankLengths":[0],"singleModeLengthSweep":false,"bindingModes":[{"maxFlankLength":-1,"positionBiasBinWidth":1,"optimizeSizeHeuristic":false,"maxSize":-1,"optimizeFlankLength":false,"symmetryString":"null","roundSpecificActivity":true,"informationThreshold":0.1,"optimizeMotifShift":false,"fittingStages":[],"optimizeMotifShiftHeuristic":false,"experimentSpecificPositionBias":true,"minSize":-1,"experimentSpecificActivity":true,"optimizeSize":false}]}}
