{"modelSettings":{"letterOrder":"ACGTN","bindingModeInteractions":[],"bindingModes":[{"size":12,"fitLogActivity":true,"flankLength":0,"dinucleotideDistance":0,"componentName":"Binding mode 1","positionBias":false,"singleStrand":false,"modifications":[]}],"letterComplement":"C-G,A-T,N-N"},"coefficients":{"bindingModeInteractions":[],"bindingModes":[{"mononucleotide":[-0.13075851197227273,0,-0.13033786340089115,-0.3580469830611861,-0.14668359823911292,-0.7305758204715658,-0.6932310301804736,-0.3795062625728356,0,-0.40579436440447064,-0.10952637834652279,-1.3301110298836156,0,-0.6154809451590757,-0.3926399434455271,0,-3.06206874647333,-2.6014669670249653,-1.9871353168449568,-1.1567369634545452,-3.6216643190899185,-2.6202657611279765,-2.8998506732206324,0,-1.2425810245059412,-3.7996374626379117,0,-3.677702954917175,-3.217367918043489,-1.3022103918213315,-0.19965153080514675,-2.2940306149265313,0,-2.5213684453921967,-0.6930347869113018,0,-3.5763708127182734,-2.9196301453006215,-2.489759618481301,-1.2336929501091716,-1.990001326493037,-2.498290762200131,-3.3726341419276613,0,-1.1605782537767977,0,-0.5192627596565651,-0.5044684919806164,-0.7058755412064195,-0.39583849523261794,-0.017055260167863295,0,-0.11185118569478547,-0.09853935044565443,-0.0556642262872656,-0.08342872149991631,-0.004155250983416181,0,-0.03632068552169132,-0.030422861625809514],"activity":[[0]],"dinucleotide":[],"positionBias":[],"modifications":[]}]},"modelFittingConstraints":{"enrichmentModel":[{}],"nShifts":0,"addBindingModesSequentially":true,"bindingModeInteractions":[],"flankLengths":[0],"singleModeLengthSweep":false,"bindingModes":[{"maxFlankLength":-1,"positionBiasBinWidth":1,"optimizeSizeHeuristic":false,"maxSize":-1,"optimizeFlankLength":false,"symmetryString":"null","roundSpecificActivity":true,"informationThreshold":0.1,"optimizeMotifShift":false,"fittingStages":[],"optimizeMotifShiftHeuristic":false,"experimentSpecificPositionBias":true,"minSize":-1,"experimentSpecificActivity":true,"optimizeSize":false}]}}
