{"modelSettings":{"letterOrder":"ACGTN","bindingModeInteractions":[],"bindingModes":[{"size":12,"fitLogActivity":true,"flankLength":0,"dinucleotideDistance":0,"componentName":"Binding mode 2","positionBias":false,"singleStrand":false,"modifications":[]}],"letterComplement":"C-G,A-T,N-N"},"coefficients":{"bindingModeInteractions":[],"bindingModes":[{"mononucleotide":[-0.31021251540751926,-0.11853624255636674,0,-0.6080584142858925,-0.23385143161616853,-0.396803928024692,0,-0.5614768130756769,-0.25322239791475454,-0.28132657877883527,-2.5904307064591663,-3.5054928720399383,-3.1879195927121886,0,-1.2497747846978655,0,-4.243082368775029,-3.4054355934101244,-2.6711433727463865,-1.2758907544044604,0,-3.832958775312611,-4.018448681293226,-4.568321011804324,-1.3375025976856383,-0.11977567637658026,-2.511011410248964,-1.131179907437248,0,-0.5573243631621481,-1.1435954945517994,0,-1.1653182191789395,-0.04094150661708795,-0.4344898273111334,-1.8184483117358372,-3.441525025899372,0,-1.921442270653766,-1.0931108118651176,-0.348954978131208,-0.11985305308926009,0,-0.22946767063306872,-0.16622215023335377,-0.7953304863381243,-0.26667456967907466,-0.6168562233172086,0,-0.37215392066561753,-0.22817909667922853,0,-0.17262639269154212,-0.3720007902346074,-0.18428729282345607,-0.19588554143402526,0,-0.5126466337198852,-0.08088251452721318,-0.17933100590534806],"activity":[[0]],"dinucleotide":[],"positionBias":[],"modifications":[]}]},"modelFittingConstraints":{"enrichmentModel":[{}],"nShifts":0,"addBindingModesSequentially":true,"bindingModeInteractions":[],"flankLengths":[0],"singleModeLengthSweep":false,"bindingModes":[{"maxFlankLength":-1,"positionBiasBinWidth":1,"optimizeSizeHeuristic":false,"maxSize":-1,"optimizeFlankLength":false,"symmetryString":"null","roundSpecificActivity":true,"informationThreshold":0.1,"optimizeMotifShift":false,"fittingStages":[],"optimizeMotifShiftHeuristic":false,"experimentSpecificPositionBias":true,"minSize":-1,"experimentSpecificActivity":true,"optimizeSize":false}]}}
