{"modelSettings":{"letterOrder":"ACGTN","bindingModeInteractions":[],"bindingModes":[{"size":15,"fitLogActivity":true,"flankLength":0,"dinucleotideDistance":0,"componentName":"Binding mode 1","positionBias":false,"singleStrand":false,"modifications":[]}],"letterComplement":"C-G,A-T,N-N"},"coefficients":{"bindingModeInteractions":[],"bindingModes":[{"mononucleotide":[0,-0.577434838916207,-0.5193764347957321,-0.6185828117782588,-0.3949202118872365,0,-0.4649745830477032,-0.5569360132733481,-0.11041073422589065,-0.2559963245009852,0,-0.052315690831923334,-0.10687097086708874,-0.7166897559909322,-0.18151077636341129,0,-2.7654410729207424,-2.7614698598312266,-2.8747696626342414,-1.2185990221668392,0,-1.8705084700909915,-1.8458516831751326,-0.7988118200992997,-0.8199587616594982,-2.090330340106339,-2.331139331019567,-1.346674443444106,0,-0.9936206783884793,-0.5731224514202724,-1.8102711133051685,-1.2619963149444424,0,-0.6879305759577774,-0.2353654110564154,-0.3740280425626388,0,-0.24300330194012876,-0.20379796389348293,-2.890742246798564,0,-2.058090742486108,-1.2402117692970314,-0.9992950592888014,0,-3.0585868390439144,-2.5706684562228577,-3.1005327162302283,-1.2306046255712861,-2.5868499631806645,-3.16382781409611,-0.6610063253928065,0,-0.8953540311527708,-2.985109825219441,-2.246804855177525,-3.111582406376309,0,-1.2033055964695367,-1.1140286554210848,-0.24772755198802088,0,-1.0429207125746682,-0.4856329814660025,-0.23167896801666643,-1.9046347659923661,-1.2155781469811258,0,-0.5804364295492049,-0.4784204800785945,-0.521955403280657,-0.334884527043382,0,-0.3117898796084976],"activity":[[0]],"dinucleotide":[],"positionBias":[],"modifications":[]}]},"modelFittingConstraints":{"enrichmentModel":[{}],"nShifts":0,"addBindingModesSequentially":true,"bindingModeInteractions":[],"flankLengths":[0],"singleModeLengthSweep":false,"bindingModes":[{"maxFlankLength":-1,"positionBiasBinWidth":1,"optimizeSizeHeuristic":false,"maxSize":-1,"optimizeFlankLength":false,"symmetryString":"null","roundSpecificActivity":true,"informationThreshold":0.1,"optimizeMotifShift":false,"fittingStages":[],"optimizeMotifShiftHeuristic":false,"experimentSpecificPositionBias":true,"minSize":-1,"experimentSpecificActivity":true,"optimizeSize":false}]}}
