{"modelSettings":{"letterOrder":"ACGTN","bindingModeInteractions":[],"bindingModes":[{"size":18,"fitLogActivity":true,"flankLength":0,"dinucleotideDistance":0,"componentName":"Binding mode 1","positionBias":false,"singleStrand":false,"modifications":[]}],"letterComplement":"C-G,A-T,N-N"},"coefficients":{"bindingModeInteractions":[],"bindingModes":[{"mononucleotide":[-0.5858764216460299,-0.42513274565965364,-0.5739270490225579,0,-0.3661447234473471,-0.3852307396168193,-0.7963633901640019,-0.6043509400259142,0,-0.40134040247715774,0,-0.7864187394158089,-0.6985242267133627,-0.16332699543389317,-0.3559233838783125,-0.43797421894625543,-0.3808737694232329,-0.3222148388018562,0,-0.270120822154004,-0.6880571794197285,-1.4229747334555949,-0.7034026088291911,0,-0.580512473143457,-0.6572575426672671,-0.15456547755320393,-1.58593937684857,0,-0.4385772621232366,0,-0.580255188182849,-1.4405701610721344,-1.385220694401565,-0.6700085668130266,-2.4908164755772235,0,-2.849231575224735,-0.9994136730034366,-0.9749623044133818,-1.4707214819196635,-2.9478296302125653,0,-2.9328176624698123,-1.097018650052803,-2.17777353842499,0,-0.6209701829945908,-2.613112606087901,-0.841634256635599,-0.18987072428388974,-0.7842120318995853,-1.1810314120204701,0,-0.4344406479100526,-2.415839810828712,-0.7825844403333075,-2.8019675469569343,0,-0.9117972985502429,-1.7954270393913818,-0.3087731729935781,0,-1.6893942423077446,-0.6515086343366124,0,-2.241709174891108,-0.8247261913983559,-2.4497794565210134,-0.89713517351679,-0.0780513585742515,0,-0.11190605426626643,-0.16370871198597925,-0.0866384113860018,-1.6575641448935619,-0.8323241048054344,-1.913136913988076,0,-0.8134767683693603,-0.4702202000891642,-2.1725667688939394,0,-1.1899624588851418,-0.6718837246575707,0,-0.12526204522856954,-0.35988777705778574,-0.7806833342847366,-0.2750577034283265],"activity":[[0]],"dinucleotide":[],"positionBias":[],"modifications":[]}]},"modelFittingConstraints":{"enrichmentModel":[{}],"nShifts":0,"addBindingModesSequentially":true,"bindingModeInteractions":[],"flankLengths":[0],"singleModeLengthSweep":false,"bindingModes":[{"maxFlankLength":-1,"positionBiasBinWidth":1,"optimizeSizeHeuristic":false,"maxSize":-1,"optimizeFlankLength":false,"symmetryString":"null","roundSpecificActivity":true,"informationThreshold":0.1,"optimizeMotifShift":false,"fittingStages":[],"optimizeMotifShiftHeuristic":false,"experimentSpecificPositionBias":true,"minSize":-1,"experimentSpecificActivity":true,"optimizeSize":false}]}}
