{"modelSettings":{"letterOrder":"ACGTN","bindingModeInteractions":[],"bindingModes":[{"size":14,"fitLogActivity":true,"flankLength":0,"dinucleotideDistance":0,"componentName":"Binding mode 1","positionBias":false,"singleStrand":false,"modifications":[]}],"letterComplement":"C-G,A-T,N-N"},"coefficients":{"bindingModeInteractions":[],"bindingModes":[{"mononucleotide":[-0.3438417311872066,0,-1.0339282542332628,-0.4669420973344143,-0.39617161725579736,-0.45227029317274914,-0.8875416374562102,-1.8059198806062953,0,-0.5923195429311053,0,-0.76942443553608,-0.9929381639567092,-0.48611971363156536,-0.4907067241782009,0,-0.6611974982058348,-0.7282572443136721,-0.5581488514346806,-0.44190228300718143,0,-0.4830818089327402,-0.7075687985327224,-0.4360873554385969,-0.3724118594778712,-1.1322810704256878,-0.5403759589732702,-1.7383869150049196,0,-0.6536235339056439,0,-0.8988741245317273,-0.10535327234448388,-1.5180512360260998,-0.4595889691015794,0,-2.7349578535741155,-2.952788058516862,-2.9798175145852386,-1.2310932370059733,-3.8411452258737526,-2.8548978786616686,-3.21470545263156,0,-1.2736821264038332,-2.059577072888221,-0.841814210366675,-2.705213531818215,0,-0.9006068991903124,0,-1.745466038683762,-1.3661818100897167,-1.0222274218009053,-0.8043942679027982,-0.03480318524771375,-0.4642060703740847,0,-0.592360727912149,-0.2397018581409055,-0.28688626252475435,0,-0.06565201681451427,-0.21882187040838064,-0.13624403994282452,-0.04115219887690591,-0.14258961222052946,0,-0.1586119217025237,-0.0833489040648498],"activity":[[0]],"dinucleotide":[],"positionBias":[],"modifications":[]}]},"modelFittingConstraints":{"enrichmentModel":[{}],"nShifts":0,"addBindingModesSequentially":true,"bindingModeInteractions":[],"flankLengths":[0],"singleModeLengthSweep":false,"bindingModes":[{"maxFlankLength":-1,"positionBiasBinWidth":1,"optimizeSizeHeuristic":false,"maxSize":-1,"optimizeFlankLength":false,"symmetryString":"null","roundSpecificActivity":true,"informationThreshold":0.1,"optimizeMotifShift":false,"fittingStages":[],"optimizeMotifShiftHeuristic":false,"experimentSpecificPositionBias":true,"minSize":-1,"experimentSpecificActivity":true,"optimizeSize":false}]}}
