{"modelSettings":{"letterOrder":"ACGTN","bindingModeInteractions":[],"bindingModes":[{"size":12,"fitLogActivity":true,"flankLength":0,"dinucleotideDistance":0,"componentName":"Binding mode 1","positionBias":false,"singleStrand":false,"modifications":[]}],"letterComplement":"C-G,A-T,N-N"},"coefficients":{"bindingModeInteractions":[],"bindingModes":[{"mononucleotide":[-0.08562510351549335,-0.04241032453868421,0,-0.018300122845182898,-0.036072608524983334,0,-0.2138706426701047,-0.058704558941628626,-0.03253255385223319,-0.07299306958176371,-0.24798369424780153,0,-0.018876337700941548,-0.5536456842787096,-0.18136492390070563,-1.1734803374315543,0,-1.4859176286851423,-0.42985495176043065,-0.6041355748142594,0,-0.897011160127037,-1.0987608994794487,-0.9137561900458353,-0.6245144497365335,0,-1.5871759278774524,-2.276518452741769,-1.867073433808569,-1.0066814693797892,-3.9490318269536044,-4.35375845375585,-4.2067948091491445,0,-1.3403408098798386,-3.4959876777874777,-2.1589693676335564,-3.5153929584491648,0,-1.2246016703267508,0,-3.4879274349503206,-2.5409574804163437,-1.7518084190855396,-1.1372374425572687,-0.10343426996997529,-0.3891532293315647,-0.1728021081549076,0,-0.15645797931715183,-0.050988802238570496,0,-0.15838420755139548,-0.5212102858549432,-0.16322136896170497,-0.02285882938158501,-0.34113281272847873,0,-0.02848577669346186,-0.08875442731779522],"activity":[[0]],"dinucleotide":[],"positionBias":[],"modifications":[]}]},"modelFittingConstraints":{"enrichmentModel":[{}],"nShifts":0,"addBindingModesSequentially":true,"bindingModeInteractions":[],"flankLengths":[0],"singleModeLengthSweep":false,"bindingModes":[{"maxFlankLength":-1,"positionBiasBinWidth":1,"optimizeSizeHeuristic":false,"maxSize":-1,"optimizeFlankLength":false,"symmetryString":"null","roundSpecificActivity":true,"informationThreshold":0.1,"optimizeMotifShift":false,"fittingStages":[],"optimizeMotifShiftHeuristic":false,"experimentSpecificPositionBias":true,"minSize":-1,"experimentSpecificActivity":true,"optimizeSize":false}]}}
