{"modelSettings":{"letterOrder":"ACGTN","bindingModeInteractions":[],"bindingModes":[{"size":16,"fitLogActivity":true,"flankLength":0,"dinucleotideDistance":0,"componentName":"Binding mode 1","positionBias":false,"singleStrand":false,"modifications":[]}],"letterComplement":"C-G,A-T,N-N"},"coefficients":{"bindingModeInteractions":[],"bindingModes":[{"mononucleotide":[-0.8586354194825265,-1.0044601516223484,0,-0.4951167844239386,-0.511041507470516,0,-0.9147955309157112,-0.429291403890911,-1.1438926380556662,-0.523343126816785,-1.449228552550423,0,-2.193664481878047,-1.4789999341481206,-0.9325953363873691,-0.9389858872696912,0,-1.4508541289147274,-1.8729378513707484,-0.8102060047253555,-1.1245092478221697,0,-2.221126770869633,-1.0499087655937611,-0.807846552651656,-2.9035211214172723,0,-2.9757991790445333,-3.274099122019784,-1.252036735792557,-1.7838934850375505,0,-3.2529167367442104,-3.166418843101119,-1.1641125511635917,-1.970701642038474,0,-2.663822001133795,-0.11912351898820361,-0.6459112817509829,-1.0652338874606322,-2.639020693641381,0,-2.872154283765351,-0.9992272377931258,-2.400012902282903,0,-1.4716393727860737,-0.48601373169872986,-0.7260118538675563,-1.1860647247929776,-1.048812883537444,-0.524403524770376,0,-0.576394654545059,-2.361549819719933,-2.6278419505411295,0,-3.8673161531543236,-1.2145092797233406,-0.27408543275343256,-0.2611220471674436,-0.6660100252854244,0,-0.2730534621661051,-0.7433079250938981,-1.3649842632050202,0,-1.0446126692075417,-0.6526047318339292,0,-0.039001736957950506,-0.9663623188540074,-0.2704526540955934,-0.2532009075857986,-0.04210586486726697,-0.1377402251891251,0,-0.13932186573800198,-0.07795038939530001],"activity":[[0]],"dinucleotide":[],"positionBias":[],"modifications":[]}]},"modelFittingConstraints":{"enrichmentModel":[{}],"nShifts":0,"addBindingModesSequentially":true,"bindingModeInteractions":[],"flankLengths":[0],"singleModeLengthSweep":false,"bindingModes":[{"maxFlankLength":-1,"positionBiasBinWidth":1,"optimizeSizeHeuristic":false,"maxSize":-1,"optimizeFlankLength":false,"symmetryString":"null","roundSpecificActivity":true,"informationThreshold":0.1,"optimizeMotifShift":false,"fittingStages":[],"optimizeMotifShiftHeuristic":false,"experimentSpecificPositionBias":true,"minSize":-1,"experimentSpecificActivity":true,"optimizeSize":false}]}}
