{"modelSettings":{"letterOrder":"ACGTN","bindingModeInteractions":[],"bindingModes":[{"size":12,"fitLogActivity":true,"flankLength":0,"dinucleotideDistance":0,"componentName":"Binding mode 1","positionBias":false,"singleStrand":false,"modifications":[]}],"letterComplement":"C-G,A-T,N-N"},"coefficients":{"bindingModeInteractions":[],"bindingModes":[{"mononucleotide":[0,-0.21918620868387784,-0.24592418422951745,-0.16999831775434426,-0.15407821405279376,-0.20462792048035183,-0.059089334488819034,-0.06775921877621816,0,-0.08011020058399107,-0.4949305784853779,0,-0.5606070332248017,-0.4573447616777857,-0.35188723274684663,-0.4959369030340426,-0.009233293461717196,0,-0.2128170173764774,-0.16013550807706448,0,-0.31481818502456616,-0.2682698243297974,-1.325764984615494,-0.3709829988622021,0,-2.582875740928964,-2.1687298597163074,-3.4210946030458746,-1.1853507848847233,-3.6878210704313323,-2.494463248943873,-2.7842265713329315,0,-1.2298513956053778,-4.4304034192337225,-1.3973781991923713,-3.154714708146046,0,-1.1225429118841175,0,-4.019884068693965,-1.9469898964595316,-1.7413767077728073,-1.0966614806676922,-0.3263678658103961,-0.7468946880676333,0,-0.5244013216051724,-0.36122635422127397,-0.581735780336013,0,-0.01026954154808113,-0.3542249273215008,-0.20750784316012136,-0.2003998286793851,0,-0.07147455158321292,-0.41357860285873826,-0.15937593546232293],"activity":[[0]],"dinucleotide":[],"positionBias":[],"modifications":[]}]},"modelFittingConstraints":{"enrichmentModel":[{}],"nShifts":0,"addBindingModesSequentially":true,"bindingModeInteractions":[],"flankLengths":[0],"singleModeLengthSweep":false,"bindingModes":[{"maxFlankLength":-1,"positionBiasBinWidth":1,"optimizeSizeHeuristic":false,"maxSize":-1,"optimizeFlankLength":false,"symmetryString":"null","roundSpecificActivity":true,"informationThreshold":0.1,"optimizeMotifShift":false,"fittingStages":[],"optimizeMotifShiftHeuristic":false,"experimentSpecificPositionBias":true,"minSize":-1,"experimentSpecificActivity":true,"optimizeSize":false}]}}
