{"modelSettings":{"letterOrder":"ACGTN","bindingModeInteractions":[],"bindingModes":[{"size":14,"fitLogActivity":true,"flankLength":0,"dinucleotideDistance":0,"componentName":"Binding mode 2","positionBias":false,"singleStrand":false,"modifications":[]}],"letterComplement":"C-G,A-T,N-N"},"coefficients":{"bindingModeInteractions":[],"bindingModes":[{"mononucleotide":[0,-0.9396744033290689,-0.6553729894998739,-1.1330913578097994,-0.5833785826832877,-2.712131031040527,0,-2.4473619126433737,-1.9206905660162619,-1.1243744584080906,0,-2.66916009011346,-1.534334344013556,-1.4463940282778767,-0.9673687583324854,-0.9317467697256134,-2.0534096745055366,-1.6711542772952386,0,-0.8496888763597973,-2.462396284602455,-2.712159473718837,0,-2.226332246038766,-1.155541999186475,-1.4815803954717208,-0.17055629399527117,-1.9173705797766498,0,-0.5899288991626073,-1.3272924231864396,0,-2.037357587037176,-0.999841114926495,-0.8189910691862752,-0.7680351880873539,0,-1.1580296106153019,-0.4272249613270267,-0.4982611527083481,-0.4410947281357136,-0.34651637809220803,0,-0.8144899209014702,-0.35905485741571275,-0.5579706144615608,-0.8137813966833756,0,-0.5688987655116615,-0.4378474032111924,0,-0.7732623111722745,-0.046690798490724106,-0.6318596445910076,-0.30534047668952774,-0.841232475281688,0,-0.9658230278190314,-2.500028541778931,-0.7476396904580541,0,-0.7290014638314091,-0.6499314827655818,-1.1347523036628462,-0.5421556022836101,-0.04584069840898275,-0.7141243415375866,-0.9732339722465642,0,-0.34860975061423993],"activity":[[0]],"dinucleotide":[],"positionBias":[],"modifications":[]}]},"modelFittingConstraints":{"enrichmentModel":[{}],"nShifts":0,"addBindingModesSequentially":true,"bindingModeInteractions":[],"flankLengths":[0],"singleModeLengthSweep":false,"bindingModes":[{"maxFlankLength":-1,"positionBiasBinWidth":1,"optimizeSizeHeuristic":false,"maxSize":-1,"optimizeFlankLength":false,"symmetryString":"null","roundSpecificActivity":true,"informationThreshold":0.1,"optimizeMotifShift":false,"fittingStages":[],"optimizeMotifShiftHeuristic":false,"experimentSpecificPositionBias":true,"minSize":-1,"experimentSpecificActivity":true,"optimizeSize":false}]}}
