{"modelSettings":{"letterOrder":"ACGTN","bindingModeInteractions":[],"bindingModes":[{"size":16,"fitLogActivity":true,"flankLength":0,"dinucleotideDistance":0,"componentName":"Binding mode 1","positionBias":false,"singleStrand":false,"modifications":[]}],"letterComplement":"C-G,A-T,N-N"},"coefficients":{"bindingModeInteractions":[],"bindingModes":[{"mononucleotide":[0,-0.3858521736104912,-0.30275182479447516,-0.24022165903152803,-0.22154889862054084,0,-0.38755841764584176,-0.7626108503590316,-0.7642158719488688,-0.4266154764477054,-2.144079781128357,-1.872255088542759,0,-1.5976076304921367,-0.998767578324262,-1.9897708536995582,-2.0103732689450853,0,-1.661337369992169,-1.0074810879370846,-2.2654603151382187,-2.094569593964942,0,-2.0925991230290393,-1.0859886397222143,-2.085013033443399,-1.890330142834988,0,-1.7590416239297095,-1.016430684279028,0,-2.027084168283799,-2.4079709647681034,-2.3096414630111317,-1.1078950426494458,0,-1.6441502242615176,-1.7403207418730222,-0.34416850673474997,-0.6551530647481156,-2.097634583733452,-0.6326534800910881,-1.7424815752560976,0,-0.7825182898995497,-1.4163598721618582,0,-2.1266560926974245,-2.1460941059885688,-0.9950831235926452,-0.1754515659496647,0,-1.6912279374934442,-1.7898354675291355,-0.6022290119686693,-1.1832194557684304,0,-2.0746611160810966,-1.9553691634767505,-0.9330540362956844,-1.3616832648363362,0,-1.7455949799653858,-2.348809766704851,-0.9634786731567301,-1.3252865293617342,-0.8957852954513168,-0.8458831304105834,0,-0.6428382526470747,0,-0.7013315764367167,-0.5409714628067022,-0.05094997168593096,-0.2782489961013869,0,-0.4071091069541346,-0.7778607306358163,-0.09969720007925176,-0.27770839962530713],"activity":[[0]],"dinucleotide":[],"positionBias":[],"modifications":[]}]},"modelFittingConstraints":{"enrichmentModel":[{}],"nShifts":0,"addBindingModesSequentially":true,"bindingModeInteractions":[],"flankLengths":[0],"singleModeLengthSweep":false,"bindingModes":[{"maxFlankLength":-1,"positionBiasBinWidth":1,"optimizeSizeHeuristic":false,"maxSize":-1,"optimizeFlankLength":false,"symmetryString":"null","roundSpecificActivity":true,"informationThreshold":0.1,"optimizeMotifShift":false,"fittingStages":[],"optimizeMotifShiftHeuristic":false,"experimentSpecificPositionBias":true,"minSize":-1,"experimentSpecificActivity":true,"optimizeSize":false}]}}
