{"modelSettings":{"letterOrder":"ACGTN","bindingModeInteractions":[],"bindingModes":[{"size":16,"fitLogActivity":true,"flankLength":0,"dinucleotideDistance":0,"componentName":"Binding mode 1","positionBias":false,"singleStrand":false,"modifications":[]}],"letterComplement":"C-G,A-T,N-N"},"coefficients":{"bindingModeInteractions":[],"bindingModes":[{"mononucleotide":[-0.19820958372954678,-0.40024820012015483,0,-0.25244411642080244,-0.2023453242945056,-0.17964898404790564,-0.3624598441316025,-0.39049957451651207,0,-0.2205704786500423,-0.28325475325762284,-1.1118395398851675,-1.0385809109070332,0,-0.4958394159223133,-0.11954333314404764,-0.6573700611479734,0,-0.4697042935858493,-0.27749246987754994,-0.48587025991135246,-0.8270266474670074,0,-1.2746076302996814,-0.5395466575101778,-0.957624281773229,0,-1.7013939981328865,-1.297527960801876,-0.7768337329129918,-1.433241895741165,0,-1.8821075072091094,-0.08734891294091707,-0.5502767985535193,0,-0.1613715662249895,-1.7167692831696981,-2.7171797273689946,-0.6459381631986725,-3.349377573631118,0,-3.9811166582343827,-3.222234772495481,-1.2967856579953057,-0.920280075360399,-3.2913282596442333,0,-0.688124283277743,-0.7245709730049387,-3.8643172518263937,0,-3.7154228193968675,-3.1167362170260002,-1.3004617626407757,-4.822410320176202,0,-4.296871405578248,-3.9487581427443565,-1.3461730236140925,-3.3709301447471893,0,-0.7936152862917558,-0.7634182059315384,-0.7171145062178449,0,-0.002815096006026252,-1.6218327582331904,-0.5317643657133104,-0.36301910984269453,-0.7242067728976564,0,-0.8113280644592715,-0.32870961857944625,-0.4121768652811966,-0.2781445305616286,-0.23677744282250268,-0.42948969485137645,0,-0.22402036757406305],"activity":[[0]],"dinucleotide":[],"positionBias":[],"modifications":[]}]},"modelFittingConstraints":{"enrichmentModel":[{}],"nShifts":0,"addBindingModesSequentially":true,"bindingModeInteractions":[],"flankLengths":[0],"singleModeLengthSweep":false,"bindingModes":[{"maxFlankLength":-1,"positionBiasBinWidth":1,"optimizeSizeHeuristic":false,"maxSize":-1,"optimizeFlankLength":false,"symmetryString":"null","roundSpecificActivity":true,"informationThreshold":0.1,"optimizeMotifShift":false,"fittingStages":[],"optimizeMotifShiftHeuristic":false,"experimentSpecificPositionBias":true,"minSize":-1,"experimentSpecificActivity":true,"optimizeSize":false}]}}
