{"modelSettings":{"letterOrder":"ACGTN","bindingModeInteractions":[],"bindingModes":[{"size":12,"fitLogActivity":true,"flankLength":0,"dinucleotideDistance":0,"componentName":"Binding mode 2","positionBias":false,"singleStrand":false,"modifications":[]}],"letterComplement":"C-G,A-T,N-N"},"coefficients":{"bindingModeInteractions":[],"bindingModes":[{"mononucleotide":[-0.1279496235955242,0,-0.55711837098869,-0.02259541660323272,-0.15361366917946404,-0.13290291806940502,-0.07690528189473111,-0.6643537515711224,0,-0.18749482672534834,-0.2950139080034857,-0.3494859242326608,-0.08614758155544644,0,-0.17226316255045146,-0.8715630917889867,-0.6941026934746399,0,-0.6516842995206011,-0.4947116096089224,-1.2292378717048393,0,-1.3460397284731531,-1.0613475958387872,-0.745086142565138,-1.4499180100349585,0,-1.8257427636454913,-0.9645345789089066,-0.8114533407014731,-2.0862328492964477,-1.7238750372575677,0,-1.4090699397729938,-0.950042711553496,-1.061679676285649,-1.9870307140377825,-2.356978197609442,0,-0.9303375179051471,-1.057091789552915,0,-1.4206920919315458,-1.2727534992480405,-0.7608528208169995,0,-1.052082489047499,-1.4697604551621677,-1.8853941905041425,-0.8376184492943504,-1.2585166052240335,0,-1.3359555379290988,-1.420269762479189,-0.8048439681143186,-0.9909857463868889,-0.8766049658385994,-1.3472101025427348,0,-0.6697389913498923],"activity":[[0]],"dinucleotide":[],"positionBias":[],"modifications":[]}]},"modelFittingConstraints":{"enrichmentModel":[{}],"nShifts":0,"addBindingModesSequentially":true,"bindingModeInteractions":[],"flankLengths":[0],"singleModeLengthSweep":false,"bindingModes":[{"maxFlankLength":-1,"positionBiasBinWidth":1,"optimizeSizeHeuristic":false,"maxSize":-1,"optimizeFlankLength":false,"symmetryString":"null","roundSpecificActivity":true,"informationThreshold":0.1,"optimizeMotifShift":false,"fittingStages":[],"optimizeMotifShiftHeuristic":false,"experimentSpecificPositionBias":true,"minSize":-1,"experimentSpecificActivity":true,"optimizeSize":false}]}}
