{"modelSettings":{"letterOrder":"ACGTN","bindingModeInteractions":[],"bindingModes":[{"size":18,"fitLogActivity":true,"flankLength":0,"dinucleotideDistance":0,"componentName":"Binding mode 1","positionBias":false,"singleStrand":false,"modifications":[]}],"letterComplement":"C-G,A-T,N-N"},"coefficients":{"bindingModeInteractions":[],"bindingModes":[{"mononucleotide":[0,-0.5215341184927738,-0.6819445139781006,-0.03837280404111709,-0.2673579757596829,0,-0.7654379319686679,-1.1079017205658097,-0.2218289797483326,-0.43215549856032703,-0.033753478444117135,-1.0908063803763657,-1.3053676457216934,0,-0.4409000151396124,0,-1.5469325953433373,-1.0071967801606725,-0.0831729727464996,-0.47067049678681255,-0.2310006475182469,-1.318734315684253,-1.1080672624840826,0,-0.5144115852174718,-0.4320961076359282,-0.978428140547928,-0.9873847112211518,0,-0.5118268631846857,0,-0.9130026932849056,-0.5197030820850692,-0.11330327331622314,-0.32542052374188946,-0.10400346217821088,-0.4152311448870787,-0.2697902509963299,0,-0.18483988396753637,-0.2219706654872482,-0.19470500246547573,0,-0.8876790352564026,-0.27587661047906503,-0.30387221455679025,-0.07366190175579312,-0.8832213814340211,0,-0.26123822113077044,-2.3691251160394042,-3.532802944647288,-4.17742461492199,0,-1.2569135993388316,0,-2.57050128058917,-3.334517216102929,-3.3265661999632967,-1.24823369425956,0,-3.943400409338214,-4.384228664295076,-4.188184695406844,-1.3403382041553218,-4.3504177639487756,-4.409837615416215,-4.252636502691275,0,-1.3477611440839368,-2.400623909154479,-1.8717364703656454,-0.8392584721931353,0,-0.8695572040107302,0,-2.253668644419208,-1.1369840173840888,-1.7861485476873211,-0.9204225336116926,0,-0.5352915466445296,-0.1942565954996205,-0.5815720193049625,-0.2984181529461735,-0.11866653706410446,-0.27666562618098656,-0.35462779777210063,0,-0.17797709237243653],"activity":[[0]],"dinucleotide":[],"positionBias":[],"modifications":[]}]},"modelFittingConstraints":{"enrichmentModel":[{}],"nShifts":0,"addBindingModesSequentially":true,"bindingModeInteractions":[],"flankLengths":[0],"singleModeLengthSweep":false,"bindingModes":[{"maxFlankLength":-1,"positionBiasBinWidth":1,"optimizeSizeHeuristic":false,"maxSize":-1,"optimizeFlankLength":false,"symmetryString":"null","roundSpecificActivity":true,"informationThreshold":0.1,"optimizeMotifShift":false,"fittingStages":[],"optimizeMotifShiftHeuristic":false,"experimentSpecificPositionBias":true,"minSize":-1,"experimentSpecificActivity":true,"optimizeSize":false}]}}
