{"modelSettings":{"letterOrder":"ACGTN","bindingModeInteractions":[],"bindingModes":[{"size":12,"fitLogActivity":true,"flankLength":0,"dinucleotideDistance":0,"componentName":"Binding mode 1","positionBias":false,"singleStrand":false,"modifications":[]}],"letterComplement":"C-G,A-T,N-N"},"coefficients":{"bindingModeInteractions":[],"bindingModes":[{"mononucleotide":[-0.005999845876160315,-0.1861663634571613,-0.25937699260930724,0,-0.10655965020747676,0,-0.49481998483891054,-0.17350362322876123,-0.2250940169745963,-0.20799761280452775,-0.1759757987043935,-0.21604951031397146,-0.3908465287451941,0,-0.1860833257448045,-0.1146381455722576,-0.4030862791187131,-0.136197863389099,0,-0.15297254350968997,0,-2.0101722695088355,-1.4838064316819273,-1.6554921414234707,-0.9469197494476214,-2.8267065035099885,0,-2.238596680863342,-2.4661125442067053,-1.1625670953331089,-3.0323944144749078,-2.4447597178492524,0,-2.6944703050383074,-1.2018706544646978,-2.332855045413308,-2.2378717160192627,-1.8413682432203673,0,-1.077117011698659,0,-1.5538834821784702,-1.6963686690152582,-1.4943358077959379,-0.9043800565786531,0,-2.109477484097858,-1.3764533509792913,-1.602908217517281,-0.9319857939125381,-0.7067930530913809,0,-0.1718353069187013,-0.1311437064476526,-0.21926577353014956,-0.4420689681667018,-0.42804281051091797,0,-0.7200590074668147,-0.3634074300898739],"activity":[[0]],"dinucleotide":[],"positionBias":[],"modifications":[]}]},"modelFittingConstraints":{"enrichmentModel":[{}],"nShifts":0,"addBindingModesSequentially":true,"bindingModeInteractions":[],"flankLengths":[0],"singleModeLengthSweep":false,"bindingModes":[{"maxFlankLength":-1,"positionBiasBinWidth":1,"optimizeSizeHeuristic":false,"maxSize":-1,"optimizeFlankLength":false,"symmetryString":"null","roundSpecificActivity":true,"informationThreshold":0.1,"optimizeMotifShift":false,"fittingStages":[],"optimizeMotifShiftHeuristic":false,"experimentSpecificPositionBias":true,"minSize":-1,"experimentSpecificActivity":true,"optimizeSize":false}]}}
