{"modelSettings":{"letterOrder":"ACGTN","bindingModeInteractions":[],"bindingModes":[{"size":15,"fitLogActivity":true,"flankLength":0,"dinucleotideDistance":0,"componentName":"Binding mode 1","positionBias":false,"singleStrand":false,"modifications":[]}],"letterComplement":"C-G,A-T,N-N"},"coefficients":{"bindingModeInteractions":[],"bindingModes":[{"mononucleotide":[-0.4718084695883258,-0.13292303934609695,0,-0.5040740285095273,-0.25377348007590955,-0.2298978353205703,0,-0.14506468740481449,-0.3794107209585933,-0.17917282965411527,-1.986418730209158,-1.6316176970408116,-3.111902292987337,0,-1.0661584719122237,0,-3.172551098751899,-1.8522667358667095,-2.3939583364038026,-1.1316169234897409,0,-4.459130937825153,-4.092501272914708,-4.753268448551067,-1.350065333696482,-4.070081309153496,-1.7993819860180245,-3.2481197398220494,0,-1.1863586329848215,-1.574241478758251,-0.2525958295657471,-1.0154419897760238,0,-0.5335021837976097,0,-0.45939272621750327,-0.005433591129637705,-0.3525833339756739,-0.1835868782298624,0,-0.4882303159289414,-0.16805282280197797,-1.1169920120378452,-0.36158576479789845,0,-0.8990616435341581,-0.5883868618638015,-0.9123447710929931,-0.5260428788565078,-1.3231549812584396,-1.043855972860639,-1.2172318109361386,0,-0.7368708967034869,-0.8055470405443224,-0.5926259666193534,-1.0760074117905072,0,-0.5358566914014171,0,-1.0666714772388266,-1.0967727402224776,-0.5964527452952417,-0.5848036328089695,0,-0.07005325644660854,-0.037581660572731934,-0.10550220751826167,-0.052522360556196475,0,-0.023490355702104893,-0.06336724075739486,-0.16270628892402605,-0.060487305576531765],"activity":[[0]],"dinucleotide":[],"positionBias":[],"modifications":[]}]},"modelFittingConstraints":{"enrichmentModel":[{}],"nShifts":0,"addBindingModesSequentially":true,"bindingModeInteractions":[],"flankLengths":[0],"singleModeLengthSweep":false,"bindingModes":[{"maxFlankLength":-1,"positionBiasBinWidth":1,"optimizeSizeHeuristic":false,"maxSize":-1,"optimizeFlankLength":false,"symmetryString":"null","roundSpecificActivity":true,"informationThreshold":0.1,"optimizeMotifShift":false,"fittingStages":[],"optimizeMotifShiftHeuristic":false,"experimentSpecificPositionBias":true,"minSize":-1,"experimentSpecificActivity":true,"optimizeSize":false}]}}
