{"modelSettings":{"letterOrder":"ACGTN","bindingModeInteractions":[],"bindingModes":[{"size":12,"fitLogActivity":true,"flankLength":0,"dinucleotideDistance":0,"componentName":"Binding mode 1","positionBias":false,"singleStrand":false,"modifications":[]}],"letterComplement":"C-G,A-T,N-N"},"coefficients":{"bindingModeInteractions":[],"bindingModes":[{"mononucleotide":[0,-1.5497498943672592,-1.1640238706292991,-0.8643657730152352,-0.7205969868068479,0,-2.8787995925826704,-2.0305310572698576,-0.6730618474814527,-0.8570716967300644,0,-2.500936099570915,-2.7102156200820464,-0.37004021997208625,-0.7769434372383054,0,-1.583647270713381,-1.3774035216373997,-0.029245598233327286,-0.49896467899779456,-0.04854641125793613,-0.4483227715622924,0,-0.11463454009606266,-0.13839934034295132,-2.2876182641464955,-1.6925442455503652,-2.4856479874808173,0,-1.0723378728519704,-3.1060224435498993,-3.1144997953220956,0,-3.0265763439545577,-1.25732017159844,-2.572984258793573,0,-2.9631714126429802,-2.932307816892683,-1.2197327829625078,-0.6938941128718916,-2.0890875445418344,-2.5484678827428073,0,-0.8547088580339571,-1.72785518182472,-1.8922345189731176,0,-1.236473653823147,-0.904605420583711,0,-2.202109237542283,-1.8229654376437958,-1.8116111707084555,-1.0247767140691277,-1.5437721539302656,0,-1.59186739389009,-0.4159710039692426,-0.6554572043821733],"activity":[[0]],"dinucleotide":[],"positionBias":[],"modifications":[]}]},"modelFittingConstraints":{"enrichmentModel":[{}],"nShifts":0,"addBindingModesSequentially":true,"bindingModeInteractions":[],"flankLengths":[0],"singleModeLengthSweep":false,"bindingModes":[{"maxFlankLength":-1,"positionBiasBinWidth":1,"optimizeSizeHeuristic":false,"maxSize":-1,"optimizeFlankLength":false,"symmetryString":"null","roundSpecificActivity":true,"informationThreshold":0.1,"optimizeMotifShift":false,"fittingStages":[],"optimizeMotifShiftHeuristic":false,"experimentSpecificPositionBias":true,"minSize":-1,"experimentSpecificActivity":true,"optimizeSize":false}]}}
