{"modelSettings":{"letterOrder":"ACGTN","bindingModeInteractions":[],"bindingModes":[{"size":12,"fitLogActivity":true,"flankLength":0,"dinucleotideDistance":0,"componentName":"Binding mode 1","positionBias":false,"singleStrand":false,"modifications":[]}],"letterComplement":"C-G,A-T,N-N"},"coefficients":{"bindingModeInteractions":[],"bindingModes":[{"mononucleotide":[-0.7560031748635545,0,-0.2092810242401697,-0.38275156701002366,-0.3001970931765051,-0.7163592905728589,-0.6794136814749798,-0.894220296491822,0,-0.5090072599320121,0,-0.3300136109700116,-1.3734790732464406,-0.5297801175512173,-0.4459462252044661,-0.15674034442527685,-2.4585249671824156,0,-3.977917741563022,-0.7137521790807482,-3.6409447887320514,-2.374566129297647,-2.7554963459146067,0,-1.2183592426382828,-3.5495621812647133,0,-2.989071592670716,-0.4560871080596076,-0.8481473916357584,0,-3.401497281654181,-2.5397121114260197,-3.4331555000983265,-1.2513288154256539,-1.7365676340527116,-0.9746428271543568,-0.6190539351113875,0,-0.6482194205415007,-2.2130214965636217,0,-0.06617797318756224,-1.2267475987842524,-0.5367509925173849,-0.4868570463868389,0,-0.18594948598737204,-0.790422265859835,-0.3220928542547609,-0.8899795858758415,-0.6787604073026694,-1.1831867686811908,0,-0.5868923006056269,-0.9814170327869043,-0.730434842653068,0,-0.6788436513389353,-0.5260736676055958],"activity":[[0]],"dinucleotide":[],"positionBias":[],"modifications":[]}]},"modelFittingConstraints":{"enrichmentModel":[{}],"nShifts":0,"addBindingModesSequentially":true,"bindingModeInteractions":[],"flankLengths":[0],"singleModeLengthSweep":false,"bindingModes":[{"maxFlankLength":-1,"positionBiasBinWidth":1,"optimizeSizeHeuristic":false,"maxSize":-1,"optimizeFlankLength":false,"symmetryString":"null","roundSpecificActivity":true,"informationThreshold":0.1,"optimizeMotifShift":false,"fittingStages":[],"optimizeMotifShiftHeuristic":false,"experimentSpecificPositionBias":true,"minSize":-1,"experimentSpecificActivity":true,"optimizeSize":false}]}}
