{"modelSettings":{"letterOrder":"ACGTN","bindingModeInteractions":[],"bindingModes":[{"size":12,"fitLogActivity":true,"flankLength":0,"dinucleotideDistance":0,"componentName":"Binding mode 1","positionBias":false,"singleStrand":false,"modifications":[]}],"letterComplement":"C-G,A-T,N-N"},"coefficients":{"bindingModeInteractions":[],"bindingModes":[{"mononucleotide":[-0.780015312149847,0,-0.47815619997084635,-0.11913976615892974,-0.29907739548588563,-1.6723467075547567,0,-1.6298003375311834,-0.2201784071117565,-0.6041522837649668,0,-1.956003189720756,-2.0560865798171815,-2.3930767150019534,-1.0782771130131765,0,-2.291514348624472,-2.82480381763228,-3.0478239981456947,-1.197414682420856,-4.323643280677965,-3.453694398696759,-3.892893210976914,0,-1.323069483337425,-3.4131070197412976,-1.8296996885786947,-2.835230615070366,0,-1.161467878660217,0,-3.466872300047782,-1.4788073021779224,-2.2080967616918192,-1.0721893484263656,0,-0.9390621984220386,-0.2792503078028714,-1.1182612173943491,-0.48038027472439415,-0.7130092732337703,0,-0.24333088405624537,-0.3306233124548008,-0.2901334939629283,-0.4716649250382181,-0.21315591585543814,0,-0.456951775434578,-0.2661803761716909,-0.4279215164736323,0,-0.34406176173464953,-0.14285657893042458,-0.21454744561416358,-0.14003978270480832,-0.021833871605821287,-0.29220482518797475,0,-0.10693341664985692],"activity":[[0]],"dinucleotide":[],"positionBias":[],"modifications":[]}]},"modelFittingConstraints":{"enrichmentModel":[{}],"nShifts":0,"addBindingModesSequentially":true,"bindingModeInteractions":[],"flankLengths":[0],"singleModeLengthSweep":false,"bindingModes":[{"maxFlankLength":-1,"positionBiasBinWidth":1,"optimizeSizeHeuristic":false,"maxSize":-1,"optimizeFlankLength":false,"symmetryString":"null","roundSpecificActivity":true,"informationThreshold":0.1,"optimizeMotifShift":false,"fittingStages":[],"optimizeMotifShiftHeuristic":false,"experimentSpecificPositionBias":true,"minSize":-1,"experimentSpecificActivity":true,"optimizeSize":false}]}}
