{"modelSettings":{"letterOrder":"ACGTN","bindingModeInteractions":[],"bindingModes":[{"size":12,"fitLogActivity":true,"flankLength":0,"dinucleotideDistance":0,"componentName":"Binding mode 1","positionBias":false,"singleStrand":false,"modifications":[]}],"letterComplement":"C-G,A-T,N-N"},"coefficients":{"bindingModeInteractions":[],"bindingModes":[{"mononucleotide":[-0.7458337577292724,-1.421277185420915,-1.3841918673255655,0,-0.7101558471986625,0,-1.3555681083947428,-0.8004030312830341,-1.5875510070065397,-0.7384718295503976,0,-1.6038334345991192,-1.8969408070801705,-1.2637142996774804,-0.8954143392310789,-2.1363043883976376,-1.355835151228387,-1.8367068728765243,0,-0.957657335848271,-2.5103590141253926,0,-1.7198245507281706,-0.5205597801746027,-0.7686660450879542,-0.5974427430784068,-1.932677582173561,0,-3.1826812525466437,-0.8344508366062626,0,-3.190057101088476,-2.51068023726582,-3.508025428514246,-1.2445010028116539,-3.430290993926266,-2.8056463794040174,-3.1947757036363615,0,-1.2607010992660288,-2.3893081913992607,-2.6707960573997127,-1.6432264358553903,0,-1.0830499613900877,0,-2.4931716895751475,-2.1288578530741713,-1.627665504149376,-1.0512459771685412,-0.5559374938221548,-0.299844275128911,-0.37417747385770816,0,-0.2869081245511423,-0.4015542702557049,0,-0.2444064315624095,-0.40385897494037515,-0.2484015713121994],"activity":[[0]],"dinucleotide":[],"positionBias":[],"modifications":[]}]},"modelFittingConstraints":{"enrichmentModel":[{}],"nShifts":0,"addBindingModesSequentially":true,"bindingModeInteractions":[],"flankLengths":[0],"singleModeLengthSweep":false,"bindingModes":[{"maxFlankLength":-1,"positionBiasBinWidth":1,"optimizeSizeHeuristic":false,"maxSize":-1,"optimizeFlankLength":false,"symmetryString":"null","roundSpecificActivity":true,"informationThreshold":0.1,"optimizeMotifShift":false,"fittingStages":[],"optimizeMotifShiftHeuristic":false,"experimentSpecificPositionBias":true,"minSize":-1,"experimentSpecificActivity":true,"optimizeSize":false}]}}
