{"modelSettings":{"letterOrder":"ACGTN","bindingModeInteractions":[],"bindingModes":[{"size":15,"fitLogActivity":true,"flankLength":0,"dinucleotideDistance":0,"componentName":"Binding mode 1","positionBias":false,"singleStrand":false,"modifications":[]}],"letterComplement":"C-G,A-T,N-N"},"coefficients":{"bindingModeInteractions":[],"bindingModes":[{"mononucleotide":[0,-0.6944981930163268,-0.492510157673709,-0.2082771146035567,-0.31389002791481657,0,-0.5803544269295884,-0.45780650346513774,-0.0998794736910451,-0.25575832656965936,-2.0740833539816586,-2.430930490590494,-3.2846609831461606,0,-1.1622873390799073,-0.23207827031751904,-2.2604377893486247,0,-3.6021892836304596,-0.7316526720613423,-1.8803203098723538,-2.219391870694807,-2.590919418886173,0,-1.096488910854227,-2.8131428765021522,-2.72316231552318,-2.092909808786697,0,-1.163942649392335,-2.718984817639212,-2.2454767749497124,-0.8299862274967125,0,-0.9113815491929431,0,-2.601152229871709,-0.5857404957774648,-1.6636940902609538,-0.7872823740351789,-2.02401367568808,0,-2.4605473349182447,-0.954955364471529,-0.9148282895084725,0,-1.2638844450678373,-0.8561803416428257,-0.5413845562075545,-0.5580579662240082,0,-0.29614477271107553,-0.8980866147519087,-0.13478367204789343,-0.2794054101008164,0,-0.024244945040586607,-1.2420796808940628,-0.3001979904591803,-0.28585002519507735,-0.10725838815364863,0,-1.0936333068322184,-0.4748340077611264,-0.3371248134192045,0,-0.5583508675317068,-0.44111486136243006,-0.4330740203256731,-0.3340809998854641,0,-0.5798714195943804,-0.4830928141642721,-0.21510948293270893,-0.29326560746307334],"activity":[[0]],"dinucleotide":[],"positionBias":[],"modifications":[]}]},"modelFittingConstraints":{"enrichmentModel":[{}],"nShifts":0,"addBindingModesSequentially":true,"bindingModeInteractions":[],"flankLengths":[0],"singleModeLengthSweep":false,"bindingModes":[{"maxFlankLength":-1,"positionBiasBinWidth":1,"optimizeSizeHeuristic":false,"maxSize":-1,"optimizeFlankLength":false,"symmetryString":"null","roundSpecificActivity":true,"informationThreshold":0.1,"optimizeMotifShift":false,"fittingStages":[],"optimizeMotifShiftHeuristic":false,"experimentSpecificPositionBias":true,"minSize":-1,"experimentSpecificActivity":true,"optimizeSize":false}]}}
