{"modelSettings":{"letterOrder":"ACGTN","bindingModeInteractions":[],"bindingModes":[{"size":12,"fitLogActivity":true,"flankLength":0,"dinucleotideDistance":0,"componentName":"Binding mode 1","positionBias":false,"singleStrand":false,"modifications":[]}],"letterComplement":"C-G,A-T,N-N"},"coefficients":{"bindingModeInteractions":[],"bindingModes":[{"mononucleotide":[-0.22210349950417818,-0.07137631173442394,0,-0.5716083627111344,-0.19341470526281412,-0.48497128773811404,0,-0.41532624226470816,-0.35530403981924774,-0.29544544594460276,-1.1268998112979691,-1.5423567692397397,-1.292789545373565,0,-0.7916332148342627,0,-1.5136081142890725,-0.5395172718461296,-1.786802574776774,-0.7079365858083689,0,-3.3279669730381185,-1.8880696727816386,-3.3574602788576238,-1.1857619294111903,-4.062312994748657,-1.8705135174119474,-1.71671524524004,0,-1.085516655514518,-1.886357713486063,-1.6699439124590323,-1.3367739720974465,0,-0.9146842496945788,-0.3239808608595869,-3.3115991078621336,0,-3.346233344699314,-0.8013235091327151,-0.14306761285061764,-0.035892161856862614,0,-0.5989805251474705,-0.16817867677501633,-0.3554756362524527,0,-0.16531839273026616,-0.168215692676414,-0.1643926483466304,-0.27913774275121916,0,-0.14032998425222498,-0.1237161089643104,-0.13092400316243008,-0.04111779851883579,0,-0.1968125707599091,-0.07299262649684835,-0.075082361236663],"activity":[[0]],"dinucleotide":[],"positionBias":[],"modifications":[]}]},"modelFittingConstraints":{"enrichmentModel":[{}],"nShifts":0,"addBindingModesSequentially":true,"bindingModeInteractions":[],"flankLengths":[0],"singleModeLengthSweep":false,"bindingModes":[{"maxFlankLength":-1,"positionBiasBinWidth":1,"optimizeSizeHeuristic":false,"maxSize":-1,"optimizeFlankLength":false,"symmetryString":"null","roundSpecificActivity":true,"informationThreshold":0.1,"optimizeMotifShift":false,"fittingStages":[],"optimizeMotifShiftHeuristic":false,"experimentSpecificPositionBias":true,"minSize":-1,"experimentSpecificActivity":true,"optimizeSize":false}]}}
