{"modelSettings":{"letterOrder":"ACGTN","bindingModeInteractions":[],"bindingModes":[{"size":17,"fitLogActivity":true,"flankLength":0,"dinucleotideDistance":0,"componentName":"Binding mode 1","positionBias":false,"singleStrand":false,"modifications":[]}],"letterComplement":"C-G,A-T,N-N"},"coefficients":{"bindingModeInteractions":[],"bindingModes":[{"mononucleotide":[-0.3557897745184473,0,-0.1691803901425981,-0.008719473488524088,-0.12321482055032687,-0.26098988450693916,0,-0.24257510239247715,-0.36854186893962826,-0.20867504627428204,-0.5891393834156755,-0.1881115049275479,-1.3748690200072282,0,-0.4169560318698047,-0.5354370983231878,-1.993388744850713,-3.0304296227807095,0,-0.8153480243382029,0,-2.776386363050314,-0.8660428542317273,-1.7650783147089237,-0.8830680405065098,0,-0.20791224928612273,-0.4611810345235483,-0.3591144215119897,-0.24171771416606025,0,-1.129455519405015,-0.14750955973296698,-3.2030216625576777,-0.5857725248543612,-0.36304163877406026,-0.5322839995986879,-2.694039875127956,0,-0.531697405611351,-0.26905876690408803,-0.9328612749232192,-2.754192578675256,0,-0.5882534574121079,0,-2.710455423157665,-2.81933986374606,-3.6490892096567924,-1.2446501678247845,0,-3.162233787231348,-2.668729930852885,-3.785070699668546,-1.2602093751956343,-3.7602716924269353,0,-3.392815608167187,-0.2326307232237914,-0.7714669123116974,0,-2.8718101976978954,-1.6836887896432433,-1.7331575129155743,-1.0363351650561952,-0.15079577099689612,-0.7356381338973206,-0.9340872289114577,0,-0.38119919856242646,-0.518278791707913,-1.0859269811024737,-1.2580261503583197,0,-0.5899825212298173,0,-0.4787354519978084,-0.6934598793236608,-0.3062807227978004,-0.337015894499485,0,-0.4742003151352181,-0.5234547849116913,-0.02642614335683824,-0.22665825493583064],"activity":[[0]],"dinucleotide":[],"positionBias":[],"modifications":[]}]},"modelFittingConstraints":{"enrichmentModel":[{}],"nShifts":0,"addBindingModesSequentially":true,"bindingModeInteractions":[],"flankLengths":[0],"singleModeLengthSweep":false,"bindingModes":[{"maxFlankLength":-1,"positionBiasBinWidth":1,"optimizeSizeHeuristic":false,"maxSize":-1,"optimizeFlankLength":false,"symmetryString":"null","roundSpecificActivity":true,"informationThreshold":0.1,"optimizeMotifShift":false,"fittingStages":[],"optimizeMotifShiftHeuristic":false,"experimentSpecificPositionBias":true,"minSize":-1,"experimentSpecificActivity":true,"optimizeSize":false}]}}
