{"modelSettings":{"letterOrder":"ACGTN","bindingModeInteractions":[],"bindingModes":[{"size":12,"fitLogActivity":true,"flankLength":0,"dinucleotideDistance":0,"componentName":"Binding mode 1","positionBias":false,"singleStrand":false,"modifications":[]}],"letterComplement":"C-G,A-T,N-N"},"coefficients":{"bindingModeInteractions":[],"bindingModes":[{"mononucleotide":[-0.15323046771157323,-0.47925909490540075,0,-0.681877322095453,-0.2934182273977833,-0.8642188412716627,-0.7668027232529746,-1.3130153902578794,0,-0.6185574317580486,-1.7082703051487123,-1.3109881524196805,0,-0.5606366008917925,-0.6824159576201748,0,-1.7677719188550425,-1.2293701124025054,-2.16279713977375,-0.930014051035341,-1.755173549129096,0,-1.4714307825963617,-2.474960091124191,-0.9897755970034531,-2.208036941886797,-2.3672785198922837,0,-2.3594626629692,-1.1253752482312007,-2.5155574149004165,-2.484649808457488,-2.10132284516974,0,-1.1343945551062942,-2.702885412306369,0,-2.263906926330135,-2.587095335044874,-1.166200469664477,0,-2.6206856321628424,-2.4520626339563982,-2.7928834102974514,-1.187350794993717,-2.0682016366753526,0,-1.201082096265866,-0.019589841293488064,-0.5075467660989655,-0.02151421968515521,0,-0.2465289687139931,-0.3365906886193244,-0.1408652503149916,0,-0.16896576808595842,-0.08173332567377933,-0.4728579000028095,-0.16567858999413584],"activity":[[0]],"dinucleotide":[],"positionBias":[],"modifications":[]}]},"modelFittingConstraints":{"enrichmentModel":[{}],"nShifts":0,"addBindingModesSequentially":true,"bindingModeInteractions":[],"flankLengths":[0],"singleModeLengthSweep":false,"bindingModes":[{"maxFlankLength":-1,"positionBiasBinWidth":1,"optimizeSizeHeuristic":false,"maxSize":-1,"optimizeFlankLength":false,"symmetryString":"null","roundSpecificActivity":true,"informationThreshold":0.1,"optimizeMotifShift":false,"fittingStages":[],"optimizeMotifShiftHeuristic":false,"experimentSpecificPositionBias":true,"minSize":-1,"experimentSpecificActivity":true,"optimizeSize":false}]}}
