{"modelSettings":{"letterOrder":"ACGTN","bindingModeInteractions":[],"bindingModes":[{"size":12,"fitLogActivity":true,"flankLength":0,"dinucleotideDistance":0,"componentName":"Binding mode 1","positionBias":false,"singleStrand":false,"modifications":[]}],"letterComplement":"C-G,A-T,N-N"},"coefficients":{"bindingModeInteractions":[],"bindingModes":[{"mononucleotide":[-0.24610993476380294,-0.3421430319178276,0,-0.217947819044082,-0.19350881702846487,-0.5654991797832105,0,-0.5094309097958449,-0.25583683927373535,-0.3068029826236777,-0.5190952483196796,-0.7325080607131924,0,-1.027036434417738,-0.4968294143718849,-0.35514504637519195,-1.159844221976225,0,-1.6330578189607068,-0.5933298374367244,-3.008472969511938,0,-2.9745481454818226,-1.7115226022369705,-1.1386313814689126,0,-3.890088270324149,-2.1828206309997764,-2.505295408649961,-1.1916999690109638,-2.0117838463134046,0,-1.8552958326784332,-1.6630636017657752,-0.9944456031696369,-1.2483552504893156,-2.0926531924409026,0,-1.7686738743261885,-0.9283033200687875,-1.1739903012222035,0,-1.816258171203652,-0.3613116895417807,-0.6122467323206475,-1.1314240964605942,-0.5846815879463643,0,-0.7893505193458155,-0.5387123323847869,-0.2891569904392526,0,-0.31076765155464514,-0.2311391307633759,-0.19985197838163837,-0.43838413778935914,0,-0.6501315702297594,-0.5218060204997932,-0.3708815122211604],"activity":[[0]],"dinucleotide":[],"positionBias":[],"modifications":[]}]},"modelFittingConstraints":{"enrichmentModel":[{}],"nShifts":0,"addBindingModesSequentially":true,"bindingModeInteractions":[],"flankLengths":[0],"singleModeLengthSweep":false,"bindingModes":[{"maxFlankLength":-1,"positionBiasBinWidth":1,"optimizeSizeHeuristic":false,"maxSize":-1,"optimizeFlankLength":false,"symmetryString":"null","roundSpecificActivity":true,"informationThreshold":0.1,"optimizeMotifShift":false,"fittingStages":[],"optimizeMotifShiftHeuristic":false,"experimentSpecificPositionBias":true,"minSize":-1,"experimentSpecificActivity":true,"optimizeSize":false}]}}
