{"modelSettings":{"letterOrder":"ACGTN","bindingModeInteractions":[],"bindingModes":[{"size":16,"fitLogActivity":true,"flankLength":0,"dinucleotideDistance":0,"componentName":"Binding mode 1","positionBias":false,"singleStrand":false,"modifications":[]}],"letterComplement":"C-G,A-T,N-N"},"coefficients":{"bindingModeInteractions":[],"bindingModes":[{"mononucleotide":[-1.1004722626119516,0,-0.7507447752156686,-0.9637231649301405,-0.6041300522586277,-0.5498332241566075,0,-0.19482336026387514,-0.7315576902545242,-0.3280927052777835,-0.7685043385540844,0,-0.2668634481340142,-1.3903817836255499,-0.47865536386254065,0,-2.219551319360918,-1.578414326774336,-2.228687130824354,-1.0337874338463142,-1.677253093140905,-2.452474407302243,-2.8389498124266352,0,-1.10002277329103,-2.330152090811187,-0.9310818674870305,0,-2.4917440343845056,-0.9325639684441607,0,-2.6507382252421405,-0.8249281482119315,-2.1932703978890133,-0.9036109045298877,-2.0043126197221683,0,-1.8930676032499454,-0.6092392428315208,-0.7824559042627016,-2.5596419645563415,-1.6320860918537292,0,-0.011398778666304565,-0.570257367796039,-0.38901321355506546,-1.852079149976725,-0.6759527736881168,0,-0.5347309930138221,-2.1220567061302065,0,-0.8421702395383086,-2.1938869576489326,-0.8782472655883289,0,-2.066859712120814,-0.5719033978907628,-2.15966454945824,-0.7949603730955006,-2.705739665369425,-0.5090899496111003,-2.400014929076396,0,-0.8217878163304306,0,-0.42913553361799206,-1.9920848487350993,-0.6633017992005525,-0.5522424029784575,-0.514922567724053,0,-0.7413595705701157,-0.6056501588216028,-0.423222317506675,-0.2865435007875865,-0.4952298688512453,-0.9810306287477593,0,-0.3800862522073812],"activity":[[0]],"dinucleotide":[],"positionBias":[],"modifications":[]}]},"modelFittingConstraints":{"enrichmentModel":[{}],"nShifts":0,"addBindingModesSequentially":true,"bindingModeInteractions":[],"flankLengths":[0],"singleModeLengthSweep":false,"bindingModes":[{"maxFlankLength":-1,"positionBiasBinWidth":1,"optimizeSizeHeuristic":false,"maxSize":-1,"optimizeFlankLength":false,"symmetryString":"null","roundSpecificActivity":true,"informationThreshold":0.1,"optimizeMotifShift":false,"fittingStages":[],"optimizeMotifShiftHeuristic":false,"experimentSpecificPositionBias":true,"minSize":-1,"experimentSpecificActivity":true,"optimizeSize":false}]}}
