{"modelSettings":{"letterOrder":"ACGTN","bindingModeInteractions":[],"bindingModes":[{"size":18,"fitLogActivity":true,"flankLength":0,"dinucleotideDistance":0,"componentName":"Binding mode 2","positionBias":false,"singleStrand":false,"modifications":[]}],"letterComplement":"C-G,A-T,N-N"},"coefficients":{"bindingModeInteractions":[],"bindingModes":[{"mononucleotide":[-1.0610762847711204,0,-0.6165428744562393,-1.0970079195880125,-0.588895695671917,-2.205032946337325,-0.30915660540163126,-2.50261395875029,0,-0.7307538251846147,0,-0.49622040848981674,-0.7392864375106338,-0.9090658122962587,-0.47434007562545705,0,-0.7582743379084214,-0.315344892021749,-1.8505501662034152,-0.529684820389264,-3.1222112441642706,-2.8585845224253754,-2.240296115698532,0,-1.1974636189994214,-3.7482862811808966,-1.455617159337388,-2.618919037380078,0,-1.1013439796725286,0,-2.3147275251861994,-0.9111150077057975,-1.8600001389677754,-0.8815624478030024,-0.1350236266216709,-0.1837653031038058,0,-0.25361893794878343,-0.1387409980705945,-0.40956252092534884,0,-0.15629959406889116,-0.34707699106003576,-0.21505309632364114,0,-0.16519676311972997,-0.011242202358625164,-0.03094580436612393,-0.04969568777149689,-0.27594609690388205,0,-0.24196389230634763,-0.2661554678547158,-0.1892681267469989,-0.23353252413977765,-0.10638887123742524,-0.3997576249342951,0,-0.17396973003241195,-0.19067024774340346,-0.5446171802991855,-0.6911422891524532,0,-0.3190102814222547,0,-1.371731702635366,-0.8673714212666779,-0.9575348865578639,-0.6647738028089657,0,-1.0604599282856264,-1.3805460941982308,-0.5931258925944816,-0.6206707498563133,-0.26771375791057483,-0.11917591571953112,-0.5498057617584267,0,-0.21386167297932202,0,-0.526285115796056,-0.4451323619336027,-0.24524255446356946,-0.283009735110406,0,-0.9963065021360018,-0.33296239755777224,-0.7467373758099112,-0.44630738151322485],"activity":[[0]],"dinucleotide":[],"positionBias":[],"modifications":[]}]},"modelFittingConstraints":{"enrichmentModel":[{}],"nShifts":0,"addBindingModesSequentially":true,"bindingModeInteractions":[],"flankLengths":[0],"singleModeLengthSweep":false,"bindingModes":[{"maxFlankLength":-1,"positionBiasBinWidth":1,"optimizeSizeHeuristic":false,"maxSize":-1,"optimizeFlankLength":false,"symmetryString":"null","roundSpecificActivity":true,"informationThreshold":0.1,"optimizeMotifShift":false,"fittingStages":[],"optimizeMotifShiftHeuristic":false,"experimentSpecificPositionBias":true,"minSize":-1,"experimentSpecificActivity":true,"optimizeSize":false}]}}
