{"modelSettings":{"letterOrder":"ACGTN","bindingModeInteractions":[],"bindingModes":[{"size":14,"fitLogActivity":true,"flankLength":0,"dinucleotideDistance":0,"componentName":"Binding mode 2","positionBias":false,"singleStrand":false,"modifications":[]}],"letterComplement":"C-G,A-T,N-N"},"coefficients":{"bindingModeInteractions":[],"bindingModes":[{"mononucleotide":[-0.7725425927311611,-0.5034102179011644,0,-0.5146743062204866,-0.4064662392967542,-1.3175181210822977,-0.26501219539637155,-1.3280093343424966,0,-0.553385243406265,-0.06216043674013427,0,-0.7864702382321647,-1.8704657677118277,-0.450501600167952,0,-1.9738872707271353,-1.2422475212584514,-3.3853677973301384,-1.0068204243482946,-3.0951029046264456,-3.090618235996576,-1.9115880655942785,0,-1.172321050067406,-4.0025345938769945,-1.7358903899421154,-3.1367006392543892,0,-1.1728470107970614,0,-3.7769039986722284,-1.7027679501365576,-2.7060681657901027,-1.1458053496718876,-0.4710238508445981,-0.1860457195405738,0,-0.9362420591184573,-0.3401350298117026,-1.141388170413408,-0.09413303851044752,0,-0.5668982063257224,-0.3578115398371294,-0.24963142903240065,-0.11997177026248718,0,-0.14184205441441478,-0.1239229424996047,-0.16517129856344948,0,-0.04093482664017678,-0.01465983594345932,-0.05311409390400891,-0.09899983269407908,-0.011733036990088763,0,-0.13368245968259274,-0.05949891795270535,-0.07843160696832552,0,-0.04050857397803931,-0.03857938948578177,-0.03899513841522684,-0.012832654569072233,-0.020991090796775858,0,-0.15686518150924922,-0.0457046457984944],"activity":[[0]],"dinucleotide":[],"positionBias":[],"modifications":[]}]},"modelFittingConstraints":{"enrichmentModel":[{}],"nShifts":0,"addBindingModesSequentially":true,"bindingModeInteractions":[],"flankLengths":[0],"singleModeLengthSweep":false,"bindingModes":[{"maxFlankLength":-1,"positionBiasBinWidth":1,"optimizeSizeHeuristic":false,"maxSize":-1,"optimizeFlankLength":false,"symmetryString":"null","roundSpecificActivity":true,"informationThreshold":0.1,"optimizeMotifShift":false,"fittingStages":[],"optimizeMotifShiftHeuristic":false,"experimentSpecificPositionBias":true,"minSize":-1,"experimentSpecificActivity":true,"optimizeSize":false}]}}
