{"modelSettings":{"letterOrder":"ACGTN","bindingModeInteractions":[],"bindingModes":[{"size":12,"fitLogActivity":true,"flankLength":0,"dinucleotideDistance":0,"componentName":"Binding mode 1","positionBias":false,"singleStrand":false,"modifications":[]}],"letterComplement":"C-G,A-T,N-N"},"coefficients":{"bindingModeInteractions":[],"bindingModes":[{"mononucleotide":[-0.8144728737460505,-0.6113806730017646,-0.8249555804640578,0,-0.5009873571061546,-2.107836160128994,-0.6996468617241471,-1.6944912832917303,0,-0.7974227622852208,0,-1.6542056720552405,-2.1446076581337192,-1.3422419153414111,-0.9354626104587647,0,-1.020746805863515,-2.19016240757784,-1.6967532925230016,-0.8821901184186737,-2.2610592271819994,0,-1.9178220589918644,-1.7750547313558958,-1.035186325448154,-1.8850518089170047,0,-2.3745458537121102,-1.4159742435673617,-0.9891524653738955,-1.6005597274608916,0,-1.917754311887677,-1.7376763776770185,-0.964530255526733,-1.8591165303879937,-1.075409450126903,-1.4101738705947304,0,-0.8317950111848107,-1.7433444832338787,-1.9358269581606198,-1.7631901444955926,0,-0.98702431492988,-1.5209243310460767,-1.3125687673450845,-1.5746512996908355,0,-0.8587783551782674,-0.26768060793954307,0,-0.7980887783131947,-0.28052681799313506,-0.2974878712087125,-0.004656655381898744,0,-0.13285846963292247,-0.07467982519939298,-0.051560764424789185],"activity":[[0]],"dinucleotide":[],"positionBias":[],"modifications":[]}]},"modelFittingConstraints":{"enrichmentModel":[{}],"nShifts":0,"addBindingModesSequentially":true,"bindingModeInteractions":[],"flankLengths":[0],"singleModeLengthSweep":false,"bindingModes":[{"maxFlankLength":-1,"positionBiasBinWidth":1,"optimizeSizeHeuristic":false,"maxSize":-1,"optimizeFlankLength":false,"symmetryString":"null","roundSpecificActivity":true,"informationThreshold":0.1,"optimizeMotifShift":false,"fittingStages":[],"optimizeMotifShiftHeuristic":false,"experimentSpecificPositionBias":true,"minSize":-1,"experimentSpecificActivity":true,"optimizeSize":false}]}}
