{"modelSettings":{"letterOrder":"ACGTN","bindingModeInteractions":[],"bindingModes":[{"size":16,"fitLogActivity":true,"flankLength":0,"dinucleotideDistance":0,"componentName":"Binding mode 1","positionBias":false,"singleStrand":false,"modifications":[]}],"letterComplement":"C-G,A-T,N-N"},"coefficients":{"bindingModeInteractions":[],"bindingModes":[{"mononucleotide":[-0.10022505554127381,-0.3673816148343434,0,-0.16748384765856805,-0.1499600673074736,-1.188221353014848,-0.48229395106320894,-1.3873793986665657,0,-0.6107116631626606,-1.2482211238706657,-1.8275425377939887,0,-1.541972136523635,-0.878403901298116,-0.4472209780263503,-1.2545867641902237,0,-0.9651590211248671,-0.550988592854832,-0.0906247745456712,0,-1.9982559249590177,-1.5606665400553053,-0.5714040229897406,-2.3411618984371736,0,-2.8536344092521886,-2.057562062779296,-1.1381731049436246,-1.6652926356866407,-1.1375000254031509,-1.743482208582368,0,-0.864727553840353,-1.5361296227044652,-1.8557971515487233,-2.4995697360294007,0,-1.0122091281334002,-2.5928117584072408,-0.9471930973159424,-2.645892409170321,0,-0.9586898110603929,-1.3306587588785703,-1.800299956942243,0,-1.8784513627940087,-0.92736494993522,-0.07964736305037334,-0.4274578818698753,0,-0.6631369129153741,-0.25785167108403606,-0.10264208028793842,0,-2.0810551087568627,-1.2735622692204318,-0.5503111026558064,-1.989520734414811,0,-2.465605472031872,-2.504476679135258,-1.1212899742675706,-1.413390430920769,-0.0029314386570780115,-1.576546084528521,0,-0.49139989082913593,-0.5789278275206238,-0.07412930643368032,-0.40695337121226327,0,-0.2373927647173548,-0.2530815226208709,-0.4132518878795972,-0.47686348249002464,0,-0.2683280792853365],"activity":[[0]],"dinucleotide":[],"positionBias":[],"modifications":[]}]},"modelFittingConstraints":{"enrichmentModel":[{}],"nShifts":0,"addBindingModesSequentially":true,"bindingModeInteractions":[],"flankLengths":[0],"singleModeLengthSweep":false,"bindingModes":[{"maxFlankLength":-1,"positionBiasBinWidth":1,"optimizeSizeHeuristic":false,"maxSize":-1,"optimizeFlankLength":false,"symmetryString":"null","roundSpecificActivity":true,"informationThreshold":0.1,"optimizeMotifShift":false,"fittingStages":[],"optimizeMotifShiftHeuristic":false,"experimentSpecificPositionBias":true,"minSize":-1,"experimentSpecificActivity":true,"optimizeSize":false}]}}
