{"modelSettings":{"letterOrder":"ACGTN","bindingModeInteractions":[],"bindingModes":[{"size":15,"fitLogActivity":true,"flankLength":0,"dinucleotideDistance":0,"componentName":"Binding mode 1","positionBias":false,"singleStrand":false,"modifications":[]}],"letterComplement":"C-G,A-T,N-N"},"coefficients":{"bindingModeInteractions":[],"bindingModes":[{"mononucleotide":[-0.20788558429550008,-0.6330745954652341,-0.6229802534150393,0,-0.3286428279335187,0,-0.3037322076989124,-0.5411535355573935,-0.03849434258879292,-0.1977280129101679,-0.4732620302904387,-1.2204903107013934,-1.1824548456607218,0,-0.5867273047159899,0,-0.5019566930435104,-0.46720700040359553,-0.1570741340179982,-0.2591801185554826,0,-0.4530349561770075,-0.44361356357472737,-0.6752827472391187,-0.36153611729845564,-0.3820833917447404,-0.6737442944318062,-0.37341578682786825,0,-0.32829114925794994,-1.4877576129958472,0,-0.8520914785270284,-0.34105632961039234,-0.5261848975277098,-1.5066228564184518,-0.14732195546636717,-1.2352206935746848,0,-0.5211100156833645,0,-1.6898646347727024,-1.6975416223652458,-2.5434024601874934,-1.0173022453629519,0,-2.584254257997622,-2.5776256621354157,-3.9255580089228035,-1.2283187931266144,-4.34320590485064,-3.4273918471150187,-3.922697121729306,0,-1.3230811158612035,-2.5771689232407735,-1.9999150094396936,-2.464531050169705,0,-1.1267152542631411,0,-2.543737351066407,-1.996567528277839,-2.0628096354463055,-1.092528939038193,0,-0.36860059389024347,-0.03226268637361862,-0.23296969245598653,-0.14730252104845376,-0.49745482316189626,0,-0.12128620874992979,-0.23507409313937266,-0.1971198022660634],"activity":[[0]],"dinucleotide":[],"positionBias":[],"modifications":[]}]},"modelFittingConstraints":{"enrichmentModel":[{}],"nShifts":0,"addBindingModesSequentially":true,"bindingModeInteractions":[],"flankLengths":[0],"singleModeLengthSweep":false,"bindingModes":[{"maxFlankLength":-1,"positionBiasBinWidth":1,"optimizeSizeHeuristic":false,"maxSize":-1,"optimizeFlankLength":false,"symmetryString":"null","roundSpecificActivity":true,"informationThreshold":0.1,"optimizeMotifShift":false,"fittingStages":[],"optimizeMotifShiftHeuristic":false,"experimentSpecificPositionBias":true,"minSize":-1,"experimentSpecificActivity":true,"optimizeSize":false}]}}
