{"modelSettings":{"letterOrder":"ACGTN","bindingModeInteractions":[],"bindingModes":[{"size":12,"fitLogActivity":true,"flankLength":0,"dinucleotideDistance":0,"componentName":"Binding mode 1","positionBias":false,"singleStrand":false,"modifications":[]}],"letterComplement":"C-G,A-T,N-N"},"coefficients":{"bindingModeInteractions":[],"bindingModes":[{"mononucleotide":[-0.20307938696342998,0,-0.08305326990100603,-0.22778530316446943,-0.12420055568233498,-0.24316139961740912,0,-0.15494071396228293,-0.24822402706607782,-0.1564210779408678,-0.2994970832246331,-0.23625630749620985,0,-0.33772652541268844,-0.2094380544306459,-0.2122606272549552,0,-0.6082243673900898,-0.1040328067524321,-0.20632756830334487,-2.1006316778258456,-2.9427208171837616,-2.7626711977403238,0,-1.172616173307899,0,-2.420243829295017,-2.2062633415445254,-2.2733939761937543,-1.1224132453850937,0,-3.331792259396521,-2.4643687130716403,-3.589791151495897,-1.2479284961360555,-3.3636397698055984,-3.8738238071960214,-1.2243063816379367,0,-1.0866718474570625,-3.3379249543069682,0,-2.4607131188573748,-0.7208184450508055,-0.9117767765227215,-1.867472554105583,0,-1.1743802701730646,-0.7839318333849685,-0.7339007966991056,-0.3961071147313877,-0.20501964735633926,0,-0.3414655912766795,-0.22367686718659727,-0.1425423512666133,0,-0.2237159935211004,-0.037710594050958335,-0.09714860313921032],"activity":[[0]],"dinucleotide":[],"positionBias":[],"modifications":[]}]},"modelFittingConstraints":{"enrichmentModel":[{}],"nShifts":0,"addBindingModesSequentially":true,"bindingModeInteractions":[],"flankLengths":[0],"singleModeLengthSweep":false,"bindingModes":[{"maxFlankLength":-1,"positionBiasBinWidth":1,"optimizeSizeHeuristic":false,"maxSize":-1,"optimizeFlankLength":false,"symmetryString":"null","roundSpecificActivity":true,"informationThreshold":0.1,"optimizeMotifShift":false,"fittingStages":[],"optimizeMotifShiftHeuristic":false,"experimentSpecificPositionBias":true,"minSize":-1,"experimentSpecificActivity":true,"optimizeSize":false}]}}
