{"modelSettings":{"letterOrder":"ACGTN","bindingModeInteractions":[],"bindingModes":[{"size":14,"fitLogActivity":true,"flankLength":0,"dinucleotideDistance":0,"componentName":"Binding mode 1","positionBias":false,"singleStrand":false,"modifications":[]}],"letterComplement":"C-G,A-T,N-N"},"coefficients":{"bindingModeInteractions":[],"bindingModes":[{"mononucleotide":[-0.2235571845310389,-0.3075683799541693,0,-0.2586769612866302,-0.19026074555181297,-0.11246863300311283,0,-0.03863964284905386,-0.10902985409568977,-0.06389169859105698,-0.03473651622780061,-0.03230359589745113,-0.028452821298126096,0,-0.023775251788405435,-0.15494693353969957,-0.26963628746224266,0,-0.09512168433820989,-0.1251721129900934,0,-0.06922488232112123,-0.19444402462344001,-0.1615832560906032,-0.10336119045759071,0,-0.5175662507274725,-0.37944305187852434,-1.180825228630138,-0.4357038955539564,-3.225033757187277,0,-3.1214905056769773,-2.797745870852946,-1.251070411652868,0,-3.603744274314585,-2.952248158138022,-3.5055640344089385,-1.2824086860967934,-2.744209744743974,0,-0.9876267502790328,-0.8816721855986343,-0.7706501388858605,-2.642327511468556,0,-0.2927089269122334,-2.22804155618176,-0.7312780532168224,-3.048830934318644,-2.4837378864698456,-2.6473415816881536,0,-1.202570127629706,-2.9139526501464017,-3.1167526516403448,0,-2.887649225852572,-1.2428274298496018,-0.6109959110450163,0,-0.5119423573204314,-0.33387380449093396,-0.3360727435752334,0,-0.2683417178089118,-0.22018666177329083,-0.24642871392254273,-0.17775125714158688],"activity":[[0]],"dinucleotide":[],"positionBias":[],"modifications":[]}]},"modelFittingConstraints":{"enrichmentModel":[{}],"nShifts":0,"addBindingModesSequentially":true,"bindingModeInteractions":[],"flankLengths":[0],"singleModeLengthSweep":false,"bindingModes":[{"maxFlankLength":-1,"positionBiasBinWidth":1,"optimizeSizeHeuristic":false,"maxSize":-1,"optimizeFlankLength":false,"symmetryString":"null","roundSpecificActivity":true,"informationThreshold":0.1,"optimizeMotifShift":false,"fittingStages":[],"optimizeMotifShiftHeuristic":false,"experimentSpecificPositionBias":true,"minSize":-1,"experimentSpecificActivity":true,"optimizeSize":false}]}}
