{"modelSettings":{"letterOrder":"ACGTN","bindingModeInteractions":[],"bindingModes":[{"size":12,"fitLogActivity":true,"flankLength":0,"dinucleotideDistance":0,"componentName":"Binding mode 1","positionBias":false,"singleStrand":false,"modifications":[]}],"letterComplement":"C-G,A-T,N-N"},"coefficients":{"bindingModeInteractions":[],"bindingModes":[{"mononucleotide":[-0.2721661121555581,0,-0.07491397280927359,-0.2592839073497206,-0.14469202798258649,-0.15075806454090213,-0.4756619482025215,0,-0.026307792863272894,-0.14630852192794913,-2.7074511023922097,-1.3583111869181277,-2.30977596218865,0,-1.0334675173476138,-1.5066350807389632,-2.7828242476423166,0,-3.0528721831915258,-1.100558271304282,0,-1.344084138898749,-1.073062305946948,-2.50297967376639,-0.8647787166372054,-2.470340501665544,0,-3.45985919197987,-1.8621464747196779,-1.1462314788421695,-0.7995116516490253,0,-3.330382268334427,-3.2101195521207257,-0.9638543711872083,-3.023292457986924,-2.938962347760063,-2.7812193561171688,0,-1.2348407495278964,-1.498706159921837,-2.577908210957058,-2.9459041349614883,0,-1.08477873736019,-1.0422510315217473,-1.2052466646481221,-2.7127653132004053,0,-0.8447662649989123,0,-0.5054609124877647,-0.5374579046381065,-0.4491336975910105,-0.3475595497533345,-0.02193824530334343,0,-0.09699026873852823,-0.339842352011944,-0.10598625960202199],"activity":[[0]],"dinucleotide":[],"positionBias":[],"modifications":[]}]},"modelFittingConstraints":{"enrichmentModel":[{}],"nShifts":0,"addBindingModesSequentially":true,"bindingModeInteractions":[],"flankLengths":[0],"singleModeLengthSweep":false,"bindingModes":[{"maxFlankLength":-1,"positionBiasBinWidth":1,"optimizeSizeHeuristic":false,"maxSize":-1,"optimizeFlankLength":false,"symmetryString":"null","roundSpecificActivity":true,"informationThreshold":0.1,"optimizeMotifShift":false,"fittingStages":[],"optimizeMotifShiftHeuristic":false,"experimentSpecificPositionBias":true,"minSize":-1,"experimentSpecificActivity":true,"optimizeSize":false}]}}
