{"modelSettings":{"letterOrder":"ACGTN","bindingModeInteractions":[],"bindingModes":[{"size":12,"fitLogActivity":true,"flankLength":0,"dinucleotideDistance":0,"componentName":"Binding mode 1","positionBias":false,"singleStrand":false,"modifications":[]}],"letterComplement":"C-G,A-T,N-N"},"coefficients":{"bindingModeInteractions":[],"bindingModes":[{"mononucleotide":[-0.09125708705390334,-0.41080897242878045,0,-0.17920838771070713,-0.15904605753031859,-0.3495954981338958,0,-0.3587398573426661,-0.35052162423600475,-0.2523632405425345,-0.6188739035888586,-0.0938363927401733,0,-0.8381423126313106,-0.32798492695972375,-0.6771752933911266,0,-0.37297183025842706,-0.5388479971300271,-0.3637878021291898,-3.8327426289255966,-4.0598187725033315,-4.292985604406699,0,-1.335063017138285,0,-1.799272508664905,-2.234696589366415,-5.916285415248905,-1.1432391877124264,0,-3.328099734092765,-2.2239501503014036,-5.198515337153585,-1.2469091160775083,-1.1028823673112012,-2.153842368078349,-1.2981832077671562,0,-0.8434017279596053,-1.2040817772353636,-0.49424488322171634,-0.49591952980138565,0,-0.4624286580929372,-0.545990373542713,-1.9465348933516813,0,-1.6917133154940673,-0.741161968969032,-0.516300049479745,0,-0.042782356297918156,-0.38599469151200516,-0.21238341559197982,-0.5069198769723426,0,-0.31625576186951143,-0.05637307034799388,-0.19954681703738317],"activity":[[0]],"dinucleotide":[],"positionBias":[],"modifications":[]}]},"modelFittingConstraints":{"enrichmentModel":[{}],"nShifts":0,"addBindingModesSequentially":true,"bindingModeInteractions":[],"flankLengths":[0],"singleModeLengthSweep":false,"bindingModes":[{"maxFlankLength":-1,"positionBiasBinWidth":1,"optimizeSizeHeuristic":false,"maxSize":-1,"optimizeFlankLength":false,"symmetryString":"null","roundSpecificActivity":true,"informationThreshold":0.1,"optimizeMotifShift":false,"fittingStages":[],"optimizeMotifShiftHeuristic":false,"experimentSpecificPositionBias":true,"minSize":-1,"experimentSpecificActivity":true,"optimizeSize":false}]}}
