{"modelSettings":{"letterOrder":"ACGTN","bindingModeInteractions":[],"bindingModes":[{"size":14,"fitLogActivity":true,"flankLength":0,"dinucleotideDistance":0,"componentName":"Binding mode 1","positionBias":false,"singleStrand":false,"modifications":[]}],"letterComplement":"C-G,A-T,N-N"},"coefficients":{"bindingModeInteractions":[],"bindingModes":[{"mononucleotide":[0,-0.23356857303433287,-0.0028559169088708813,-0.44591857404628055,-0.15400021013297327,-0.1308450080956618,-0.8008249245326251,-0.8961193773852552,0,-0.3803594090854652,-1.8988877378291393,0,-0.7751985382825453,-1.2935555452354714,-0.7525569152027879,0,-3.435511905202162,-3.2314503239021626,-3.7131874514865566,-1.2945279860445253,0,-2.798875121152168,-3.6534511264251215,-3.518004844170484,-1.2761505283425332,-3.5142555048666546,-3.776402196729151,0,-0.20261537758957449,-0.7607478948274096,-1.3576991719196494,-3.1977338027001396,0,-0.9902391969368836,-0.8737135817070865,-1.0260552285320603,-0.8677353864966966,-0.7238986361874753,0,-0.5695244642442177,-1.7503198546829015,0,-3.0017313599577986,-1.2292779227467854,-0.9702698500837922,0,-1.868656411396442,-0.5231511031739977,-2.1966492388706342,-0.7667097432502127,-0.3776649527982494,-0.5334153474389884,-0.5318977841322168,0,-0.3356310650093672,-0.8686454731028377,-1.0464859425955826,-0.7899350474592204,0,-0.5867337330286665,-0.6022844928258291,-0.10831475942564417,-0.4456121131489539,0,-0.2596336160022763,-0.18096267664996546,-0.07615628825391152,-0.30336626676307255,0,-0.13368383504396814],"activity":[[0]],"dinucleotide":[],"positionBias":[],"modifications":[]}]},"modelFittingConstraints":{"enrichmentModel":[{}],"nShifts":0,"addBindingModesSequentially":true,"bindingModeInteractions":[],"flankLengths":[0],"singleModeLengthSweep":false,"bindingModes":[{"maxFlankLength":-1,"positionBiasBinWidth":1,"optimizeSizeHeuristic":false,"maxSize":-1,"optimizeFlankLength":false,"symmetryString":"null","roundSpecificActivity":true,"informationThreshold":0.1,"optimizeMotifShift":false,"fittingStages":[],"optimizeMotifShiftHeuristic":false,"experimentSpecificPositionBias":true,"minSize":-1,"experimentSpecificActivity":true,"optimizeSize":false}]}}
