{"modelSettings":{"letterOrder":"ACGTN","bindingModeInteractions":[],"bindingModes":[{"size":12,"fitLogActivity":true,"flankLength":0,"dinucleotideDistance":0,"componentName":"Binding mode 1","positionBias":false,"singleStrand":false,"modifications":[]}],"letterComplement":"C-G,A-T,N-N"},"coefficients":{"bindingModeInteractions":[],"bindingModes":[{"mononucleotide":[-0.8368427351734753,0,-0.8643318352187337,-0.4973237800603929,-0.4850909837685267,0,-1.1433115006766994,-1.273755365302136,-1.1050710243604907,-0.7289152874024394,0,-1.672302771388663,-1.5726368837868403,-1.6816176278528299,-0.9279938694244692,-1.8613145983316008,0,-2.0111627365504647,-1.8696774849990851,-1.0192413297280303,0,-2.02800341177688,-2.3986246969683784,-2.273240537010279,-1.1045659177593201,-1.4730235157714477,-2.0414689497384786,0,-1.9630414070861528,-0.981162734512461,-1.8874432320773202,-1.935401776838627,0,-1.845886833149469,-1.0121754147774031,-2.08311356044438,-2.2557992448178927,-2.214432582980686,0,-1.0947096157658986,-1.119722288456051,-2.0218454282530636,0,-1.419866411479398,-0.8553557977227034,-1.4410515281896643,-1.344518778812494,0,-0.5531229785298457,-0.6575413163079009,-0.8657853568350826,-0.2921703042239745,-0.6113055792636057,0,-0.3893441321260948,-0.3159090049031583,-0.2577851369113606,-0.7082057976129645,0,-0.2895457598288802],"activity":[[0]],"dinucleotide":[],"positionBias":[],"modifications":[]}]},"modelFittingConstraints":{"enrichmentModel":[{}],"nShifts":0,"addBindingModesSequentially":true,"bindingModeInteractions":[],"flankLengths":[0],"singleModeLengthSweep":false,"bindingModes":[{"maxFlankLength":-1,"positionBiasBinWidth":1,"optimizeSizeHeuristic":false,"maxSize":-1,"optimizeFlankLength":false,"symmetryString":"null","roundSpecificActivity":true,"informationThreshold":0.1,"optimizeMotifShift":false,"fittingStages":[],"optimizeMotifShiftHeuristic":false,"experimentSpecificPositionBias":true,"minSize":-1,"experimentSpecificActivity":true,"optimizeSize":false}]}}
