{"modelSettings":{"letterOrder":"ACGTN","bindingModeInteractions":[],"bindingModes":[{"size":12,"fitLogActivity":true,"flankLength":0,"dinucleotideDistance":0,"componentName":"Binding mode 1","positionBias":false,"singleStrand":false,"modifications":[]}],"letterComplement":"C-G,A-T,N-N"},"coefficients":{"bindingModeInteractions":[],"bindingModes":[{"mononucleotide":[-0.21838942151458962,0,-0.25514513707149344,-0.23697538345988267,-0.17208598750020218,-0.3004432281614786,-0.11900415667558928,0,-0.518659859821299,-0.21579192978473313,-0.885148068058947,-0.5548927541277622,-0.8953940053385709,0,-0.5128136251266892,-1.7198955892267644,-1.3149464587179063,-2.7670786424464247,0,-0.973907348815091,0,-2.8704522103967696,-2.324504100403523,-3.1307587834180923,-1.2054823790987261,0,-2.7966990176109405,-3.327484849759663,-3.8418058057223066,-1.2744406972680504,-0.6582594211001225,-2.0379676889418423,-0.6885951244012571,0,-0.6206748127992121,-0.7607755139791963,-0.4816017910170949,-1.007588675533956,0,-0.49012666679505257,-0.7200871166547214,-2.6091677454007565,0,-2.3104429777382647,-0.8797642018361268,-0.5572838791450194,-0.03945239161309644,0,-0.30595921394139136,-0.20135300553610602,-0.6497143018556559,-0.26592286621028727,-0.6054568618300844,0,-0.3444223866115561,-0.3103553512701209,-0.10760923366066155,-0.24868671230401507,0,-0.15929206985460215],"activity":[[0]],"dinucleotide":[],"positionBias":[],"modifications":[]}]},"modelFittingConstraints":{"enrichmentModel":[{}],"nShifts":0,"addBindingModesSequentially":true,"bindingModeInteractions":[],"flankLengths":[0],"singleModeLengthSweep":false,"bindingModes":[{"maxFlankLength":-1,"positionBiasBinWidth":1,"optimizeSizeHeuristic":false,"maxSize":-1,"optimizeFlankLength":false,"symmetryString":"null","roundSpecificActivity":true,"informationThreshold":0.1,"optimizeMotifShift":false,"fittingStages":[],"optimizeMotifShiftHeuristic":false,"experimentSpecificPositionBias":true,"minSize":-1,"experimentSpecificActivity":true,"optimizeSize":false}]}}
