{"modelSettings":{"letterOrder":"ACGTN","bindingModeInteractions":[],"bindingModes":[{"size":18,"fitLogActivity":true,"flankLength":0,"dinucleotideDistance":0,"componentName":"Binding mode 1","positionBias":false,"singleStrand":false,"modifications":[]}],"letterComplement":"C-G,A-T,N-N"},"coefficients":{"bindingModeInteractions":[],"bindingModes":[{"mononucleotide":[-0.16734270462018763,0,-0.028041649852166728,-0.07631946198071216,-0.06593210408967186,-0.2815291361701977,-0.05237214381234612,-0.11499726909376662,0,-0.10675783806561247,-1.0361288121116519,-0.13118134593302955,-1.1250549063219357,0,-0.4476478034973226,-0.0686170902802985,-0.38153733322426575,0,-1.3137992365085824,-0.3266682831081229,0,-0.8652660977530298,-0.08352305948138561,-2.333571924478891,-0.49521550013934207,-2.9711875284665865,-3.545042397762238,0,-2.738147171229719,-1.2510644847863899,-2.987337371170035,-4.024591344518294,-0.998676574001848,0,-1.0239741780002969,-0.08849747228914495,-2.8684723963231225,0,-1.2267320732093032,-0.5685693434995663,-3.732463480492161,0,-3.4416502346492894,-3.236229537115727,-1.295304904708734,0,-3.2764945684655444,-0.9447120104300568,-1.7585081141987042,-0.9170074631031435,-0.42185398144468866,0,-0.4914152548044557,-0.016236674714560806,-0.2071827889445028,-0.25426838969442755,-0.2598354601832762,0,-0.4056469053903635,-0.21902467469510717,-0.5875065161073447,-0.3286222003990824,-0.9935480338292675,0,-0.4132880684781411,-0.9167527152001123,-0.9634637083007878,0,-0.606496449553819,-0.5418683067769825,-0.2814606174301604,0,-0.43154569207482574,-0.03848010631789833,-0.17243978226933096,0,-0.299805153277938,-0.7570813640298857,-0.841462552803951,-0.415108127251908,-0.9650165226038228,0,-0.8706242991467175,-1.1388999220074862,-0.6349546781809506,-1.0135099042415945,-0.10448413285986913,-0.4788840327480175,0,-0.32739140281153334],"activity":[[0]],"dinucleotide":[],"positionBias":[],"modifications":[]}]},"modelFittingConstraints":{"enrichmentModel":[{}],"nShifts":0,"addBindingModesSequentially":true,"bindingModeInteractions":[],"flankLengths":[0],"singleModeLengthSweep":false,"bindingModes":[{"maxFlankLength":-1,"positionBiasBinWidth":1,"optimizeSizeHeuristic":false,"maxSize":-1,"optimizeFlankLength":false,"symmetryString":"null","roundSpecificActivity":true,"informationThreshold":0.1,"optimizeMotifShift":false,"fittingStages":[],"optimizeMotifShiftHeuristic":false,"experimentSpecificPositionBias":true,"minSize":-1,"experimentSpecificActivity":true,"optimizeSize":false}]}}
