{"modelSettings":{"letterOrder":"ACGTN","bindingModeInteractions":[],"bindingModes":[{"size":18,"fitLogActivity":true,"flankLength":0,"dinucleotideDistance":0,"componentName":"Binding mode 1","positionBias":false,"singleStrand":false,"modifications":[]}],"letterComplement":"C-G,A-T,N-N"},"coefficients":{"bindingModeInteractions":[],"bindingModes":[{"mononucleotide":[-0.3159222119346401,-0.12273122235894185,-0.15722038846850506,0,-0.14267788253670552,-1.3560661141595596,-0.6017722934785725,-1.7542989272994916,0,-0.7039347642320352,-2.0958158386836176,-2.40299457949709,-1.3452454656819182,0,-0.9983876101805971,-1.7010485378961662,-1.9884540323668702,0,-1.837558384305172,-0.9951955150595042,-2.882809162421201,-1.656671219000957,0,-2.0164047412056894,-1.0642952768383178,-1.7865830549687673,0,-2.7620080325142355,-2.6771269830950146,-1.124347981172967,0,-1.477865026749167,-0.8697920559847514,-0.8882270586382512,-0.6642937960883482,-0.05098551804909679,0,-0.38201377238176093,-0.19934974061224953,-0.14732859498757198,-0.06480192141399321,0,-0.0806438958310407,-0.13124596586729087,-0.06807081180533048,-0.13932578422368547,-0.008598035972795515,0,-0.049370359839990385,-0.04782249961131478,-0.31879772349532054,-0.528628508796869,-0.23280598420600107,0,-0.2520760051605317,-1.7002115195188192,-1.460290474148559,0,-0.4803581720743937,-0.6765971344985567,-2.421645876895537,0,-2.012253651787944,-1.9681256561879101,-1.0772073236781954,-1.7517305936514498,0,-1.9082496727142175,-2.134071031562038,-1.0215347535899757,0,-1.5991190175951455,-2.2657402409259513,-2.4156869827406284,-1.0533041557590237,0,-1.443491440101279,-0.5603963509842718,-1.2692927025406133,-0.6500326088108048,-0.07319677804072633,0,-0.021058991876841127,-0.2354422056991181,-0.0782857953100682,-0.029659090463221904,-0.6524169685460506,-0.507962128696541,0,-0.2570615313052384],"activity":[[0]],"dinucleotide":[],"positionBias":[],"modifications":[]}]},"modelFittingConstraints":{"enrichmentModel":[{}],"nShifts":0,"addBindingModesSequentially":true,"bindingModeInteractions":[],"flankLengths":[0],"singleModeLengthSweep":false,"bindingModes":[{"maxFlankLength":-1,"positionBiasBinWidth":1,"optimizeSizeHeuristic":false,"maxSize":-1,"optimizeFlankLength":false,"symmetryString":"null","roundSpecificActivity":true,"informationThreshold":0.1,"optimizeMotifShift":false,"fittingStages":[],"optimizeMotifShiftHeuristic":false,"experimentSpecificPositionBias":true,"minSize":-1,"experimentSpecificActivity":true,"optimizeSize":false}]}}
