{"modelSettings":{"letterOrder":"ACGTN","bindingModeInteractions":[],"bindingModes":[{"size":14,"fitLogActivity":true,"flankLength":0,"dinucleotideDistance":0,"componentName":"Binding mode 1","positionBias":false,"singleStrand":false,"modifications":[]}],"letterComplement":"C-G,A-T,N-N"},"coefficients":{"bindingModeInteractions":[],"bindingModes":[{"mononucleotide":[-0.553225888358325,-0.2366708057719542,0,-0.9645281431041015,-0.3763290745977843,-0.6606006355530925,0,-0.22967095141339566,-1.101313389950266,-0.41408833578290766,-1.2040377903931496,-0.37076110510608107,0,-1.2473711581690212,-0.5632387214117024,-0.5954437889853139,0,-1.1083860980158322,-1.6559510027642816,-0.6576258390723826,-0.8401040691936812,-0.20708285301215312,-1.9928781624001766,0,-0.5188072048827601,-2.2696792921167694,-3.151015837384812,0,-2.638794635445184,-1.1894116063730344,-2.7829526515267715,-3.2242919820118927,0,-2.798224257682443,-1.2356718863586802,-2.8205715489720085,0,-2.8368840028785027,-2.8039139061851475,-1.2218377601447439,-3.077599092270695,-3.2875383317799023,0,-2.946393455675894,-1.2588301491067826,-2.714339633021131,0,-2.9935656935474775,-1.7722978572970658,-1.1345251257202413,-3.1490481991554127,0,-2.9309860045718783,-0.23928735762460995,-0.7532019062542127,0,-1.431988354008471,-2.238718450113146,-0.5654805756227406,-0.7373521512057801,0,-0.28313332409921443,-0.542754072025839,-0.5164228405683753,-0.3108770368017398,-0.4327949786008878,-0.2619796713460918,0,-0.20705246040829284,-0.2134416606732694],"activity":[[0]],"dinucleotide":[],"positionBias":[],"modifications":[]}]},"modelFittingConstraints":{"enrichmentModel":[{}],"nShifts":0,"addBindingModesSequentially":true,"bindingModeInteractions":[],"flankLengths":[0],"singleModeLengthSweep":false,"bindingModes":[{"maxFlankLength":-1,"positionBiasBinWidth":1,"optimizeSizeHeuristic":false,"maxSize":-1,"optimizeFlankLength":false,"symmetryString":"null","roundSpecificActivity":true,"informationThreshold":0.1,"optimizeMotifShift":false,"fittingStages":[],"optimizeMotifShiftHeuristic":false,"experimentSpecificPositionBias":true,"minSize":-1,"experimentSpecificActivity":true,"optimizeSize":false}]}}
