{"modelSettings":{"letterOrder":"ACGTN","bindingModeInteractions":[],"bindingModes":[{"size":14,"fitLogActivity":true,"flankLength":0,"dinucleotideDistance":0,"componentName":"Binding mode 1","positionBias":false,"singleStrand":false,"modifications":[]}],"letterComplement":"C-G,A-T,N-N"},"coefficients":{"bindingModeInteractions":[],"bindingModes":[{"mononucleotide":[0,-0.5487754842990764,-0.36731264405012176,-0.234924966555762,-0.2675919131621586,0,-0.8901307733151214,-0.4047011236875848,-0.2768298489261065,-0.3439132470610185,-0.11186498397126954,-0.2734176563762709,-0.7674312358240805,0,-0.24873578050292466,-0.9978984652833018,-1.382231279344916,0,-1.4106763560609572,-0.7637577454148687,-2.0303944330054144,-2.2969892741983142,-2.0962325291395074,0,-1.0826674399544263,0,-2.4828567278488283,-2.295002366432526,-2.8836313651174974,-1.1710243030592686,0,-2.366203613162878,-2.6051118247595637,-2.717529302321764,-1.1762207501860822,-2.4435542895104287,0,-2.3227926075254763,-2.644283891470372,-1.1584360578610053,-2.5386056859663055,-2.6168912976452603,0,-2.230390686437079,-1.1555855730162317,-2.437087949849172,-2.632146715964239,0,-2.0042689226255495,-1.1284806554049724,-0.6971935262072657,-0.7414040721226813,-1.5475094009703465,0,-0.603670960067142,-0.4762134456928493,0,-2.0402668991108244,-0.19356556480849463,-0.44039018409657915,0,-0.5750095760235334,-0.5148118939941915,-0.010129425999627628,-0.23881756728397743,-0.25045727166098875,-0.5264079046482113,-0.6675198754145732,0,-0.32775882679332974],"activity":[[0]],"dinucleotide":[],"positionBias":[],"modifications":[]}]},"modelFittingConstraints":{"enrichmentModel":[{}],"nShifts":0,"addBindingModesSequentially":true,"bindingModeInteractions":[],"flankLengths":[0],"singleModeLengthSweep":false,"bindingModes":[{"maxFlankLength":-1,"positionBiasBinWidth":1,"optimizeSizeHeuristic":false,"maxSize":-1,"optimizeFlankLength":false,"symmetryString":"null","roundSpecificActivity":true,"informationThreshold":0.1,"optimizeMotifShift":false,"fittingStages":[],"optimizeMotifShiftHeuristic":false,"experimentSpecificPositionBias":true,"minSize":-1,"experimentSpecificActivity":true,"optimizeSize":false}]}}
