{"modelSettings":{"letterOrder":"ACGTN","bindingModeInteractions":[],"bindingModes":[{"size":13,"fitLogActivity":true,"flankLength":0,"dinucleotideDistance":0,"componentName":"Binding mode 1","positionBias":false,"singleStrand":false,"modifications":[]}],"letterComplement":"C-G,A-T,N-N"},"coefficients":{"bindingModeInteractions":[],"bindingModes":[{"mononucleotide":[0,-0.21591950741176813,-0.05654892936376665,-0.1865806897389568,-0.11076062338764309,-0.15465143589562746,0,-0.08751168996901448,-0.07223062255549983,-0.07708672817904838,0,-1.199835525174791,-0.4990605802011059,-0.5613735513156932,-0.478532098809069,-0.7412661484257557,0,-1.339279872070093,-2.2835675366613284,-0.7762764007962902,-2.0356530999665816,0,-0.5420810230064594,-3.486180765458511,-0.830830294716924,-3.348063759075589,-2.5093683395185105,0,-3.4054216495194654,-1.2468239721486964,-3.7767426411072167,-3.622879027511636,0,-0.705885026620968,-0.9523880315863095,0,-1.70343429768237,-4.174743125285823,-3.310204105541623,-1.1760779475189447,0,-1.6902948892998912,-2.3865720066739797,-0.6104124907205657,-0.7877127078327756,-0.3625330749684803,-1.4010624840098593,0,-2.5439183855507412,-0.6827987263496423,-1.3157262193613999,-0.4623436079550691,-1.4242705846331765,0,-0.6260638017359209,-0.1807454794052239,-0.1100809348065841,0,-0.1627204107058624,-0.11086503805898873,-0.1783359273761027,-0.03618758003549605,-0.0795354780633506,0,-0.07131719496974535],"activity":[[0]],"dinucleotide":[],"positionBias":[],"modifications":[]}]},"modelFittingConstraints":{"enrichmentModel":[{}],"nShifts":0,"addBindingModesSequentially":true,"bindingModeInteractions":[],"flankLengths":[0],"singleModeLengthSweep":false,"bindingModes":[{"maxFlankLength":-1,"positionBiasBinWidth":1,"optimizeSizeHeuristic":false,"maxSize":-1,"optimizeFlankLength":false,"symmetryString":"null","roundSpecificActivity":true,"informationThreshold":0.1,"optimizeMotifShift":false,"fittingStages":[],"optimizeMotifShiftHeuristic":false,"experimentSpecificPositionBias":true,"minSize":-1,"experimentSpecificActivity":true,"optimizeSize":false}]}}
