{"modelSettings":{"letterOrder":"ACGTN","bindingModeInteractions":[],"bindingModes":[{"size":12,"fitLogActivity":true,"flankLength":0,"dinucleotideDistance":0,"componentName":"Binding mode 1","positionBias":false,"singleStrand":false,"modifications":[]}],"letterComplement":"C-G,A-T,N-N"},"coefficients":{"bindingModeInteractions":[],"bindingModes":[{"mononucleotide":[-0.05799631877299749,0,-0.060747708356870156,-8.712023945838254E-4,-0.029469174588149783,-0.022852032603219108,-0.16864334769010814,0,-0.10932009751991956,-0.07293079183913118,-0.5753921491921434,-0.7863817034649463,-0.8989744921398062,0,-0.5004789289859402,-2.576931322922605,-2.5323690346824916,-3.188844678911522,0,-1.2067291989164928,-1.0065831901567517,-2.930491528651828,0,-4.084983414044539,-1.0246698323440266,-3.0061692584773114,-1.8208815309122561,-3.0438343312783696,0,-1.1559641568884527,-2.3389823834033505,-2.3185946696699604,-1.5185485338534437,0,-1.0399658061131443,-1.645863030370355,-2.1901714097008904,-0.38538026744883824,0,-0.7007079121107369,0,-2.0967107840743378,-0.6657958564513771,-0.7318309111742627,-0.6359393330660089,-1.8986921011351565,0,-1.258654267440677,-0.39378515633545463,-0.640412745143786,0,-0.26173626788743576,-0.19539987232791134,-0.22374564470167702,-0.16495183941014757,0,-0.22798510846455677,-0.37792648492673164,-0.02278723207845168,-0.14534737615031165],"activity":[[0]],"dinucleotide":[],"positionBias":[],"modifications":[]}]},"modelFittingConstraints":{"enrichmentModel":[{}],"nShifts":0,"addBindingModesSequentially":true,"bindingModeInteractions":[],"flankLengths":[0],"singleModeLengthSweep":false,"bindingModes":[{"maxFlankLength":-1,"positionBiasBinWidth":1,"optimizeSizeHeuristic":false,"maxSize":-1,"optimizeFlankLength":false,"symmetryString":"null","roundSpecificActivity":true,"informationThreshold":0.1,"optimizeMotifShift":false,"fittingStages":[],"optimizeMotifShiftHeuristic":false,"experimentSpecificPositionBias":true,"minSize":-1,"experimentSpecificActivity":true,"optimizeSize":false}]}}
