{"modelSettings":{"letterOrder":"ACGTN","bindingModeInteractions":[],"bindingModes":[{"size":15,"fitLogActivity":true,"flankLength":0,"dinucleotideDistance":0,"componentName":"Binding mode 1","positionBias":false,"singleStrand":false,"modifications":[]}],"letterComplement":"C-G,A-T,N-N"},"coefficients":{"bindingModeInteractions":[],"bindingModes":[{"mononucleotide":[0,-0.32764852994900906,-0.16345493321444948,-0.3145766409733106,-0.192396462135121,0,-0.6339022094321098,-0.3481336805363977,-0.31442514087182527,-0.2988338303184195,-1.0896020003667402,-0.05866027871966839,0,-1.2213987705128724,-0.44075753148397906,-1.509624702167947,0,-1.8222322081187028,-0.7984668952736502,-0.7805173089159837,-0.7821445721138689,-1.9088618368216328,0,-1.5895034765399125,-0.7931333346358767,-1.1643381909566926,-1.3654980090985362,-0.4639235196420266,0,-0.5995683469821836,-0.2132532522527617,-1.5397099270548051,0,-1.3145430894998085,-0.5573095314751099,0,-1.4115852294763758,-0.6492357460358598,-0.6397887675342258,-0.556169419761751,-1.7891600708843982,0,-2.4425214948069285,-1.494403414319486,-0.9953175404632091,-1.285415035261488,-0.9461612792517209,0,-0.28900690699450227,-0.505103987313524,0,-3.016873349534166,-1.6725254043175846,-3.3457613346805166,-1.1457355889044927,0,-2.4424694286423985,-2.825531112025067,-2.3791526617468803,-1.172109154189179,-1.4268107499997522,-1.4885856427205804,-2.1009592454824353,0,-0.9237535005149073,-1.0027846270955223,0,-0.22720744272942284,-0.011488978595656896,-0.23819732074186403,-0.34999635864332745,-0.41530080800676483,0,-0.5377289369213223,-0.30486026128129134],"activity":[[0]],"dinucleotide":[],"positionBias":[],"modifications":[]}]},"modelFittingConstraints":{"enrichmentModel":[{}],"nShifts":0,"addBindingModesSequentially":true,"bindingModeInteractions":[],"flankLengths":[0],"singleModeLengthSweep":false,"bindingModes":[{"maxFlankLength":-1,"positionBiasBinWidth":1,"optimizeSizeHeuristic":false,"maxSize":-1,"optimizeFlankLength":false,"symmetryString":"null","roundSpecificActivity":true,"informationThreshold":0.1,"optimizeMotifShift":false,"fittingStages":[],"optimizeMotifShiftHeuristic":false,"experimentSpecificPositionBias":true,"minSize":-1,"experimentSpecificActivity":true,"optimizeSize":false}]}}
