{"modelSettings":{"letterOrder":"ACGTN","bindingModeInteractions":[],"bindingModes":[{"size":13,"fitLogActivity":true,"flankLength":0,"dinucleotideDistance":0,"componentName":"Binding mode 1","positionBias":false,"singleStrand":false,"modifications":[]}],"letterComplement":"C-G,A-T,N-N"},"coefficients":{"bindingModeInteractions":[],"bindingModes":[{"mononucleotide":[-0.3226598621484218,0,-0.5801850727680993,-0.8272903392061677,-0.38520400666465504,-0.6843392676719384,0,-1.7373833654374984,-0.8520004715201539,-0.6410461043138991,0,-1.4057813607317966,-1.8111463963338617,-1.798696076341205,-0.9325747186879093,-1.519978389409994,0,-1.5213630242876581,-1.6577216155973558,-0.8991243720801475,-1.6710422013378023,0,-1.4907032005741359,-0.9511935757352363,-0.7987605616929816,-1.6937248789273962,-2.481681522070695,-2.1193126104249433,0,-1.0587546273521526,-1.7367980625463364,-2.3166719740373303,0,-1.9283994742875459,-1.0355915806491218,-1.9627826871393452,-1.9330075364429877,-1.7506349836629154,0,-1.008650738565362,-1.551804191501705,-1.3663239685447373,-1.6272282986131525,0,-0.8774417509652204,-1.5109675318079852,-2.1455980365835963,0,-1.8160068073470974,-0.9805836595780562,-0.4682720330386969,0,-1.1410356283980905,-1.3551354206982058,-0.5962548302315602,0,-0.7203866375279322,-0.05382298087734583,-0.12604159461858444,-0.18761289897371117,-0.510454130321988,-0.07874857012962444,-0.47734242655011894,0,-0.24050423482270902],"activity":[[0]],"dinucleotide":[],"positionBias":[],"modifications":[]}]},"modelFittingConstraints":{"enrichmentModel":[{}],"nShifts":0,"addBindingModesSequentially":true,"bindingModeInteractions":[],"flankLengths":[0],"singleModeLengthSweep":false,"bindingModes":[{"maxFlankLength":-1,"positionBiasBinWidth":1,"optimizeSizeHeuristic":false,"maxSize":-1,"optimizeFlankLength":false,"symmetryString":"null","roundSpecificActivity":true,"informationThreshold":0.1,"optimizeMotifShift":false,"fittingStages":[],"optimizeMotifShiftHeuristic":false,"experimentSpecificPositionBias":true,"minSize":-1,"experimentSpecificActivity":true,"optimizeSize":false}]}}
