{"modelSettings":{"letterOrder":"ACGTN","bindingModeInteractions":[],"bindingModes":[{"size":16,"fitLogActivity":true,"flankLength":0,"dinucleotideDistance":0,"componentName":"Binding mode 1","positionBias":false,"singleStrand":false,"modifications":[]}],"letterComplement":"C-G,A-T,N-N"},"coefficients":{"bindingModeInteractions":[],"bindingModes":[{"mononucleotide":[0,-0.40900443312408274,-0.4049918111464361,-0.5696449105760841,-0.3226117916634554,-0.3190047906367184,0,-0.08081834229225571,-0.04631522288810075,-0.1042571645955331,-2.390262461404329,-1.6537200899167983,-3.057524330095321,0,-1.1011557593990826,-1.1135474239143308,-2.5963915601199816,0,-2.6821901869302436,-1.0001159355504745,0,-1.2550150506909263,-1.227159224730637,-1.4721469670091043,-0.7942788583216214,-2.4466556119724805,0,-2.456959474801394,-1.8787920811638603,-1.1048424187955204,-1.1762814245376845,0,-2.6771346944914316,-2.2777719756952175,-0.9944578703938757,-2.5682258083681213,-0.4093678299373833,-1.7060015429049944,0,-0.7327554318917299,0,-1.828854014271295,-1.6135872879208844,-2.6096013608464976,-1.026291711447072,-0.8776810491828311,0,-0.33936550135089316,-0.9881113960000176,-0.469904799055238,-0.6790034249358747,-2.3112078411558343,-3.121011094821417,0,-0.8852911586382695,-0.5288964772847322,-1.5779364822305082,-0.17798887415116216,0,-0.4183196855439349,0,-0.6714755618579193,-1.0037115243461443,-0.41155318576394606,-0.45409448018128545,-1.031233864155885,0,-0.9380795753295565,-0.7347353166892567,-0.5853795298690582,-0.5305913248271681,0,-0.5263779267479256,-0.6629686346619721,-0.3951495883225441,-0.5461297426065235,-0.20370247923596985,-0.5843378452547325,0,-0.3036871464595108],"activity":[[0]],"dinucleotide":[],"positionBias":[],"modifications":[]}]},"modelFittingConstraints":{"enrichmentModel":[{}],"nShifts":0,"addBindingModesSequentially":true,"bindingModeInteractions":[],"flankLengths":[0],"singleModeLengthSweep":false,"bindingModes":[{"maxFlankLength":-1,"positionBiasBinWidth":1,"optimizeSizeHeuristic":false,"maxSize":-1,"optimizeFlankLength":false,"symmetryString":"null","roundSpecificActivity":true,"informationThreshold":0.1,"optimizeMotifShift":false,"fittingStages":[],"optimizeMotifShiftHeuristic":false,"experimentSpecificPositionBias":true,"minSize":-1,"experimentSpecificActivity":true,"optimizeSize":false}]}}
