{"modelSettings":{"letterOrder":"ACGTN","bindingModeInteractions":[],"bindingModes":[{"size":12,"fitLogActivity":true,"flankLength":0,"dinucleotideDistance":0,"componentName":"Binding mode 1","positionBias":false,"singleStrand":false,"modifications":[]}],"letterComplement":"C-G,A-T,N-N"},"coefficients":{"bindingModeInteractions":[],"bindingModes":[{"mononucleotide":[0,-0.9654149773817378,-0.7182725799880494,-0.5676733006618111,-0.49624012797129513,-2.9005549164236175,0,-3.2267451506471465,-2.784296743060592,-1.2409379464201875,-3.051104294260073,0,-3.583439042538525,-2.4446115713438417,-1.2362838279183104,-2.827860121943263,0,-3.02973182759109,-2.2339574205875246,-1.1919029376238102,0,-3.611859903977213,-0.1754093721804626,-1.9167799791282332,-0.6865714377181512,-3.3042754406814066,0,-3.2026611159139824,-2.5810027561380915,-1.2438596921697447,-3.0553301651512745,0,-3.5942303862341474,-2.961772446689979,-1.2673421046096616,-2.055157172332104,0,-2.422305396344383,-2.6209163772694106,-1.132019856068545,-0.11939605476826998,-0.7900864714774554,-0.9406372091217805,0,-0.3813919049052265,0,-0.27819420838404696,-0.004712161165118189,-0.07200582221009455,-0.08257373857924984,0,-0.13981050973520226,-0.10210044373404337,-0.10095152991272904,-0.08434982583738536,-0.16157015588753776,0,-0.07506048800527765,-0.2578215654503655,-0.1190010954018719],"activity":[[0]],"dinucleotide":[],"positionBias":[],"modifications":[]}]},"modelFittingConstraints":{"enrichmentModel":[{}],"nShifts":0,"addBindingModesSequentially":true,"bindingModeInteractions":[],"flankLengths":[0],"singleModeLengthSweep":false,"bindingModes":[{"maxFlankLength":-1,"positionBiasBinWidth":1,"optimizeSizeHeuristic":false,"maxSize":-1,"optimizeFlankLength":false,"symmetryString":"null","roundSpecificActivity":true,"informationThreshold":0.1,"optimizeMotifShift":false,"fittingStages":[],"optimizeMotifShiftHeuristic":false,"experimentSpecificPositionBias":true,"minSize":-1,"experimentSpecificActivity":true,"optimizeSize":false}]}}
