{"modelSettings":{"letterOrder":"ACGTN","bindingModeInteractions":[],"bindingModes":[{"size":12,"fitLogActivity":true,"flankLength":0,"dinucleotideDistance":0,"componentName":"Binding mode 1","positionBias":false,"singleStrand":false,"modifications":[]}],"letterComplement":"C-G,A-T,N-N"},"coefficients":{"bindingModeInteractions":[],"bindingModes":[{"mononucleotide":[-0.3181394040528911,-0.6467092010351525,0,-0.4455281394772985,-0.324431178089831,-0.08787653954746233,-0.8222073977157738,0,-0.032039451638064875,-0.18518480100914883,-0.42699440946708833,-1.7614631737914141,0,-1.9080573854063791,-0.7069272685906448,-2.0669154592892625,-2.380738318406176,0,-1.7671522859150581,-1.0570793815738397,-1.980699250067243,-2.5018817987846615,0,-2.3830483963727493,-1.1146103691522538,-2.0757079253060287,0,-3.116528714475245,-2.774951380308665,-1.1775493332501163,-1.9281403677475213,-2.6698194357351914,0,-2.2880518292277374,-1.1115858009357837,-2.9353460544902426,-2.5132528222176216,-2.6556686346671903,0,-1.2003389945476632,-2.481189382335339,-3.1638924230780923,0,-3.01267152301412,-1.2249710866502492,0,-1.7747578082648126,-2.6330503882306298,-1.5826365021184046,-1.0169289487808195,-0.3858380598193749,-0.06386760908560785,0,-0.051482786286828564,-0.11433684720418368,-0.11006213910645446,0,-0.021121043533287143,-0.1049113696002495,-0.05781895168180094],"activity":[[0]],"dinucleotide":[],"positionBias":[],"modifications":[]}]},"modelFittingConstraints":{"enrichmentModel":[{}],"nShifts":0,"addBindingModesSequentially":true,"bindingModeInteractions":[],"flankLengths":[0],"singleModeLengthSweep":false,"bindingModes":[{"maxFlankLength":-1,"positionBiasBinWidth":1,"optimizeSizeHeuristic":false,"maxSize":-1,"optimizeFlankLength":false,"symmetryString":"null","roundSpecificActivity":true,"informationThreshold":0.1,"optimizeMotifShift":false,"fittingStages":[],"optimizeMotifShiftHeuristic":false,"experimentSpecificPositionBias":true,"minSize":-1,"experimentSpecificActivity":true,"optimizeSize":false}]}}
