{"modelSettings":{"letterOrder":"ACGTN","bindingModeInteractions":[],"bindingModes":[{"size":12,"fitLogActivity":true,"flankLength":0,"dinucleotideDistance":0,"componentName":"Binding mode 1","positionBias":false,"singleStrand":false,"modifications":[]}],"letterComplement":"C-G,A-T,N-N"},"coefficients":{"bindingModeInteractions":[],"bindingModes":[{"mononucleotide":[0,-0.047830067862356884,-0.017962960058450328,-0.1097720953693786,-0.04302976724532668,-0.1301661369645437,-0.21328482346939825,-0.19065740352885374,0,-0.13002576912730998,0,-0.29822966057237377,-0.23015960112265965,-0.24891520380947796,-0.18747970688468726,-1.2276018093261696,-0.04043653884640008,-1.1488098250653618,0,-0.44224125597872377,-1.1879209505244681,-1.3804119041570837,0,-1.827571577385681,-0.8456383481246591,0,-1.0983885604813262,-1.8321471346573384,-1.0747220897769507,-0.7793207027729694,-2.559840331304853,0,-3.1336039411033187,-2.745546202492154,-1.2164749422314414,-1.179164054114529,0,-1.9256523265377237,-2.5858675618641667,-0.961911303950748,-1.9091243210074338,-2.2891361073052354,-1.5636710348959502,0,-1.0085909571190013,-1.7433766708661125,-0.8338055886496241,-2.403468179942276,0,-0.8558275270767521,-1.3430972604111542,-0.5314491632454592,0,-0.6819966244329647,-0.530010567122613,0,-0.3574571028997102,-0.13626164202353142,-0.3788180344188623,-0.20556853179319173],"activity":[[0]],"dinucleotide":[],"positionBias":[],"modifications":[]}]},"modelFittingConstraints":{"enrichmentModel":[{}],"nShifts":0,"addBindingModesSequentially":true,"bindingModeInteractions":[],"flankLengths":[0],"singleModeLengthSweep":false,"bindingModes":[{"maxFlankLength":-1,"positionBiasBinWidth":1,"optimizeSizeHeuristic":false,"maxSize":-1,"optimizeFlankLength":false,"symmetryString":"null","roundSpecificActivity":true,"informationThreshold":0.1,"optimizeMotifShift":false,"fittingStages":[],"optimizeMotifShiftHeuristic":false,"experimentSpecificPositionBias":true,"minSize":-1,"experimentSpecificActivity":true,"optimizeSize":false}]}}
