{"modelSettings":{"letterOrder":"ACGTN","bindingModeInteractions":[],"bindingModes":[{"size":13,"fitLogActivity":true,"flankLength":0,"dinucleotideDistance":0,"componentName":"Binding mode 1","positionBias":false,"singleStrand":false,"modifications":[]}],"letterComplement":"C-G,A-T,N-N"},"coefficients":{"bindingModeInteractions":[],"bindingModes":[{"mononucleotide":[0,-0.6039857646118536,-0.38994580633118847,-0.406507449353672,-0.32514365772942877,0,-0.8197141429308425,-0.764039476584351,-0.4737998606012006,-0.4584820439122159,-0.43035198123445184,0,-0.8844221560667824,-0.4989465495537466,-0.40406502331942595,-0.9339688858586577,0,-0.6075395516605298,-1.460326294905642,-0.6116405665104175,-0.8389220818300744,0,-1.8351463163598631,-2.2318038581008124,-0.8561951256706734,-2.644772027132134,-1.6829506919005364,0,-2.044529182190367,-1.0596650387942572,-0.9561231784358775,-2.512712300330557,0,-1.8701540264247325,-0.9041594808096015,0,-2.059302921851867,-2.3807814062574946,-2.2263708828153503,-1.1026651116931436,0,-1.8593537908807662,-2.319978711352132,-1.6901937792098392,-1.022670719030587,-1.0161048334601546,-1.8463399469311077,0,-2.547129537153364,-0.9174651135272406,-1.3377635068829945,-0.9189521598559782,-1.7143013831513145,0,-0.7757365629116468,-0.039263530241748335,-0.5180027855393705,0,-0.43119081424414496,-0.22097673432827294,0,-0.2817791666750482,-0.26258470573903825,-0.3025973989867916,-0.20383185137058504],"activity":[[0]],"dinucleotide":[],"positionBias":[],"modifications":[]}]},"modelFittingConstraints":{"enrichmentModel":[{}],"nShifts":0,"addBindingModesSequentially":true,"bindingModeInteractions":[],"flankLengths":[0],"singleModeLengthSweep":false,"bindingModes":[{"maxFlankLength":-1,"positionBiasBinWidth":1,"optimizeSizeHeuristic":false,"maxSize":-1,"optimizeFlankLength":false,"symmetryString":"null","roundSpecificActivity":true,"informationThreshold":0.1,"optimizeMotifShift":false,"fittingStages":[],"optimizeMotifShiftHeuristic":false,"experimentSpecificPositionBias":true,"minSize":-1,"experimentSpecificActivity":true,"optimizeSize":false}]}}
