{"modelSettings":{"letterOrder":"ACGTN","bindingModeInteractions":[],"bindingModes":[{"size":12,"fitLogActivity":true,"flankLength":0,"dinucleotideDistance":0,"componentName":"Binding mode 1","positionBias":false,"singleStrand":false,"modifications":[]}],"letterComplement":"C-G,A-T,N-N"},"coefficients":{"bindingModeInteractions":[],"bindingModes":[{"mononucleotide":[0,-0.47864031307713706,-0.11636196942725974,-0.2979270172477513,-0.20698302960466136,-0.09507653285589512,-0.010301883818296886,-0.09530504217417679,0,-0.04915087555043207,0,-0.2666802988758761,-0.20706054536523677,-0.6687235029136462,-0.2577186551784067,-2.373468201338939,-1.5457660460778548,-2.3469807592264367,0,-1.0484208604886829,0,-3.0009710821654814,-2.6207790363205383,-2.3461973411525414,-1.1889057000878163,0,-3.269089405135532,-2.06625389855532,-2.9767960316990454,-1.1910103003317654,-3.3009319944879794,0,-3.3662726194225683,-2.81354362123305,-1.2628748893286375,-2.210323150710683,-2.9231352570961624,0,-1.5072409622748282,-1.0606300495309682,-2.5847433324961493,-2.912354440306431,0,-2.7988451110956643,-1.2118005389617061,-0.7302473728149033,-1.4103074585631838,-0.5575899448227819,0,-0.5540613824411287,0,-0.42859868447678995,-0.7726327841573455,-0.5246468799334361,-0.3911993798373979,-0.03678884175915087,0,-0.7095611762899101,-0.21233026720615555,-0.2032069862667531],"activity":[[0]],"dinucleotide":[],"positionBias":[],"modifications":[]}]},"modelFittingConstraints":{"enrichmentModel":[{}],"nShifts":0,"addBindingModesSequentially":true,"bindingModeInteractions":[],"flankLengths":[0],"singleModeLengthSweep":false,"bindingModes":[{"maxFlankLength":-1,"positionBiasBinWidth":1,"optimizeSizeHeuristic":false,"maxSize":-1,"optimizeFlankLength":false,"symmetryString":"null","roundSpecificActivity":true,"informationThreshold":0.1,"optimizeMotifShift":false,"fittingStages":[],"optimizeMotifShiftHeuristic":false,"experimentSpecificPositionBias":true,"minSize":-1,"experimentSpecificActivity":true,"optimizeSize":false}]}}
