{"modelSettings":{"letterOrder":"ACGTN","bindingModeInteractions":[],"bindingModes":[{"size":12,"fitLogActivity":true,"flankLength":0,"dinucleotideDistance":0,"componentName":"Binding mode 1","positionBias":false,"singleStrand":false,"modifications":[]}],"letterComplement":"C-G,A-T,N-N"},"coefficients":{"bindingModeInteractions":[],"bindingModes":[{"mononucleotide":[-0.041203434886282864,-0.0013033843107761456,-0.02956527537473619,0,-0.017858810056269558,-0.19727948264717732,-0.16979815500931839,-0.004742880745022049,0,-0.0888135556375953,-0.8060264246392372,-0.9617952556325391,0,-0.8731623935352597,-0.5769368813487784,0,-0.7377760442262824,-0.1486796206870853,-1.3219580313216324,-0.42823458162222794,-3.667994853596783,0,-3.7033073745605183,-2.6448246962490765,-1.2719061487698258,0,-3.809803914779411,-3.878702503857709,-3.4418067762369366,-1.3141253732068454,-3.5459241560888897,0,-3.605193638906269,-2.873723837731062,-1.2796735536668349,-1.1813164908111693,-2.8464086951203207,0,-3.0184811961444535,-1.0400116193894302,-1.4095138704442158,0,-2.7076640020362466,-0.17580424655055182,-0.6209490486801376,-2.7268643771027157,-2.2528780516721447,0,-1.2646694198806943,-1.0127651211941113,-0.32678286243372723,-0.10614958985569478,-1.2139484159945075,0,-0.31554923269588175,-0.4901746360095727,0,-0.6927673136737806,-0.43165895618398187,-0.3702885435881478],"activity":[[0]],"dinucleotide":[],"positionBias":[],"modifications":[]}]},"modelFittingConstraints":{"enrichmentModel":[{}],"nShifts":0,"addBindingModesSequentially":true,"bindingModeInteractions":[],"flankLengths":[0],"singleModeLengthSweep":false,"bindingModes":[{"maxFlankLength":-1,"positionBiasBinWidth":1,"optimizeSizeHeuristic":false,"maxSize":-1,"optimizeFlankLength":false,"symmetryString":"null","roundSpecificActivity":true,"informationThreshold":0.1,"optimizeMotifShift":false,"fittingStages":[],"optimizeMotifShiftHeuristic":false,"experimentSpecificPositionBias":true,"minSize":-1,"experimentSpecificActivity":true,"optimizeSize":false}]}}
