{"modelSettings":{"letterOrder":"ACGTN","bindingModeInteractions":[],"bindingModes":[{"size":14,"fitLogActivity":true,"flankLength":0,"dinucleotideDistance":0,"componentName":"Binding mode 1","positionBias":false,"singleStrand":false,"modifications":[]}],"letterComplement":"C-G,A-T,N-N"},"coefficients":{"bindingModeInteractions":[],"bindingModes":[{"mononucleotide":[0,-0.7430808136863631,-0.26013710010163926,-0.4802445104695181,-0.33364773428134253,-0.03062850370043968,0,-0.4803150917311667,-0.3381139706136418,-0.19190586344195482,-0.8734430625749661,-1.049086423880428,0,-1.840587701220259,-0.7305929748421834,-1.926513134625457,-2.2202693947154537,-2.3929457390102407,0,-1.089457909107777,-0.8975607675292294,0,-2.4604004925982697,-1.8887876177324867,-0.8890292225801282,0,-2.3108521781043803,-1.6897419943627372,-1.8971285180350015,-1.0260061632521964,-1.917819448131274,-2.9354811500430005,0,-1.247026509514165,-0.9892713604607085,-3.975381323303832,0,-3.0522792573631943,-2.921079374276994,-1.2730560816116023,0,-2.005904009878679,-0.6815332406546237,-1.3407826749938758,-0.7433777519714947,0,-0.20673680244327208,-0.3006034426724984,-0.14003962601774678,-0.1557978127665781,-0.03415183181932502,-1.0165543765282803,-0.8423564490424185,0,-0.3714410227592683,-0.07250244590931754,-1.0968633217323984,-1.741842143927094,0,-0.49463339966916836,-0.48101993557940226,-0.6350101291159262,-1.4500578803975017,0,-0.5180854852442321,-0.39305787769145084,-0.24802515703303207,-0.4542326869765283,0,-0.25803752419348386],"activity":[[0]],"dinucleotide":[],"positionBias":[],"modifications":[]}]},"modelFittingConstraints":{"enrichmentModel":[{}],"nShifts":0,"addBindingModesSequentially":true,"bindingModeInteractions":[],"flankLengths":[0],"singleModeLengthSweep":false,"bindingModes":[{"maxFlankLength":-1,"positionBiasBinWidth":1,"optimizeSizeHeuristic":false,"maxSize":-1,"optimizeFlankLength":false,"symmetryString":"null","roundSpecificActivity":true,"informationThreshold":0.1,"optimizeMotifShift":false,"fittingStages":[],"optimizeMotifShiftHeuristic":false,"experimentSpecificPositionBias":true,"minSize":-1,"experimentSpecificActivity":true,"optimizeSize":false}]}}
