{"modelSettings":{"letterOrder":"ACGTN","bindingModeInteractions":[],"bindingModes":[{"size":14,"fitLogActivity":true,"flankLength":0,"dinucleotideDistance":0,"componentName":"Binding mode 1","positionBias":false,"singleStrand":false,"modifications":[]}],"letterComplement":"C-G,A-T,N-N"},"coefficients":{"bindingModeInteractions":[],"bindingModes":[{"mononucleotide":[-0.6236977236192747,-0.429843581810049,-0.5317147769285091,0,-0.3659440902684296,-0.34281135107420724,-1.121843547707237,0,-1.5654630075153664,-0.5778373521793946,-0.39809773179130836,-1.334868123517312,0,-0.8311635662077865,-0.523264551015166,-2.208687730927242,0,-2.42515068375373,-1.8903300624544292,-1.086685119821614,0,-2.0787453272245595,-1.2832669974544402,-1.238220752532011,-0.8603139208978258,-2.5366807112913112,0,-2.475568155435805,-2.34967983679743,-1.156259805755411,-2.4936060004486706,-2.7710183094651053,0,-2.4726360127986458,-1.179628264214807,-1.5009431854266246,-0.9306293252205071,-2.0868122809365937,0,-0.8316581869705415,-2.1186025857478987,-2.543691595185923,0,-2.3949983811360087,-1.13169237619974,-1.0690843694704864,0,-1.9114839280083715,-0.5127928933057078,-0.649128219642938,-2.426177019809657,0,-2.307533779431603,-1.076782456587929,-0.9619614793232445,0,-1.7844734305464383,-1.5978448096261237,-1.4661267842160122,-0.9156438681300829,0,-0.5638272500899255,-2.017822786282872,-0.2781801404781845,-0.4864858803075074,0,-0.5228136021338594,-0.41433838026641645,-0.1750418518190342,-0.2571369080136903],"activity":[[0]],"dinucleotide":[],"positionBias":[],"modifications":[]}]},"modelFittingConstraints":{"enrichmentModel":[{}],"nShifts":0,"addBindingModesSequentially":true,"bindingModeInteractions":[],"flankLengths":[0],"singleModeLengthSweep":false,"bindingModes":[{"maxFlankLength":-1,"positionBiasBinWidth":1,"optimizeSizeHeuristic":false,"maxSize":-1,"optimizeFlankLength":false,"symmetryString":"null","roundSpecificActivity":true,"informationThreshold":0.1,"optimizeMotifShift":false,"fittingStages":[],"optimizeMotifShiftHeuristic":false,"experimentSpecificPositionBias":true,"minSize":-1,"experimentSpecificActivity":true,"optimizeSize":false}]}}
