{"modelSettings":{"letterOrder":"ACGTN","bindingModeInteractions":[],"bindingModes":[{"size":13,"fitLogActivity":true,"flankLength":0,"dinucleotideDistance":0,"componentName":"Binding mode 1","positionBias":false,"singleStrand":false,"modifications":[]}],"letterComplement":"C-G,A-T,N-N"},"coefficients":{"bindingModeInteractions":[],"bindingModes":[{"mononucleotide":[0,-0.35276161978135523,-0.42549771875807396,-0.4410498416353468,-0.2878321483521506,0,-0.46691526605796163,-0.2948830605474715,-0.4657363025813859,-0.2879405570978436,0,-1.2492300246382766,-0.6629708491080062,-1.4277879572029275,-0.6724221949712149,-0.5804286958019529,-0.6815387836756988,0,-0.6168280017702377,-0.42880413848338916,-0.7097991578256084,-0.25419626061593714,-0.4116267460623888,0,-0.31134174587061225,-1.1248869493796603,-2.270217628822996,0,-3.0235137896868802,-0.9965461776856889,0,-1.1690602794342961,-2.2532249610003943,-1.6222335617482653,-0.9080895948109984,0,-1.346790289175995,-0.8313646437769533,-1.5436552601188183,-0.739648167423051,0,-1.6447166294323616,-1.6672786863806452,-1.6495925205713813,-0.9327024909473473,-1.6105382973252786,-1.092358069445139,0,-1.4119556149376913,-0.8103154961520795,-1.8444853809040413,-0.7051688085804342,-0.7478818195063304,0,-0.632287289017675,-0.21118289096299003,-0.5921415157389789,0,-0.42780836824544144,-0.28279278819983156,0,-0.33510537462635437,-0.19076703088431612,-0.19681991821935085,-0.17348283942811196],"activity":[[0]],"dinucleotide":[],"positionBias":[],"modifications":[]}]},"modelFittingConstraints":{"enrichmentModel":[{}],"nShifts":0,"addBindingModesSequentially":true,"bindingModeInteractions":[],"flankLengths":[0],"singleModeLengthSweep":false,"bindingModes":[{"maxFlankLength":-1,"positionBiasBinWidth":1,"optimizeSizeHeuristic":false,"maxSize":-1,"optimizeFlankLength":false,"symmetryString":"null","roundSpecificActivity":true,"informationThreshold":0.1,"optimizeMotifShift":false,"fittingStages":[],"optimizeMotifShiftHeuristic":false,"experimentSpecificPositionBias":true,"minSize":-1,"experimentSpecificActivity":true,"optimizeSize":false}]}}
