{"modelSettings":{"letterOrder":"ACGTN","bindingModeInteractions":[],"bindingModes":[{"size":14,"fitLogActivity":true,"flankLength":0,"dinucleotideDistance":0,"componentName":"Binding mode 1","positionBias":false,"singleStrand":false,"modifications":[]}],"letterComplement":"C-G,A-T,N-N"},"coefficients":{"bindingModeInteractions":[],"bindingModes":[{"mononucleotide":[0,-0.47239118039682193,-0.05291748281896247,-0.2746998322852239,-0.18279126999561945,-1.8956748417684353,0,-2.187840357698201,-1.6870181816810728,-1.01649360790668,-1.7366710079894696,0,-1.9907751675728227,-1.953142759467778,-1.0116164694690626,-0.36859154501548463,0,-1.1090482105197352,-1.1913495572705337,-0.5424058879210677,0,-0.6574664716129108,-0.36235669790939706,-1.107849673235788,-0.4523739945760653,-1.6449427254304199,0,-2.057156275167087,-1.1545392105970935,-0.8940136605139817,-2.247955812139798,0,-2.3746471606419393,-1.9148069163803219,-1.0891329849105356,-2.3378282154307066,0,-1.4618529094259591,-1.9484722451556067,-1.000464076421413,-0.45640988475213184,-1.8021084488967223,0,-0.8531428305754121,-0.5867268662600187,0,-0.03444888094770615,-0.6835447204845693,-0.35934504188717487,-0.23284814303197895,0,-3.823238304376808E-4,-0.4804937904190827,-0.5411287266968206,-0.2230852632911058,-0.12150812652559617,-0.6408365889808598,0,-0.42853968323092095,-0.2666073539223003,-0.8486166757763236,0,-0.9432963319117662,-0.7765276454264938,-0.5632821220183831,-1.4348025953636752,0,-1.2721584712993692,-1.0726112073290097,-0.7654477476922477],"activity":[[0]],"dinucleotide":[],"positionBias":[],"modifications":[]}]},"modelFittingConstraints":{"enrichmentModel":[{}],"nShifts":0,"addBindingModesSequentially":true,"bindingModeInteractions":[],"flankLengths":[0],"singleModeLengthSweep":false,"bindingModes":[{"maxFlankLength":-1,"positionBiasBinWidth":1,"optimizeSizeHeuristic":false,"maxSize":-1,"optimizeFlankLength":false,"symmetryString":"null","roundSpecificActivity":true,"informationThreshold":0.1,"optimizeMotifShift":false,"fittingStages":[],"optimizeMotifShiftHeuristic":false,"experimentSpecificPositionBias":true,"minSize":-1,"experimentSpecificActivity":true,"optimizeSize":false}]}}
