{"modelSettings":{"letterOrder":"ACGTN","bindingModeInteractions":[],"bindingModes":[{"size":13,"fitLogActivity":true,"flankLength":0,"dinucleotideDistance":0,"componentName":"Binding mode 1","positionBias":false,"singleStrand":false,"modifications":[]}],"letterComplement":"C-G,A-T,N-N"},"coefficients":{"bindingModeInteractions":[],"bindingModes":[{"mononucleotide":[-0.2054826504163998,-0.25173223814953793,0,-0.18837706305954516,-0.15665105274705668,0,-0.27670964246402274,-0.12349041925483739,-0.3291975792062374,-0.17387564736524747,-0.7028281071351232,-0.7922353990836091,-0.6622169433365026,0,-0.48462152435034994,-1.0063566007501477,-0.6107817359156824,0,-0.40870341311115066,-0.441227283857794,0,-1.228573571423988,-0.28061254848140393,-1.087532806308428,-0.517062630288374,-1.626222206875418,0,-1.4611299127233321,-0.9370516422480257,-0.787223592377136,-0.9621399078223103,-2.3661446855027344,0,-2.2419720861153394,-0.9275002039414589,-2.354538615515127,-2.125988819880843,-2.4403119934907216,0,-1.1228645952267668,-0.41755328330141595,0,-2.2453435977338234,-3.159297703751781,-0.7946246380154095,0,-2.826809753426155,-2.8596114529343675,-3.2606581228987865,-1.2423190655763268,-2.962036168038656,-0.707807009734033,-1.4870284432673841,0,-0.8150434258458894,-0.8840153182955208,0,-0.7312585397472411,-0.7057019407705343,-0.5157604900085146,-0.6105279861604256,-0.3881435730811553,0,-0.6816596572218003,-0.3830350932428573],"activity":[[0]],"dinucleotide":[],"positionBias":[],"modifications":[]}]},"modelFittingConstraints":{"enrichmentModel":[{}],"nShifts":0,"addBindingModesSequentially":true,"bindingModeInteractions":[],"flankLengths":[0],"singleModeLengthSweep":false,"bindingModes":[{"maxFlankLength":-1,"positionBiasBinWidth":1,"optimizeSizeHeuristic":false,"maxSize":-1,"optimizeFlankLength":false,"symmetryString":"null","roundSpecificActivity":true,"informationThreshold":0.1,"optimizeMotifShift":false,"fittingStages":[],"optimizeMotifShiftHeuristic":false,"experimentSpecificPositionBias":true,"minSize":-1,"experimentSpecificActivity":true,"optimizeSize":false}]}}
