{"modelSettings":{"letterOrder":"ACGTN","bindingModeInteractions":[],"bindingModes":[{"size":13,"fitLogActivity":true,"flankLength":0,"dinucleotideDistance":0,"componentName":"Binding mode 1","positionBias":false,"singleStrand":false,"modifications":[]}],"letterComplement":"C-G,A-T,N-N"},"coefficients":{"bindingModeInteractions":[],"bindingModes":[{"mononucleotide":[-1.1925633705824676,0,-0.3359203393958534,-0.4126922888418445,-0.4004819019465253,-1.9271773447285714,-0.2252277512527634,-2.6351571294614295,0,-0.6853771664001399,0,-1.2753602418587793,-2.875959183964766,-3.0211254264399505,-1.060999572443533,0,-3.8381916840241637,-3.137871106780291,-4.030362137191418,-1.3068591253536506,-3.955111744707473,-3.356442002231363,-3.9541679706767265,0,-1.3156586432946589,-3.6129122544619188,-1.4283038687274026,-1.7300587779282655,0,-1.0189034044450425,0,-3.837300778971427,-2.6390207298373696,-2.5623118206441715,-1.2291973571636914,-0.3494453391331618,-1.0241669208951425,0,-1.065118439018419,-0.5071400966784743,-0.8302264576095233,0,-0.22789064003277648,-0.27507074471522763,-0.2904591686984134,-0.2171081623136697,-0.2464523848226543,0,-0.285908479715566,-0.18099957271078532,-0.28597735622544196,0,-0.3543032164384945,-0.052091590208189764,-0.16187686250620542,-0.17916015220527282,-0.2760212612744244,-0.48716068445806293,0,-0.2202922734814894,0,-0.4941371338192857,-0.6567814182115379,-0.10332922583893023,-0.27758499526296715],"activity":[[0]],"dinucleotide":[],"positionBias":[],"modifications":[]}]},"modelFittingConstraints":{"enrichmentModel":[{}],"nShifts":0,"addBindingModesSequentially":true,"bindingModeInteractions":[],"flankLengths":[0],"singleModeLengthSweep":false,"bindingModes":[{"maxFlankLength":-1,"positionBiasBinWidth":1,"optimizeSizeHeuristic":false,"maxSize":-1,"optimizeFlankLength":false,"symmetryString":"null","roundSpecificActivity":true,"informationThreshold":0.1,"optimizeMotifShift":false,"fittingStages":[],"optimizeMotifShiftHeuristic":false,"experimentSpecificPositionBias":true,"minSize":-1,"experimentSpecificActivity":true,"optimizeSize":false}]}}
