{"modelSettings":{"letterOrder":"ACGTN","bindingModeInteractions":[],"bindingModes":[{"size":12,"fitLogActivity":true,"flankLength":0,"dinucleotideDistance":0,"componentName":"Binding mode 1","positionBias":false,"singleStrand":false,"modifications":[]}],"letterComplement":"C-G,A-T,N-N"},"coefficients":{"bindingModeInteractions":[],"bindingModes":[{"mononucleotide":[-0.055220604859806954,-0.20874983935860936,0,-0.17584079163150168,-0.10629814372889923,0,-0.3063949118695817,-0.40405633467491064,-0.0865869535305892,-0.18610123560543934,-0.6326831876152372,-0.7949757626191127,-0.488531565651396,0,-0.43221335806477057,-1.845800258299296,-0.721492436773099,-2.0223366150374105,0,-0.8117780686333207,-0.3487581362531458,-1.6630534383797861,0,-1.9749264852267157,-0.6763419028542309,0,-2.9282770818788415,-2.333407715464917,-3.482193596192917,-1.219768758279445,-2.8601381475119485,-2.4530211604651373,-3.2326583781129035,0,-1.2184549984958695,-0.1771510054955172,-0.37545046359750556,-0.7412954538580747,0,-0.2873057195927933,-0.06216775349046477,-0.12460328222031247,0,-0.07788025810781285,-0.0651660524482429,-0.09750342023421465,-0.060740769109450365,0,-0.36139686853722575,-0.12079319894055557,-0.10272157689296124,-0.22153544761543476,0,-0.09203622362016972,-0.10099842958398378,-0.08277318966875225,0,-0.045143899283657696,-0.05699442274885902,-0.04577717355216305],"activity":[[0]],"dinucleotide":[],"positionBias":[],"modifications":[]}]},"modelFittingConstraints":{"enrichmentModel":[{}],"nShifts":0,"addBindingModesSequentially":true,"bindingModeInteractions":[],"flankLengths":[0],"singleModeLengthSweep":false,"bindingModes":[{"maxFlankLength":-1,"positionBiasBinWidth":1,"optimizeSizeHeuristic":false,"maxSize":-1,"optimizeFlankLength":false,"symmetryString":"null","roundSpecificActivity":true,"informationThreshold":0.1,"optimizeMotifShift":false,"fittingStages":[],"optimizeMotifShiftHeuristic":false,"experimentSpecificPositionBias":true,"minSize":-1,"experimentSpecificActivity":true,"optimizeSize":false}]}}
