{"modelSettings":{"letterOrder":"ACGTN","bindingModeInteractions":[],"bindingModes":[{"size":18,"fitLogActivity":true,"flankLength":0,"dinucleotideDistance":0,"componentName":"Binding mode 1","positionBias":false,"singleStrand":false,"modifications":[]}],"letterComplement":"C-G,A-T,N-N"},"coefficients":{"bindingModeInteractions":[],"bindingModes":[{"mononucleotide":[0,-0.6341124428174352,-0.11845214552506533,-0.4091094106398696,-0.26041005056723626,-0.501639526555171,-0.34182032896560965,-0.5515356239972471,0,-0.32431929064257137,0,-0.07543102999708129,-0.021621998194921943,-1.1692975197750197,-0.21798848240325452,-1.9387582943687511,-1.9103138585125272,0,-2.1484744306624983,-1.043713382158068,0,-1.9432117797183612,-1.8662119721140793,-1.5479906788589601,-0.9737698193026424,0,-1.6526314515520961,-1.8580271189582622,-1.2213702757802922,-0.8901655134755196,-0.3322025859788136,0,-0.42401888456892856,-0.09729355633979875,-0.19874270853075174,-0.08110624752007656,-0.3357937571066172,0,-0.3795992937399042,-0.18602790247150394,-0.878336339952118,-1.5051083554156444,-1.1600371735194885,0,-0.7179823820210169,-1.093345859536388,-1.7369803287684387,-1.2191424632195735,0,-0.7948321802228978,-1.5000558973978704,0,-1.8986693955795855,-2.0891688879133654,-0.9830480908953453,-1.5159617844655822,-0.5854848729610787,-0.46400672153467326,0,-0.5086646236061972,0,-0.5224992199198599,-0.5065035357338408,-1.749253658089255,-0.5235988901922248,-2.081877378018759,-2.25184594383534,0,-1.9833342449561457,-1.0733025144370312,0,-1.2534664574263683,-1.0381844956167186,-1.154190961784317,-0.715943628038127,0,-0.7177570976913765,-1.0604817929773844,-0.6324984295837401,-0.5253485019745733,-0.2663372871313783,0,-0.0448595432251766,-0.18700338437959818,-0.11885297593978118,0,-0.08230999617738899,-0.013251241526647028,-0.10077468110087917,-0.0481510493493314],"activity":[[0]],"dinucleotide":[],"positionBias":[],"modifications":[]}]},"modelFittingConstraints":{"enrichmentModel":[{}],"nShifts":0,"addBindingModesSequentially":true,"bindingModeInteractions":[],"flankLengths":[0],"singleModeLengthSweep":false,"bindingModes":[{"maxFlankLength":-1,"positionBiasBinWidth":1,"optimizeSizeHeuristic":false,"maxSize":-1,"optimizeFlankLength":false,"symmetryString":"null","roundSpecificActivity":true,"informationThreshold":0.1,"optimizeMotifShift":false,"fittingStages":[],"optimizeMotifShiftHeuristic":false,"experimentSpecificPositionBias":true,"minSize":-1,"experimentSpecificActivity":true,"optimizeSize":false}]}}
