{"modelSettings":{"letterOrder":"ACGTN","bindingModeInteractions":[],"bindingModes":[{"size":12,"fitLogActivity":true,"flankLength":0,"dinucleotideDistance":0,"componentName":"Binding mode 1","positionBias":false,"singleStrand":false,"modifications":[]}],"letterComplement":"C-G,A-T,N-N"},"coefficients":{"bindingModeInteractions":[],"bindingModes":[{"mononucleotide":[-0.8541118307646594,-0.2625162042226723,-0.5961301017029217,0,-0.37625299951016167,-0.5177257948292047,-0.2792860217036113,-0.6434098757126336,0,-0.3293046720888973,0,-0.3056945590037836,-1.3640451606729576,-1.5834380524687006,-0.5989720185637353,0,-2.1297985716437196,-1.3226264552871894,-3.4381051430966454,-1.0374550995133571,-3.4764578963304316,-1.7345982165287053,-1.841773998002418,0,-1.0744634208222141,-2.907353339809875,-1.0552208956645464,-1.919471717141299,0,-0.9484136590946176,0,-3.404666038905522,-0.9688863098379796,-2.6240741649602035,-0.9907245696314992,-0.5345200044080505,-0.3436610686195394,0,-0.5545939501749646,-0.3321826532219398,-0.9012786250843736,0,-0.21131634629227491,-0.7951491433990214,-0.40530938158274704,-0.7169247503287322,-0.556931517052127,0,-0.15174468397311713,-0.3145656978571099,-0.6502698142785026,-0.4184509696015848,-0.4107413681967427,0,-0.3413892401171547,-0.13596175452957127,-0.29943457405280016,-0.43553024243375216,0,-0.20424979793731585],"activity":[[0]],"dinucleotide":[],"positionBias":[],"modifications":[]}]},"modelFittingConstraints":{"enrichmentModel":[{}],"nShifts":0,"addBindingModesSequentially":true,"bindingModeInteractions":[],"flankLengths":[0],"singleModeLengthSweep":false,"bindingModes":[{"maxFlankLength":-1,"positionBiasBinWidth":1,"optimizeSizeHeuristic":false,"maxSize":-1,"optimizeFlankLength":false,"symmetryString":"null","roundSpecificActivity":true,"informationThreshold":0.1,"optimizeMotifShift":false,"fittingStages":[],"optimizeMotifShiftHeuristic":false,"experimentSpecificPositionBias":true,"minSize":-1,"experimentSpecificActivity":true,"optimizeSize":false}]}}
