{"modelSettings":{"letterOrder":"ACGTN","bindingModeInteractions":[],"bindingModes":[{"size":18,"fitLogActivity":true,"flankLength":0,"dinucleotideDistance":0,"componentName":"Binding mode 1","positionBias":false,"singleStrand":false,"modifications":[]}],"letterComplement":"C-G,A-T,N-N"},"coefficients":{"bindingModeInteractions":[],"bindingModes":[{"mononucleotide":[0,-1.7700191836799286,-1.2217269142546643,-1.4303239550756297,-0.8531505118811294,-0.4529161648481379,-1.850185111476704,-1.752888882990404,0,-0.7101650926436875,-2.852626614535657,-2.2886405989928273,-2.236808336751684,0,-1.1505144818846882,-2.503416710837841,-2.593398122814322,-2.894669834068479,0,-1.1941150125014197,-1.455303268593787,-0.3802587933588457,-1.784773422284526,0,-0.6515978685183117,-0.6748297198062607,-1.3199061917602508,0,-0.8418676921704487,-0.5945204776689321,-0.5891562890539026,0,-0.558421443526254,-0.29042410091508675,-0.33029284249081864,-0.24493331073021274,-1.1625809897721728,0,-0.5007123757374243,-0.3924747518290799,-0.022964300068517574,-0.13790776623881396,0,-0.1718632257178463,-0.0805132389036388,-0.7657545402168671,0,-0.7222960970730492,-0.3097331327908073,-0.39888869028777524,-0.5649673110699416,-1.5599573847835133,0,-0.7089469851445847,-0.5662124028883511,-0.936953009067758,0,-1.6837795808767373,-0.6504334770162385,-0.6446854936669748,-0.7984753187915734,-2.2205575175236745,0,-1.164372634112678,-0.759991527477027,0,-2.452594681023398,-2.3422611991076496,-1.3118569539550142,-1.0136971882816017,0,-2.234833945971747,-1.5811851412639424,-2.5118969292688473,-1.0542208875467975,0,-1.2415107147889577,-0.971147929157893,-0.2886020614938527,-0.5038062242472762,0,-0.9903703251941574,-0.532077214218349,-0.349075118486021,-0.40640448548495156,0,-2.687767515258661,-3.258271857038557,-3.6172441806351703,-1.2611217761482532],"activity":[[0]],"dinucleotide":[],"positionBias":[],"modifications":[]}]},"modelFittingConstraints":{"enrichmentModel":[{}],"nShifts":0,"addBindingModesSequentially":true,"bindingModeInteractions":[],"flankLengths":[0],"singleModeLengthSweep":false,"bindingModes":[{"maxFlankLength":-1,"positionBiasBinWidth":1,"optimizeSizeHeuristic":false,"maxSize":-1,"optimizeFlankLength":false,"symmetryString":"null","roundSpecificActivity":true,"informationThreshold":0.1,"optimizeMotifShift":false,"fittingStages":[],"optimizeMotifShiftHeuristic":false,"experimentSpecificPositionBias":true,"minSize":-1,"experimentSpecificActivity":true,"optimizeSize":false}]}}
