{"modelSettings":{"letterOrder":"ACGTN","bindingModeInteractions":[],"bindingModes":[{"size":12,"fitLogActivity":true,"flankLength":0,"dinucleotideDistance":0,"componentName":"Binding mode 1","positionBias":false,"singleStrand":false,"modifications":[]}],"letterComplement":"C-G,A-T,N-N"},"coefficients":{"bindingModeInteractions":[],"bindingModes":[{"mononucleotide":[-0.4404137025662287,0,-0.7413365169480386,-0.18620229819560663,-0.30436975504846486,-0.1712333044777381,-0.48554667797017714,-0.7815053764098039,0,-0.316183705869017,-2.2051317485830033,0,-2.5261957030020206,-0.2281179122271837,-0.700056476101775,0,-3.7900441345947753,-4.211903148343468,-3.6639379603994557,-1.3251577542826711,-4.1855715780467255,0,-4.594499495165167,-4.0068047383230025,-1.343702207996639,-4.344087027448414,0,-3.408378329987557,-4.232577700919372,-1.3274660724980867,-4.19897174414128,-4.2260011472866035,-2.768954389061836,0,-1.2979636969776893,-1.366346914698532,-2.1425028552487824,0,-1.166378866650998,-0.8651874543005501,-0.4181855376788661,-0.3871056195786444,-0.30131728698136584,0,-0.26230596825675045,-0.03234114163185531,-0.09927163148619655,0,-0.1902353967955257,-0.07784331953028525,-0.18959378564558627,0,-0.1330506465192336,-0.141210107129206,-0.11344232627368504,-0.0021761435310825306,-0.14249203446811798,0,-0.07479632275553527,-0.05314945011274819],"activity":[[0]],"dinucleotide":[],"positionBias":[],"modifications":[]}]},"modelFittingConstraints":{"enrichmentModel":[{}],"nShifts":0,"addBindingModesSequentially":true,"bindingModeInteractions":[],"flankLengths":[0],"singleModeLengthSweep":false,"bindingModes":[{"maxFlankLength":-1,"positionBiasBinWidth":1,"optimizeSizeHeuristic":false,"maxSize":-1,"optimizeFlankLength":false,"symmetryString":"null","roundSpecificActivity":true,"informationThreshold":0.1,"optimizeMotifShift":false,"fittingStages":[],"optimizeMotifShiftHeuristic":false,"experimentSpecificPositionBias":true,"minSize":-1,"experimentSpecificActivity":true,"optimizeSize":false}]}}
