{"modelSettings":{"letterOrder":"ACGTN","bindingModeInteractions":[],"bindingModes":[{"size":14,"fitLogActivity":true,"flankLength":0,"dinucleotideDistance":0,"componentName":"Binding mode 1","positionBias":false,"singleStrand":false,"modifications":[]}],"letterComplement":"C-G,A-T,N-N"},"coefficients":{"bindingModeInteractions":[],"bindingModes":[{"mononucleotide":[-0.48122202389931035,0,-0.39574254861034763,-0.26254705665805966,-0.2677821155757773,-0.1473453437536496,-0.038647776889890295,0,-0.40588736003684067,-0.13597132680190838,0,-0.8930583000093311,-0.7563755111112314,-0.8224673271022147,-0.5455410314585399,-0.5846238427471286,-1.0540219235392811,-0.940024332107186,0,-0.5549225304999381,-1.3030929019898263,-0.7816930884000888,-0.9592891846160816,0,-0.6384289667964306,-0.27372395458065757,0,-0.3992891997492256,-0.6975864674610808,-0.311590977484389,-0.5065865476912257,-1.4931393664932329,0,-1.1070284186372854,-0.6172261195320549,-0.4486526190011806,-0.5395929582141137,-0.9199769385918262,0,-0.4231194349995751,-1.044026082217151,0,-0.7053572038599891,-0.2704608724744886,-0.4273295135620625,0,-0.7823272156562813,-0.8432241411066461,-0.8366377635823223,-0.5443712946248385,-1.1408481473235361,0,-1.2276277976804897,-0.552584641020816,-0.6033086754935876,-0.6850953165033031,-1.1554572469453896,0,-1.4473213646759242,-0.6664297154067073,-1.1734370063161013,0,-0.07719602413990811,-0.4842496114903634,-0.3385649962810229,-0.32343228996717155,-0.2159857992343488,-0.2463877943221653,0,-0.18903602101188155],"activity":[[0]],"dinucleotide":[],"positionBias":[],"modifications":[]}]},"modelFittingConstraints":{"enrichmentModel":[{}],"nShifts":0,"addBindingModesSequentially":true,"bindingModeInteractions":[],"flankLengths":[0],"singleModeLengthSweep":false,"bindingModes":[{"maxFlankLength":-1,"positionBiasBinWidth":1,"optimizeSizeHeuristic":false,"maxSize":-1,"optimizeFlankLength":false,"symmetryString":"null","roundSpecificActivity":true,"informationThreshold":0.1,"optimizeMotifShift":false,"fittingStages":[],"optimizeMotifShiftHeuristic":false,"experimentSpecificPositionBias":true,"minSize":-1,"experimentSpecificActivity":true,"optimizeSize":false}]}}
