{"modelSettings":{"letterOrder":"ACGTN","bindingModeInteractions":[],"bindingModes":[{"size":12,"fitLogActivity":true,"flankLength":0,"dinucleotideDistance":0,"componentName":"Binding mode 1","positionBias":false,"singleStrand":false,"modifications":[]}],"letterComplement":"C-G,A-T,N-N"},"coefficients":{"bindingModeInteractions":[],"bindingModes":[{"mononucleotide":[-2.809205788167901E-4,-0.3494855155523231,-0.24805936315857435,0,-0.137802365125846,0,-0.14388672210845943,-0.07854465007436895,-0.157580154958052,-0.09303266045500865,-0.45630908066664677,0,-0.20751077742793544,-0.1007743453833756,-0.1772267123028083,0,-0.3355060012077322,-0.43158607143316097,-0.025761828792724373,-0.18061654602979316,-1.708565545814826,-2.5782387460023375,-2.1563632564677016,0,-1.0694577230786197,0,-1.6598426477030812,-1.6827843464837247,-2.17205532352154,-0.9875398150108037,0,-3.2877533961599648,-2.865426801689957,-2.7910191458696767,-1.24162698956239,-1.5964751307259308,-1.7226290451750945,-1.9820287384923727,0,-0.9682455340574403,-1.1090219196088285,-1.8315753862864093,-1.0901692404440548,0,-0.7840559035777726,0,-1.05368896166269,-0.06283812137212186,-0.5136465868038811,-0.32640401374791106,-0.34241143083030634,-0.1278751693735729,0,-0.32367243023466896,-0.18828739092073907,-0.47638501734001415,-0.13066657938327086,-0.37287224398345886,0,-0.2271240077319483],"activity":[[0]],"dinucleotide":[],"positionBias":[],"modifications":[]}]},"modelFittingConstraints":{"enrichmentModel":[{}],"nShifts":0,"addBindingModesSequentially":true,"bindingModeInteractions":[],"flankLengths":[0],"singleModeLengthSweep":false,"bindingModes":[{"maxFlankLength":-1,"positionBiasBinWidth":1,"optimizeSizeHeuristic":false,"maxSize":-1,"optimizeFlankLength":false,"symmetryString":"null","roundSpecificActivity":true,"informationThreshold":0.1,"optimizeMotifShift":false,"fittingStages":[],"optimizeMotifShiftHeuristic":false,"experimentSpecificPositionBias":true,"minSize":-1,"experimentSpecificActivity":true,"optimizeSize":false}]}}
