{"modelSettings":{"letterOrder":"ACGTN","bindingModeInteractions":[],"bindingModes":[{"size":12,"fitLogActivity":true,"flankLength":0,"dinucleotideDistance":0,"componentName":"Binding mode 2","positionBias":false,"singleStrand":false,"modifications":[]}],"letterComplement":"C-G,A-T,N-N"},"coefficients":{"bindingModeInteractions":[],"bindingModes":[{"mononucleotide":[-0.17141504090325332,-0.45107144193732296,0,-0.27998799052707346,-0.21220052193700886,-0.12500454074169776,-0.20476864597288458,0,-0.683092916207108,-0.22239970469281561,0,-0.049218534883960885,-0.18936240883189237,-0.9018476981630092,-0.22775455100871314,-1.43811862952789,0,-1.539491500609817,-1.0750674189339122,-0.8023267489153054,0,-2.386107439591307,-1.5251406299449446,-2.0539370220957593,-1.0231756200122315,-1.192421737416374,0,-1.8704481293773194,-1.3792509732803597,-0.850206286711692,-0.6610595451221972,-0.3396353187433956,0,-1.0166472524081613,-0.43458247545503437,-0.7338735622674855,-0.3459944785591107,-0.46294739592319933,0,-0.3506261207447083,-0.3838333125559772,-0.9538201666604662,0,-0.7240801046233942,-0.44969850028144215,-0.11514151331927058,0,-0.4844904732994395,-0.11168786110285689,-0.1620559865080071,-0.30406518574535846,0,-0.4068729697534448,-0.448887291893427,-0.2738187594087422,-0.08056078496752384,-0.14198121550886378,0,-0.28472566466839466,-0.12147381740344357],"activity":[[0]],"dinucleotide":[],"positionBias":[],"modifications":[]}]},"modelFittingConstraints":{"enrichmentModel":[{}],"nShifts":0,"addBindingModesSequentially":true,"bindingModeInteractions":[],"flankLengths":[0],"singleModeLengthSweep":false,"bindingModes":[{"maxFlankLength":-1,"positionBiasBinWidth":1,"optimizeSizeHeuristic":false,"maxSize":-1,"optimizeFlankLength":false,"symmetryString":"null","roundSpecificActivity":true,"informationThreshold":0.1,"optimizeMotifShift":false,"fittingStages":[],"optimizeMotifShiftHeuristic":false,"experimentSpecificPositionBias":true,"minSize":-1,"experimentSpecificActivity":true,"optimizeSize":false}]}}
