{"modelSettings":{"letterOrder":"ACGTN","bindingModeInteractions":[],"bindingModes":[{"size":12,"fitLogActivity":true,"flankLength":0,"dinucleotideDistance":0,"componentName":"Binding mode 1","positionBias":false,"singleStrand":false,"modifications":[]}],"letterComplement":"C-G,A-T,N-N"},"coefficients":{"bindingModeInteractions":[],"bindingModes":[{"mononucleotide":[0,-0.20823639960682883,-0.19683229233167898,-0.22941734912031508,-0.15421815529777796,-0.06492617821417301,-0.23194721894985726,0,-0.1458372887893602,-0.10691089976147683,-0.23738295937456755,-0.7181889393160783,0,-1.1135635111055953,-0.4289728433876707,-0.6513949023343582,0,-0.4743348754807819,-0.034808084694367025,-0.25186211767051225,0,-0.11740628610214943,-1.0382666563673841,-1.2756931228691983,-0.46103236466241193,0,-1.565771894782689,-0.6263609024878063,-2.6941851391790546,-0.7923833722900985,-2.186416332300577,-2.0259520026842606,-2.371951185384339,0,-1.0955031588202593,0,-1.6977627402220206,-1.7376381978692759,-0.14564063401773408,-0.5872134334993505,0,-1.745837645795218,-2.3194723577601724,-1.854058466220991,-1.0290224244628114,0,-1.17921817237382,-1.4483061077515433,-1.2642778951444966,-0.7847526163214401,0,-0.638622167100602,-0.7030884792690726,-0.6758522265519655,-0.4573653850424882,0,-0.14286682151174546,-0.3356883733674789,-0.06061758868275957,-0.1270102910945911],"activity":[[0]],"dinucleotide":[],"positionBias":[],"modifications":[]}]},"modelFittingConstraints":{"enrichmentModel":[{}],"nShifts":0,"addBindingModesSequentially":true,"bindingModeInteractions":[],"flankLengths":[0],"singleModeLengthSweep":false,"bindingModes":[{"maxFlankLength":-1,"positionBiasBinWidth":1,"optimizeSizeHeuristic":false,"maxSize":-1,"optimizeFlankLength":false,"symmetryString":"null","roundSpecificActivity":true,"informationThreshold":0.1,"optimizeMotifShift":false,"fittingStages":[],"optimizeMotifShiftHeuristic":false,"experimentSpecificPositionBias":true,"minSize":-1,"experimentSpecificActivity":true,"optimizeSize":false}]}}
