{"modelSettings":{"letterOrder":"ACGTN","bindingModeInteractions":[],"bindingModes":[{"size":12,"fitLogActivity":true,"flankLength":0,"dinucleotideDistance":0,"componentName":"Binding mode 1","positionBias":false,"singleStrand":false,"modifications":[]}],"letterComplement":"C-G,A-T,N-N"},"coefficients":{"bindingModeInteractions":[],"bindingModes":[{"mononucleotide":[-0.15099805975360336,0,-0.18606293222190828,-0.19885490065006817,-0.13075253415674157,-0.09344741207535989,-0.16883193671302532,0,-0.5334846478941246,-0.17972666138686189,-0.6630313466083191,0,-0.6847997687741598,-0.023369502320446323,-0.2888896094804531,-2.5090105322050227,-3.9216304883997974,-3.1750931625556946,0,-1.2526837582897097,-0.08397470279514785,-1.983079697995878,0,-3.045858351416256,-0.6421429594948783,0,-4.007285822538791,-3.488871560287914,-3.7327408309826704,-1.3161666558926808,-3.355482226362779,-3.7069990248187294,-2.845737237023592,0,-1.2751689460190714,-2.619611083783719,-2.8516371298167473,-1.5385806117949796,0,-1.0897022340682438,0,-2.377891257231438,-0.11297128846073168,-1.6967161572806901,-0.6119328516129111,-0.5155735527951606,0,-0.12060829222317793,-0.8083890987166109,-0.3115942517433567,0,-0.12055634929043224,-0.1904394219054102,-0.17031744897490464,-0.11753993886213972,0,-0.2472720521897136,-0.32072731905772,-0.1937674475628146,-0.183202313950918],"activity":[[0]],"dinucleotide":[],"positionBias":[],"modifications":[]}]},"modelFittingConstraints":{"enrichmentModel":[{}],"nShifts":0,"addBindingModesSequentially":true,"bindingModeInteractions":[],"flankLengths":[0],"singleModeLengthSweep":false,"bindingModes":[{"maxFlankLength":-1,"positionBiasBinWidth":1,"optimizeSizeHeuristic":false,"maxSize":-1,"optimizeFlankLength":false,"symmetryString":"null","roundSpecificActivity":true,"informationThreshold":0.1,"optimizeMotifShift":false,"fittingStages":[],"optimizeMotifShiftHeuristic":false,"experimentSpecificPositionBias":true,"minSize":-1,"experimentSpecificActivity":true,"optimizeSize":false}]}}
