{"modelSettings":{"letterOrder":"ACGTN","bindingModeInteractions":[],"bindingModes":[{"size":12,"fitLogActivity":true,"flankLength":0,"dinucleotideDistance":0,"componentName":"Binding mode 1","positionBias":false,"singleStrand":false,"modifications":[]}],"letterComplement":"C-G,A-T,N-N"},"coefficients":{"bindingModeInteractions":[],"bindingModes":[{"mononucleotide":[0,-0.1509517347367444,-0.12442124276789102,-0.9617077771520948,-0.24681638269297718,-1.315025235259979,0,-0.5019183640678588,-0.7012654659540059,-0.5234917236332588,-0.6000786928777155,-1.3274152230899712,0,-1.1350536725118174,-0.6276707802592353,-1.7392695332289447,0,-1.6508175861524936,-1.776658137938107,-0.9566282928756994,0,-1.437938643839252,-0.9124890823855161,-1.781552452918023,-0.7944510707568319,-1.7187877220467729,-1.0034752021615923,-1.510670766830501,0,-0.8172101628700582,-2.0320951353346617,-1.6033272886683245,0,-1.779419276492309,-0.9801477401611229,-1.7797966330085209,0,-1.6877076500385004,-1.9288120092101102,-0.9815387217173779,-2.0832550354166552,-1.896232528817062,0,-1.8418638025257814,-1.026399240314722,-2.0140989598743606,0,-1.9788349540724441,-0.9687297321300781,-0.8847704724701071,0,-0.8987347825086216,-0.7221139987309328,-1.2813072557786738,-0.6113447272652982,-0.3652771091605831,-0.33663835886677207,0,-0.360004976156028,-0.25300878929124415],"activity":[[0]],"dinucleotide":[],"positionBias":[],"modifications":[]}]},"modelFittingConstraints":{"enrichmentModel":[{}],"nShifts":0,"addBindingModesSequentially":true,"bindingModeInteractions":[],"flankLengths":[0],"singleModeLengthSweep":false,"bindingModes":[{"maxFlankLength":-1,"positionBiasBinWidth":1,"optimizeSizeHeuristic":false,"maxSize":-1,"optimizeFlankLength":false,"symmetryString":"null","roundSpecificActivity":true,"informationThreshold":0.1,"optimizeMotifShift":false,"fittingStages":[],"optimizeMotifShiftHeuristic":false,"experimentSpecificPositionBias":true,"minSize":-1,"experimentSpecificActivity":true,"optimizeSize":false}]}}
