{"modelSettings":{"letterOrder":"ACGTN","bindingModeInteractions":[],"bindingModes":[{"size":12,"fitLogActivity":true,"flankLength":0,"dinucleotideDistance":0,"componentName":"Binding mode 1","positionBias":false,"singleStrand":false,"modifications":[]}],"letterComplement":"C-G,A-T,N-N"},"coefficients":{"bindingModeInteractions":[],"bindingModes":[{"mononucleotide":[-0.17723449944126157,0,-0.29237084177633355,-0.2031315302387564,-0.16244661263489224,-0.21654998592389552,-0.03541923420690907,0,-0.23272811383104708,-0.11573022199819408,-0.539791295281542,-0.3059225985249827,-0.6983386635502882,0,-0.35071967921558816,-1.960808105187362,-2.573301840747893,-2.6519674751380817,0,-1.1335607554902116,0,-3.0759378519274114,-1.5853163403288297,-2.479804550476236,-1.0975212132022887,0,-3.56879110672853,-2.757219468346314,-3.2117879603669715,-1.2623592382711708,-2.713295916646326,-3.1446524491819328,-0.8523663492190954,0,-0.9572400279654667,-1.95169559414445,0,-2.4952018295546603,-1.5533343122441652,-1.024395084031255,-2.0060578281590393,0,-1.8096674786319555,-0.8247886527310824,-0.8343916080639274,-0.33577483523761886,0,-0.2758457592544903,-0.27804686086642105,-0.21351030467022647,-0.3257592868110182,-0.11279404385069958,-0.19852374188686284,0,-0.15220352583814878,-0.4224562372477343,-0.14085941201311636,-0.14011356878910375,0,-0.16448973324932561],"activity":[[0]],"dinucleotide":[],"positionBias":[],"modifications":[]}]},"modelFittingConstraints":{"enrichmentModel":[{}],"nShifts":0,"addBindingModesSequentially":true,"bindingModeInteractions":[],"flankLengths":[0],"singleModeLengthSweep":false,"bindingModes":[{"maxFlankLength":-1,"positionBiasBinWidth":1,"optimizeSizeHeuristic":false,"maxSize":-1,"optimizeFlankLength":false,"symmetryString":"null","roundSpecificActivity":true,"informationThreshold":0.1,"optimizeMotifShift":false,"fittingStages":[],"optimizeMotifShiftHeuristic":false,"experimentSpecificPositionBias":true,"minSize":-1,"experimentSpecificActivity":true,"optimizeSize":false}]}}
