{"modelSettings":{"letterOrder":"ACGTN","bindingModeInteractions":[],"bindingModes":[{"size":15,"fitLogActivity":true,"flankLength":0,"dinucleotideDistance":0,"componentName":"Binding mode 1","positionBias":false,"singleStrand":false,"modifications":[]}],"letterComplement":"C-G,A-T,N-N"},"coefficients":{"bindingModeInteractions":[],"bindingModes":[{"mononucleotide":[-0.6054204736106232,-0.2480333355883939,-0.5903850516595011,0,-0.32840244847035205,-0.20463319943905312,-0.47114721171641705,-0.373964725340846,0,-0.24614576217087789,0,-0.7353157875814507,-0.928588179415275,-1.131476475120977,-0.5991916170961646,0,-1.8322555045829794,-1.900674143374773,-0.8506284958808052,-0.834326963524473,-2.844243780462786,-2.785951090276747,-2.7049225161409756,0,-1.2150976582960071,-0.34944764466172096,-1.826751469909726,-1.9858133336771275,0,-0.6915075843617647,-0.21271632240279104,-2.064786759945562,-2.301467724725793,0,-0.6756302217510052,-0.846539858709221,-1.2568542359986168,0,-0.47837092136704307,-0.5390380402405348,-1.70857400574259,0,-2.030054252659609,-1.4473383705543608,-0.9495581666819074,0,-1.7866413756410182,-1.6501104545841456,-1.9212088739947655,-0.9768502426058095,-1.4464295970635526,-1.7804877766627007,-1.8881730697781673,0,-0.9446173799731292,0,-1.064730624245675,-0.6733098592896472,-0.9954250068673827,-0.5868050022970343,0,-0.45804719760427925,-0.8871258949578049,-0.032849039285765436,-0.2836767805639559,0,-0.2336831113078599,-0.3756034418006582,-0.0160065036677981,-0.14427223703934447,-0.11699623532031111,-0.6269349743660797,-0.5442111183200407,0,-0.28631146372489524],"activity":[[0]],"dinucleotide":[],"positionBias":[],"modifications":[]}]},"modelFittingConstraints":{"enrichmentModel":[{}],"nShifts":0,"addBindingModesSequentially":true,"bindingModeInteractions":[],"flankLengths":[0],"singleModeLengthSweep":false,"bindingModes":[{"maxFlankLength":-1,"positionBiasBinWidth":1,"optimizeSizeHeuristic":false,"maxSize":-1,"optimizeFlankLength":false,"symmetryString":"null","roundSpecificActivity":true,"informationThreshold":0.1,"optimizeMotifShift":false,"fittingStages":[],"optimizeMotifShiftHeuristic":false,"experimentSpecificPositionBias":true,"minSize":-1,"experimentSpecificActivity":true,"optimizeSize":false}]}}
