{"modelSettings":{"letterOrder":"ACGTN","bindingModeInteractions":[],"bindingModes":[{"size":17,"fitLogActivity":true,"flankLength":0,"dinucleotideDistance":0,"componentName":"Binding mode 1","positionBias":false,"singleStrand":false,"modifications":[]}],"letterComplement":"C-G,A-T,N-N"},"coefficients":{"bindingModeInteractions":[],"bindingModes":[{"mononucleotide":[-0.09872151555773812,-0.5360086954915584,0,-1.236290524009033,-0.3632919741216444,0,-0.2874514549245575,-0.463861262170008,-0.4227086844534025,-0.2763158228999491,-2.076756411538639,-0.2774955103085759,0,-0.03216159161004839,-0.3384964812367136,-1.4680388638700892,0,-1.716437744457937,-0.44938501814112186,-0.6693806505257557,0,-1.839517090386198,-0.7660583806026651,-1.9020899647980718,-0.8136257431221228,-0.06680582667651258,-0.0695699311431337,0,-0.3911117046336887,-0.1209039372725851,-2.6140086650729932,-0.41793899121950595,-2.4064249486740055,0,-0.7864804710837168,-0.9313524105760784,0,-0.32829603379986594,-2.230403836097639,-0.5880418183340279,0,-2.8861337428541596,-0.5144228883048587,-1.8346171914766263,-0.791139555511231,0,-1.4802272224367954,-1.1694383940257467,-0.38441657207959246,-0.589248979083632,-2.461186274572034,-0.440034592251334,0,-2.412125708711778,-0.7880226454582566,-2.837411456512676,0,-2.3476227191669077,-1.3947243250311754,-1.0483413516690114,-0.7790419280060945,-2.4223306067212995,0,-2.0657397218240057,-0.8709084272901616,-1.7928785862238312,-1.379453499740917,-1.0609291890121373,0,-0.8185231383087207,-0.027970759678566992,-0.002740206210004814,0,-1.341201282387484,-0.2134371698490775,0,-0.1139115697026849,-0.8090185583839995,-0.5721254436018919,-0.3209092076239745,-0.8454244440500203,-0.06784496456357303,-0.3713472500458943,0,-0.26997812706220575],"activity":[[0]],"dinucleotide":[],"positionBias":[],"modifications":[]}]},"modelFittingConstraints":{"enrichmentModel":[{}],"nShifts":0,"addBindingModesSequentially":true,"bindingModeInteractions":[],"flankLengths":[0],"singleModeLengthSweep":false,"bindingModes":[{"maxFlankLength":-1,"positionBiasBinWidth":1,"optimizeSizeHeuristic":false,"maxSize":-1,"optimizeFlankLength":false,"symmetryString":"null","roundSpecificActivity":true,"informationThreshold":0.1,"optimizeMotifShift":false,"fittingStages":[],"optimizeMotifShiftHeuristic":false,"experimentSpecificPositionBias":true,"minSize":-1,"experimentSpecificActivity":true,"optimizeSize":false}]}}
