{"modelSettings":{"letterOrder":"ACGTN","bindingModeInteractions":[],"bindingModes":[{"size":12,"fitLogActivity":true,"flankLength":0,"dinucleotideDistance":0,"componentName":"Binding mode 1","positionBias":false,"singleStrand":false,"modifications":[]}],"letterComplement":"C-G,A-T,N-N"},"coefficients":{"bindingModeInteractions":[],"bindingModes":[{"mononucleotide":[-0.07665274318159021,-0.48460946769491464,-0.5780268088787421,0,-0.25387555112050564,0,-0.38954309742420046,-0.5042564646296079,-0.11099372759084192,-0.23058834306699819,0,-0.5960680302902617,-0.5279829670802152,-0.46372652110860324,-0.36755436444781425,-0.21212676867775304,-0.26616143420507976,0,-0.022145688861982205,-0.11842456681128914,-1.4184379058107766,0,-0.759364077039304,-0.4975300516070136,-0.5455523329416078,-1.4805941861347147,-0.3097148467897828,-0.6325756932740028,0,-0.47305613410860986,0,-2.031219505068449,-1.62667235581852,-1.8777129782254685,-0.9937810462306783,0,-2.395104383654086,-2.3616939984082905,-3.2398401588040624,-1.183685221949394,-2.6730147409658542,-2.3730802797755413,-2.6837114911330797,0,-1.1788362748707086,-2.0139371700925595,-1.4316766935207914,-1.2387133334479374,0,-0.8781962627312649,0,-2.901252229056069,-1.2955076684237898,-0.9747206563733664,-0.8521364956648221,-0.17287708027392856,-0.8140710462874412,-0.603123323335252,0,-0.3455259267583943],"activity":[[0]],"dinucleotide":[],"positionBias":[],"modifications":[]}]},"modelFittingConstraints":{"enrichmentModel":[{}],"nShifts":0,"addBindingModesSequentially":true,"bindingModeInteractions":[],"flankLengths":[0],"singleModeLengthSweep":false,"bindingModes":[{"maxFlankLength":-1,"positionBiasBinWidth":1,"optimizeSizeHeuristic":false,"maxSize":-1,"optimizeFlankLength":false,"symmetryString":"null","roundSpecificActivity":true,"informationThreshold":0.1,"optimizeMotifShift":false,"fittingStages":[],"optimizeMotifShiftHeuristic":false,"experimentSpecificPositionBias":true,"minSize":-1,"experimentSpecificActivity":true,"optimizeSize":false}]}}
