{"modelSettings":{"letterOrder":"ACGTN","bindingModeInteractions":[],"bindingModes":[{"size":12,"fitLogActivity":true,"flankLength":0,"dinucleotideDistance":0,"componentName":"Binding mode 1","positionBias":false,"singleStrand":false,"modifications":[]}],"letterComplement":"C-G,A-T,N-N"},"coefficients":{"bindingModeInteractions":[],"bindingModes":[{"mononucleotide":[-0.08471866275632256,-0.32806388885665716,-0.16955238972277997,0,-0.13836297030818775,0,-0.2647246485856176,-0.2777677771962834,-0.12802638637135488,-0.16113162837875586,0,-0.5309456401418846,-0.373869934234649,-0.3842731676441551,-0.30209868971789056,-0.08562034035228572,-0.047993195487340934,0,-0.061431118478380675,-0.04827137433675188,-2.51727726106527,0,-3.6774079828747412,-1.4153589729275908,-1.0870747237101044,0,-1.4312832231252157,-0.7409871418391494,-1.7067940208315453,-0.7459722916239233,0,-0.4821271617582419,-3.0176036885829216,-1.0571068829626133,-0.6862478166172061,-3.6987422020114717,-2.109730116043889,-4.4674410736326085,0,-1.2400301431552059,-1.4623751038874662,-1.2384387590960086,-3.203926010595976,0,-0.9402478006221118,0,-1.1728625501616055,-1.4593096866167892,-1.014506695443392,-0.7420970831999262,0,-0.6523647644333646,-0.9200632613368522,-0.5753043805440492,-0.4772940722667413,-0.2340304885709914,0,-0.3920645081570755,-0.2135598034776358,-0.2000674668826404],"activity":[[0]],"dinucleotide":[],"positionBias":[],"modifications":[]}]},"modelFittingConstraints":{"enrichmentModel":[{}],"nShifts":0,"addBindingModesSequentially":true,"bindingModeInteractions":[],"flankLengths":[0],"singleModeLengthSweep":false,"bindingModes":[{"maxFlankLength":-1,"positionBiasBinWidth":1,"optimizeSizeHeuristic":false,"maxSize":-1,"optimizeFlankLength":false,"symmetryString":"null","roundSpecificActivity":true,"informationThreshold":0.1,"optimizeMotifShift":false,"fittingStages":[],"optimizeMotifShiftHeuristic":false,"experimentSpecificPositionBias":true,"minSize":-1,"experimentSpecificActivity":true,"optimizeSize":false}]}}
