{"modelSettings":{"letterOrder":"ACGTN","bindingModeInteractions":[],"bindingModes":[{"size":12,"fitLogActivity":true,"flankLength":0,"dinucleotideDistance":0,"componentName":"Binding mode 1","positionBias":false,"singleStrand":false,"modifications":[]}],"letterComplement":"C-G,A-T,N-N"},"coefficients":{"bindingModeInteractions":[],"bindingModes":[{"mononucleotide":[0,-0.28430030704199094,-0.11198146260567299,-0.2749022277923281,-0.16068301572335014,-0.09556862856017023,-0.3459285299303483,0,-0.5464507742175106,-0.2245757593531282,-0.4645072010457705,0,-0.05487624931006163,-0.9355994638618395,-0.29860901995727096,-2.2781048847988448,0,-2.283471171039385,-0.8445837377325862,-0.8951751121182973,0,-1.5384487465614827,-2.3153426638416077,-1.1847445181334404,-0.9043185804334423,-1.5683859663262565,0,-2.8821119443760286,-2.862929412573574,-1.1075277976318882,-2.806299988696167,-2.939144443963217,-2.931143549352474,0,-1.2321364075402779,-2.3884406557479503,-1.284362719415408,-3.007111420040264,0,-1.0370230341551472,0,-0.9903698422599545,-0.9082016103219814,-0.935777218172543,-0.6129649803245725,0,-0.7766859661668777,-0.21723419618418482,-0.6083662872695159,-0.353498402324583,-0.07108885619205996,0,-0.10353976166620704,-0.2561977947217571,-0.10341569590727949,0,-0.07783521490155465,-0.1261110413238673,-0.1897174448767731,-0.09600809605566665],"activity":[[0]],"dinucleotide":[],"positionBias":[],"modifications":[]}]},"modelFittingConstraints":{"enrichmentModel":[{}],"nShifts":0,"addBindingModesSequentially":true,"bindingModeInteractions":[],"flankLengths":[0],"singleModeLengthSweep":false,"bindingModes":[{"maxFlankLength":-1,"positionBiasBinWidth":1,"optimizeSizeHeuristic":false,"maxSize":-1,"optimizeFlankLength":false,"symmetryString":"null","roundSpecificActivity":true,"informationThreshold":0.1,"optimizeMotifShift":false,"fittingStages":[],"optimizeMotifShiftHeuristic":false,"experimentSpecificPositionBias":true,"minSize":-1,"experimentSpecificActivity":true,"optimizeSize":false}]}}
