{"modelSettings":{"letterOrder":"ACGTN","bindingModeInteractions":[],"bindingModes":[{"size":12,"fitLogActivity":true,"flankLength":0,"dinucleotideDistance":0,"componentName":"Binding mode 1","positionBias":false,"singleStrand":false,"modifications":[]}],"letterComplement":"C-G,A-T,N-N"},"coefficients":{"bindingModeInteractions":[],"bindingModes":[{"mononucleotide":[-0.14624305645761293,-0.37308871112609854,-0.36273667767152595,0,-0.20815597390868953,0,-0.05432604815102149,-0.2432172779970685,-0.09394191838405686,-0.09388219705808859,-0.6586289160767578,-0.04866415411903269,-0.26189922195256976,0,-0.2108290575131495,-2.155174496285712,-0.43585080123133446,-1.9018730382884936,0,-0.7382042192572568,0,-1.7429925714094083,-1.7590012044143855,-2.0892002519761896,-1.0003527286927187,0,-2.7819005081753443,-2.6830546488466385,-2.2683761167987395,-1.1762321301812868,-2.7882238677948203,-2.4293931583294395,-3.240267135617413,0,-1.213371744060032,-0.5659130549739504,-1.2472490615632372,-1.2809429804927586,0,-0.6288067796008215,0,-1.5624906004915782,-1.4948251972063535,-0.8275423451346511,-0.7598087923786123,0,-0.6263836517902437,-0.2758631002514873,-0.5046218308590791,-0.3225592757244539,0,-0.2510537639008197,-0.10837163093462054,-0.19352984163952502,-0.13372573712006444,-0.14590359693239519,-0.1408036116204916,-0.10759426556330443,0,-0.09681580009020072],"activity":[[0]],"dinucleotide":[],"positionBias":[],"modifications":[]}]},"modelFittingConstraints":{"enrichmentModel":[{}],"nShifts":0,"addBindingModesSequentially":true,"bindingModeInteractions":[],"flankLengths":[0],"singleModeLengthSweep":false,"bindingModes":[{"maxFlankLength":-1,"positionBiasBinWidth":1,"optimizeSizeHeuristic":false,"maxSize":-1,"optimizeFlankLength":false,"symmetryString":"null","roundSpecificActivity":true,"informationThreshold":0.1,"optimizeMotifShift":false,"fittingStages":[],"optimizeMotifShiftHeuristic":false,"experimentSpecificPositionBias":true,"minSize":-1,"experimentSpecificActivity":true,"optimizeSize":false}]}}
