{"modelSettings":{"letterOrder":"ACGTN","bindingModeInteractions":[],"bindingModes":[{"size":12,"fitLogActivity":true,"flankLength":0,"dinucleotideDistance":0,"componentName":"Binding mode 2","positionBias":false,"singleStrand":false,"modifications":[]}],"letterComplement":"C-G,A-T,N-N"},"coefficients":{"bindingModeInteractions":[],"bindingModes":[{"mononucleotide":[0,-0.6562488029661235,-0.7326376056067074,-0.42442073189964,-0.4103839475777115,-0.7460090350528166,0,-0.9936132039599297,-0.553508197469343,-0.5027659602920582,-3.391335428233743,-2.156521238455615,-1.6237158603228914,0,-1.0887445854271167,-2.665272987892516,-2.6819633782676506,0,-2.7297171116274654,-1.2012708169722923,0,-1.158413052556539,-2.6438324929692145,-2.9021541872732075,-1.0216670944349509,-0.5522427096809279,0,-3.28252273784686,-2.967060407187631,-0.876682399987079,-0.6094124443340458,0,-2.6968469832163633,-2.4573087212104396,-0.857577848651738,-2.81895772433949,-1.519307052917008,-3.0001259636479736,0,-1.1023851016147337,-1.9353429887325833,-0.7726094672322272,-2.7175581092999095,0,-0.8721440837822364,-1.0240376307497199,-0.8024427634120199,-1.2834382174021153,0,-0.651785676480376,0,-0.15435380349441186,-0.34170206294099925,-0.054092511489804096,-0.12929093712942766,-0.7168202564714625,-0.7718955234072249,0,-0.3000305912336598,-0.3962944353446378],"activity":[[0]],"dinucleotide":[],"positionBias":[],"modifications":[]}]},"modelFittingConstraints":{"enrichmentModel":[{}],"nShifts":0,"addBindingModesSequentially":true,"bindingModeInteractions":[],"flankLengths":[0],"singleModeLengthSweep":false,"bindingModes":[{"maxFlankLength":-1,"positionBiasBinWidth":1,"optimizeSizeHeuristic":false,"maxSize":-1,"optimizeFlankLength":false,"symmetryString":"null","roundSpecificActivity":true,"informationThreshold":0.1,"optimizeMotifShift":false,"fittingStages":[],"optimizeMotifShiftHeuristic":false,"experimentSpecificPositionBias":true,"minSize":-1,"experimentSpecificActivity":true,"optimizeSize":false}]}}
