{"modelSettings":{"letterOrder":"ACGTN","bindingModeInteractions":[],"bindingModes":[{"size":12,"fitLogActivity":true,"flankLength":0,"dinucleotideDistance":0,"componentName":"Binding mode 1","positionBias":false,"singleStrand":false,"modifications":[]}],"letterComplement":"C-G,A-T,N-N"},"coefficients":{"bindingModeInteractions":[],"bindingModes":[{"mononucleotide":[-0.09317271943045391,-0.004976079996747096,-0.2723492161236951,0,-0.08674032218537446,-0.7289129991805732,-0.29030087777263613,-0.11299128058928609,0,-0.24729856642747614,-0.31303102778206604,-0.008334406285276152,-0.2593265314806734,0,-0.13510448868551483,-2.098857409174714,-0.9393146947642501,-2.867548127039778,0,-0.9350084658250144,0,-2.25152221457242,-1.9705812214861504,-2.008511114255386,-1.0650785949139132,0,-2.7313224239863896,-3.344002983046926,-2.940043893056281,-1.2436739903902299,-3.2123082124765525,-2.819363797021616,-2.5005471341497754,0,-1.2191308215364058,-2.927623768380957,-1.9105857726771962,-1.6214501646678077,0,-1.0504439859078771,-0.44886342476946073,-0.5032085253520542,0,-1.7202144937114943,-0.5017136273697254,0,-0.2600179352326122,-0.2130153771491985,-0.7941237354441544,-0.27734944501757736,-0.7322701911071636,-0.64169939040131,-0.8697543464769164,0,-0.4999401718575625,0,-0.5283731715054709,-0.6453716151841555,-0.35009850619336547,-0.3500364592722523],"activity":[[0]],"dinucleotide":[],"positionBias":[],"modifications":[]}]},"modelFittingConstraints":{"enrichmentModel":[{}],"nShifts":0,"addBindingModesSequentially":true,"bindingModeInteractions":[],"flankLengths":[0],"singleModeLengthSweep":false,"bindingModes":[{"maxFlankLength":-1,"positionBiasBinWidth":1,"optimizeSizeHeuristic":false,"maxSize":-1,"optimizeFlankLength":false,"symmetryString":"null","roundSpecificActivity":true,"informationThreshold":0.1,"optimizeMotifShift":false,"fittingStages":[],"optimizeMotifShiftHeuristic":false,"experimentSpecificPositionBias":true,"minSize":-1,"experimentSpecificActivity":true,"optimizeSize":false}]}}
