{"modelSettings":{"letterOrder":"ACGTN","bindingModeInteractions":[],"bindingModes":[{"size":12,"fitLogActivity":true,"flankLength":0,"dinucleotideDistance":0,"componentName":"Binding mode 1","positionBias":false,"singleStrand":false,"modifications":[]}],"letterComplement":"C-G,A-T,N-N"},"coefficients":{"bindingModeInteractions":[],"bindingModes":[{"mononucleotide":[0,-0.6824633981534771,-0.9815189409639338,-0.06340736420754745,-0.35002813843632374,0,-0.7952363523538146,-1.0990420366076883,-0.3394150971874552,-0.4712638665930875,-0.015748271848307738,-0.7305728675018401,-0.8604604952660329,0,-0.32539247342657096,0,-1.687879356624915,-0.01755149632983688,-1.2446175168074944,-0.48793791748091175,-2.0343598028788894,-1.2585152188390634,-2.143964053692211,0,-0.9597013277617541,0,-0.8299203956606691,-2.2541709810396617,-2.625346057910907,-0.9079139068473079,0,-2.4198908707320967,-2.767192779665352,-3.264676093328659,-1.2123588783566221,0,-2.6024899289753063,-2.578747003164562,-2.874441666169706,-1.19864906081036,-2.495412152653419,0,-2.5095158983006005,-0.39464582130862524,-0.7777857025905588,0,-2.7179015739344154,-2.542182071890185,-2.609927232958335,-1.1888809916465248,0,-1.0629209776912507,-1.1198506888797253,-0.15767885232293377,-0.4596977772257867,-0.1386707550943398,-0.8232841705862346,-0.7393658496907318,0,-0.3613577692665844],"activity":[[0]],"dinucleotide":[],"positionBias":[],"modifications":[]}]},"modelFittingConstraints":{"enrichmentModel":[{}],"nShifts":0,"addBindingModesSequentially":true,"bindingModeInteractions":[],"flankLengths":[0],"singleModeLengthSweep":false,"bindingModes":[{"maxFlankLength":-1,"positionBiasBinWidth":1,"optimizeSizeHeuristic":false,"maxSize":-1,"optimizeFlankLength":false,"symmetryString":"null","roundSpecificActivity":true,"informationThreshold":0.1,"optimizeMotifShift":false,"fittingStages":[],"optimizeMotifShiftHeuristic":false,"experimentSpecificPositionBias":true,"minSize":-1,"experimentSpecificActivity":true,"optimizeSize":false}]}}
