{"modelSettings":{"letterOrder":"ACGTN","bindingModeInteractions":[],"bindingModes":[{"size":12,"fitLogActivity":true,"flankLength":0,"dinucleotideDistance":0,"componentName":"Binding mode 1","positionBias":false,"singleStrand":false,"modifications":[]}],"letterComplement":"C-G,A-T,N-N"},"coefficients":{"bindingModeInteractions":[],"bindingModes":[{"mononucleotide":[-0.15995777529611566,0,-0.023202967763880977,-0.20911228805351278,-0.09416012675751734,-0.4173711474158921,-0.13155693184988415,0,-0.6799035045152175,-0.2737227545786633,-0.34874994950290983,0,-0.25980554428097324,-0.4518168726675569,-0.2506298028283072,-2.1494907046103284,-1.7571757410458186,-4.159385608688826,0,-1.1203272887114615,0,-2.7176741947452,-1.9327348572140814,-3.14531399206198,-1.1600888389964665,0,-3.1274027520495427,-4.013679302398984,-3.7962707684478874,-1.3053111938770334,-0.17955917799891985,-0.8177766971509204,-0.589026309105174,0,-0.3453402302384487,-0.6472435910002465,-0.11088446154594234,-0.41280582189806925,0,-0.2612609825620983,-0.8246413485274315,-1.0362821126227786,0,-0.6967264170368779,-0.5571414109547078,-0.4302756721782317,-0.062005295490271894,0,-0.3863618933102684,-0.20158625490637955,-0.3775244443869812,0,-0.26272421174301375,-0.03678581183684004,-0.15712381949239554,-0.1963585601517046,0,-0.047530079206969944,-0.0978630494187005,-0.08281861126999866],"activity":[[0]],"dinucleotide":[],"positionBias":[],"modifications":[]}]},"modelFittingConstraints":{"enrichmentModel":[{}],"nShifts":0,"addBindingModesSequentially":true,"bindingModeInteractions":[],"flankLengths":[0],"singleModeLengthSweep":false,"bindingModes":[{"maxFlankLength":-1,"positionBiasBinWidth":1,"optimizeSizeHeuristic":false,"maxSize":-1,"optimizeFlankLength":false,"symmetryString":"null","roundSpecificActivity":true,"informationThreshold":0.1,"optimizeMotifShift":false,"fittingStages":[],"optimizeMotifShiftHeuristic":false,"experimentSpecificPositionBias":true,"minSize":-1,"experimentSpecificActivity":true,"optimizeSize":false}]}}
