{"modelSettings":{"letterOrder":"ACGTN","bindingModeInteractions":[],"bindingModes":[{"size":12,"fitLogActivity":true,"flankLength":0,"dinucleotideDistance":0,"componentName":"Binding mode 1","positionBias":false,"singleStrand":false,"modifications":[]}],"letterComplement":"C-G,A-T,N-N"},"coefficients":{"bindingModeInteractions":[],"bindingModes":[{"mononucleotide":[-0.995378998947392,-0.8209861856336254,0,-0.7624671070892122,-0.5638331350609457,0,-0.4288752167495389,-0.5931850539886057,-0.9916628342140736,-0.44053607262636385,-1.5162442941157965,-0.9726053134131387,-1.5192525891592878,0,-0.789378958002397,-1.3270495546526724,-1.1703949572397923,0,-1.2485193162977897,-0.7644109551180966,0,-1.5018074954422511,-1.3768467532190343,-1.321435975858798,-0.8313452799501763,-1.6594220266120738,0,-1.1707768356779011,-1.4058860586069577,-0.8292392311212053,-1.4196458082123358,-1.1704063656313197,0,-1.675644943812509,-0.832853079252447,-1.278554806063969,-1.4011771219712132,-1.520119381586456,0,-0.8304387497275831,-1.2174707564533094,0,-1.135931094008996,-1.253995393238553,-0.743144899474835,0,-1.474554506678567,-1.000616367039843,-1.4210010329830123,-0.7776132873101879,-0.9106019669656309,-0.5461324034030217,-0.24838288322216862,0,-0.3705099417719826,-0.7468808188326004,0,-0.8732681765728612,-1.0325538554436031,-0.5764655485131183],"activity":[[0]],"dinucleotide":[],"positionBias":[],"modifications":[]}]},"modelFittingConstraints":{"enrichmentModel":[{}],"nShifts":0,"addBindingModesSequentially":true,"bindingModeInteractions":[],"flankLengths":[0],"singleModeLengthSweep":false,"bindingModes":[{"maxFlankLength":-1,"positionBiasBinWidth":1,"optimizeSizeHeuristic":false,"maxSize":-1,"optimizeFlankLength":false,"symmetryString":"null","roundSpecificActivity":true,"informationThreshold":0.1,"optimizeMotifShift":false,"fittingStages":[],"optimizeMotifShiftHeuristic":false,"experimentSpecificPositionBias":true,"minSize":-1,"experimentSpecificActivity":true,"optimizeSize":false}]}}
