{"modelSettings":{"letterOrder":"ACGTN","bindingModeInteractions":[],"bindingModes":[{"size":12,"fitLogActivity":true,"flankLength":0,"dinucleotideDistance":0,"componentName":"Binding mode 1","positionBias":false,"singleStrand":false,"modifications":[]}],"letterComplement":"C-G,A-T,N-N"},"coefficients":{"bindingModeInteractions":[],"bindingModes":[{"mononucleotide":[-0.09778696049355773,-0.5356118674947341,0,-0.3218404025249413,-0.2178553759933053,0,-0.5974667833942595,-0.5877389032603615,-1.0001365082593998,-0.48061372832470733,0,-1.8784845172069453,-1.313420029568309,-1.0054440547836632,-0.8054190268851312,-1.8987583351380024,0,-1.7608997216525097,-1.379209989592702,-0.9330415143553047,0,-1.70814782401727,-1.8668920213776963,-2.2363559408027394,-1.019811502355608,0,-1.2420367037885067,-1.3648758916995152,-2.4324705811125042,-0.8964713157939393,-1.6433122259446502,-1.5015749426645253,-1.293058651287795,0,-0.8612417834841554,-0.4923853639522835,-1.7329595129605238,0,-0.4748639784658528,-0.5067103693620617,-0.1553813252296723,-0.4745495318386195,0,-0.08798423108865361,-0.16427657813833538,-0.049921328573497625,0,-0.6044440001385314,-0.056400982096752816,-0.1499969349940367,0,-1.090714524607098,-1.0995655486647915,-0.7289338304717874,-0.6201685323734377,-0.19225415020845738,-1.0817730223101822,-0.10920575542410038,0,-0.2676712899501302],"activity":[[0]],"dinucleotide":[],"positionBias":[],"modifications":[]}]},"modelFittingConstraints":{"enrichmentModel":[{}],"nShifts":0,"addBindingModesSequentially":true,"bindingModeInteractions":[],"flankLengths":[0],"singleModeLengthSweep":false,"bindingModes":[{"maxFlankLength":-1,"positionBiasBinWidth":1,"optimizeSizeHeuristic":false,"maxSize":-1,"optimizeFlankLength":false,"symmetryString":"null","roundSpecificActivity":true,"informationThreshold":0.1,"optimizeMotifShift":false,"fittingStages":[],"optimizeMotifShiftHeuristic":false,"experimentSpecificPositionBias":true,"minSize":-1,"experimentSpecificActivity":true,"optimizeSize":false}]}}
