{"modelSettings":{"letterOrder":"ACGTN","bindingModeInteractions":[],"bindingModes":[{"size":12,"fitLogActivity":true,"flankLength":0,"dinucleotideDistance":0,"componentName":"Binding mode 1","positionBias":false,"singleStrand":false,"modifications":[]}],"letterComplement":"C-G,A-T,N-N"},"coefficients":{"bindingModeInteractions":[],"bindingModes":[{"mononucleotide":[-0.1799701934209521,-0.13156631664254625,0,-0.13550634268993722,-0.10945503556841153,-0.03721031353273041,-0.09596799390843014,-0.052791096728941334,0,-0.045901349633999486,0,-0.4510536509627734,-0.4249921344687424,-0.22108447127732944,-0.25735316020688087,-0.5304486514563376,-0.755748171526748,0,-0.9966393852951878,-0.4995898694058487,-1.1110879164861736,-1.3722190105385899,0,-0.9695274124755597,-0.7123266501136212,-1.173072376126207,-1.7038306416702917,0,-2.182712471792644,-0.9137095457855865,0,-2.0626661894057436,-2.314481989308043,-1.5695530920248064,-1.0257777041987333,-1.4448916559029943,-2.376951830313354,0,-2.652105123315281,-1.0504599154234622,0,-1.9906435879370317,-1.6173181392167981,-1.6220867581470841,-0.959378449197603,-2.2389256190018565,-2.4523289396417853,0,-1.8972506498541541,-1.091651924181961,0,-0.37445879279327343,-0.9518529431504996,-0.40600073185256047,-0.3783378629867314,-0.2956285243737957,-0.679695267307868,0,-0.5480486062306467,-0.34640219591905835],"activity":[[0]],"dinucleotide":[],"positionBias":[],"modifications":[]}]},"modelFittingConstraints":{"enrichmentModel":[{}],"nShifts":0,"addBindingModesSequentially":true,"bindingModeInteractions":[],"flankLengths":[0],"singleModeLengthSweep":false,"bindingModes":[{"maxFlankLength":-1,"positionBiasBinWidth":1,"optimizeSizeHeuristic":false,"maxSize":-1,"optimizeFlankLength":false,"symmetryString":"null","roundSpecificActivity":true,"informationThreshold":0.1,"optimizeMotifShift":false,"fittingStages":[],"optimizeMotifShiftHeuristic":false,"experimentSpecificPositionBias":true,"minSize":-1,"experimentSpecificActivity":true,"optimizeSize":false}]}}
