{"modelSettings":{"letterOrder":"ACGTN","bindingModeInteractions":[],"bindingModes":[{"size":12,"fitLogActivity":true,"flankLength":0,"dinucleotideDistance":0,"componentName":"Binding mode 1","positionBias":false,"singleStrand":false,"modifications":[]}],"letterComplement":"C-G,A-T,N-N"},"coefficients":{"bindingModeInteractions":[],"bindingModes":[{"mononucleotide":[0,-0.21474099171901484,-0.06297571545343938,-0.17310463327518955,-0.10904332990272436,0,-0.34903047075723137,-0.29771974730536677,-0.30596885821011677,-0.22806483166241634,0,-0.25061449915565426,-0.10420508467559042,-0.12320507061996366,-0.11556653389039753,-0.6573050568598995,0,-0.23543326445564272,-1.1247418862691956,-0.4180904340507105,-2.182617699388106,0,-2.1489837802154037,-0.7037740248579474,-0.8416104663117694,0,-2.3096312513651944,-2.342875867819161,-1.6052060539472746,-1.0525422231239299,-1.2098647064643617,0,-2.3744815554702123,-2.545533776428842,-1.0012146117149485,-2.187110955100634,-1.9702825311640768,-2.1227423185689154,0,-1.070490739178279,-2.361232708789532,-1.1656440456272135,-2.195286478547561,0,-0.9693273866196763,-0.4565547060614601,-0.7089883003435058,0,-1.2504546779675616,-0.5058468888085295,0,-0.930564749104069,-1.048579142451222,-0.5894995548961384,-0.5536587415984181,-0.29037044331504,-0.15622529076844005,0,-0.9444471463659352,-0.2902696154566742],"activity":[[0]],"dinucleotide":[],"positionBias":[],"modifications":[]}]},"modelFittingConstraints":{"enrichmentModel":[{}],"nShifts":0,"addBindingModesSequentially":true,"bindingModeInteractions":[],"flankLengths":[0],"singleModeLengthSweep":false,"bindingModes":[{"maxFlankLength":-1,"positionBiasBinWidth":1,"optimizeSizeHeuristic":false,"maxSize":-1,"optimizeFlankLength":false,"symmetryString":"null","roundSpecificActivity":true,"informationThreshold":0.1,"optimizeMotifShift":false,"fittingStages":[],"optimizeMotifShiftHeuristic":false,"experimentSpecificPositionBias":true,"minSize":-1,"experimentSpecificActivity":true,"optimizeSize":false}]}}
