{"modelSettings":{"letterOrder":"ACGTN","bindingModeInteractions":[],"bindingModes":[{"size":12,"fitLogActivity":true,"flankLength":0,"dinucleotideDistance":0,"componentName":"Binding mode 1","positionBias":false,"singleStrand":false,"modifications":[]}],"letterComplement":"C-G,A-T,N-N"},"coefficients":{"bindingModeInteractions":[],"bindingModes":[{"mononucleotide":[-0.23220689419922635,-0.8142261362213339,-1.1758113099744514,0,-0.4524259772625155,-0.3457944763517613,-1.1678794199645348,-1.0710615969926711,0,-0.5270700682276693,-2.4383432578059447,-3.1149003899176604,-2.375491716395394,0,-1.183633502579707,-0.840375520237163,-2.104968515020734,0,-2.482126389623836,-0.8934514866108729,-1.8963396567433906,-2.496210188524529,-2.1841904034798993,0,-1.0898389354328033,-2.4971144096641535,-2.3462721433108746,-2.0491182295828483,0,-1.1186394851634764,-2.4555290498267515,-2.1177967747741766,-0.5749216275774707,0,-0.8159573206757011,0,-1.8885337767469847,-0.43160145659529014,-2.006419040317353,-0.7260676694147029,-2.290822586325261,0,-2.083798796641526,-0.656909792349714,-0.8300610263774466,0,-1.492476630436654,-1.3171090471751192,-1.092107509829428,-0.7829446879913915,-0.16793291446552416,-0.5998714425635114,-0.6995595087910891,0,-0.32465840314914357,0,-1.2058039659487054,-1.1569180036425264,-0.4598964609391736,-0.5774757059591458],"activity":[[0]],"dinucleotide":[],"positionBias":[],"modifications":[]}]},"modelFittingConstraints":{"enrichmentModel":[{}],"nShifts":0,"addBindingModesSequentially":true,"bindingModeInteractions":[],"flankLengths":[0],"singleModeLengthSweep":false,"bindingModes":[{"maxFlankLength":-1,"positionBiasBinWidth":1,"optimizeSizeHeuristic":false,"maxSize":-1,"optimizeFlankLength":false,"symmetryString":"null","roundSpecificActivity":true,"informationThreshold":0.1,"optimizeMotifShift":false,"fittingStages":[],"optimizeMotifShiftHeuristic":false,"experimentSpecificPositionBias":true,"minSize":-1,"experimentSpecificActivity":true,"optimizeSize":false}]}}
