{"modelSettings":{"letterOrder":"ACGTN","bindingModeInteractions":[],"bindingModes":[{"size":12,"fitLogActivity":true,"flankLength":0,"dinucleotideDistance":0,"componentName":"Binding mode 1","positionBias":false,"singleStrand":false,"modifications":[]}],"letterComplement":"C-G,A-T,N-N"},"coefficients":{"bindingModeInteractions":[],"bindingModes":[{"mononucleotide":[-0.4139433949534954,-0.25941357320725,-0.13621238819574,0,-0.19079751967314817,0,-0.8540657577095647,-0.1532631489351841,-1.5697607293449036,-0.4733373409745658,-1.9978419342638891,-2.461189968151156,-1.6593690031891914,0,-1.0418397807295519,-2.587703259487657,-2.557638227532681,-1.067983506162375,0,-0.9832448602973839,0,-1.3131493862719283,-0.4695829971083745,-2.0553900863676122,-0.6820700323482862,-2.4071402261992545,0,-2.0996033712237385,-1.6514650347717867,-1.0467224505453874,-0.13208282149832762,-1.7862101800650305,0,-1.8298045194358585,-0.5958809759516536,-2.1178026939284282,-1.5945655537173606,-1.7589201848884115,0,-0.9838183117797364,0,-0.6117892886981142,-2.3103618066423786,-2.5062599514932136,-0.8421243172211047,0,-1.824380279831007,-2.5564860092431974,-2.2242786774991137,-1.0883848801893958,-1.4047979094083831,-0.10937717980942185,-0.8911376222631269,0,-0.4494178781757422,0,-0.055973690414025334,-0.32573199954177134,-0.3115867125561804,-0.16256399523008372],"activity":[[0]],"dinucleotide":[],"positionBias":[],"modifications":[]}]},"modelFittingConstraints":{"enrichmentModel":[{}],"nShifts":0,"addBindingModesSequentially":true,"bindingModeInteractions":[],"flankLengths":[0],"singleModeLengthSweep":false,"bindingModes":[{"maxFlankLength":-1,"positionBiasBinWidth":1,"optimizeSizeHeuristic":false,"maxSize":-1,"optimizeFlankLength":false,"symmetryString":"null","roundSpecificActivity":true,"informationThreshold":0.1,"optimizeMotifShift":false,"fittingStages":[],"optimizeMotifShiftHeuristic":false,"experimentSpecificPositionBias":true,"minSize":-1,"experimentSpecificActivity":true,"optimizeSize":false}]}}
