{"modelSettings":{"letterOrder":"ACGTN","bindingModeInteractions":[],"bindingModes":[{"size":12,"fitLogActivity":true,"flankLength":0,"dinucleotideDistance":0,"componentName":"Binding mode 1","positionBias":false,"singleStrand":false,"modifications":[]}],"letterComplement":"C-G,A-T,N-N"},"coefficients":{"bindingModeInteractions":[],"bindingModes":[{"mononucleotide":[0,-0.6919714893922286,-1.2001162257984905,-0.9737958554433472,-0.6072474036961804,0,-1.5000689396538807,-1.1728094007268997,-0.4616491105276701,-0.6148655095564526,-1.0620331331597956,-0.34640032831252476,-1.0203967655927704,0,-0.5052440056403502,0,-2.0305024407987387,-1.1633720053804657,-1.5867892251567994,-0.8865609147341678,0,-1.6482752024921958,-1.3236068684554922,-0.7653311791467372,-0.7320258536753651,-1.353490986007663,-1.0300938472915773,0,-1.683085191466605,-0.7978911335043531,-0.835884311759715,-2.45464454708392,0,-1.579402537992666,-0.8407874140530261,-2.2340250239428388,-2.022127617481699,-3.004298286266367,0,-1.1323938525752626,0,-1.984519677543843,-0.25466300348839255,-2.243653744109396,-0.6838433234429255,0,-2.148658374489214,-1.5678199055059183,-1.759164497512772,-0.9826118783813417,-2.3018627828946543,-1.3717542078485083,-1.3727079193375573,0,-0.9118296720876158,0,-0.7260792270003602,-1.2771388669019492,-0.9402730438794142,-0.619359090405955],"activity":[[0]],"dinucleotide":[],"positionBias":[],"modifications":[]}]},"modelFittingConstraints":{"enrichmentModel":[{}],"nShifts":0,"addBindingModesSequentially":true,"bindingModeInteractions":[],"flankLengths":[0],"singleModeLengthSweep":false,"bindingModes":[{"maxFlankLength":-1,"positionBiasBinWidth":1,"optimizeSizeHeuristic":false,"maxSize":-1,"optimizeFlankLength":false,"symmetryString":"null","roundSpecificActivity":true,"informationThreshold":0.1,"optimizeMotifShift":false,"fittingStages":[],"optimizeMotifShiftHeuristic":false,"experimentSpecificPositionBias":true,"minSize":-1,"experimentSpecificActivity":true,"optimizeSize":false}]}}
