{"modelSettings":{"letterOrder":"ACGTN","bindingModeInteractions":[],"bindingModes":[{"size":12,"fitLogActivity":true,"flankLength":0,"dinucleotideDistance":0,"componentName":"Binding mode 1","positionBias":false,"singleStrand":false,"modifications":[]}],"letterComplement":"C-G,A-T,N-N"},"coefficients":{"bindingModeInteractions":[],"bindingModes":[{"mononucleotide":[0,-0.015401879726599788,-0.3073027730114912,-0.7233158416881658,-0.22149336438503883,-1.1881334244076656,-1.3095915891290653,0,-0.8636266028900255,-0.6949737759803245,-1.663237279994691,-2.0606668547574767,0,-1.6285035692560066,-0.972122972350376,-1.8342963867456392,-1.3963730750116303,0,-0.4233293931679185,-0.6625783476887187,-0.8138784462969313,-1.1941686533498377,0,-1.2499508796380878,-0.6769733692654596,0,-0.47588857999111944,-0.14675288288113464,-1.3977405251279031,-0.3812623157121542,-0.7650687446663937,-1.6854734125184274,-1.2811530353609264,0,-0.7296164213262963,-2.1293839682422977,-1.6936387638675856,-2.21088286475942,0,-1.0410296875909986,-1.83426837049219,0,-1.6125504442819807,-1.9157782013774645,-0.9766141494361052,-1.1393725497188423,0,-1.768654786859138,-1.9607721362837887,-0.8968976654533234,-1.7669040127919904,0,-1.9492072862705085,-1.2745002878402403,-0.9207891522159601,-1.0875766507835456,0,-1.272515382037458,-1.0628934285486844,-0.7120175225962736],"activity":[[0]],"dinucleotide":[],"positionBias":[],"modifications":[]}]},"modelFittingConstraints":{"enrichmentModel":[{}],"nShifts":0,"addBindingModesSequentially":true,"bindingModeInteractions":[],"flankLengths":[0],"singleModeLengthSweep":false,"bindingModes":[{"maxFlankLength":-1,"positionBiasBinWidth":1,"optimizeSizeHeuristic":false,"maxSize":-1,"optimizeFlankLength":false,"symmetryString":"null","roundSpecificActivity":true,"informationThreshold":0.1,"optimizeMotifShift":false,"fittingStages":[],"optimizeMotifShiftHeuristic":false,"experimentSpecificPositionBias":true,"minSize":-1,"experimentSpecificActivity":true,"optimizeSize":false}]}}
