{"modelSettings":{"letterOrder":"ACGTN","bindingModeInteractions":[],"bindingModes":[{"size":13,"fitLogActivity":true,"flankLength":0,"dinucleotideDistance":0,"componentName":"Binding mode 1","positionBias":false,"singleStrand":false,"modifications":[]}],"letterComplement":"C-G,A-T,N-N"},"coefficients":{"bindingModeInteractions":[],"bindingModes":[{"mononucleotide":[-0.48331911636478786,-0.6178771945732446,-0.5580048180590156,0,-0.38266314075583036,-0.25939002994145355,-1.3722941917813598,0,-1.5518207977339147,-0.5811995510892332,-2.1372385863134578,0,-2.3758514005971763,-2.369929413499516,-1.1205490181596807,0,-0.3879260565347282,-1.7120672591027883,-0.28912345525485783,-0.42775882662484715,-2.013828141246185,-0.5875684348395298,0,-1.0411267981018133,-0.672261723299585,-1.5568289864286537,-2.318998059661453,-2.4887745434584665,0,-1.0554183227759997,-1.93140644658583,0,-0.365501574057598,-2.54630171391265,-0.7354474990786604,0,-1.7525396867441252,-2.2447507335153767,-2.8433535457876107,-1.0954793159155878,-2.2424296904722776,-1.7917923904893662,-2.014132393949039,0,-1.0453340252634893,-2.7922140549698873,-2.2455287471454795,-2.197930950914118,0,-1.1408496800385575,-1.8392736437321693,-1.472120869147128,-1.3581020633010912,0,-0.8882381899706817,0,-0.38212546546406934,-0.5647862155953804,-0.5171014496953292,-0.33998029587070333,-0.47229880191523765,-0.5725229100431903,-0.8518348923325441,0,-0.4252983607830419],"activity":[[0]],"dinucleotide":[],"positionBias":[],"modifications":[]}]},"modelFittingConstraints":{"enrichmentModel":[{}],"nShifts":0,"addBindingModesSequentially":true,"bindingModeInteractions":[],"flankLengths":[0],"singleModeLengthSweep":false,"bindingModes":[{"maxFlankLength":-1,"positionBiasBinWidth":1,"optimizeSizeHeuristic":false,"maxSize":-1,"optimizeFlankLength":false,"symmetryString":"null","roundSpecificActivity":true,"informationThreshold":0.1,"optimizeMotifShift":false,"fittingStages":[],"optimizeMotifShiftHeuristic":false,"experimentSpecificPositionBias":true,"minSize":-1,"experimentSpecificActivity":true,"optimizeSize":false}]}}
