{"modelSettings":{"letterOrder":"ACGTN","bindingModeInteractions":[],"bindingModes":[{"size":18,"fitLogActivity":true,"flankLength":0,"dinucleotideDistance":0,"componentName":"Binding mode 1","positionBias":false,"singleStrand":false,"modifications":[]}],"letterComplement":"C-G,A-T,N-N"},"coefficients":{"bindingModeInteractions":[],"bindingModes":[{"mononucleotide":[-0.5221679902895824,-0.5387495688080861,-0.6779190069469916,0,-0.39884353644343923,-1.0535384998421575,-0.6662562412718822,-1.315804061115779,0,-0.6298963140700132,0,-2.0951467956756638,-1.8868879332428872,-1.5083427585696878,-0.983585549331171,-1.4375953260098635,-0.8910062424627228,0,-0.9962719503888406,-0.6846858819201905,-1.6534035813706067,0,-1.4553710078010669,-0.6511222593153985,-0.7204303115962175,-0.403438234926659,0,-0.47066600496060484,-0.7261672842582296,-0.3651518457132497,0,-0.9761724382081756,-0.07265442001913147,-0.47379195922797646,-0.31152770380336586,0,-1.5681031215706271,-0.42916587917954896,-0.7110514537041084,-0.5316153887471454,-2.1280881150038153,-1.7742598629698918,0,-1.174092272778231,-0.9176835253092509,0,-1.888886696164624,-1.3982641014989943,-0.4333132306137264,-0.670103307402354,-1.388806834092989,0,-1.30622941731286,-0.2508237622417111,-0.5540935209540248,0,-0.6049963719935647,-0.7055287515922339,-0.1267921159331955,-0.3144229189534416,-0.6271439833272261,0,-1.0708504481985424,-0.6966360827457665,-0.5212587832231466,-0.20266712097005968,-0.6869759919401792,0,-1.446479444925476,-0.4482254235256219,0,-1.3363067805237208,-1.9962106055859579,-1.3326679003861734,-0.8780102396227889,0,-2.475814674817612,-2.0943318298336644,-1.947591989731789,-1.0862904866746883,-2.019670501071772,0,-1.923988847679854,-1.848588204269272,-1.0243062787125934,-1.8824640523349903,0,-1.4479914519323813,-1.3380546747440443,-0.8857542370909176],"activity":[[0]],"dinucleotide":[],"positionBias":[],"modifications":[]}]},"modelFittingConstraints":{"enrichmentModel":[{}],"nShifts":0,"addBindingModesSequentially":true,"bindingModeInteractions":[],"flankLengths":[0],"singleModeLengthSweep":false,"bindingModes":[{"maxFlankLength":-1,"positionBiasBinWidth":1,"optimizeSizeHeuristic":false,"maxSize":-1,"optimizeFlankLength":false,"symmetryString":"null","roundSpecificActivity":true,"informationThreshold":0.1,"optimizeMotifShift":false,"fittingStages":[],"optimizeMotifShiftHeuristic":false,"experimentSpecificPositionBias":true,"minSize":-1,"experimentSpecificActivity":true,"optimizeSize":false}]}}
