{"modelSettings":{"letterOrder":"ACGTN","bindingModeInteractions":[],"bindingModes":[{"size":17,"fitLogActivity":true,"flankLength":0,"dinucleotideDistance":0,"componentName":"Binding mode 1","positionBias":false,"singleStrand":false,"modifications":[]}],"letterComplement":"C-G,A-T,N-N"},"coefficients":{"bindingModeInteractions":[],"bindingModes":[{"mononucleotide":[-0.5751305671312359,0,-0.3750230919819515,-0.20186738717347197,-0.2655592293508456,-1.4739040354513033,0,-1.816434695439158,-0.1650745598437826,-0.5800575691037654,0,-1.1583961363274398,-1.4480917140009169,-0.9729338092908435,-0.7303402329445388,0,-0.8917770718507132,-1.995306730762377,-1.8354049086985027,-0.8524668431972572,-3.4241496790225145,-2.9310266583120668,-3.1628326698094575,0,-1.2656488051635764,0,-0.27996817533331075,-1.5649066657837771,-0.44209210567283996,-0.4278618938010726,0,-1.2351085232285577,-1.2672222495447993,-0.4060433119790243,-0.5804002282784113,0,-0.6142382961579766,-0.4384712358559568,-0.3677445453025676,-0.32907067776324167,-0.5517181978297998,0,-0.4657054804619314,-0.7853921993943906,-0.4081215135952603,-1.7963114799023234,0,-1.837751951745627,-0.19455350578192565,-0.6216237155889359,0,-0.6529361553638804,-1.2972048061940304,-0.7488016469181638,-0.5679504458929618,0,-1.1391474358015605,-0.9426557803570716,-1.726218060833812,-0.7509671206080316,-2.796280218465791,-2.3951502296019687,-2.903328985363848,0,-1.1981265766736275,-0.18115282607712135,-0.6122908881750844,-1.499990588254816,0,-0.4309569147432869,0,-0.9220086542875654,-0.9328977762472199,-0.6275172632012822,-0.5425540540939289,0,-0.3459919353039167,-0.1448556020204954,-0.2698012644110479,-0.1814629387050412,-0.05071153053980382,0,-0.20995928735394376,-0.14340825888863318,-0.09773125782336613],"activity":[[0]],"dinucleotide":[],"positionBias":[],"modifications":[]}]},"modelFittingConstraints":{"enrichmentModel":[{}],"nShifts":0,"addBindingModesSequentially":true,"bindingModeInteractions":[],"flankLengths":[0],"singleModeLengthSweep":false,"bindingModes":[{"maxFlankLength":-1,"positionBiasBinWidth":1,"optimizeSizeHeuristic":false,"maxSize":-1,"optimizeFlankLength":false,"symmetryString":"null","roundSpecificActivity":true,"informationThreshold":0.1,"optimizeMotifShift":false,"fittingStages":[],"optimizeMotifShiftHeuristic":false,"experimentSpecificPositionBias":true,"minSize":-1,"experimentSpecificActivity":true,"optimizeSize":false}]}}
