{"modelSettings":{"letterOrder":"ACGTN","bindingModeInteractions":[],"bindingModes":[{"size":12,"fitLogActivity":true,"flankLength":0,"dinucleotideDistance":0,"componentName":"Binding mode 1","positionBias":false,"singleStrand":false,"modifications":[]}],"letterComplement":"C-G,A-T,N-N"},"coefficients":{"bindingModeInteractions":[],"bindingModes":[{"mononucleotide":[-0.6437574089599529,-0.012825491807234357,0,-0.49871174429343057,-0.24849859639299451,-0.3110379663078664,0,-0.10587641261067127,-0.758641862082774,-0.254723268915617,0,-1.5065901486689643,-0.28810558085607774,-2.9088217853712557,-0.6802867704657184,-2.861927684735975,-2.449700048644223,-2.491575030317092,0,-1.1823275714263033,-3.0005204989397374,-3.063046004542837,0,-2.675633440569321,-1.2332562023043794,0,-3.4627103837560185,-2.609790390030275,-3.103327033630611,-1.2467113731663173,-2.8732634571852715,0,-1.673153934973664,-1.2970195860649305,-0.9692210642879542,-2.3218257151939046,-2.8169769717677635,-1.546548438829202,0,-1.0708542121480382,-2.0195026167835213,0,-3.0253191969494235,-3.144511185756006,-1.1838828267768222,0,-2.4854472271278,-2.686100821116474,-2.818781038576202,-1.194754525403499,-2.3991261207730874,-0.31341896237333167,-1.7587532501849443,0,-0.6961515042717189,-0.42674150985713055,-0.05803511520316551,0,-0.3083891837337882,-0.18305830886279315],"activity":[[0]],"dinucleotide":[],"positionBias":[],"modifications":[]}]},"modelFittingConstraints":{"enrichmentModel":[{}],"nShifts":0,"addBindingModesSequentially":true,"bindingModeInteractions":[],"flankLengths":[0],"singleModeLengthSweep":false,"bindingModes":[{"maxFlankLength":-1,"positionBiasBinWidth":1,"optimizeSizeHeuristic":false,"maxSize":-1,"optimizeFlankLength":false,"symmetryString":"null","roundSpecificActivity":true,"informationThreshold":0.1,"optimizeMotifShift":false,"fittingStages":[],"optimizeMotifShiftHeuristic":false,"experimentSpecificPositionBias":true,"minSize":-1,"experimentSpecificActivity":true,"optimizeSize":false}]}}
