{"modelSettings":{"letterOrder":"ACGTN","bindingModeInteractions":[],"bindingModes":[{"size":12,"fitLogActivity":true,"flankLength":0,"dinucleotideDistance":0,"componentName":"Binding mode 1","positionBias":false,"singleStrand":false,"modifications":[]}],"letterComplement":"C-G,A-T,N-N"},"coefficients":{"bindingModeInteractions":[],"bindingModes":[{"mononucleotide":[-0.3719819615761297,-0.2763274447349633,-0.13376170946456778,0,-0.18550772455725997,-0.16309914295741956,-0.8586420322052124,0,-2.1171857448465086,-0.5134900123210961,-2.147059793244855,-1.7380524399732722,-1.0757802282940454,0,-0.8954339493152925,-2.1688566316696805,-1.8564972413033858,-0.92355053280808,0,-0.8748886832833189,0,-2.201341583465625,-1.5976719823064212,-2.2102787454402244,-1.033743674920394,-1.8731705696549414,0,-1.4120414229550549,-0.4083173612247082,-0.6625941923553917,-0.809548562826282,-1.2093415645723118,0,-1.590903760692418,-0.7199049890507502,-1.1390217730611631,-0.33725598718151284,-0.9163633785095491,0,-0.49682858896582993,0,-0.5913585395125289,-0.9581870066316673,-0.9018446140803231,-0.5348695403700247,0,-0.8992073848132982,-1.081249304386556,-0.8999079848128626,-0.6195851292717162,-0.3963372726362113,-0.03327317590801426,-0.26602346220081907,0,-0.16061627589913643,0,-0.03724130252271607,-0.22225536673801605,-0.2575478805318645,-0.12298743159684979],"activity":[[0]],"dinucleotide":[],"positionBias":[],"modifications":[]}]},"modelFittingConstraints":{"enrichmentModel":[{}],"nShifts":0,"addBindingModesSequentially":true,"bindingModeInteractions":[],"flankLengths":[0],"singleModeLengthSweep":false,"bindingModes":[{"maxFlankLength":-1,"positionBiasBinWidth":1,"optimizeSizeHeuristic":false,"maxSize":-1,"optimizeFlankLength":false,"symmetryString":"null","roundSpecificActivity":true,"informationThreshold":0.1,"optimizeMotifShift":false,"fittingStages":[],"optimizeMotifShiftHeuristic":false,"experimentSpecificPositionBias":true,"minSize":-1,"experimentSpecificActivity":true,"optimizeSize":false}]}}
