{"modelSettings":{"letterOrder":"ACGTN","bindingModeInteractions":[],"bindingModes":[{"size":14,"fitLogActivity":true,"flankLength":0,"dinucleotideDistance":0,"componentName":"Binding mode 1","positionBias":false,"singleStrand":false,"modifications":[]}],"letterComplement":"C-G,A-T,N-N"},"coefficients":{"bindingModeInteractions":[],"bindingModes":[{"mononucleotide":[-0.10540390671660038,-0.10861494830695761,-0.060555604356078874,0,-0.067669243168738,-0.4703238676881636,0,-0.5493555657773577,-0.06614169436258432,-0.2426705148514945,-1.515523873366309,0,-0.7021153752536158,-1.1025678893758615,-0.6697986819667617,-3.0553216810446258,-2.9081651683823733,0,-1.8455253324067247,-1.155479773973129,-1.6722787729691335,-2.1896211401612566,-2.2703519779751806,0,-1.0476433839713977,-2.3321604348810103,0,-2.5133851574144064,-0.6132122278624061,-0.8441516716857994,0,-0.8690961628783489,-2.4056916265609045,-2.305949916401837,-0.9105587196067555,-2.350676582804512,0,-2.6219040058688066,-1.2918874681538792,-1.019763624097336,-2.22866694994699,-2.5348871279834633,0,-2.349160393929746,-1.1375674322575098,-2.260640035563809,0,-0.6939028163104073,-2.59848524224324,-0.8685176246821644,-0.5856503420419985,-1.621176828312172,-2.0271800419575925,0,-0.7517746634187483,-2.0205844802060824,-0.3917430117179874,-2.2471946562207563,0,-0.7370201483674478,-2.026860319321126,-0.32140344861731496,0,-0.7944723066836863,-0.5496103052740584,0,-2.2822368613036828,-0.5487807538932534,-2.5196897181390794,-0.8208703730187961],"activity":[[0]],"dinucleotide":[],"positionBias":[],"modifications":[]}]},"modelFittingConstraints":{"enrichmentModel":[{}],"nShifts":0,"addBindingModesSequentially":true,"bindingModeInteractions":[],"flankLengths":[0],"singleModeLengthSweep":false,"bindingModes":[{"maxFlankLength":-1,"positionBiasBinWidth":1,"optimizeSizeHeuristic":false,"maxSize":-1,"optimizeFlankLength":false,"symmetryString":"null","roundSpecificActivity":true,"informationThreshold":0.1,"optimizeMotifShift":false,"fittingStages":[],"optimizeMotifShiftHeuristic":false,"experimentSpecificPositionBias":true,"minSize":-1,"experimentSpecificActivity":true,"optimizeSize":false}]}}
