{"modelSettings":{"letterOrder":"ACGTN","bindingModeInteractions":[],"bindingModes":[{"size":10,"fitLogActivity":true,"flankLength":0,"dinucleotideDistance":0,"componentName":"Binding mode 1","positionBias":false,"singleStrand":false,"modifications":[]}],"letterComplement":"C-G,A-T,N-N"},"coefficients":{"bindingModeInteractions":[],"bindingModes":[{"mononucleotide":[0,-0.8826275288568164,-0.4868905976906781,-0.6490888819419558,-0.4499067755324247,-0.14461970433809235,0,-0.1354221787068548,-0.5484305656778661,-0.1873679329630186,-1.1456206321398472,0,-1.4535307392446803,-0.72336110919115,-0.6748707192963196,0,-0.01790464228029709,-0.07601288614349588,-1.269872762098796,-0.22629654381002454,0,-1.3366831804562738,-2.0819131909050608,-1.9149052319514899,-0.9579185019735268,-3.739057044092816,-3.419754640830336,-3.884761509513295,0,-1.3120688128552187,-4.406314385220063,-3.1685883995186526,-4.597120697919642,0,-1.3239358907359808,0,-3.7115154571513633,-3.0349660331609627,-2.318499900996712,-1.2284893360545854,0,-0.5156281933582862,-0.24210218503714476,-0.26552624011379944,-0.2392400168395402,-0.2076038130008846,0,-0.4458234859717778,-0.6010656441649576,-0.28733120752386215],"activity":[[0]],"dinucleotide":[],"positionBias":[],"modifications":[]}]},"modelFittingConstraints":{"enrichmentModel":[{}],"nShifts":0,"addBindingModesSequentially":true,"bindingModeInteractions":[],"flankLengths":[0],"singleModeLengthSweep":false,"bindingModes":[{"maxFlankLength":-1,"positionBiasBinWidth":1,"optimizeSizeHeuristic":false,"maxSize":-1,"optimizeFlankLength":false,"symmetryString":"null","roundSpecificActivity":true,"informationThreshold":0.1,"optimizeMotifShift":false,"fittingStages":[],"optimizeMotifShiftHeuristic":false,"experimentSpecificPositionBias":true,"minSize":-1,"experimentSpecificActivity":true,"optimizeSize":false}]}}
