{"modelSettings":{"letterOrder":"ACGTN","bindingModeInteractions":[],"bindingModes":[{"size":14,"fitLogActivity":true,"flankLength":0,"dinucleotideDistance":0,"componentName":"Binding mode 1","positionBias":false,"singleStrand":false,"modifications":[]}],"letterComplement":"C-G,A-T,N-N"},"coefficients":{"bindingModeInteractions":[],"bindingModes":[{"mononucleotide":[-0.15558939687744822,-0.10187771320209471,0,-0.31069787742912336,-0.13582378285758726,-0.221681707406991,-0.0896470056629024,-0.2871941370637314,0,-0.1433536950497713,-1.6279968200745376,-1.969151007925876,-2.9514484720685914,0,-1.0583140057014953,0,-3.089221292353101,-2.1264900123211996,-1.7082268775932272,-1.0891724945014767,0,-3.926515165982141,-3.914339902624236,-4.131653407345779,-1.3320692105725118,-2.684130585219008,-2.221844112119678,-2.720722633683585,0,-1.169155436248766,-1.72924597947895,-0.7705506549253407,-1.823099252893435,0,-0.7975633178145186,0,-1.620051904362696,-0.16229912494689014,-1.1741614809530487,-0.5288396901385392,0,-0.7604671030444097,-0.042774869372433244,-1.471002112968601,-0.40974790805493294,0,-0.6277363169323635,-0.9373283527431555,-1.0247211835190662,-0.5602048941160641,-0.8169116348995189,-1.530949918212582,-2.0551154786998627,0,-0.8062027332847909,-0.8049724114443073,-0.9461510158438458,-2.033122986336201,0,-0.7101617534078516,0,-2.1989068333638997,-2.050846930087446,-0.9844294472161135,-0.90807294946252,-0.006465883450091248,-0.3258844366183613,-0.08336122371373289,0,-0.0955580679908583],"activity":[[0]],"dinucleotide":[],"positionBias":[],"modifications":[]}]},"modelFittingConstraints":{"enrichmentModel":[{}],"nShifts":0,"addBindingModesSequentially":true,"bindingModeInteractions":[],"flankLengths":[0],"singleModeLengthSweep":false,"bindingModes":[{"maxFlankLength":-1,"positionBiasBinWidth":1,"optimizeSizeHeuristic":false,"maxSize":-1,"optimizeFlankLength":false,"symmetryString":"null","roundSpecificActivity":true,"informationThreshold":0.1,"optimizeMotifShift":false,"fittingStages":[],"optimizeMotifShiftHeuristic":false,"experimentSpecificPositionBias":true,"minSize":-1,"experimentSpecificActivity":true,"optimizeSize":false}]}}
