{"modelSettings":{"letterOrder":"ACGTN","bindingModeInteractions":[],"bindingModes":[{"size":10,"fitLogActivity":true,"flankLength":0,"dinucleotideDistance":0,"componentName":"Binding mode 1","positionBias":false,"singleStrand":false,"modifications":[]}],"letterComplement":"C-G,A-T,N-N"},"coefficients":{"bindingModeInteractions":[],"bindingModes":[{"mononucleotide":[-1.0245151492237827,-1.0467123617228937,0,-0.8988441935372267,-0.636246930948101,-0.4827040885350815,-0.537581406057928,-0.10079484644794512,0,-0.253154955231475,-1.6393208677761448,0,-1.148552417729939,-1.6261918852482244,-0.8510389477315954,-2.3983344882770483,0,-0.7836866535128646,-0.17545204401093173,-0.5163969713805581,0,-1.6292378284002975,-2.6677746986566513,-3.201406495575789,-1.1191795679959422,-3.4157467005679267,-3.5149565470555606,0,-3.177441162200288,-1.287088900534186,0,-1.8985821598283863,-3.1886008664639602,-2.405884261534121,-1.1385002954182637,-2.9719882140534137,0,-3.417455688165526,-3.1625665292078056,-1.2673438516372855,-0.014625010590853194,-1.2919417023832072,0,-0.7047482446491049,-0.37307613707143933,-0.40854180693976794,-0.538770331237,0,-0.2522651484389833,-0.2793427260437162],"activity":[[0]],"dinucleotide":[],"positionBias":[],"modifications":[]}]},"modelFittingConstraints":{"enrichmentModel":[{}],"nShifts":0,"addBindingModesSequentially":true,"bindingModeInteractions":[],"flankLengths":[0],"singleModeLengthSweep":false,"bindingModes":[{"maxFlankLength":-1,"positionBiasBinWidth":1,"optimizeSizeHeuristic":false,"maxSize":-1,"optimizeFlankLength":false,"symmetryString":"null","roundSpecificActivity":true,"informationThreshold":0.1,"optimizeMotifShift":false,"fittingStages":[],"optimizeMotifShiftHeuristic":false,"experimentSpecificPositionBias":true,"minSize":-1,"experimentSpecificActivity":true,"optimizeSize":false}]}}
