{"modelSettings":{"letterOrder":"ACGTN","bindingModeInteractions":[],"bindingModes":[{"size":10,"fitLogActivity":true,"flankLength":0,"dinucleotideDistance":0,"componentName":"Binding mode 2","positionBias":false,"singleStrand":false,"modifications":[]}],"letterComplement":"C-G,A-T,N-N"},"coefficients":{"bindingModeInteractions":[],"bindingModes":[{"mononucleotide":[-0.29144210170038587,0,-0.7664086040056688,-0.05890355366464073,-0.23741303776947828,0,-1.0965423504902474,-1.1244186899093491,-0.6721329812337169,-0.6118052175119766,-1.1969719196925728,-1.3801249726207399,-1.8005007056560292,0,-0.8446267440679198,-2.2165799179924646,-2.290501089482046,-2.5128031565489892,0,-1.130693162057035,-1.06566100152773,-1.6994354857830016,0,-1.8299745106126484,-0.8629250977538465,-2.1392550636870644,-2.0138688126474906,-2.6125744509703868,0,-1.105214563609704,-1.8228623375337034,-1.6044441561917155,-0.49344214970840383,0,-0.7066959731287115,-2.514467733882955,-1.878028380267235,-1.9781466876211788,0,-1.0699354943714454,0,-0.11531823135287578,-1.14139228010175,-0.8892886153887605,-0.4225840903385714,-1.61666504470478,0,-1.8501895358020777,-0.6018466170265424,-0.7425652461179859],"activity":[[0]],"dinucleotide":[],"positionBias":[],"modifications":[]}]},"modelFittingConstraints":{"enrichmentModel":[{}],"nShifts":0,"addBindingModesSequentially":true,"bindingModeInteractions":[],"flankLengths":[0],"singleModeLengthSweep":false,"bindingModes":[{"maxFlankLength":-1,"positionBiasBinWidth":1,"optimizeSizeHeuristic":false,"maxSize":-1,"optimizeFlankLength":false,"symmetryString":"null","roundSpecificActivity":true,"informationThreshold":0.1,"optimizeMotifShift":false,"fittingStages":[],"optimizeMotifShiftHeuristic":false,"experimentSpecificPositionBias":true,"minSize":-1,"experimentSpecificActivity":true,"optimizeSize":false}]}}
