{"modelSettings":{"letterOrder":"ACGTN","bindingModeInteractions":[],"bindingModes":[{"size":12,"fitLogActivity":true,"flankLength":0,"dinucleotideDistance":0,"componentName":"Binding mode 1","positionBias":false,"singleStrand":false,"modifications":[]}],"letterComplement":"C-G,A-T,N-N"},"coefficients":{"bindingModeInteractions":[],"bindingModes":[{"mononucleotide":[-0.0741093151536445,-0.2435657516095513,-0.08886265751657518,0,-0.09778667328892321,-0.10451701359880872,-0.15130743647151856,-0.0383333292865764,0,-0.07183575951982042,0,-1.0218440113061265,-0.2662553339777829,-0.6530998025586627,-0.4130170109385555,-1.0767867884723614,0,-0.9611111122707827,-1.140055743739424,-0.6718959204115577,-1.3686663430644241,0,-2.7484062242158944,-3.757063586081236,-1.092261409894764,-3.483828730837009,-3.2311011020515976,0,-3.308392025891771,-1.2848407389327516,-3.5188649568189687,-3.912678434637499,0,-0.9722135191035637,-1.030114175947771,0,-2.5009803026946735,-3.4889565890453076,-2.8983905263742313,-1.2313019213171332,0,-1.575517705446348,-2.3594649458187678,-0.4869497271296095,-0.7361230070411062,-0.6771833432548529,-1.2910193270393981,0,-1.8687216875964938,-0.7249696306841905,-0.9640426141397742,-0.3751131778035881,-1.2729931008461173,0,-0.5324954183271271,-0.10212930750700178,-0.09232744213550692,0,-0.17133043034033557,-0.08957945718965933],"activity":[[0]],"dinucleotide":[],"positionBias":[],"modifications":[]}]},"modelFittingConstraints":{"enrichmentModel":[{}],"nShifts":0,"addBindingModesSequentially":true,"bindingModeInteractions":[],"flankLengths":[0],"singleModeLengthSweep":false,"bindingModes":[{"maxFlankLength":-1,"positionBiasBinWidth":1,"optimizeSizeHeuristic":false,"maxSize":-1,"optimizeFlankLength":false,"symmetryString":"null","roundSpecificActivity":true,"informationThreshold":0.1,"optimizeMotifShift":false,"fittingStages":[],"optimizeMotifShiftHeuristic":false,"experimentSpecificPositionBias":true,"minSize":-1,"experimentSpecificActivity":true,"optimizeSize":false}]}}
