{"modelSettings":{"letterOrder":"ACGTN","bindingModeInteractions":[],"bindingModes":[{"size":14,"fitLogActivity":true,"flankLength":0,"dinucleotideDistance":0,"componentName":"Binding mode 1","positionBias":false,"singleStrand":false,"modifications":[]}],"letterComplement":"C-G,A-T,N-N"},"coefficients":{"bindingModeInteractions":[],"bindingModes":[{"mononucleotide":[-0.5816575057793312,-1.0475299728270837,-0.8909321546477855,0,-0.5447067402432167,0,-0.6074872631433337,-0.587527929695149,-0.04811784747218795,-0.2700259731795665,-0.9341232701737159,-1.247314361510222,-0.8496379982645355,0,-0.6406613905760125,0,-2.687959590998531,-0.16319393686425698,-2.7513388402541006,-0.7025470450496344,-2.55179643700615,-2.2900626873853867,-3.548639900648959,0,-1.1973569278748768,0,-1.1439866452878018,-3.740721265954684,-3.5950457563931657,-1.0716712608334193,0,-3.4547940704130546,-4.095413011912822,-3.77165489372185,-1.3174619862286487,0,-3.741604137580701,-3.8498987584514266,-3.7860490123238586,-1.3208035062592869,-3.4083952276267735,0,-3.516484802123394,-0.8305774054904784,-0.9817660153550406,0,-4.053951894165639,-3.9053213526292736,-3.4127153962784775,-1.3182248209664467,0,-1.206178049528038,-4.467427835975841,-0.3453404179969599,-0.6837934350347838,-0.026261602188517585,-0.8446021060825926,-0.9433652808844819,0,-0.3591336721074257,-0.197638963023258,-0.7113610404346096,-0.2690332674460576,0,-0.26274252110783997,0,-1.0402349127383799,-0.586748643345115,-1.1261673555085139,-0.5826000844220558],"activity":[[0]],"dinucleotide":[],"positionBias":[],"modifications":[]}]},"modelFittingConstraints":{"enrichmentModel":[{}],"nShifts":0,"addBindingModesSequentially":true,"bindingModeInteractions":[],"flankLengths":[0],"singleModeLengthSweep":false,"bindingModes":[{"maxFlankLength":-1,"positionBiasBinWidth":1,"optimizeSizeHeuristic":false,"maxSize":-1,"optimizeFlankLength":false,"symmetryString":"null","roundSpecificActivity":true,"informationThreshold":0.1,"optimizeMotifShift":false,"fittingStages":[],"optimizeMotifShiftHeuristic":false,"experimentSpecificPositionBias":true,"minSize":-1,"experimentSpecificActivity":true,"optimizeSize":false}]}}
