{"modelSettings":{"letterOrder":"ACGTN","bindingModeInteractions":[],"bindingModes":[{"size":13,"fitLogActivity":true,"flankLength":0,"dinucleotideDistance":0,"componentName":"Binding mode 1","positionBias":false,"singleStrand":false,"modifications":[]}],"letterComplement":"C-G,A-T,N-N"},"coefficients":{"bindingModeInteractions":[],"bindingModes":[{"mononucleotide":[0,-0.1669351406136248,-0.17389611284945294,-0.176954780558658,-0.1265681595403129,-0.6457163193463082,-0.3682183386524627,-0.4968458653390173,0,-0.34789230577499963,-1.420888119884867,-1.0117588317748343,0,-0.8396651125453367,-0.6748488675450672,-0.1275316289887818,-0.6807316176295308,0,-0.5071610661570465,-0.29145089231764565,-0.40130025190220353,-0.25839085876732737,-1.5889517264136188,0,-0.4132899537713788,-1.9837280032300075,-0.21956354620307783,0,-0.9887391606140783,-0.5479781027725367,0,-2.637139090084961,-2.7390089441827117,-2.7473463392158624,-1.2037246511009179,-3.1378342774220327,0,-2.583365323654469,-2.6542404441621903,-1.2129729162387148,-2.8456670851224484,-2.3439951720124155,0,-2.795762581909081,-1.1914619370749766,-2.5469148855314376,-2.5347046917663114,-2.3997141485100038,0,-1.1644701220621,-2.3854718229021303,-2.4004897694465623,0,-2.5943427439290274,-1.1572371085919286,-1.931700960320741,0,-0.30817175080242043,-1.221151448175808,-0.6094583386316875,-2.449500532492678,0,-1.7748541046854314,-2.2650807092311034,-1.0790548891667384],"activity":[[0]],"dinucleotide":[],"positionBias":[],"modifications":[]}]},"modelFittingConstraints":{"enrichmentModel":[{}],"nShifts":0,"addBindingModesSequentially":true,"bindingModeInteractions":[],"flankLengths":[0],"singleModeLengthSweep":false,"bindingModes":[{"maxFlankLength":-1,"positionBiasBinWidth":1,"optimizeSizeHeuristic":false,"maxSize":-1,"optimizeFlankLength":false,"symmetryString":"null","roundSpecificActivity":true,"informationThreshold":0.1,"optimizeMotifShift":false,"fittingStages":[],"optimizeMotifShiftHeuristic":false,"experimentSpecificPositionBias":true,"minSize":-1,"experimentSpecificActivity":true,"optimizeSize":false}]}}
