{"modelSettings":{"letterOrder":"ACGTN","bindingModeInteractions":[],"bindingModes":[{"size":14,"fitLogActivity":true,"flankLength":0,"dinucleotideDistance":0,"componentName":"Binding mode 1","positionBias":false,"singleStrand":false,"modifications":[]}],"letterComplement":"C-G,A-T,N-N"},"coefficients":{"bindingModeInteractions":[],"bindingModes":[{"mononucleotide":[0,-0.08178222374630195,-0.26189765433651147,-0.18475292375976338,-0.12715972036768297,-0.3556979579296087,-0.258249066265515,0,-0.6303637657919978,-0.285855358372939,-1.4131050913347138,0,-0.11211833910899394,-3.026297813600081,-0.6043034641492178,-3.7858853606966703,-3.7528355916942937,0,-3.786386440916841,-1.3197416325241784,-3.8139233217060635,-3.757523852156753,-3.693002887450578,0,-1.318355334230277,-4.080468757962812,0,-3.996378149306535,-3.8700954434760964,-1.3316754870279275,-3.981481927189074,0,-3.893085339913905,-4.06125863963387,-1.3315527477522195,-3.846694287913203,-3.356618506879169,0,-3.4730060548270156,-1.3026641786633804,-2.900365293347181,0,-1.0517128539149194,-2.2902558616792867,-0.9771144620776482,-0.023072514053922077,-0.0478910313675982,0,-0.3284317830897505,-0.09143533323965161,-0.303701967886588,0,-0.13721821386929278,-1.4677403986793092,-0.3423824313550171,0,-0.9046194107666476,-1.985465722600376,-0.7544545441498416,-0.6870261617021395,-0.912547141533957,-1.603902256930418,-2.2241976004919337,0,-0.8493539500055074,0,-0.017635420214356934,-0.3544015510439831,-0.6545631767713598,-0.22196256909879847],"activity":[[0]],"dinucleotide":[],"positionBias":[],"modifications":[]}]},"modelFittingConstraints":{"enrichmentModel":[{}],"nShifts":0,"addBindingModesSequentially":true,"bindingModeInteractions":[],"flankLengths":[0],"singleModeLengthSweep":false,"bindingModes":[{"maxFlankLength":-1,"positionBiasBinWidth":1,"optimizeSizeHeuristic":false,"maxSize":-1,"optimizeFlankLength":false,"symmetryString":"null","roundSpecificActivity":true,"informationThreshold":0.1,"optimizeMotifShift":false,"fittingStages":[],"optimizeMotifShiftHeuristic":false,"experimentSpecificPositionBias":true,"minSize":-1,"experimentSpecificActivity":true,"optimizeSize":false}]}}
