{"modelSettings":{"letterOrder":"ACGTN","bindingModeInteractions":[],"bindingModes":[{"size":11,"fitLogActivity":true,"flankLength":0,"dinucleotideDistance":0,"componentName":"Binding mode 1","positionBias":false,"singleStrand":false,"modifications":[]}],"letterComplement":"C-G,A-T,N-N"},"coefficients":{"bindingModeInteractions":[],"bindingModes":[{"mononucleotide":[0,-0.3337522600616003,-0.20188044485117018,-0.08263855770026396,-0.14673020579834722,-0.3080979426666204,-0.17779987632167504,-0.7710355967498836,0,-0.2762519473010777,-0.6240972080158045,-1.864472106387514,0,-0.8118060692591702,-0.6279315964262997,0,-2.257941722647339,-0.3764024176455374,-0.7135182986800834,-0.5617641295298194,-3.520189939177401,0,-2.9100958862304727,-2.6970676671683327,-1.2452574135213288,0,-0.03575951595423987,-0.012515775274338559,-1.5612599406111833,-0.2349928521140711,-3.7603554305226585,-3.5065774287535936,0,-3.618305386262856,-1.3092379713646403,-3.9818289229031185,-3.6414263499844686,-2.7539602105985073,0,-1.2832490694366423,-2.6763117955987332,-3.7930929593655764,-2.6397717720530887,0,-1.2355323793865167,-0.12985833022743165,-0.9177837027349307,0,-0.17823303369331267,-0.25026731374304373,0,-0.4247868799110037,-0.1068633534141692,-0.3143936343736282,-0.19760095839912525],"activity":[[0]],"dinucleotide":[],"positionBias":[],"modifications":[]}]},"modelFittingConstraints":{"enrichmentModel":[{}],"nShifts":0,"addBindingModesSequentially":true,"bindingModeInteractions":[],"flankLengths":[0],"singleModeLengthSweep":false,"bindingModes":[{"maxFlankLength":-1,"positionBiasBinWidth":1,"optimizeSizeHeuristic":false,"maxSize":-1,"optimizeFlankLength":false,"symmetryString":"null","roundSpecificActivity":true,"informationThreshold":0.1,"optimizeMotifShift":false,"fittingStages":[],"optimizeMotifShiftHeuristic":false,"experimentSpecificPositionBias":true,"minSize":-1,"experimentSpecificActivity":true,"optimizeSize":false}]}}
