{"modelSettings":{"letterOrder":"ACGTN","bindingModeInteractions":[],"bindingModes":[{"size":10,"fitLogActivity":true,"flankLength":0,"dinucleotideDistance":0,"componentName":"Binding mode 1","positionBias":false,"singleStrand":false,"modifications":[]}],"letterComplement":"C-G,A-T,N-N"},"coefficients":{"bindingModeInteractions":[],"bindingModes":[{"mononucleotide":[0,-0.06168585898073209,-0.08481677468066895,-0.01576528218014861,-0.03998455286296267,-0.8707450328071094,-0.9397719614513567,0,-1.0832470943211145,-0.6218265202780594,-0.24486039248342273,-0.22113523982362704,-0.3152657494520419,0,-0.18813330032161368,-1.3256717033460637,-0.38865966974636645,-2.0894491458190974,0,-0.6600293167702461,0,-2.3091470750507748,-1.985664923357178,-2.4609715632693776,-1.1071582772329815,0,-2.9116118259081167,-3.3645913220070947,-3.13984050016054,-1.2620841653165853,-2.9834066527656113,-2.970764181725945,-2.853879002720708,0,-1.238301522924827,-2.675224602464427,-2.101947408209591,-2.4670964207224704,0,-1.142610920324191,0,-2.344782554532005,-0.4760341095609646,-2.2163625153651743,-0.7841034759536842,-0.4386886291408918,-1.0389203701702345,0,-2.959720777181047,-0.6681856177231773],"activity":[[0]],"dinucleotide":[],"positionBias":[],"modifications":[]}]},"modelFittingConstraints":{"enrichmentModel":[{}],"nShifts":0,"addBindingModesSequentially":true,"bindingModeInteractions":[],"flankLengths":[0],"singleModeLengthSweep":false,"bindingModes":[{"maxFlankLength":-1,"positionBiasBinWidth":1,"optimizeSizeHeuristic":false,"maxSize":-1,"optimizeFlankLength":false,"symmetryString":"null","roundSpecificActivity":true,"informationThreshold":0.1,"optimizeMotifShift":false,"fittingStages":[],"optimizeMotifShiftHeuristic":false,"experimentSpecificPositionBias":true,"minSize":-1,"experimentSpecificActivity":true,"optimizeSize":false}]}}
