{"modelSettings":{"letterOrder":"ACGTN","bindingModeInteractions":[],"bindingModes":[{"size":9,"fitLogActivity":true,"flankLength":0,"dinucleotideDistance":0,"componentName":"Binding mode 1","positionBias":false,"singleStrand":false,"modifications":[]}],"letterComplement":"C-G,A-T,N-N"},"coefficients":{"bindingModeInteractions":[],"bindingModes":[{"mononucleotide":[0,-0.15561268138341333,-0.03333131316593185,-0.5849659206587212,-0.16834956202534795,-0.12406802306494136,-0.1310316584509108,-0.35170498599102196,0,-0.14387112496129092,-4.064927160245133,-3.493849531114366,0,-3.8277193889290304,-1.3192834863247556,0,-2.718124995210197,-2.9042629420804102,-3.1616677782290052,-1.235168891827064,-4.076270070788708,-3.054948595050087,-3.2556601593704055,0,-1.2885769448424353,0,-3.4408247368841627,-3.646299498769837,-1.4804895257109383,-1.1350283632005427,0,-2.172045695592129,-1.6294313886029173,-2.0812146666627176,-1.0252940882623673,-0.8840132940500007,-0.21026183646423124,0,-1.0435882685189042,-0.4401798914471932,-0.1654453387905952,-0.17735487521624038,0,-0.1466616258740927,-0.11974546770519662],"activity":[[0]],"dinucleotide":[],"positionBias":[],"modifications":[]}]},"modelFittingConstraints":{"enrichmentModel":[{}],"nShifts":0,"addBindingModesSequentially":true,"bindingModeInteractions":[],"flankLengths":[0],"singleModeLengthSweep":false,"bindingModes":[{"maxFlankLength":-1,"positionBiasBinWidth":1,"optimizeSizeHeuristic":false,"maxSize":-1,"optimizeFlankLength":false,"symmetryString":"null","roundSpecificActivity":true,"informationThreshold":0.1,"optimizeMotifShift":false,"fittingStages":[],"optimizeMotifShiftHeuristic":false,"experimentSpecificPositionBias":true,"minSize":-1,"experimentSpecificActivity":true,"optimizeSize":false}]}}
