{"modelSettings":{"letterOrder":"ACGTN","bindingModeInteractions":[],"bindingModes":[{"size":14,"fitLogActivity":true,"flankLength":0,"dinucleotideDistance":0,"componentName":"Binding mode 1","positionBias":false,"singleStrand":false,"modifications":[]}],"letterComplement":"C-G,A-T,N-N"},"coefficients":{"bindingModeInteractions":[],"bindingModes":[{"mononucleotide":[-0.07517338984803779,0,-0.3055156370523573,-0.4549921184346033,-0.1927419636525179,0,-1.842484288538643,-2.1119246013164172,-1.341900785266672,-0.9540077520366764,0,-1.5519741103105655,-1.2304284257639142,-0.6309015133665294,-0.6752539024656107,-1.3563352070622008,-1.6324308016442681,-1.7131452022549913,0,-0.8956582868499279,0,-0.9114027947935157,-0.7410990820306509,-1.0225957756361188,-0.580617963096802,0,-0.03130569140861361,-0.34080368073191103,-0.2966561888166339,-0.1555791544741464,-1.7170089545419533,0,-2.52508951366174,-1.2923640718962108,-0.958236741149025,0,-2.466082859263649,-2.8996597425448543,-2.6157594252247485,-1.1931391762283223,-2.617430677156765,-2.144245337879863,-1.9350449329662323,0,-1.0976894490008229,-2.757789512868821,-2.511733147115444,-2.388012122670238,0,-1.1741135991767069,-0.9179631704557001,-0.4630865517586642,0,-1.6789877339207973,-0.5909370082295642,-0.8085846357125202,-1.8606963356962045,-2.0364729584452146,0,-0.8372828556827959,-0.842272172490869,-0.6088622364977372,-0.6352957376280317,0,-0.4682136595868582,-0.4697503036426003,-0.025037630112502818,-0.589392844763899,0,-0.2372755930344713],"activity":[[0]],"dinucleotide":[],"positionBias":[],"modifications":[]}]},"modelFittingConstraints":{"enrichmentModel":[{}],"nShifts":0,"addBindingModesSequentially":true,"bindingModeInteractions":[],"flankLengths":[0],"singleModeLengthSweep":false,"bindingModes":[{"maxFlankLength":-1,"positionBiasBinWidth":1,"optimizeSizeHeuristic":false,"maxSize":-1,"optimizeFlankLength":false,"symmetryString":"null","roundSpecificActivity":true,"informationThreshold":0.1,"optimizeMotifShift":false,"fittingStages":[],"optimizeMotifShiftHeuristic":false,"experimentSpecificPositionBias":true,"minSize":-1,"experimentSpecificActivity":true,"optimizeSize":false}]}}
