{"modelSettings":{"letterOrder":"ACGTN","bindingModeInteractions":[],"bindingModes":[{"size":11,"fitLogActivity":true,"flankLength":0,"dinucleotideDistance":0,"componentName":"Binding mode 1","positionBias":false,"singleStrand":false,"modifications":[]}],"letterComplement":"C-G,A-T,N-N"},"coefficients":{"bindingModeInteractions":[],"bindingModes":[{"mononucleotide":[-0.23673546722928585,0,-0.12791149160409176,-0.4396238641158856,-0.18831649099615524,-1.0140432377133806,0,-0.9691099592098542,-0.30846995769847485,-0.4793512074692555,-1.598261773426378,-1.7704911367787535,-3.6553660671276393,0,-1.051001998981102,0,-1.4268303474302666,-2.0884140104690903,-3.2163097692922267,-1.046929965270889,0,-3.747844519632383,-3.505477206603384,-3.5565384936207605,-1.307355307840912,-2.919240303786103,-1.96469173820338,-2.0367534219785943,0,-1.1051647195491483,-0.41406863144312966,-2.6417048052195926,-0.27123170791929985,0,-0.4721518886632437,-0.09583972417592879,-0.9060507650676692,-0.15104227116936508,0,-0.23176245789381317,-0.4645457240589246,-1.004845461220822,0,-1.2379258503798352,-0.5601442064791041,-0.03424536570760672,-0.13997561781592172,0,-0.13016019025752668,-0.07427413679872986,-0.4724826584634394,-0.24626880762791314,-0.3017911209861288,0,-0.24058950540492988],"activity":[[0]],"dinucleotide":[],"positionBias":[],"modifications":[]}]},"modelFittingConstraints":{"enrichmentModel":[{}],"nShifts":0,"addBindingModesSequentially":true,"bindingModeInteractions":[],"flankLengths":[0],"singleModeLengthSweep":false,"bindingModes":[{"maxFlankLength":-1,"positionBiasBinWidth":1,"optimizeSizeHeuristic":false,"maxSize":-1,"optimizeFlankLength":false,"symmetryString":"null","roundSpecificActivity":true,"informationThreshold":0.1,"optimizeMotifShift":false,"fittingStages":[],"optimizeMotifShiftHeuristic":false,"experimentSpecificPositionBias":true,"minSize":-1,"experimentSpecificActivity":true,"optimizeSize":false}]}}
