{"modelSettings":{"letterOrder":"ACGTN","bindingModeInteractions":[],"bindingModes":[{"size":12,"fitLogActivity":true,"flankLength":0,"dinucleotideDistance":0,"componentName":"Binding mode 1","positionBias":false,"singleStrand":false,"modifications":[]}],"letterComplement":"C-G,A-T,N-N"},"coefficients":{"bindingModeInteractions":[],"bindingModes":[{"mononucleotide":[-0.023583119004281894,0,-0.15326591130953648,-0.10961215705331773,-0.06967810595343386,0,-0.11646239265993996,-0.4799402842904028,-0.572992844159455,-0.2637314089639636,-1.782348923198957,-2.151495690900326,0,-2.2406823809144454,-1.0563157038752113,-3.2781719873356208,-3.5383560089402892,0,-2.441990795469875,-1.243280604457411,-3.7473483929573934,-3.6123949178020247,0,-3.3801529814345406,-1.3050742800235302,-2.980830754222577,-3.237206194586786,-3.393958106481385,0,-1.269756867510795,-1.4369652470175147,-0.5440220252542667,-1.0502196200108882,0,-0.6125271456083987,-2.2875193494423587,0,-2.90433101503232,-1.7908123300972685,-1.1062957253114185,-0.9477959648107062,-1.4896330975153176,0,-1.7359574978467651,-0.8044804458904,0,-2.7816979388836334,-1.7844897146427803,-2.3134923382426615,-1.1020698827368536,-0.6605376895418646,-0.6073397863787862,0,-1.0236244064297626,-0.5022532676623,-0.3938835446619562,-0.34132119804838745,0,-0.05853962930285528,-0.1838014480724841],"activity":[[0]],"dinucleotide":[],"positionBias":[],"modifications":[]}]},"modelFittingConstraints":{"enrichmentModel":[{}],"nShifts":0,"addBindingModesSequentially":true,"bindingModeInteractions":[],"flankLengths":[0],"singleModeLengthSweep":false,"bindingModes":[{"maxFlankLength":-1,"positionBiasBinWidth":1,"optimizeSizeHeuristic":false,"maxSize":-1,"optimizeFlankLength":false,"symmetryString":"null","roundSpecificActivity":true,"informationThreshold":0.1,"optimizeMotifShift":false,"fittingStages":[],"optimizeMotifShiftHeuristic":false,"experimentSpecificPositionBias":true,"minSize":-1,"experimentSpecificActivity":true,"optimizeSize":false}]}}
