{"modelSettings":{"letterOrder":"ACGTN","bindingModeInteractions":[],"bindingModes":[{"size":11,"fitLogActivity":true,"flankLength":0,"dinucleotideDistance":0,"componentName":"Binding mode 1","positionBias":false,"singleStrand":false,"modifications":[]}],"letterComplement":"C-G,A-T,N-N"},"coefficients":{"bindingModeInteractions":[],"bindingModes":[{"mononucleotide":[0,-0.4993552819229503,-0.4804240473530452,-0.44863984116974276,-0.33409644663632665,0,-0.5817141205429825,-0.14578079877161976,-0.4328650345655012,-0.2639868238307523,0,-1.2788296145110598,-0.7017657130313886,-1.8438460359594004,-0.7275937425711021,0,-1.5039704753535252,-0.9483802335503926,-1.4625583832531142,-0.7758459630455128,-1.5422029109716755,-3.367401673571882,0,-3.0345936330246834,-1.1266394015244359,-3.296499870697584,-1.3424920388250428,-2.0967298400191487,0,-1.0348884907148537,-3.2449561398415843,0,-2.8464339646501724,-1.3784616008602226,-1.0869403341967823,0,-2.7967010428951498,-1.3699382523168353,-2.614678788048734,-1.058196413271561,0,-0.7664760828255961,-0.6235731588975257,-0.5337937246367366,-0.4357763364349767,-0.10398881163733131,-0.282108576288441,-0.3191206606249337,0,-0.16776353407368455,0,-0.6051057064370067,-0.5704327221180892,-0.3927999377024123,-0.36152192470882105],"activity":[[0]],"dinucleotide":[],"positionBias":[],"modifications":[]}]},"modelFittingConstraints":{"enrichmentModel":[{}],"nShifts":0,"addBindingModesSequentially":true,"bindingModeInteractions":[],"flankLengths":[0],"singleModeLengthSweep":false,"bindingModes":[{"maxFlankLength":-1,"positionBiasBinWidth":1,"optimizeSizeHeuristic":false,"maxSize":-1,"optimizeFlankLength":false,"symmetryString":"null","roundSpecificActivity":true,"informationThreshold":0.1,"optimizeMotifShift":false,"fittingStages":[],"optimizeMotifShiftHeuristic":false,"experimentSpecificPositionBias":true,"minSize":-1,"experimentSpecificActivity":true,"optimizeSize":false}]}}
