{"modelSettings":{"letterOrder":"ACGTN","bindingModeInteractions":[],"bindingModes":[{"size":10,"fitLogActivity":true,"flankLength":0,"dinucleotideDistance":0,"componentName":"Binding mode 2","positionBias":false,"singleStrand":false,"modifications":[]}],"letterComplement":"C-G,A-T,N-N"},"coefficients":{"bindingModeInteractions":[],"bindingModes":[{"mononucleotide":[0,-0.7813174820183373,-0.6617649183895522,-0.1171397938994918,-0.334353345857614,-0.5121250981804959,-0.6834380555550132,-1.5050207405297011,0,-0.5420962786920758,-0.3187948755369172,-0.8966199095832961,-0.678656391142241,0,-0.41465632954527776,-0.9200663263371296,-1.5648374166095116,-2.5001154117377866,0,-0.8617491948965996,-0.8645975189562747,-1.893102908767423,0,-2.067346168990264,-0.85663956753626,-0.5148257410296919,0,-3.5672576395516904,-2.31159547179358,-0.8411015686256699,0,-4.604836770059688,-2.9757129459206118,-3.2913883639934833,-1.2926068143356604,-3.716502929933295,-2.8877070300565153,-3.946722148626108,0,-1.2915838366407753,0,-2.0565228311253057,-1.7622225089043273,-1.126470160259272,-0.901564469796001,0,-0.9561390441298618,-1.6287300932531525,-0.3736778616591514,-0.5670648167723173],"activity":[[0]],"dinucleotide":[],"positionBias":[],"modifications":[]}]},"modelFittingConstraints":{"enrichmentModel":[{}],"nShifts":0,"addBindingModesSequentially":true,"bindingModeInteractions":[],"flankLengths":[0],"singleModeLengthSweep":false,"bindingModes":[{"maxFlankLength":-1,"positionBiasBinWidth":1,"optimizeSizeHeuristic":false,"maxSize":-1,"optimizeFlankLength":false,"symmetryString":"null","roundSpecificActivity":true,"informationThreshold":0.1,"optimizeMotifShift":false,"fittingStages":[],"optimizeMotifShiftHeuristic":false,"experimentSpecificPositionBias":true,"minSize":-1,"experimentSpecificActivity":true,"optimizeSize":false}]}}
