{"modelSettings":{"letterOrder":"ACGTN","bindingModeInteractions":[],"bindingModes":[{"size":12,"fitLogActivity":true,"flankLength":0,"dinucleotideDistance":0,"componentName":"Binding mode 1","positionBias":false,"singleStrand":false,"modifications":[]}],"letterComplement":"C-G,A-T,N-N"},"coefficients":{"bindingModeInteractions":[],"bindingModes":[{"mononucleotide":[-0.04045294777550801,0,-0.14309746637326448,-0.12944589129531536,-0.07644753411302292,0,-0.45027789266413976,-0.6834858919643114,-0.3688449915733667,-0.3446625135429568,-3.582141230579646,-1.2018404410905092,-3.010968077848035,0,-1.0658785931568326,0,-0.553195341437057,-0.08531065079098532,-2.0931136327447724,-0.4244037633055737,0,-4.139266557514837,-1.3539702933304336,-4.114509407053326,-1.1312789353827115,-4.259383408410049,-4.364685548558861,0,-4.556117853431692,-1.3496226440305863,-4.347063799373397,-4.437640270503613,0,-3.9111458417136546,-1.3424821637843518,-1.036130959699546,-2.835626495006371,-3.155284054110884,0,-1.0105101360542499,-3.5240998622183968,0,-2.343925235814972,-2.9392831480903507,-1.222194278422803,0,-3.725344817341586,-2.0006759824346916,-1.4342723771615247,-1.0515111913395818,-0.3316104076414472,-0.07861023572103143,-0.8441374571720996,0,-0.26393459352884746,-0.5493339298329207,-0.33901684166277857,0,-0.6781195206334543,-0.35761279475238156],"activity":[[0]],"dinucleotide":[],"positionBias":[],"modifications":[]}]},"modelFittingConstraints":{"enrichmentModel":[{}],"nShifts":0,"addBindingModesSequentially":true,"bindingModeInteractions":[],"flankLengths":[0],"singleModeLengthSweep":false,"bindingModes":[{"maxFlankLength":-1,"positionBiasBinWidth":1,"optimizeSizeHeuristic":false,"maxSize":-1,"optimizeFlankLength":false,"symmetryString":"null","roundSpecificActivity":true,"informationThreshold":0.1,"optimizeMotifShift":false,"fittingStages":[],"optimizeMotifShiftHeuristic":false,"experimentSpecificPositionBias":true,"minSize":-1,"experimentSpecificActivity":true,"optimizeSize":false}]}}
