{"modelSettings":{"letterOrder":"ACGTN","bindingModeInteractions":[],"bindingModes":[{"size":11,"fitLogActivity":true,"flankLength":0,"dinucleotideDistance":0,"componentName":"Binding mode 1","positionBias":false,"singleStrand":false,"modifications":[]}],"letterComplement":"C-G,A-T,N-N"},"coefficients":{"bindingModeInteractions":[],"bindingModes":[{"mononucleotide":[0,-0.2683517805224813,-0.01726235983278901,-0.19847887297783995,-0.11442883551525522,-0.14850091031118318,-0.33694201559102765,0,-0.5378592275162957,-0.23573923896171556,-0.6039424815252712,0,-0.17874838405061055,-1.2380012569913346,-0.4031184684771494,-2.3978278727964737,0,-2.6627541254019933,-0.6940995904052301,-0.8793592471153558,0,-1.2872080252914904,-2.2524391915421624,-1.4183821686997202,-0.9018404907644966,-1.7323592317746013,0,-3.4244414638725957,-3.692751646981032,-1.1757599751974934,-2.818478653406661,-3.9780424959679523,-3.038270954405476,0,-1.26732392835184,-3.7345139865234804,-1.104635032602781,-2.6887990201396637,0,-1.0334012073187941,0,-0.6906017655572096,-1.0616470200225478,-1.0467267069452237,-0.598635017429658,0,-0.25172468935177594,-0.17746319257789978,-0.4279973050389563,-0.2025251589004892,-0.08462659777878212,0,-0.12225887788837975,-0.1495850469370108,-0.087509743043099],"activity":[[0]],"dinucleotide":[],"positionBias":[],"modifications":[]}]},"modelFittingConstraints":{"enrichmentModel":[{}],"nShifts":0,"addBindingModesSequentially":true,"bindingModeInteractions":[],"flankLengths":[0],"singleModeLengthSweep":false,"bindingModes":[{"maxFlankLength":-1,"positionBiasBinWidth":1,"optimizeSizeHeuristic":false,"maxSize":-1,"optimizeFlankLength":false,"symmetryString":"null","roundSpecificActivity":true,"informationThreshold":0.1,"optimizeMotifShift":false,"fittingStages":[],"optimizeMotifShiftHeuristic":false,"experimentSpecificPositionBias":true,"minSize":-1,"experimentSpecificActivity":true,"optimizeSize":false}]}}
