{"modelSettings":{"letterOrder":"ACGTN","bindingModeInteractions":[],"bindingModes":[{"size":14,"fitLogActivity":true,"flankLength":0,"dinucleotideDistance":0,"componentName":"Binding mode 2","positionBias":false,"singleStrand":false,"modifications":[]}],"letterComplement":"C-G,A-T,N-N"},"coefficients":{"bindingModeInteractions":[],"bindingModes":[{"mononucleotide":[-0.40519865735177873,0,-0.43750572886985495,-0.1585169486430349,-0.23385772762324075,-1.2928535722250984,-2.3837417062688147,-2.0910366508720557,0,-0.9873502639383905,0,-2.4376168353464447,-0.4986757553451273,-1.3251445579786,-0.7131112722129969,0,-0.5272428545050918,-2.781151774292483,-2.2362752417884355,-0.8215187942529992,-0.5120021205628316,-1.8177737434175705,-1.7136360208421206,0,-0.7226322566823324,-0.34193594358486123,-0.608214574113294,-0.8312423505794779,0,-0.39667010275495374,-0.559862576517876,-1.0146025127040925,0,-0.2574488322800583,-0.39050682268152676,0,-1.4731220946229286,-0.7618404043105489,-2.3055317097049848,-0.8008877202532648,0,-2.520898127085683,-2.38903645988158,-2.4952539929055346,-1.1594927948438498,-3.6451609040408264,-3.572658105165239,-4.486160787413943,0,-1.3228857367899471,-1.657913187924286,-2.3582754199435456,-2.6686119491266203,0,-1.0828857549360773,0,-2.2774669155925835,-2.0163157707037787,-1.4181632422065409,-0.9957079781113438,-0.05957649454390346,-0.29304372072592955,0,-0.2885686845623763,-0.15155329570054002,-0.456555956186973,-0.019176347273369032,0,-0.08874131868243218,-0.12512392913158246],"activity":[[0]],"dinucleotide":[],"positionBias":[],"modifications":[]}]},"modelFittingConstraints":{"enrichmentModel":[{}],"nShifts":0,"addBindingModesSequentially":true,"bindingModeInteractions":[],"flankLengths":[0],"singleModeLengthSweep":false,"bindingModes":[{"maxFlankLength":-1,"positionBiasBinWidth":1,"optimizeSizeHeuristic":false,"maxSize":-1,"optimizeFlankLength":false,"symmetryString":"null","roundSpecificActivity":true,"informationThreshold":0.1,"optimizeMotifShift":false,"fittingStages":[],"optimizeMotifShiftHeuristic":false,"experimentSpecificPositionBias":true,"minSize":-1,"experimentSpecificActivity":true,"optimizeSize":false}]}}
