{"modelSettings":{"letterOrder":"ACGTN","bindingModeInteractions":[],"bindingModes":[{"size":12,"fitLogActivity":true,"flankLength":0,"dinucleotideDistance":0,"componentName":"Binding mode 1","positionBias":false,"singleStrand":false,"modifications":[]}],"letterComplement":"C-G,A-T,N-N"},"coefficients":{"bindingModeInteractions":[],"bindingModes":[{"mononucleotide":[-0.5698787796520204,0,-0.23448552464449524,-0.04287301353210893,-0.18795598467871674,-1.2663132036668419,-0.08545850920226084,-0.9565108383721723,0,-0.4368817334791499,-0.8965168994610568,0,-0.5145082892147039,-2.2999976234658117,-0.6414841004080644,0,-3.2187680656420508,-1.7340422385059,-3.1970791520480404,-1.1572045404663718,0,-3.313697989043397,-3.3612069749986073,-3.7851160549670375,-1.2966538839126553,-3.443755690143809,-3.6211813919069926,0,-2.4551335392742777,-1.2512851991613125,-3.7200415809452165,-3.911429053473748,0,-3.380278267991585,-1.310924562655097,-2.5095330018513664,-3.5642215481222967,-2.1130813685191674,0,-1.1788817469954183,-3.32845706084269,0,-2.289525519948219,-2.005624476540751,-1.145909006700568,0,-1.8288443259968723,-1.6234071725788697,-3.442741240317517,-1.0571334005325121,-0.46052265763294375,-0.12052208463227032,-0.5041891564433181,0,-0.2480106855396748,0,-0.2335668078947304,-0.4778640527525164,-0.30731792101541444,-0.23977231027274903],"activity":[[0]],"dinucleotide":[],"positionBias":[],"modifications":[]}]},"modelFittingConstraints":{"enrichmentModel":[{}],"nShifts":0,"addBindingModesSequentially":true,"bindingModeInteractions":[],"flankLengths":[0],"singleModeLengthSweep":false,"bindingModes":[{"maxFlankLength":-1,"positionBiasBinWidth":1,"optimizeSizeHeuristic":false,"maxSize":-1,"optimizeFlankLength":false,"symmetryString":"null","roundSpecificActivity":true,"informationThreshold":0.1,"optimizeMotifShift":false,"fittingStages":[],"optimizeMotifShiftHeuristic":false,"experimentSpecificPositionBias":true,"minSize":-1,"experimentSpecificActivity":true,"optimizeSize":false}]}}
