{"modelSettings":{"letterOrder":"ACGTN","bindingModeInteractions":[],"bindingModes":[{"size":8,"fitLogActivity":true,"flankLength":0,"dinucleotideDistance":0,"componentName":"Binding mode 1","positionBias":false,"singleStrand":false,"modifications":[]}],"letterComplement":"C-G,A-T,N-N"},"coefficients":{"bindingModeInteractions":[],"bindingModes":[{"mononucleotide":[-0.6601847400224155,-0.6397566117854372,-0.37629318135164125,0,-0.38178116253105404,-0.0602340249372566,-1.5389636008145582,-0.587256503573601,0,-0.38860882743477476,0,-2.83658214106993,-2.4967994627709986,-2.496477444038828,-1.1847025970296643,-2.250075936332702,0,-2.9163498913227794,-2.590253353969652,-1.1756095644227407,0,-2.7165552814678624,-2.4585223770450466,-2.070505442614961,-1.1411659623233124,-0.5854401575308583,-0.7827547319336299,-1.031169757545469,0,-0.523153273829989,-0.4717246963103716,-0.5581505443085555,0,-0.9366970033421733,-0.43536573333485523,0,-0.7346082926649025,-0.5858949723812557,-0.22202448570702016,-0.34347792124031407],"activity":[[0]],"dinucleotide":[],"positionBias":[],"modifications":[]}]},"modelFittingConstraints":{"enrichmentModel":[{}],"nShifts":0,"addBindingModesSequentially":true,"bindingModeInteractions":[],"flankLengths":[0],"singleModeLengthSweep":false,"bindingModes":[{"maxFlankLength":-1,"positionBiasBinWidth":1,"optimizeSizeHeuristic":false,"maxSize":-1,"optimizeFlankLength":false,"symmetryString":"null","roundSpecificActivity":true,"informationThreshold":0.1,"optimizeMotifShift":false,"fittingStages":[],"optimizeMotifShiftHeuristic":false,"experimentSpecificPositionBias":true,"minSize":-1,"experimentSpecificActivity":true,"optimizeSize":false}]}}
