{"modelSettings":{"letterOrder":"ACGTN","bindingModeInteractions":[],"bindingModes":[{"size":10,"fitLogActivity":true,"flankLength":0,"dinucleotideDistance":0,"componentName":"Binding mode 1","positionBias":false,"singleStrand":false,"modifications":[]}],"letterComplement":"C-G,A-T,N-N"},"coefficients":{"bindingModeInteractions":[],"bindingModes":[{"mononucleotide":[-0.05872742704470291,-0.042393366208618666,0,-0.053329999771410286,-0.03834497963290626,-0.5875013431153233,-0.5639480791845402,-0.622100385533221,0,-0.4074089383273327,-1.7172818391036682,-1.7086768076379468,-2.135475578714252,0,-0.9950315086185963,0,-3.2267578802779395,-2.1921186900297145,-0.7397708235391303,-0.8985802971280568,0,-2.767505513749713,-3.392237592407005,-3.597867795675366,-1.2695484064462512,-2.7249665024828955,-1.3649410181548491,-1.7924674967732672,0,-0.9892023151396545,-1.322643556500986,-1.3915452970221098,-0.0603887568567445,0,-0.4875489557684588,-0.15215022320549343,-1.5314568222100822,0,-0.5329500398122198,-0.4072351184855374,-1.1280350235515186,0,-0.48601316462528965,-0.6509123612016197,-0.4860061725072701,-0.374606251369642,0,-0.5108278795960528,-0.15748267140275374,-0.24148249430466276],"activity":[[0]],"dinucleotide":[],"positionBias":[],"modifications":[]}]},"modelFittingConstraints":{"enrichmentModel":[{}],"nShifts":0,"addBindingModesSequentially":true,"bindingModeInteractions":[],"flankLengths":[0],"singleModeLengthSweep":false,"bindingModes":[{"maxFlankLength":-1,"positionBiasBinWidth":1,"optimizeSizeHeuristic":false,"maxSize":-1,"optimizeFlankLength":false,"symmetryString":"null","roundSpecificActivity":true,"informationThreshold":0.1,"optimizeMotifShift":false,"fittingStages":[],"optimizeMotifShiftHeuristic":false,"experimentSpecificPositionBias":true,"minSize":-1,"experimentSpecificActivity":true,"optimizeSize":false}]}}
