{"modelSettings":{"letterOrder":"ACGTN","bindingModeInteractions":[],"bindingModes":[{"size":14,"fitLogActivity":true,"flankLength":0,"dinucleotideDistance":0,"componentName":"Binding mode 1","positionBias":false,"singleStrand":false,"modifications":[]}],"letterComplement":"C-G,A-T,N-N"},"coefficients":{"bindingModeInteractions":[],"bindingModes":[{"mononucleotide":[0,-5.953442011326082E-4,-0.032484456448471644,-0.0704195389049147,-0.02546011146661029,0,-0.05057916425127473,-0.2703825469680523,-0.09994734094613023,-0.10019298626116915,-1.801895854843529,-1.0863504145309424,0,-0.18163887568224668,-0.537711319530717,0,-1.752312048533773,-1.4905724586966167,-2.4015154888202557,-0.9880573897958834,-2.120057959144701,0,-2.406622130340635,-2.102836118227751,-1.0994225045095132,-2.570025576230078,0,-2.2173169516927325,-2.1125808202489065,-1.1190497419099164,-1.7418049310506818,0,-2.3483458990055803,-1.6622440104438063,-1.0075540594312966,-2.737180597508945,0,-2.1593962062398058,-1.7892044386260777,-1.0882359511932087,-2.3771667725796526,0,-2.338415677466654,-1.768817967911912,-1.0789361500199266,-2.162411917388998,0,-1.4149833476340434,-1.4387245810331801,-0.9192907938500007,0,-1.94688570864198,-0.1542636956656125,-1.390132299757904,-0.575894867371171,-1.8560608459362058,0,-1.8043784723385154,-1.8224983627587779,-0.9925744728106405,-0.7507740959598519,-2.2263899860774083,0,-0.4118508425301286,-0.5787737634965626,0,-1.4809587440200378,-0.3311261414062856,-0.7487290938177282,-0.5031462714480184],"activity":[[0]],"dinucleotide":[],"positionBias":[],"modifications":[]}]},"modelFittingConstraints":{"enrichmentModel":[{}],"nShifts":0,"addBindingModesSequentially":true,"bindingModeInteractions":[],"flankLengths":[0],"singleModeLengthSweep":false,"bindingModes":[{"maxFlankLength":-1,"positionBiasBinWidth":1,"optimizeSizeHeuristic":false,"maxSize":-1,"optimizeFlankLength":false,"symmetryString":"null","roundSpecificActivity":true,"informationThreshold":0.1,"optimizeMotifShift":false,"fittingStages":[],"optimizeMotifShiftHeuristic":false,"experimentSpecificPositionBias":true,"minSize":-1,"experimentSpecificActivity":true,"optimizeSize":false}]}}
