{"modelSettings":{"letterOrder":"ACGTN","bindingModeInteractions":[],"bindingModes":[{"size":13,"fitLogActivity":true,"flankLength":0,"dinucleotideDistance":0,"componentName":"Binding mode 1","positionBias":false,"singleStrand":false,"modifications":[]}],"letterComplement":"C-G,A-T,N-N"},"coefficients":{"bindingModeInteractions":[],"bindingModes":[{"mononucleotide":[-0.15742733045404966,0,-0.08374098258753282,-0.46098711223033106,-0.1611465961151188,-0.6245478848422259,0,-0.45205422336943357,-0.19923494710213197,-0.29062623106653557,-2.4106770535501427,-1.9053581243906739,-2.9960357038510517,0,-1.1328088647298922,0,-2.3284669765324715,-2.17408471853671,-2.5010583000796762,-1.129209100826585,0,-3.449412791634131,-3.3927718751134233,-3.1781918117337504,-1.2846040585359286,-3.45713143747889,-2.937786324274902,-2.9301215065556914,0,-1.257115627260372,-1.5823843581956134,-1.1115991438661998,-1.4774757136338508,0,-0.8194306334537474,0,-0.6953371748892527,-0.2971437648555786,-0.3492316453176758,-0.30548183731849915,0,-0.7952159528168052,-0.5138305804120757,-1.0093759122210506,-0.5049554650056768,0,-0.6412173601994016,-0.8735116873623316,-0.6129285441263752,-0.4756612907953208,-0.1667304831703449,-0.37964797163298547,-0.5721631223419239,0,-0.256560298944924,-0.6286209375631553,-0.872709715024433,-1.0874671244810004,0,-0.5585228482151239,0,-0.79614750264559,-1.1744000887524575,-0.4093989384192209,-0.5008270657679786],"activity":[[0]],"dinucleotide":[],"positionBias":[],"modifications":[]}]},"modelFittingConstraints":{"enrichmentModel":[{}],"nShifts":0,"addBindingModesSequentially":true,"bindingModeInteractions":[],"flankLengths":[0],"singleModeLengthSweep":false,"bindingModes":[{"maxFlankLength":-1,"positionBiasBinWidth":1,"optimizeSizeHeuristic":false,"maxSize":-1,"optimizeFlankLength":false,"symmetryString":"null","roundSpecificActivity":true,"informationThreshold":0.1,"optimizeMotifShift":false,"fittingStages":[],"optimizeMotifShiftHeuristic":false,"experimentSpecificPositionBias":true,"minSize":-1,"experimentSpecificActivity":true,"optimizeSize":false}]}}
