{"modelSettings":{"letterOrder":"ACGTN","bindingModeInteractions":[],"bindingModes":[{"size":12,"fitLogActivity":true,"flankLength":0,"dinucleotideDistance":0,"componentName":"Binding mode 1","positionBias":false,"singleStrand":false,"modifications":[]}],"letterComplement":"C-G,A-T,N-N"},"coefficients":{"bindingModeInteractions":[],"bindingModes":[{"mononucleotide":[0,-1.01421639707352,-0.673122829202077,-1.3897817905111935,-0.6339686515046435,-0.08714043708705255,-1.1584201941056698,-1.8192851013599713,0,-0.5138837061243448,-2.425646021290698,0,-2.6536555816980254,-2.5248793342281552,-1.1720847059259951,0,-2.432468161448369,-3.166879476259804,-2.524722610163446,-1.1956449023671358,-2.293599953087654,-2.083452170762491,0,-1.0516369923633757,-0.9321866486857934,-1.1701832289219087,0,-2.135546722917445,-2.5298200303095846,-0.9754017439037393,-2.791422726958257,-4.226640678430359,-2.7262344349335206,0,-1.2540382655641282,-2.503285139420385,-2.4872737680427,0,-2.4237301715408957,-1.1603207146144379,0,-2.0720554325523692,-1.8316518703210645,-0.28316614437652277,-0.6736043463211148,-2.6175186001408712,-1.4564889557510696,-2.0164423024329463,0,-1.0222312118798151,-1.0527619375783406,-0.002485335378379361,-1.4488760370237284,0,-0.43799175609941077,-0.3892973447343495,-0.30425423232835236,0,-0.07423556910200091,-0.17922863439968081],"activity":[[0]],"dinucleotide":[],"positionBias":[],"modifications":[]}]},"modelFittingConstraints":{"enrichmentModel":[{}],"nShifts":0,"addBindingModesSequentially":true,"bindingModeInteractions":[],"flankLengths":[0],"singleModeLengthSweep":false,"bindingModes":[{"maxFlankLength":-1,"positionBiasBinWidth":1,"optimizeSizeHeuristic":false,"maxSize":-1,"optimizeFlankLength":false,"symmetryString":"null","roundSpecificActivity":true,"informationThreshold":0.1,"optimizeMotifShift":false,"fittingStages":[],"optimizeMotifShiftHeuristic":false,"experimentSpecificPositionBias":true,"minSize":-1,"experimentSpecificActivity":true,"optimizeSize":false}]}}
