{"modelSettings":{"letterOrder":"ACGTN","bindingModeInteractions":[],"bindingModes":[{"size":14,"fitLogActivity":true,"flankLength":0,"dinucleotideDistance":0,"componentName":"Binding mode 1","positionBias":false,"singleStrand":false,"modifications":[]}],"letterComplement":"C-G,A-T,N-N"},"coefficients":{"bindingModeInteractions":[],"bindingModes":[{"mononucleotide":[0,-0.4205144818086701,-0.11949659460288053,-0.25414929143050724,-0.1864344317836587,-0.34562802390675706,-0.5366724988188345,0,-0.24124907853158017,-0.26197787220880786,-0.8521009281368181,-0.31985907794951185,-0.33773152266377604,0,-0.33332257695587697,-1.9169717773949362,-1.2043407790059746,0,-0.9000354551048177,-0.7692205239283155,0,-2.5570925104348277,-1.0701490557326716,-3.31634552655071,-1.0100710457620627,-3.32146612854638,-3.8067112241416927,-3.8427158010671887,0,-1.3095589812335502,-3.798821442716922,-3.2910879806823385,0,-3.0014927623660963,-1.2825441748091144,0,-3.8007819106672485,-3.6864733468027873,-3.394414658874785,-1.3084321479756518,-1.6658548207881756,0,-1.578148208796394,-1.5785560474113316,-0.9152546383377889,-2.9308361011736315,-3.3627192074444756,-0.6929830593409037,0,-0.9237715096913871,-2.033140655009828,0,-2.9416636429606475,-0.20238203374158736,-0.6929050246196921,0,-0.707991950287111,-1.7057271217798018,-2.82279187035519,-0.8360293202617558,-0.2099877251695066,-0.21330316071487054,-1.3575657544019588,0,-0.32996635700720844,-0.7977794044861044,0,-0.9328906560241998,-0.15538821395498292,-0.3931072352042539],"activity":[[0]],"dinucleotide":[],"positionBias":[],"modifications":[]}]},"modelFittingConstraints":{"enrichmentModel":[{}],"nShifts":0,"addBindingModesSequentially":true,"bindingModeInteractions":[],"flankLengths":[0],"singleModeLengthSweep":false,"bindingModes":[{"maxFlankLength":-1,"positionBiasBinWidth":1,"optimizeSizeHeuristic":false,"maxSize":-1,"optimizeFlankLength":false,"symmetryString":"null","roundSpecificActivity":true,"informationThreshold":0.1,"optimizeMotifShift":false,"fittingStages":[],"optimizeMotifShiftHeuristic":false,"experimentSpecificPositionBias":true,"minSize":-1,"experimentSpecificActivity":true,"optimizeSize":false}]}}
