{"modelSettings":{"letterOrder":"ACGTN","bindingModeInteractions":[],"bindingModes":[{"size":14,"fitLogActivity":true,"flankLength":0,"dinucleotideDistance":0,"componentName":"Binding mode 1","positionBias":false,"singleStrand":false,"modifications":[]}],"letterComplement":"C-G,A-T,N-N"},"coefficients":{"bindingModeInteractions":[],"bindingModes":[{"mononucleotide":[-0.520740324234124,-0.44976392839513757,-0.6536935046643144,0,-0.3739735548413668,-0.6927342816130171,-0.18644907944289102,-0.7954333581067203,0,-0.36330656571522657,-2.7088136016446835,-3.590207054077416,0,-3.325221852578828,-1.2639236883999891,0,-0.12073405732060749,-2.543025065342304,-0.025617215476513522,-0.3080188258842017,-0.41637923121770903,-1.5567988932752304,-2.3111894592402082,0,-0.7085739546602261,0,-2.9950718534929726,-2.819983839222971,-2.9234198798571853,-1.234956639517506,-4.310444187990264,0,-2.511990304989288,-3.003317047892458,-1.2516267368737772,0,-2.2762231446049013,-1.8715602287976654,-0.7039252680470351,-0.8259962203588642,-0.28968905976989845,-0.9814246541885847,-0.21196289108828026,0,-0.31051825181881504,-0.8846100540563366,-1.6913790657562568,-1.2048495403806854,0,-0.7460852636363395,-0.3944327233683502,-1.0805278195261963,-0.05050890036321043,0,-0.2996790475512466,-0.5916380545947124,-1.3675339261129515,-0.6160749469708833,0,-0.5326391360959374,-0.26312333142759137,0,-0.5375010289530735,-0.07750269544892063,-0.1989760864766627,0,-0.28769325275106716,-0.1388696964770082,-0.06324990549460274,-0.11680298160128877],"activity":[[0]],"dinucleotide":[],"positionBias":[],"modifications":[]}]},"modelFittingConstraints":{"enrichmentModel":[{}],"nShifts":0,"addBindingModesSequentially":true,"bindingModeInteractions":[],"flankLengths":[0],"singleModeLengthSweep":false,"bindingModes":[{"maxFlankLength":-1,"positionBiasBinWidth":1,"optimizeSizeHeuristic":false,"maxSize":-1,"optimizeFlankLength":false,"symmetryString":"null","roundSpecificActivity":true,"informationThreshold":0.1,"optimizeMotifShift":false,"fittingStages":[],"optimizeMotifShiftHeuristic":false,"experimentSpecificPositionBias":true,"minSize":-1,"experimentSpecificActivity":true,"optimizeSize":false}]}}
