{"modelSettings":{"letterOrder":"ACGTN","bindingModeInteractions":[],"bindingModes":[{"size":14,"fitLogActivity":true,"flankLength":0,"dinucleotideDistance":0,"componentName":"Binding mode 1","positionBias":false,"singleStrand":false,"modifications":[]}],"letterComplement":"C-G,A-T,N-N"},"coefficients":{"bindingModeInteractions":[],"bindingModes":[{"mononucleotide":[-0.1920220094097882,-0.17160316673469467,-0.028950830896155466,0,-0.09456722382914534,-1.2016893199093697,-0.6447215224511016,-0.08070337799701832,0,-0.37543489798657737,-0.6832823537188775,-0.8916203265474483,0,-0.7976706867312906,-0.5253791268617696,-0.8301273811242522,0,-2.444097660464195,-0.43307235830736346,-0.6109628891852881,-2.185481536354208,0,-0.5578550293066309,-1.4658146119389204,-0.736185682145239,0,-2.6518356456081142,-2.4403637510470424,-3.0671370543041307,-1.2004747294489668,-2.3913594844966406,0,-2.983372372907818,-2.771152077038281,-1.2000497726304002,-2.9603558021763554,-3.3514276803973004,0,-3.242567826957991,-1.2677132069205084,-2.87144267405094,-2.4065027325151815,-1.922921421885146,0,-1.129386164398937,-0.9859274968344689,0,-0.48995394288841165,-2.0216361192145316,-0.6357341872926646,0,-1.794929291047766,-0.8046149944617227,-0.4711495211363683,-0.5808531739944471,-0.4845894490367568,-0.29004002541974394,-0.4670644040305989,0,-0.29067877125195973,-1.2893538388461177,0,-1.6973305878101277,-1.342457100992854,-0.8440726220060296,0,-0.730856052601009,-0.8399265914974503,-1.1500290844643173,-0.5843526862807353],"activity":[[0]],"dinucleotide":[],"positionBias":[],"modifications":[]}]},"modelFittingConstraints":{"enrichmentModel":[{}],"nShifts":0,"addBindingModesSequentially":true,"bindingModeInteractions":[],"flankLengths":[0],"singleModeLengthSweep":false,"bindingModes":[{"maxFlankLength":-1,"positionBiasBinWidth":1,"optimizeSizeHeuristic":false,"maxSize":-1,"optimizeFlankLength":false,"symmetryString":"null","roundSpecificActivity":true,"informationThreshold":0.1,"optimizeMotifShift":false,"fittingStages":[],"optimizeMotifShiftHeuristic":false,"experimentSpecificPositionBias":true,"minSize":-1,"experimentSpecificActivity":true,"optimizeSize":false}]}}
