{"modelSettings":{"letterOrder":"ACGTN","bindingModeInteractions":[],"bindingModes":[{"size":14,"fitLogActivity":true,"flankLength":0,"dinucleotideDistance":0,"componentName":"Binding mode 1","positionBias":false,"singleStrand":false,"modifications":[]}],"letterComplement":"C-G,A-T,N-N"},"coefficients":{"bindingModeInteractions":[],"bindingModes":[{"mononucleotide":[-0.002790863280552003,-0.4568345221512278,0,-0.14408106912198626,-0.13458460198171096,-0.6996194261842765,-0.1688471725811178,0,-0.08529430796991466,-0.20467321333415683,0,-2.014867613371014,-0.40777605812323525,-2.6584150779909255,-0.7611449908859647,0,-1.5366738137987435,-2.1073911949188657,-1.1021358098577174,-0.8741830130134549,-2.511487803292658,0,-2.412468450317781,-2.675986638952896,-1.1715216217882498,0,-1.8741006650551624,-2.23729702223478,-2.389614645676287,-1.0847799514212157,-1.1889270232123312,-0.9839325088844273,0,-1.6710712599600717,-0.7622660654212835,-1.4012517895212233,0,-1.3468884932349776,-0.9649169589444222,-0.7511198627070573,-2.277583468162585,-1.984576795789815,-1.48460737356797,0,-1.0033736563772535,-2.342129926054083,-2.6349760283280768,0,-2.265856889819979,-1.1460306192001797,0,-0.739191495609985,-1.5935781325969045,-0.33343705407645885,-0.5120121364776332,-2.16608948617817,0,-0.31907146719622403,-0.2018513927919301,-0.408470262524636,-0.624573108818864,-0.40197231056329485,0,-0.6947851671664029,-0.39168391063782654,-0.5986670248079804,0,-0.6471455057782922,-0.29002713024139926,-0.3490877192358058],"activity":[[0]],"dinucleotide":[],"positionBias":[],"modifications":[]}]},"modelFittingConstraints":{"enrichmentModel":[{}],"nShifts":0,"addBindingModesSequentially":true,"bindingModeInteractions":[],"flankLengths":[0],"singleModeLengthSweep":false,"bindingModes":[{"maxFlankLength":-1,"positionBiasBinWidth":1,"optimizeSizeHeuristic":false,"maxSize":-1,"optimizeFlankLength":false,"symmetryString":"null","roundSpecificActivity":true,"informationThreshold":0.1,"optimizeMotifShift":false,"fittingStages":[],"optimizeMotifShiftHeuristic":false,"experimentSpecificPositionBias":true,"minSize":-1,"experimentSpecificActivity":true,"optimizeSize":false}]}}
