{"modelSettings":{"letterOrder":"ACGTN","bindingModeInteractions":[],"bindingModes":[{"size":11,"fitLogActivity":true,"flankLength":0,"dinucleotideDistance":0,"componentName":"Binding mode 2","positionBias":false,"singleStrand":false,"modifications":[]}],"letterComplement":"C-G,A-T,N-N"},"coefficients":{"bindingModeInteractions":[],"bindingModes":[{"mononucleotide":[0,-0.549936353465295,-0.3992140014081702,-0.698316452713704,-0.37642014334224344,-1.4856745429817249,0,-2.1306232217777934,-2.421782699696048,-1.0259130245583392,-0.30245636826365185,-1.1711842403205641,0,-1.893372849203463,-0.59803544501108,0,-1.1171047469883142,-1.165574349897895,-1.9342868295493694,-0.8077184904080446,-2.2214281397110907,-1.790570259520441,-2.372808003525761,0,-1.0725515657827274,-1.3302837595093244,-0.3806907325829023,-1.277425175975691,0,-0.5858430569889351,0,-1.5248030876606036,-0.43382994517027784,-0.8612568372211267,-0.5584777791170646,0,-1.963680681262836,-0.6363446597668996,-1.0374183631265241,-0.6812518831374355,-0.5277119405409176,-0.07844013057013699,0,-0.3807857834618309,-0.2238203618431605,-0.23346523712885725,-0.055888904196631284,0,-0.1166749060572898,-0.0978047585091708,-0.23374032947690893,0,-0.2353084500082363,-0.12719783509063243,-0.14431682648435468],"activity":[[0]],"dinucleotide":[],"positionBias":[],"modifications":[]}]},"modelFittingConstraints":{"enrichmentModel":[{}],"nShifts":0,"addBindingModesSequentially":true,"bindingModeInteractions":[],"flankLengths":[0],"singleModeLengthSweep":false,"bindingModes":[{"maxFlankLength":-1,"positionBiasBinWidth":1,"optimizeSizeHeuristic":false,"maxSize":-1,"optimizeFlankLength":false,"symmetryString":"null","roundSpecificActivity":true,"informationThreshold":0.1,"optimizeMotifShift":false,"fittingStages":[],"optimizeMotifShiftHeuristic":false,"experimentSpecificPositionBias":true,"minSize":-1,"experimentSpecificActivity":true,"optimizeSize":false}]}}
