{"modelSettings":{"letterOrder":"ACGTN","bindingModeInteractions":[],"bindingModes":[{"size":10,"fitLogActivity":true,"flankLength":0,"dinucleotideDistance":0,"componentName":"Binding mode 1","positionBias":false,"singleStrand":false,"modifications":[]}],"letterComplement":"C-G,A-T,N-N"},"coefficients":{"bindingModeInteractions":[],"bindingModes":[{"mononucleotide":[-0.08446820686092726,-0.40049263444582417,0,-0.4030892775612216,-0.20541316332306378,-0.4262199739326702,-0.2403858088814661,-0.3675548581819621,0,-0.24471120073950764,-0.6484978354878776,-0.6098485092004913,-0.5275884764322623,0,-0.4093639976701029,0,-1.6550682925427833,-0.3144465166451367,-1.1100094477130393,-0.5749963167529001,-3.2069183561731496,0,-2.8116894122897076,-1.7590724102293298,-1.145083756826607,-1.189460873545433,-2.1040234645841434,0,-3.3690127445733165,-1.0073281708921946,-1.5918466164431102,-1.5403217112361565,-2.0087159082779564,0,-0.9467355261469962,-0.7041693821898474,0,-1.082532925488038,-0.5444112043909584,-0.5052417028125388,0,-1.5651913908714332,-0.5512749471366203,-2.9445230901583734,-0.777676268095167,-0.7703492525834168,-0.10334793059673641,-1.6798850281779174,0,-0.4497854241704839],"activity":[[0]],"dinucleotide":[],"positionBias":[],"modifications":[]}]},"modelFittingConstraints":{"enrichmentModel":[{}],"nShifts":0,"addBindingModesSequentially":true,"bindingModeInteractions":[],"flankLengths":[0],"singleModeLengthSweep":false,"bindingModes":[{"maxFlankLength":-1,"positionBiasBinWidth":1,"optimizeSizeHeuristic":false,"maxSize":-1,"optimizeFlankLength":false,"symmetryString":"null","roundSpecificActivity":true,"informationThreshold":0.1,"optimizeMotifShift":false,"fittingStages":[],"optimizeMotifShiftHeuristic":false,"experimentSpecificPositionBias":true,"minSize":-1,"experimentSpecificActivity":true,"optimizeSize":false}]}}
