{"modelSettings":{"letterOrder":"ACGTN","bindingModeInteractions":[],"bindingModes":[{"size":14,"fitLogActivity":true,"flankLength":0,"dinucleotideDistance":0,"componentName":"Binding mode 1","positionBias":false,"singleStrand":false,"modifications":[]}],"letterComplement":"C-G,A-T,N-N"},"coefficients":{"bindingModeInteractions":[],"bindingModes":[{"mononucleotide":[-0.3327435745906513,0,-0.38700771251973265,-0.278334203619119,-0.23791345197770122,0,-0.5706662009219201,-0.09647364104975331,-0.23144316260419906,-0.20255372443722594,0,-0.45609512460833024,-0.16968063710655912,-0.9158348291746581,-0.3292438383860335,-0.4289738472747917,0,-1.4128349727310159,-1.5626006745918772,-0.6423498091042936,-0.9637780075129534,0,-2.006897919232097,-1.0315090226681747,-0.7591146464878709,0,-1.8645975561302297,-2.8514992849426886,-2.5165114895413634,-1.1289758811776842,-2.6575747301355204,0,-2.3067594552143618,-2.9628541870550693,-1.1863189448197002,-2.6412177920633653,0,-2.861966176950741,-1.15482297070624,-1.0191931559155156,-3.0346606815524417,-3.13572400679607,-3.4755856928503794,0,-1.2707333885233385,-2.8403663459742994,-2.8634810196136833,0,-2.723419361946293,-1.2198279111152535,-2.271315451150535,-2.0434691655554484,-2.5640265826208513,0,-1.116458951467006,-0.9627775635040123,-1.3400134466114393,-1.0118563138787504,0,-0.6895454237205436,-0.38650087724966475,-0.7873681144117262,0,-0.6061893449068254,-0.40051625864984647,0,-0.2713577637364484,-0.2392071081921312,-0.5889945350634331,-0.25344798677485214],"activity":[[0]],"dinucleotide":[],"positionBias":[],"modifications":[]}]},"modelFittingConstraints":{"enrichmentModel":[{}],"nShifts":0,"addBindingModesSequentially":true,"bindingModeInteractions":[],"flankLengths":[0],"singleModeLengthSweep":false,"bindingModes":[{"maxFlankLength":-1,"positionBiasBinWidth":1,"optimizeSizeHeuristic":false,"maxSize":-1,"optimizeFlankLength":false,"symmetryString":"null","roundSpecificActivity":true,"informationThreshold":0.1,"optimizeMotifShift":false,"fittingStages":[],"optimizeMotifShiftHeuristic":false,"experimentSpecificPositionBias":true,"minSize":-1,"experimentSpecificActivity":true,"optimizeSize":false}]}}
