{"modelSettings":{"letterOrder":"ACGTN","bindingModeInteractions":[],"bindingModes":[{"size":14,"fitLogActivity":true,"flankLength":0,"dinucleotideDistance":0,"componentName":"Binding mode 2","positionBias":false,"singleStrand":false,"modifications":[]}],"letterComplement":"C-G,A-T,N-N"},"coefficients":{"bindingModeInteractions":[],"bindingModes":[{"mononucleotide":[-0.5984243283467876,0,-0.1523541042562382,-0.29642066317976745,-0.2383092724326493,-0.536320381169304,-1.6410631297852545,-1.7064224832872918,0,-0.7132557997156861,0,-2.331258937491866,-1.0800142587559174,-1.4209534820670084,-0.8685441625828275,0,-3.3754785417180524,-3.2398005843316455,-1.621215110390387,-1.14646532629853,-3.2936264977505707,-2.6023596175125676,-2.0391481089212653,0,-1.1700891855371083,-0.698781612559352,-0.38772368859225104,-0.573288418421245,0,-0.3785337825098278,-0.08108085496096962,-0.8453038652010738,0,-0.777693836735299,-0.3527503796369209,-0.19252515989728103,-0.05262265250570941,0,-0.7133235964606666,-0.20345600539314554,0,-1.6506896966814306,-1.6652120330472302,-0.8414962402077206,-0.7917896962339827,-3.5259598084808537,-2.208194657681296,-2.67098582770329,0,-1.1969091312082125,-0.28386418147046655,-0.6504627396476623,-1.3092402831926453,0,-0.4522822746187171,0,-3.142613305250529,-2.496285486228827,-2.240744637942063,-1.1777045501950858,-0.30175655711511684,-0.5570392953758514,-0.5164146542228751,0,-0.3184585948654819,-0.8996528833755617,0,-0.22581807067781856,-0.25088967794699535,-0.29347137690722674],"activity":[[0]],"dinucleotide":[],"positionBias":[],"modifications":[]}]},"modelFittingConstraints":{"enrichmentModel":[{}],"nShifts":0,"addBindingModesSequentially":true,"bindingModeInteractions":[],"flankLengths":[0],"singleModeLengthSweep":false,"bindingModes":[{"maxFlankLength":-1,"positionBiasBinWidth":1,"optimizeSizeHeuristic":false,"maxSize":-1,"optimizeFlankLength":false,"symmetryString":"null","roundSpecificActivity":true,"informationThreshold":0.1,"optimizeMotifShift":false,"fittingStages":[],"optimizeMotifShiftHeuristic":false,"experimentSpecificPositionBias":true,"minSize":-1,"experimentSpecificActivity":true,"optimizeSize":false}]}}
