{"modelSettings":{"letterOrder":"ACGTN","bindingModeInteractions":[],"bindingModes":[{"size":14,"fitLogActivity":true,"flankLength":0,"dinucleotideDistance":0,"componentName":"Binding mode 1","positionBias":false,"singleStrand":false,"modifications":[]}],"letterComplement":"C-G,A-T,N-N"},"coefficients":{"bindingModeInteractions":[],"bindingModes":[{"mononucleotide":[-0.23628206956983444,-0.5882739069290848,0,-0.49731244622469983,-0.3034707943780472,0,-0.39817106146446335,-0.190943755051884,-0.14802130075721553,-0.17431203623102476,-0.14846721011592745,-1.1194505081515924,0,-1.182571631567746,-0.47201487020342703,-1.241217068566936,-1.4969433549657944,-0.5550588825889422,0,-0.6506223529989925,-2.0726916450800017,0,-2.166306560410897,-2.0855674270858904,-1.07537197347834,0,-1.944361697136873,-1.5645510839778733,-1.849767691409442,-0.9744932897317929,-2.444880299800809,0,-2.1175703948614477,-2.3000522192712074,-1.1183199112083195,-1.8845401434595819,-2.2816338983470317,0,-2.4912301268276047,-1.0959975931516839,-1.8480818006057773,-1.910841182591453,-2.1167197075428357,0,-1.0314764697015297,-1.9152829812139163,-2.200902327992372,0,-1.7603224844870335,-1.0286249817924276,0,-1.932879594628354,-1.88753940901135,-1.6111437018796284,-0.9836104789601502,-1.7087046971040856,0,-1.354504711231244,-0.7899954226075154,-0.7481197733758999,-0.9417883635533961,-0.35942407570955925,-1.1626723326951707,0,-0.510551625689853,-0.20182614209946248,-0.5336596998649057,-0.5940890909893168,0,-0.30253956512116725],"activity":[[0]],"dinucleotide":[],"positionBias":[],"modifications":[]}]},"modelFittingConstraints":{"enrichmentModel":[{}],"nShifts":0,"addBindingModesSequentially":true,"bindingModeInteractions":[],"flankLengths":[0],"singleModeLengthSweep":false,"bindingModes":[{"maxFlankLength":-1,"positionBiasBinWidth":1,"optimizeSizeHeuristic":false,"maxSize":-1,"optimizeFlankLength":false,"symmetryString":"null","roundSpecificActivity":true,"informationThreshold":0.1,"optimizeMotifShift":false,"fittingStages":[],"optimizeMotifShiftHeuristic":false,"experimentSpecificPositionBias":true,"minSize":-1,"experimentSpecificActivity":true,"optimizeSize":false}]}}
