{"modelSettings":{"letterOrder":"ACGTN","bindingModeInteractions":[],"bindingModes":[{"size":11,"fitLogActivity":true,"flankLength":0,"dinucleotideDistance":0,"componentName":"Binding mode 1","positionBias":false,"singleStrand":false,"modifications":[]}],"letterComplement":"C-G,A-T,N-N"},"coefficients":{"bindingModeInteractions":[],"bindingModes":[{"mononucleotide":[0,-0.5689435691903277,-0.28043646051348237,-0.0976055081714069,-0.214250779339451,-0.8337805649951466,-0.3110563503252033,-1.6784741440702988,0,-0.5302909129070956,0,-0.8648384621719574,-3.4879767260471417,-2.4805955618698063,-0.9575193283774202,-3.3521032924456184,0,-2.791027197628851,-2.6957704297441123,-1.2345530167859105,-2.447409135697318,-3.2618630863696607,0,-2.141785212857228,-1.1693464540310283,-2.653283157857716,0,-3.15802510285249,-2.606032766782885,-1.21507074548193,-2.9669052536342204,0,-3.4727131520788017,-3.062721821054096,-1.2647359760299457,-2.9644674058148235,0,-3.0226448795117205,-1.8872449545482648,-1.161752711339052,-0.5052988744333016,0,-2.659234188223292,-1.495916565464182,-0.7458255390772052,-2.15430428589099,0,-2.3843411679700606,-0.5194427188372632,-0.7968504700090651,-0.3426498400061604,-0.6076946119086646,-1.6001826402302934,0,-0.4876173082852751],"activity":[[0]],"dinucleotide":[],"positionBias":[],"modifications":[]}]},"modelFittingConstraints":{"enrichmentModel":[{}],"nShifts":0,"addBindingModesSequentially":true,"bindingModeInteractions":[],"flankLengths":[0],"singleModeLengthSweep":false,"bindingModes":[{"maxFlankLength":-1,"positionBiasBinWidth":1,"optimizeSizeHeuristic":false,"maxSize":-1,"optimizeFlankLength":false,"symmetryString":"null","roundSpecificActivity":true,"informationThreshold":0.1,"optimizeMotifShift":false,"fittingStages":[],"optimizeMotifShiftHeuristic":false,"experimentSpecificPositionBias":true,"minSize":-1,"experimentSpecificActivity":true,"optimizeSize":false}]}}
