{"modelSettings":{"letterOrder":"ACGTN","bindingModeInteractions":[],"bindingModes":[{"size":10,"fitLogActivity":true,"flankLength":0,"dinucleotideDistance":0,"componentName":"Binding mode 1","positionBias":false,"singleStrand":false,"modifications":[]}],"letterComplement":"C-G,A-T,N-N"},"coefficients":{"bindingModeInteractions":[],"bindingModes":[{"mononucleotide":[-0.17752109267342675,-0.32916362542584565,0,-0.3782447424453994,-0.2101250891642495,-0.368359013232364,0,-0.05171300560480763,-1.088810235002831,-0.29501326158556895,-2.2008901350706505,0,-2.8516991948027153,-0.573348045956521,-0.8369679635003288,0,-1.2548703174674416,-2.4195462908530896,-1.3929340725579773,-0.9023752763468239,-1.641723564371627,0,-2.482061864940672,-3.8226289037110077,-1.1246326819133825,-3.580890516795977,-2.3396233462110874,-2.5079597702524685,0,-1.1992763274438163,-2.0157536278054686,-0.9784674030162024,-2.3391963037381696,0,-0.9128517798068658,0,-0.8718129731359419,-0.9582157711679029,-0.9299001775218754,-0.5994918003437018,0,-0.3491831178913154,-0.1268177084898614,-0.31987238127610507,-0.18862138228002803,-0.24085074080128388,0,-0.059861694628581485,-0.2807339559608435,-0.13837655264664042],"activity":[[0]],"dinucleotide":[],"positionBias":[],"modifications":[]}]},"modelFittingConstraints":{"enrichmentModel":[{}],"nShifts":0,"addBindingModesSequentially":true,"bindingModeInteractions":[],"flankLengths":[0],"singleModeLengthSweep":false,"bindingModes":[{"maxFlankLength":-1,"positionBiasBinWidth":1,"optimizeSizeHeuristic":false,"maxSize":-1,"optimizeFlankLength":false,"symmetryString":"null","roundSpecificActivity":true,"informationThreshold":0.1,"optimizeMotifShift":false,"fittingStages":[],"optimizeMotifShiftHeuristic":false,"experimentSpecificPositionBias":true,"minSize":-1,"experimentSpecificActivity":true,"optimizeSize":false}]}}
