{"modelSettings":{"letterOrder":"ACGTN","bindingModeInteractions":[],"bindingModes":[{"size":10,"fitLogActivity":true,"flankLength":0,"dinucleotideDistance":0,"componentName":"Binding mode 1","positionBias":false,"singleStrand":false,"modifications":[]}],"letterComplement":"C-G,A-T,N-N"},"coefficients":{"bindingModeInteractions":[],"bindingModes":[{"mononucleotide":[-1.2514477187095623,-0.35934677878297805,0,-0.9982228562328374,-0.5307068149054859,-0.7883126586000535,-1.8775095756659859,0,-2.471938727473326,-0.8603814113047475,-1.9641050030387954,0,-2.788268754479522,-2.230631056763795,-1.116824922847269,0,-2.632557951428332,-2.4220385265220306,-2.2039822628646104,-1.1464922208920374,-2.2881455414505836,0,-2.331872339719391,-2.4189086481272164,-1.1335245204530981,-1.930966771015345,-2.356052198360106,0,-2.3123102750701783,-1.0944953880450847,-1.8523897915093834,-0.4553558342334485,-2.3140513216119887,0,-0.7497471480857519,-2.447420442482145,-2.8652244027323723,0,-2.2909512203216695,-1.1674343716081794,-0.5655340954849604,-0.279733059161706,-1.2796872043362977,0,-0.4299500053400754,0,-0.18649634986321484,-0.48719197596883035,-0.09578896815852067,-0.1764787323206622],"activity":[[0]],"dinucleotide":[],"positionBias":[],"modifications":[]}]},"modelFittingConstraints":{"enrichmentModel":[{}],"nShifts":0,"addBindingModesSequentially":true,"bindingModeInteractions":[],"flankLengths":[0],"singleModeLengthSweep":false,"bindingModes":[{"maxFlankLength":-1,"positionBiasBinWidth":1,"optimizeSizeHeuristic":false,"maxSize":-1,"optimizeFlankLength":false,"symmetryString":"null","roundSpecificActivity":true,"informationThreshold":0.1,"optimizeMotifShift":false,"fittingStages":[],"optimizeMotifShiftHeuristic":false,"experimentSpecificPositionBias":true,"minSize":-1,"experimentSpecificActivity":true,"optimizeSize":false}]}}
