{"modelSettings":{"letterOrder":"ACGTN","bindingModeInteractions":[],"bindingModes":[{"size":10,"fitLogActivity":true,"flankLength":0,"dinucleotideDistance":0,"componentName":"Binding mode 1","positionBias":false,"singleStrand":false,"modifications":[]}],"letterComplement":"C-G,A-T,N-N"},"coefficients":{"bindingModeInteractions":[],"bindingModes":[{"mononucleotide":[-0.046396635999688574,0,-0.2090544024676224,-0.3494922105431546,-0.14183423977871437,-0.6569058590594863,0,-0.27342303091516085,-0.7406409499537072,-0.3725023537133196,-0.3539073823098051,-1.1086641362151548,0,-1.8647836595531713,-0.603823428543064,-1.4225647302115343,-2.411091310846376,-0.8877853678936378,0,-0.8310432711805498,0,-1.7786455795211085,-1.4178786248591209,-3.1630796867028863,-1.0123960700078682,-3.271403767671359,-2.6886830881444483,-2.81618340590087,0,-1.2329233798728563,-1.34870746126717,0,-1.9039693591364495,-1.2093212453779008,-0.8515853824617411,0,-0.976863304170223,-0.44829914634653933,-1.1458615490188095,-0.5390735147714476,-0.2469358255748162,-0.09498278130105797,-0.20045456474361334,0,-0.13098090823848463,-0.20655233674082618,-0.26648050273146673,0,-0.20108863831757517,-0.16331496190989028],"activity":[[0]],"dinucleotide":[],"positionBias":[],"modifications":[]}]},"modelFittingConstraints":{"enrichmentModel":[{}],"nShifts":0,"addBindingModesSequentially":true,"bindingModeInteractions":[],"flankLengths":[0],"singleModeLengthSweep":false,"bindingModes":[{"maxFlankLength":-1,"positionBiasBinWidth":1,"optimizeSizeHeuristic":false,"maxSize":-1,"optimizeFlankLength":false,"symmetryString":"null","roundSpecificActivity":true,"informationThreshold":0.1,"optimizeMotifShift":false,"fittingStages":[],"optimizeMotifShiftHeuristic":false,"experimentSpecificPositionBias":true,"minSize":-1,"experimentSpecificActivity":true,"optimizeSize":false}]}}
