{"modelSettings":{"letterOrder":"ACGTN","bindingModeInteractions":[],"bindingModes":[{"size":12,"fitLogActivity":true,"flankLength":0,"dinucleotideDistance":0,"componentName":"Binding mode 1","positionBias":false,"singleStrand":false,"modifications":[]}],"letterComplement":"C-G,A-T,N-N"},"coefficients":{"bindingModeInteractions":[],"bindingModes":[{"mononucleotide":[-0.22005376363660112,-0.39997635828690736,-0.43965173809252533,0,-0.2494001652148475,0,-0.5141589992292595,-0.3636909724650579,-0.37230092216282706,-0.29361426495004744,-0.052819441077804896,-1.5782853379121482,-0.9042767463517052,0,-0.44639866252072274,-1.6405777795214034,-1.6924750984706485,-2.4317305462266763,0,-1.0038822810723054,-2.9008773233857763,-1.4993926307910357,-2.8263857888673902,0,-1.0955166728509353,-2.3943942844423844,-3.594900237008238,0,-3.709051172224938,-1.2524699217667328,-1.1385052797903699,-3.1743420440619534,-2.958035540162479,0,-1.0398436155155593,-2.0868183609386444,-3.073442193849691,-1.8931402574249416,0,-1.1079499407806206,-2.701119922546547,-3.213147351696051,-1.5293878562950152,0,-1.1056154950498231,0,-3.2223491115431315,-1.3222355651931368,-1.959502401770921,-1.0165748422142515,-2.6846653949057133,0,-1.3504628884743548,-0.46853513518765766,-0.7167829183381013,0,-0.7512751338162209,-0.6940299394688116,-0.8861306526094683,-0.5176944846502248],"activity":[[0]],"dinucleotide":[],"positionBias":[],"modifications":[]}]},"modelFittingConstraints":{"enrichmentModel":[{}],"nShifts":0,"addBindingModesSequentially":true,"bindingModeInteractions":[],"flankLengths":[0],"singleModeLengthSweep":false,"bindingModes":[{"maxFlankLength":-1,"positionBiasBinWidth":1,"optimizeSizeHeuristic":false,"maxSize":-1,"optimizeFlankLength":false,"symmetryString":"null","roundSpecificActivity":true,"informationThreshold":0.1,"optimizeMotifShift":false,"fittingStages":[],"optimizeMotifShiftHeuristic":false,"experimentSpecificPositionBias":true,"minSize":-1,"experimentSpecificActivity":true,"optimizeSize":false}]}}
