{"modelSettings":{"letterOrder":"ACGTN","bindingModeInteractions":[],"bindingModes":[{"size":12,"fitLogActivity":true,"flankLength":0,"dinucleotideDistance":0,"componentName":"Binding mode 1","positionBias":false,"singleStrand":false,"modifications":[]}],"letterComplement":"C-G,A-T,N-N"},"coefficients":{"bindingModeInteractions":[],"bindingModes":[{"mononucleotide":[-0.14924745773726134,-0.055236530056330224,0,-0.1493037743357455,-0.0863957464463802,-0.43508942126168826,-0.27579774120016953,0,-0.12637302327062638,-0.1961793565209328,-2.566106859947112,0,-2.307121656574228,-3.7069554972023795,-1.2031950904855793,-2.6424920337686126,-3.281027081190242,0,-2.793551346784211,-1.2293104771340093,0,-2.898191287996249,-2.8046254956212913,-2.70504627094102,-1.2186470323418621,0,-2.245000404023695,-3.7733874688298936,-2.687234731592045,-1.2065005689408252,-2.7088299460030942,-3.2914882298256867,0,-2.886202243390774,-1.23821852633277,-0.23990615497883372,-2.90991779354343,0,-2.382888339555422,-0.7269803519982636,0,-2.873329524881255,-2.688857684752259,-2.7447342321452703,-1.2134051800827725,-2.741764998739378,0,-2.713728346734335,-2.7136908085793063,-1.2064447221167827,-1.152964268168101,0,-0.22269490086976518,-0.6491755389950589,-0.4160705509067625,-1.0798253736377124,-1.087911925629725,-0.16299672119737263,0,-0.45959079964396105],"activity":[[0]],"dinucleotide":[],"positionBias":[],"modifications":[]}]},"modelFittingConstraints":{"enrichmentModel":[{}],"nShifts":0,"addBindingModesSequentially":true,"bindingModeInteractions":[],"flankLengths":[0],"singleModeLengthSweep":false,"bindingModes":[{"maxFlankLength":-1,"positionBiasBinWidth":1,"optimizeSizeHeuristic":false,"maxSize":-1,"optimizeFlankLength":false,"symmetryString":"null","roundSpecificActivity":true,"informationThreshold":0.1,"optimizeMotifShift":false,"fittingStages":[],"optimizeMotifShiftHeuristic":false,"experimentSpecificPositionBias":true,"minSize":-1,"experimentSpecificActivity":true,"optimizeSize":false}]}}
