{"modelSettings":{"letterOrder":"ACGTN","bindingModeInteractions":[],"bindingModes":[{"size":10,"fitLogActivity":true,"flankLength":0,"dinucleotideDistance":0,"componentName":"Binding mode 1","positionBias":false,"singleStrand":false,"modifications":[]}],"letterComplement":"C-G,A-T,N-N"},"coefficients":{"bindingModeInteractions":[],"bindingModes":[{"mononucleotide":[-0.7051624869452353,-0.1464922344442705,0,-0.8281940569017077,-0.35860601716177076,0,-0.0995075794689626,-0.1459065971922744,-0.24202740179997972,-0.11806415069878878,-1.6546899431432718,-1.3511159724223272,-3.2979619830537263,0,-0.9894927772649966,0,-2.6134385759985603,-0.9752437198621355,-3.229903453578698,-0.9875559079920128,0,-3.6929196924015733,-3.6451462642777024,-3.2777362493089632,-1.3012821864011932,-3.0816752070338946,-1.2316799963760565,-1.102420295451632,0,-0.8736200387798305,-0.7764031888041809,-1.0070523055374667,-0.306239252125025,0,-0.44567697311433285,-0.43038927882517664,-0.8226264248516295,0,-1.0543782097482706,-0.49514039783093144,-0.5088346253593401,-0.2625004763192327,0,-1.0554016880124109,-0.3862603147201092,0,-0.28203845014560747,-0.4423392095262444,-0.12983814732581056,-0.19997224981134207],"activity":[[0]],"dinucleotide":[],"positionBias":[],"modifications":[]}]},"modelFittingConstraints":{"enrichmentModel":[{}],"nShifts":0,"addBindingModesSequentially":true,"bindingModeInteractions":[],"flankLengths":[0],"singleModeLengthSweep":false,"bindingModes":[{"maxFlankLength":-1,"positionBiasBinWidth":1,"optimizeSizeHeuristic":false,"maxSize":-1,"optimizeFlankLength":false,"symmetryString":"null","roundSpecificActivity":true,"informationThreshold":0.1,"optimizeMotifShift":false,"fittingStages":[],"optimizeMotifShiftHeuristic":false,"experimentSpecificPositionBias":true,"minSize":-1,"experimentSpecificActivity":true,"optimizeSize":false}]}}
