{"modelSettings":{"letterOrder":"ACGTN","bindingModeInteractions":[],"bindingModes":[{"size":8,"fitLogActivity":true,"flankLength":0,"dinucleotideDistance":0,"componentName":"Binding mode 1","positionBias":false,"singleStrand":false,"modifications":[]}],"letterComplement":"C-G,A-T,N-N"},"coefficients":{"bindingModeInteractions":[],"bindingModes":[{"mononucleotide":[-0.4703161590649847,-0.8332762291893854,-0.8374018523684637,0,-0.47310388791450647,0,-1.2588641829899643,-0.6199488915597913,-1.0620527194865694,-0.612630577393506,0,-2.2725062477421742,-1.5668092622128178,-3.5266579523578505,-1.0927544866634773,-2.1210973718097907,-1.428824091259061,-1.1706089306277263,0,-0.8736692684655832,-3.403808139056636,-0.7995143130802527,-0.8664485999972378,0,-0.7427389072121526,0,-2.2192456200576087,-0.3057002721587194,-3.4069698125528705,-0.7558527619550712,-0.11524224869817834,-0.32902734570555614,0,-0.9987820418027269,-0.29467266595841296,-0.2159441852104389,0,-0.14243909656867038,-0.1812150863922528,-0.13145453707479993],"activity":[[0]],"dinucleotide":[],"positionBias":[],"modifications":[]}]},"modelFittingConstraints":{"enrichmentModel":[{}],"nShifts":0,"addBindingModesSequentially":true,"bindingModeInteractions":[],"flankLengths":[0],"singleModeLengthSweep":false,"bindingModes":[{"maxFlankLength":-1,"positionBiasBinWidth":1,"optimizeSizeHeuristic":false,"maxSize":-1,"optimizeFlankLength":false,"symmetryString":"null","roundSpecificActivity":true,"informationThreshold":0.1,"optimizeMotifShift":false,"fittingStages":[],"optimizeMotifShiftHeuristic":false,"experimentSpecificPositionBias":true,"minSize":-1,"experimentSpecificActivity":true,"optimizeSize":false}]}}
