{"modelSettings":{"letterOrder":"ACGTN","bindingModeInteractions":[],"bindingModes":[{"size":12,"fitLogActivity":true,"flankLength":0,"dinucleotideDistance":0,"componentName":"Binding mode 1","positionBias":false,"singleStrand":false,"modifications":[]}],"letterComplement":"C-G,A-T,N-N"},"coefficients":{"bindingModeInteractions":[],"bindingModes":[{"mononucleotide":[-0.570081610365536,-0.8109441403392257,-0.26853831088772395,0,-0.3658549236127632,-0.6784814965089119,-1.1789468293981287,0,-0.8018076955041042,-0.5693790468073439,0,-0.8836935402274264,-0.2737852363267024,-0.24723224107819597,-0.3028943932153925,-0.8997568570723864,-2.312259767702436,-0.8073263824230992,0,-0.7175655153983819,-3.499371250612773,-4.741934383495845,-4.07578718604943,0,-1.3318847977559518,-3.526387927346976,-5.584551197103721,0,-4.82736556181856,-1.345945455195231,0,-5.707155338090555,-5.312997170117827,-5.035487371546509,-1.371649843000994,-3.1122492423491934,0,-2.385537331496222,-0.08546236180775146,-0.6661995719728603,-0.44917582473421724,-4.08619064725282,0,-1.4857198747166471,-0.7543332727343892,-0.466760364907687,-1.020099901045505,-0.6999374337096409,0,-0.47634142136595453,-0.9043884578102155,-0.7418419238852536,0,-2.207764347546208,-0.6976716769522711,-0.9916670314905236,-0.4661446483139198,-1.9053541170406838,0,-0.6221556572168881],"activity":[[0]],"dinucleotide":[],"positionBias":[],"modifications":[]}]},"modelFittingConstraints":{"enrichmentModel":[{}],"nShifts":0,"addBindingModesSequentially":true,"bindingModeInteractions":[],"flankLengths":[0],"singleModeLengthSweep":false,"bindingModes":[{"maxFlankLength":-1,"positionBiasBinWidth":1,"optimizeSizeHeuristic":false,"maxSize":-1,"optimizeFlankLength":false,"symmetryString":"null","roundSpecificActivity":true,"informationThreshold":0.1,"optimizeMotifShift":false,"fittingStages":[],"optimizeMotifShiftHeuristic":false,"experimentSpecificPositionBias":true,"minSize":-1,"experimentSpecificActivity":true,"optimizeSize":false}]}}
