{"modelSettings":{"letterOrder":"ACGTN","bindingModeInteractions":[],"bindingModes":[{"size":18,"fitLogActivity":true,"flankLength":0,"dinucleotideDistance":0,"componentName":"Binding mode 1","positionBias":false,"singleStrand":false,"modifications":[]}],"letterComplement":"C-G,A-T,N-N"},"coefficients":{"bindingModeInteractions":[],"bindingModes":[{"mononucleotide":[-0.8892676406380744,-0.17695740932441772,0,-0.1906680224545454,-0.262931260406887,0,-0.2736090466940002,-0.32218982223937154,-0.5090409965771627,-0.25933378912491667,-1.094321502733333,-1.2095045360613295,0,-1.4175601915336813,-0.7574637513844005,-0.5818222024313133,0,-1.5835424380311665,-0.9661045270704722,-0.6233000835278215,-2.2910094805489507,-2.1748712561584336,0,-1.8172344308689308,-1.0661972302785874,-1.9136461442114072,0,-2.0211043009272736,-2.53754491416455,-1.079463725884442,-2.8599097340573456,0,-3.184751722068996,-2.793320371083581,-1.2379777568668662,-0.4245389512208142,0,-1.7128805796494966,-1.9087395102605136,-0.7018428906762173,-2.115705973271286,0,-3.1693761079291676,-0.7547820853493548,-0.8960647777649584,-3.010953759565745,0,-3.20828955528704,-2.8090419627375667,-1.246590605207536,-2.0195026519080574,-1.88314575261397,-2.246483065403515,0,-1.0565569914514994,0,-1.5585446110615226,-0.6210689829925347,-1.010901822737404,-0.638799875634072,-1.9002916392889784,-0.8337049296699224,0,-1.1797822549447154,-0.7490260234623592,-0.738164653253488,0,-1.2307227179571,-0.012353521978297088,-0.3718631793466659,-3.0011332525258387,-1.9569920594761632,0,-1.7342850660196305,-1.0732810083012967,-1.3594885117441446,-1.9099101071587148,0,-1.114237929416988,-0.8364108893103434,-0.6645156362564677,-0.2762126973083161,-1.0553283505825277,0,-0.42264216104768193,-0.4349019280563624,0,-0.3053046379897246,-0.6884150155906488,-0.32621547558226055],"activity":[[0]],"dinucleotide":[],"positionBias":[],"modifications":[]}]},"modelFittingConstraints":{"enrichmentModel":[{}],"nShifts":0,"addBindingModesSequentially":true,"bindingModeInteractions":[],"flankLengths":[0],"singleModeLengthSweep":false,"bindingModes":[{"maxFlankLength":-1,"positionBiasBinWidth":1,"optimizeSizeHeuristic":false,"maxSize":-1,"optimizeFlankLength":false,"symmetryString":"null","roundSpecificActivity":true,"informationThreshold":0.1,"optimizeMotifShift":false,"fittingStages":[],"optimizeMotifShiftHeuristic":false,"experimentSpecificPositionBias":true,"minSize":-1,"experimentSpecificActivity":true,"optimizeSize":false}]}}
