{"modelSettings":{"letterOrder":"ACGTN","bindingModeInteractions":[],"bindingModes":[{"size":14,"fitLogActivity":true,"flankLength":0,"dinucleotideDistance":0,"componentName":"Binding mode 1","positionBias":false,"singleStrand":false,"modifications":[]}],"letterComplement":"C-G,A-T,N-N"},"coefficients":{"bindingModeInteractions":[],"bindingModes":[{"mononucleotide":[-0.2094074965484083,-0.6654395075642336,0,-0.25599885401992406,-0.2551325790049329,-0.7496482994674223,-0.2759171380746137,-0.5433840989081773,0,-0.3523315219335931,-1.2275710329515734,-1.1297849860981766,0,-2.0581937313162957,-0.8302331550913586,-0.3218190363206226,0,-0.630654558670809,-1.2255488850672325,-0.449938623003989,-3.495373917932327,-3.6200369943176924,0,-4.005066513950271,-1.3136554567427037,-2.289803347927891,-2.1821702954602973,-0.20816930738309303,0,-0.6801557473978521,-1.7543683374724097,-3.9315891089707833,0,-3.5757459831082317,-1.1869325577169363,-4.3914214058993934,-3.7437151367916637,0,-5.187315507818119,-1.3455016944150633,-3.7737861678093663,-4.480771194554539,0,-3.5213801540478715,-1.3244016146326678,-1.246317021320494,0,-1.9120924254063298,-1.080050457908586,-0.8125439745997726,-1.8645643463534658,-1.915892848933239,0,-2.027633211595605,-1.0259516088578764,-1.3022125863601717,-1.4205355937239237,0,-0.2980918642619219,-0.5728130894037828,-0.1888568004704405,-0.4370688838411958,0,-0.4663011695556367,-0.2545212487215313,0,-0.4312253576488274,-0.1779290770689803,-0.2721810776641629,-0.20812238005994974],"activity":[[0]],"dinucleotide":[],"positionBias":[],"modifications":[]}]},"modelFittingConstraints":{"enrichmentModel":[{}],"nShifts":0,"addBindingModesSequentially":true,"bindingModeInteractions":[],"flankLengths":[0],"singleModeLengthSweep":false,"bindingModes":[{"maxFlankLength":-1,"positionBiasBinWidth":1,"optimizeSizeHeuristic":false,"maxSize":-1,"optimizeFlankLength":false,"symmetryString":"null","roundSpecificActivity":true,"informationThreshold":0.1,"optimizeMotifShift":false,"fittingStages":[],"optimizeMotifShiftHeuristic":false,"experimentSpecificPositionBias":true,"minSize":-1,"experimentSpecificActivity":true,"optimizeSize":false}]}}
