{"modelSettings":{"letterOrder":"ACGTN","bindingModeInteractions":[],"bindingModes":[{"size":14,"fitLogActivity":true,"flankLength":0,"dinucleotideDistance":0,"componentName":"Binding mode 1","positionBias":false,"singleStrand":false,"modifications":[]}],"letterComplement":"C-G,A-T,N-N"},"coefficients":{"bindingModeInteractions":[],"bindingModes":[{"mononucleotide":[-0.058382031285720615,-0.17163135551671527,-0.3396055210981883,0,-0.1342086818251787,-0.4254392051199405,-1.0425432902223974,-0.9975205202339348,0,-0.52136752907764,0,-0.9792963093392499,-0.5637319527438658,-0.4016385349417426,-0.42545895635969233,0,-0.7987680094240259,-0.7342037659877176,-0.6133516251846549,-0.48154878161077985,-0.7222997732452479,-0.7049979979847825,-0.6360966126759715,0,-0.4663708921520743,-0.7153497749983071,-0.14070192211941723,-0.6969775187127629,0,-0.3369221230640572,-0.31007608527564656,-0.2933811442100538,-0.6066440514889813,0,-0.279612586358963,0,-1.2160834509988776,-0.7082467059696684,-1.6456930303513415,-0.7023016987905856,0,-3.4647587720913107,-1.8974124770015521,-3.6414327484742923,-1.1977824700850088,-4.000172719989518,-3.7967980684713143,-3.8992581446413066,0,-1.3270712615816265,-2.2463060888278594,-2.368494821697377,-2.6126795717496947,0,-1.1451155600871528,0,-2.9266229485117976,-1.837640985174,-2.1208342059646403,-1.0990861051223435,0,-0.1909185578154906,-0.004114943273313187,-0.23440302309938543,-0.10171817717157493,-0.390026789360713,0,-0.1652730476883466,-0.19298357011119505,-0.1775739015176834],"activity":[[0]],"dinucleotide":[],"positionBias":[],"modifications":[]}]},"modelFittingConstraints":{"enrichmentModel":[{}],"nShifts":0,"addBindingModesSequentially":true,"bindingModeInteractions":[],"flankLengths":[0],"singleModeLengthSweep":false,"bindingModes":[{"maxFlankLength":-1,"positionBiasBinWidth":1,"optimizeSizeHeuristic":false,"maxSize":-1,"optimizeFlankLength":false,"symmetryString":"null","roundSpecificActivity":true,"informationThreshold":0.1,"optimizeMotifShift":false,"fittingStages":[],"optimizeMotifShiftHeuristic":false,"experimentSpecificPositionBias":true,"minSize":-1,"experimentSpecificActivity":true,"optimizeSize":false}]}}
