{"modelSettings":{"letterOrder":"ACGTN","bindingModeInteractions":[],"bindingModes":[{"size":14,"fitLogActivity":true,"flankLength":0,"dinucleotideDistance":0,"componentName":"Binding mode 1","positionBias":false,"singleStrand":false,"modifications":[]}],"letterComplement":"C-G,A-T,N-N"},"coefficients":{"bindingModeInteractions":[],"bindingModes":[{"mononucleotide":[-0.4865900287440619,-0.2893885300104877,0,-0.17958731081122448,-0.22343883360693026,-0.5326134884889298,0,-0.33013392102077965,-0.12033018384648475,-0.22548260823502825,-0.009604193740159417,-0.5675712253794813,0,-1.4916466101800987,-0.36300052218024637,0,-0.01962351280232255,-0.6889593261306963,-1.8374587082799136,-0.41480068669863945,-2.85067899779271,0,-3.058975790506392,-3.006775774703197,-1.2428941206842545,0,-3.0460346877075413,-2.535046266469408,-2.9465009617370566,-1.2213493154885005,-2.5996228985042587,-2.373900923573643,-0.5709626503490179,0,-0.836786824131477,0,-0.7320974209574764,-2.2197194037545276,-2.7254919976718357,-0.8824614290452201,-2.668602716986163,-2.748202702789923,-3.0560367746431947,0,-1.2203852460998845,-2.982413720473761,-1.797383215672455,0,-2.9740349433483706,-1.1492486070788053,-1.9969658584191472,-0.7463070506103993,-0.6363814405408066,0,-0.625925704210023,-2.0845222480233647,-0.38076162670403546,-1.3163327894416241,0,-0.655936165997596,0,-0.5216132763071109,-0.12603104984447944,-0.7492727721934527,-0.30521492378306614,-0.4690464342282521,-0.43595745640127204,-0.5172576675956981,0,-0.3325410491604249],"activity":[[0]],"dinucleotide":[],"positionBias":[],"modifications":[]}]},"modelFittingConstraints":{"enrichmentModel":[{}],"nShifts":0,"addBindingModesSequentially":true,"bindingModeInteractions":[],"flankLengths":[0],"singleModeLengthSweep":false,"bindingModes":[{"maxFlankLength":-1,"positionBiasBinWidth":1,"optimizeSizeHeuristic":false,"maxSize":-1,"optimizeFlankLength":false,"symmetryString":"null","roundSpecificActivity":true,"informationThreshold":0.1,"optimizeMotifShift":false,"fittingStages":[],"optimizeMotifShiftHeuristic":false,"experimentSpecificPositionBias":true,"minSize":-1,"experimentSpecificActivity":true,"optimizeSize":false}]}}
