{"modelSettings":{"letterOrder":"ACGTN","bindingModeInteractions":[],"bindingModes":[{"size":13,"fitLogActivity":true,"flankLength":0,"dinucleotideDistance":0,"componentName":"Binding mode 1","positionBias":false,"singleStrand":false,"modifications":[]}],"letterComplement":"C-G,A-T,N-N"},"coefficients":{"bindingModeInteractions":[],"bindingModes":[{"mononucleotide":[-0.9500191766906969,0,-0.11464630421344957,-0.2152718394522246,-0.25982786154642373,-2.7341201116659883,0,-0.9918846271318866,-3.110453360652113,-0.9939760018499292,0,-2.774125759025881,-2.942783836890201,-3.0746027971542427,-1.2367278139642508,-4.09355138455562,0,-4.053366271993452,-3.506039592078168,-1.3242032673190964,-3.575986817360058,-3.835226573646951,0,-4.025144532527086,-1.3210263431361053,-2.3106779971813047,-2.452144822707133,-2.930369398422097,0,-1.172248070342132,-4.209263280045204,-4.6459389073545125,0,-4.109065718749643,-1.346226955948586,0,-0.49705039090308745,-3.5270224503127645,-2.5112785649677676,-0.8446220090471197,-0.8513770676085262,0,-0.7109333160234623,-0.6227704313251046,-0.4883841317111044,-0.13751603689715708,0,-0.26376482516073274,-0.07106098594870769,-0.11342639364547197,0,-0.15001759573406392,-0.1960558381376103,-0.09937749747806546,-0.10868268767071455,0,-0.11748597521261939,-0.05065370690748061,-0.09225670153313104,-0.06410346242895389,-0.03294026716661902,-0.19725011938466208,-0.15615037591707326,0,-0.09320904391707685],"activity":[[0]],"dinucleotide":[],"positionBias":[],"modifications":[]}]},"modelFittingConstraints":{"enrichmentModel":[{}],"nShifts":0,"addBindingModesSequentially":true,"bindingModeInteractions":[],"flankLengths":[0],"singleModeLengthSweep":false,"bindingModes":[{"maxFlankLength":-1,"positionBiasBinWidth":1,"optimizeSizeHeuristic":false,"maxSize":-1,"optimizeFlankLength":false,"symmetryString":"null","roundSpecificActivity":true,"informationThreshold":0.1,"optimizeMotifShift":false,"fittingStages":[],"optimizeMotifShiftHeuristic":false,"experimentSpecificPositionBias":true,"minSize":-1,"experimentSpecificActivity":true,"optimizeSize":false}]}}
