{"modelSettings":{"letterOrder":"ACGTN","bindingModeInteractions":[],"bindingModes":[{"size":12,"fitLogActivity":true,"flankLength":0,"dinucleotideDistance":0,"componentName":"Binding mode 2","positionBias":false,"singleStrand":false,"modifications":[]}],"letterComplement":"C-G,A-T,N-N"},"coefficients":{"bindingModeInteractions":[],"bindingModes":[{"mononucleotide":[-0.44393269361530674,-0.18839581613714884,0,-0.210234251210907,-0.19839308127350871,-0.03057393958258725,-0.28688796279912676,-0.29081477391302357,0,-0.14267631301385686,-2.3343323927343804,-3.0392408435166764,-3.226597948679376,0,-1.217025405482248,0,-2.7932704299435036,-2.4122586500901475,-3.967527140812078,-1.229501324546071,0,-4.070942241768658,-3.32749291754721,-3.9528312991658354,-1.3166334922320475,-2.9933273761378203,-3.1653194554053075,-2.2759576807295523,0,-1.208131810222322,-1.8187232339472126,-1.8571010836003397,-1.2551566149880111,0,-0.9141751440240088,-0.26601232710348377,-2.081489663671019,0,-2.1065684687120134,-0.6867533451244325,-0.7027462010904761,0,-0.10779824031845653,-0.5814707644708745,-0.303774983339604,-0.3146046466913335,-0.13219761381489903,-0.17079137871121475,0,-0.14813965759244335,-0.3766770482645976,-0.0724775032874394,0,-0.15594836498702325,-0.14161320089498536,-0.17147073458163486,-0.1197465632705681,-0.12620067645174649,0,-0.10230737285931954],"activity":[[0]],"dinucleotide":[],"positionBias":[],"modifications":[]}]},"modelFittingConstraints":{"enrichmentModel":[{}],"nShifts":0,"addBindingModesSequentially":true,"bindingModeInteractions":[],"flankLengths":[0],"singleModeLengthSweep":false,"bindingModes":[{"maxFlankLength":-1,"positionBiasBinWidth":1,"optimizeSizeHeuristic":false,"maxSize":-1,"optimizeFlankLength":false,"symmetryString":"null","roundSpecificActivity":true,"informationThreshold":0.1,"optimizeMotifShift":false,"fittingStages":[],"optimizeMotifShiftHeuristic":false,"experimentSpecificPositionBias":true,"minSize":-1,"experimentSpecificActivity":true,"optimizeSize":false}]}}
