{"modelSettings":{"letterOrder":"ACGTN","bindingModeInteractions":[],"bindingModes":[{"size":18,"fitLogActivity":true,"flankLength":0,"dinucleotideDistance":0,"componentName":"Binding mode 1","positionBias":false,"singleStrand":false,"modifications":[]}],"letterComplement":"C-G,A-T,N-N"},"coefficients":{"bindingModeInteractions":[],"bindingModes":[{"mononucleotide":[-0.04546311677114989,-0.2021112462321284,-0.037611139848898745,0,-0.06837353085632554,-0.08669299450837897,-0.8139971782077176,0,-0.1057049573340123,-0.20464935992199584,-0.31029083025421933,-1.8481232147731674,-1.3088726829037336,0,-0.6157738988816969,-0.3866642773262541,-1.1814069502086202,-2.0329899675480507,0,-0.636242761954913,-0.544190728943974,-1.7087628700056205,-2.2729957764116366,0,-0.763352902766671,-1.0811155076204013,-1.909909137653227,-0.8185160240950058,0,-0.7296055391538977,-2.482524693384081,-1.0364494547684941,0,-2.588326122291465,-0.9719424213137636,-2.7754924862608688,-2.8420968721404702,0,-2.634847456226546,-1.210366557805296,-2.830973363953281,0,-2.716771943450429,-2.345822975221516,-1.1867785261547983,-2.4074290599225074,-2.520668180991656,0,-2.8513120386619564,-1.18072770947161,-2.8069762480808684,0,-2.4928596563424024,-2.7323079761632174,-1.197221096176624,-1.0800166233816402,0,-0.4898838656158322,-1.3834499299502,-0.5964744994407303,-0.06409988319198767,0,-1.5184595252666035,-0.4589376340998026,-0.36064171686920293,-0.022821073674644587,-1.6068137692396043,-1.3286320432242444,0,-0.49314854732135527,-0.32094527505605,-1.769761975813522,-1.4937650458169722,0,-0.634707437783423,-0.13130639119694631,-1.133278447244753,-1.4788289029984334,0,-0.4997087223138555,-0.7132908142820193,-0.6166972306154666,-0.9379870786190159,0,-0.5020443098645035,-0.49327524357035823,-0.33231171750272726,-0.6572781649292798,0,-0.3403282412038276],"activity":[[0]],"dinucleotide":[],"positionBias":[],"modifications":[]}]},"modelFittingConstraints":{"enrichmentModel":[{}],"nShifts":0,"addBindingModesSequentially":true,"bindingModeInteractions":[],"flankLengths":[0],"singleModeLengthSweep":false,"bindingModes":[{"maxFlankLength":-1,"positionBiasBinWidth":1,"optimizeSizeHeuristic":false,"maxSize":-1,"optimizeFlankLength":false,"symmetryString":"null","roundSpecificActivity":true,"informationThreshold":0.1,"optimizeMotifShift":false,"fittingStages":[],"optimizeMotifShiftHeuristic":false,"experimentSpecificPositionBias":true,"minSize":-1,"experimentSpecificActivity":true,"optimizeSize":false}]}}
