{"modelSettings":{"letterOrder":"ACGTN","bindingModeInteractions":[],"bindingModes":[{"size":13,"fitLogActivity":true,"flankLength":0,"dinucleotideDistance":0,"componentName":"Binding mode 1","positionBias":false,"singleStrand":false,"modifications":[]}],"letterComplement":"C-G,A-T,N-N"},"coefficients":{"bindingModeInteractions":[],"bindingModes":[{"mononucleotide":[0,-0.19997427654165234,-1.1627194663165823,-0.9726997235949644,-0.4662316972280661,-0.6454886997733582,0,-0.49257270296866773,-0.8323993654570079,-0.4422083946539845,-0.7967876168188783,0,-0.583534487191542,-0.6265326886139948,-0.45289510789383586,-0.7946098659388476,0,-1.0046828955318303,-3.3573216091972764,-0.7696251785062264,-3.5257928676472012,-3.1577941020284657,0,-3.208657260273963,-1.2798116142865053,-3.6084391256455297,-3.4061745161968413,0,-2.0039793116684987,-1.208098170746444,0,-3.0921713815719203,-3.432171550228918,-3.6575040597324073,-1.2877922206261034,0,-2.5604288546401492,-3.407853692399498,-2.3923914725846225,-1.2024784181589678,-0.7237436781380242,-2.0016750102012755,0,-3.246506095555513,-0.8801082098648273,-1.6813423547586397,-0.7221124498728675,-2.0297623650788865,0,-0.7967227345678741,0,-1.039500236651095,-0.47758344692710564,-0.7848663115063084,-0.4983650071464817,0,-0.3566520169835674,-0.27896445090933275,-0.5502936910496348,-0.2766223778579048,0,-0.30506597911094957,-0.12247250070001403,-0.1056892287825768,-0.12740471847195756],"activity":[[0]],"dinucleotide":[],"positionBias":[],"modifications":[]}]},"modelFittingConstraints":{"enrichmentModel":[{}],"nShifts":0,"addBindingModesSequentially":true,"bindingModeInteractions":[],"flankLengths":[0],"singleModeLengthSweep":false,"bindingModes":[{"maxFlankLength":-1,"positionBiasBinWidth":1,"optimizeSizeHeuristic":false,"maxSize":-1,"optimizeFlankLength":false,"symmetryString":"null","roundSpecificActivity":true,"informationThreshold":0.1,"optimizeMotifShift":false,"fittingStages":[],"optimizeMotifShiftHeuristic":false,"experimentSpecificPositionBias":true,"minSize":-1,"experimentSpecificActivity":true,"optimizeSize":false}]}}
