{"modelSettings":{"letterOrder":"ACGTN","bindingModeInteractions":[],"bindingModes":[{"size":12,"fitLogActivity":true,"flankLength":0,"dinucleotideDistance":0,"componentName":"Binding mode 1","positionBias":false,"singleStrand":false,"modifications":[]}],"letterComplement":"C-G,A-T,N-N"},"coefficients":{"bindingModeInteractions":[],"bindingModes":[{"mononucleotide":[-0.24302340554552915,-0.21553149457302778,-0.12610372100144263,0,-0.14159540557994343,0,-0.07914067623917642,-0.5117498985406681,-0.9632390223276865,-0.31985741550909663,-1.7433348875263381,0,-1.2432401352739286,-0.39112620277864574,-0.6256385777042364,-1.3775270524090248,0,-0.534073401624998,-4.006105463795502,-0.767537894495556,-4.4904416572679,-4.379493337724071,0,-4.88229949229842,-1.355448076968312,-3.983021998583656,-4.094627524029728,0,-2.3744265712475676,-1.2655299523171812,0,-2.5975363957406885,-3.511651113430483,-3.621855458132625,-1.2631590921182914,0,-2.7797011291802085,-4.197527925476826,-0.621515413793905,-0.9074427465858101,-0.5269633499522608,-3.1427407695097505,0,-3.9198727972857474,-0.8834587580456269,-2.4018216277438076,-0.48577581288602767,-1.8629282555213238,0,-0.7651857496969247,-0.2158011990650528,-0.46682816972978847,0,-0.614433967266359,-0.29644356993861587,-0.5137207626842697,0,-0.46324226543871116,-0.47797369084258445,-0.3398374544262647],"activity":[[0]],"dinucleotide":[],"positionBias":[],"modifications":[]}]},"modelFittingConstraints":{"enrichmentModel":[{}],"nShifts":0,"addBindingModesSequentially":true,"bindingModeInteractions":[],"flankLengths":[0],"singleModeLengthSweep":false,"bindingModes":[{"maxFlankLength":-1,"positionBiasBinWidth":1,"optimizeSizeHeuristic":false,"maxSize":-1,"optimizeFlankLength":false,"symmetryString":"null","roundSpecificActivity":true,"informationThreshold":0.1,"optimizeMotifShift":false,"fittingStages":[],"optimizeMotifShiftHeuristic":false,"experimentSpecificPositionBias":true,"minSize":-1,"experimentSpecificActivity":true,"optimizeSize":false}]}}
