{"modelSettings":{"letterOrder":"ACGTN","bindingModeInteractions":[],"bindingModes":[{"size":12,"fitLogActivity":true,"flankLength":0,"dinucleotideDistance":0,"componentName":"Binding mode 1","positionBias":false,"singleStrand":false,"modifications":[]}],"letterComplement":"C-G,A-T,N-N"},"coefficients":{"bindingModeInteractions":[],"bindingModes":[{"mononucleotide":[-0.3814653429719881,-0.16406647831060095,0,-0.15107787412542617,-0.1650732496604177,0,-0.3657177816632071,-0.051120747229616015,-0.33604300119258834,-0.17481335636350892,-0.13855808975901507,-0.6623625986893504,0,-0.1423253149137098,-0.20653739003811356,-0.11068630978514804,-0.08158175457206784,0,-0.11409570865348861,-0.07551873114940032,-0.8486087712340424,0,-0.05066129053293178,-0.604104180746833,-0.31294025795558844,-1.1889337660241495,0,-1.2862677309765158,-2.167617625485855,-0.8584370924693493,-3.0591955843353573,-3.8552963993777905,0,-3.3848183651539014,-1.2891889280630198,-2.91261408460173,-3.8528356801615784,0,-1.9712122553916254,-1.1916812456809982,0,-3.023416328481166,-5.0024748880712435,-3.151420120187967,-1.292669793277715,0,-2.0538993782130723,-3.3944005030583893,-2.6522456403010386,-1.1774223280036902,0,-1.7976885799191227,-0.029220897267754786,-4.72987525244862,-0.622823449933797,-1.7144260396243574,-0.779487027776955,-1.775170099799105,0,-0.7939830111528424],"activity":[[0]],"dinucleotide":[],"positionBias":[],"modifications":[]}]},"modelFittingConstraints":{"enrichmentModel":[{}],"nShifts":0,"addBindingModesSequentially":true,"bindingModeInteractions":[],"flankLengths":[0],"singleModeLengthSweep":false,"bindingModes":[{"maxFlankLength":-1,"positionBiasBinWidth":1,"optimizeSizeHeuristic":false,"maxSize":-1,"optimizeFlankLength":false,"symmetryString":"null","roundSpecificActivity":true,"informationThreshold":0.1,"optimizeMotifShift":false,"fittingStages":[],"optimizeMotifShiftHeuristic":false,"experimentSpecificPositionBias":true,"minSize":-1,"experimentSpecificActivity":true,"optimizeSize":false}]}}
