{"modelSettings":{"letterOrder":"ACGTN","bindingModeInteractions":[],"bindingModes":[{"size":12,"fitLogActivity":true,"flankLength":0,"dinucleotideDistance":0,"componentName":"Binding mode 1","positionBias":false,"singleStrand":false,"modifications":[]}],"letterComplement":"C-G,A-T,N-N"},"coefficients":{"bindingModeInteractions":[],"bindingModes":[{"mononucleotide":[-0.4095133171235894,-0.9334159781030735,-1.8334738499443883,0,-0.5901219201390131,0,-1.54909599413532,-0.8675719161204054,-1.3670584241911854,-0.751165403188814,0,-0.42774878179988796,-1.1392676367899475,-0.280808289014435,-0.38301832888090953,0,-0.9717047023606888,-0.12228885274419099,-1.869935548786156,-0.5035754332253801,-0.9464098387481665,-0.8392311710650577,-1.396963998950003,0,-0.6599439040491347,0,-0.5398529680988375,-1.6955418101936546,-1.5580278245911723,-0.7047721764412751,0,-1.484397538765883,-1.9425235396392413,-2.4378948951716675,-1.0096917067953541,0,-2.0301276054137323,-2.349410392354829,-2.547924547744863,-1.1201004687909741,-2.354821260612634,0,-1.9791632795138119,-0.5071349522437554,-0.7790788999343924,0,-2.3428742229397153,-1.9411297786669075,-2.5785563120121155,-1.1120955303005648,0,-1.2641150206674814,-1.3115287559369269,-0.5559624965539502,-0.6323263193658373,0,-1.145144865304839,-0.4703386391399236,-0.14656163095324537,-0.3543059746122352],"activity":[[0]],"dinucleotide":[],"positionBias":[],"modifications":[]}]},"modelFittingConstraints":{"enrichmentModel":[{}],"nShifts":0,"addBindingModesSequentially":true,"bindingModeInteractions":[],"flankLengths":[0],"singleModeLengthSweep":false,"bindingModes":[{"maxFlankLength":-1,"positionBiasBinWidth":1,"optimizeSizeHeuristic":false,"maxSize":-1,"optimizeFlankLength":false,"symmetryString":"null","roundSpecificActivity":true,"informationThreshold":0.1,"optimizeMotifShift":false,"fittingStages":[],"optimizeMotifShiftHeuristic":false,"experimentSpecificPositionBias":true,"minSize":-1,"experimentSpecificActivity":true,"optimizeSize":false}]}}
