{"modelSettings":{"letterOrder":"ACGTN","bindingModeInteractions":[],"bindingModes":[{"size":16,"fitLogActivity":true,"flankLength":0,"dinucleotideDistance":0,"componentName":"Binding mode 1","positionBias":false,"singleStrand":false,"modifications":[]}],"letterComplement":"C-G,A-T,N-N"},"coefficients":{"bindingModeInteractions":[],"bindingModes":[{"mononucleotide":[-0.22561591715169715,0,-0.28625789358511256,-0.25577883494113784,-0.18530400597154892,-1.0629523720863432,-0.08189293591339286,-1.1538187277607,0,-0.43763906703889877,-0.5616900590032667,-1.5514780888711375,-3.4775658315253812,0,-0.7912775197488162,0,-2.49807233388459,-0.8145473376065979,-1.6202571553515819,-0.8422674870741055,0,-0.6132368169153501,-0.6036147007018648,-0.047553948519142075,-0.2737839532628729,-0.13060510677696424,-1.1885683357934473,0,-2.6943210167970912,-0.5754487590048101,-0.3985060841488961,-0.6534368358143485,-2.333260337099352,0,-0.5583733478676969,0,-0.5610651290263364,-2.883975868958737,-0.19780881792649385,-0.49141535039104933,0,-2.4689492822780963,-3.424473145528654,-2.9989008939850206,-1.2317877151031575,0,-2.866239583561324,-2.980147027199429,-3.3054017646606595,-1.2514292789242503,-3.109303464988067,0,-2.7724906302652315,-0.3133167493644713,-0.7775311995477466,0,-2.7801933827784415,-1.1216425472298361,-1.903662343961349,-0.956596801403131,-0.6344162367260671,-1.4276027765478858,-1.1623665314355618,0,-0.6525459755316338,-1.0396553228258911,-1.4793640874298415,-1.6092221063321857,0,-0.8088935604739472,-0.13274964174039816,-0.3157188055726472,-0.3286072806423581,0,-0.18486243933209612,-0.23421046396623701,-0.5183664960900565,-0.45416264870073375,0,-0.2804856225351022],"activity":[[0]],"dinucleotide":[],"positionBias":[],"modifications":[]}]},"modelFittingConstraints":{"enrichmentModel":[{}],"nShifts":0,"addBindingModesSequentially":true,"bindingModeInteractions":[],"flankLengths":[0],"singleModeLengthSweep":false,"bindingModes":[{"maxFlankLength":-1,"positionBiasBinWidth":1,"optimizeSizeHeuristic":false,"maxSize":-1,"optimizeFlankLength":false,"symmetryString":"null","roundSpecificActivity":true,"informationThreshold":0.1,"optimizeMotifShift":false,"fittingStages":[],"optimizeMotifShiftHeuristic":false,"experimentSpecificPositionBias":true,"minSize":-1,"experimentSpecificActivity":true,"optimizeSize":false}]}}
