{"modelSettings":{"letterOrder":"ACGTN","bindingModeInteractions":[],"bindingModes":[{"size":14,"fitLogActivity":true,"flankLength":0,"dinucleotideDistance":0,"componentName":"Binding mode 1","positionBias":false,"singleStrand":false,"modifications":[]}],"letterComplement":"C-G,A-T,N-N"},"coefficients":{"bindingModeInteractions":[],"bindingModes":[{"mononucleotide":[-0.6363395822100255,-1.3366985137299938,0,-0.02935720304740741,-0.3699747158300467,-1.8522230395877677,-1.4638791767866097,-1.5726411333746886,0,-0.9189683280484306,-1.731141433502294,-1.3009315925438525,-1.7916780708700126,0,-0.9063153868948485,0,-2.8248907045995364,-2.4877081146943048,-2.8419373534161494,-1.2033663812785675,0,-3.136461453115198,-2.7863082721006305,-2.9078429789278264,-1.2381520042073308,-2.9301372052773553,-3.35473851112809,-3.229026518463171,0,-1.2659331069622204,-0.21601360159097815,0,-0.020788526985660916,-0.6918718539720237,-0.19668771436178126,0,-1.4619535051191797,-1.0528103282730736,-1.3687245309087315,-0.7791572384079365,-1.3941818076423225,-1.337111834191128,-0.6809611840791074,0,-0.6847975439949298,-2.778890215281006,-2.0000553991506123,-2.881980618778605,0,-1.1603875333588693,0,-1.7842915736674456,-1.1667573892328802,-1.086335711138715,-0.7892497409309364,0,-2.4629625753299114,-1.78340102095008,-2.5602330864968237,-1.1007136037584204,-1.3471941500102735,0,-2.1260115930537653,-1.016250018075314,-0.8317022642950259,-0.45973591534242164,-0.2235252547154012,-0.6485099966887233,0,-0.30314457588590227],"activity":[[0]],"dinucleotide":[],"positionBias":[],"modifications":[]}]},"modelFittingConstraints":{"enrichmentModel":[{}],"nShifts":0,"addBindingModesSequentially":true,"bindingModeInteractions":[],"flankLengths":[0],"singleModeLengthSweep":false,"bindingModes":[{"maxFlankLength":-1,"positionBiasBinWidth":1,"optimizeSizeHeuristic":false,"maxSize":-1,"optimizeFlankLength":false,"symmetryString":"null","roundSpecificActivity":true,"informationThreshold":0.1,"optimizeMotifShift":false,"fittingStages":[],"optimizeMotifShiftHeuristic":false,"experimentSpecificPositionBias":true,"minSize":-1,"experimentSpecificActivity":true,"optimizeSize":false}]}}
