{"modelSettings":{"letterOrder":"ACGTN","bindingModeInteractions":[],"bindingModes":[{"size":17,"fitLogActivity":true,"flankLength":0,"dinucleotideDistance":0,"componentName":"Binding mode 1","positionBias":false,"singleStrand":false,"modifications":[]}],"letterComplement":"C-G,A-T,N-N"},"coefficients":{"bindingModeInteractions":[],"bindingModes":[{"mononucleotide":[0,-0.17066248551323104,-0.23002599555307368,-0.13847627801229168,-0.13116193350221092,-0.23801671299718974,-0.5711156084982316,0,-0.7145538999648702,-0.34161224646598987,-0.24453693196834747,-1.1196754007399479,0,-1.4088545095872056,-0.530231073808324,-1.88264990213934,-1.815431947685254,0,-1.8246808190256427,-0.9968075703038571,-1.0274485175676897,-1.5076038654197066,0,-0.18232709474931008,-0.5055530144018932,-0.6551949704985973,0,-0.8685600406474121,-0.06504692505210263,-0.3299218959037083,-1.9056550060134838,0,-2.1364395815258543,-1.549761335167775,-0.9948617016236504,0,-2.04494971751439,-1.6133908948474422,-2.2632467700001557,-1.026796481081236,0,-2.1770607712405345,-1.9618057179499968,-1.9529261107246176,-1.052800165492358,0,-1.714404476814789,-1.688553561675632,-2.311797214279258,-1.0051625499215548,-2.4002052162319383,-2.2117331116274546,0,-2.174125970132477,-1.113281211594006,-1.8598728520865002,-1.0250889255541042,-0.0794901004544557,0,-0.4950982216344809,-1.1524334549644353,0,-1.7339749028790035,-0.7119772777336788,-0.7016223203483046,-1.789556180124284,0,-1.7636645772258395,-0.3213742608254311,-0.6618415376668715,0,-1.5114099123772133,-0.4599235823623884,-1.652183153013275,-0.6716001374614274,0,-0.08193200454182348,-0.3528221364886126,-0.1451492146665201,-0.13669926240117236,0,-0.1287933650797739,-0.21529253835538587,-0.03124358574195263,-0.0902801884241367],"activity":[[0]],"dinucleotide":[],"positionBias":[],"modifications":[]}]},"modelFittingConstraints":{"enrichmentModel":[{}],"nShifts":0,"addBindingModesSequentially":true,"bindingModeInteractions":[],"flankLengths":[0],"singleModeLengthSweep":false,"bindingModes":[{"maxFlankLength":-1,"positionBiasBinWidth":1,"optimizeSizeHeuristic":false,"maxSize":-1,"optimizeFlankLength":false,"symmetryString":"null","roundSpecificActivity":true,"informationThreshold":0.1,"optimizeMotifShift":false,"fittingStages":[],"optimizeMotifShiftHeuristic":false,"experimentSpecificPositionBias":true,"minSize":-1,"experimentSpecificActivity":true,"optimizeSize":false}]}}
