{"modelSettings":{"letterOrder":"ACGTN","bindingModeInteractions":[],"bindingModes":[{"size":13,"fitLogActivity":true,"flankLength":0,"dinucleotideDistance":0,"componentName":"Binding mode 1","positionBias":false,"singleStrand":false,"modifications":[]}],"letterComplement":"C-G,A-T,N-N"},"coefficients":{"bindingModeInteractions":[],"bindingModes":[{"mononucleotide":[-0.5055477895372102,-0.7124048343731701,-0.5611440716987137,0,-0.4063926755043266,-1.8750505531977855,-2.4104331724719636,-1.2799823571527889,0,-0.966817334845189,-1.3798588141691497,-2.8190077932609463,-3.3106420329021926,0,-1.0878415580008924,-0.5153504050189404,-1.71265480912445,-2.5541310562540533,0,-0.7681739510945916,0,-4.040408632825848,-3.1282212271449152,-3.7008614247078206,-1.303711971952912,-1.2742562480593473,-0.13014603797759294,-2.9652016252620808,0,-0.593683750065619,-0.26827819888171556,-1.5698013208807173,0,-0.08241120701617177,-0.3237671310758115,0,-1.313818627878505,-0.07196023127180684,-1.057991951644383,-0.45156986365432006,-1.1740006597284431,-0.4162722933317462,0,-0.9814000015065882,-0.5346853294995564,-0.32748823960300477,0,-0.16504781094010568,-0.2342485785734918,-0.17442777725356085,-0.26393116978056996,-0.03489268377571397,-0.21426249474971737,0,-0.12192135460537061,-0.20084956385628017,-0.08032967929927937,-0.21154401189681638,0,-0.11929571427113629,-0.10232778145766552,-0.29021075139212504,-0.24986351818641728,0,-0.15380798812164223],"activity":[[0]],"dinucleotide":[],"positionBias":[],"modifications":[]}]},"modelFittingConstraints":{"enrichmentModel":[{}],"nShifts":0,"addBindingModesSequentially":true,"bindingModeInteractions":[],"flankLengths":[0],"singleModeLengthSweep":false,"bindingModes":[{"maxFlankLength":-1,"positionBiasBinWidth":1,"optimizeSizeHeuristic":false,"maxSize":-1,"optimizeFlankLength":false,"symmetryString":"null","roundSpecificActivity":true,"informationThreshold":0.1,"optimizeMotifShift":false,"fittingStages":[],"optimizeMotifShiftHeuristic":false,"experimentSpecificPositionBias":true,"minSize":-1,"experimentSpecificActivity":true,"optimizeSize":false}]}}
