{"modelSettings":{"letterOrder":"ACGTN","bindingModeInteractions":[],"bindingModes":[{"size":14,"fitLogActivity":true,"flankLength":0,"dinucleotideDistance":0,"componentName":"Binding mode 1","positionBias":false,"singleStrand":false,"modifications":[]}],"letterComplement":"C-G,A-T,N-N"},"coefficients":{"bindingModeInteractions":[],"bindingModes":[{"mononucleotide":[-0.26738669614655386,0,-0.3220089015923495,-0.5839215469813652,-0.2718822877891535,-0.9092029097340291,-0.7876101266058608,-0.7166121255591058,0,-0.5335058738054786,-0.5284543881485675,-0.5080851786296288,0,-0.11761690744031306,-0.2613003114206987,0,-0.9626069796677132,-0.36148112276978583,-0.819219826761449,-0.4623072662795071,-2.8106831040127354,-2.7994105192228615,-2.6336984111333672,0,-1.209972283164476,-2.719577371030535,-2.4488928481891854,0,-1.1103084061594952,-0.99307113391306,0,-2.109193271534535,-2.2076372929253427,-2.430788897663742,-1.1092208368205647,-2.017933469744932,0,-2.7385818224714513,-2.2452718733518,-1.1212486069481855,-1.9271593332148163,-2.626146605209489,0,-5.248708281643649,-1.1848467553181283,-2.9686914250306584,-2.367265627797697,-2.4105944099050403,0,-1.175329389367419,-1.471249201343479,0,-2.650659048303038,-2.825708850979293,-1.0791702132363332,0,-2.0943685694451677,-2.8901745916361046,-3.3300537394713428,-1.19195722272127,-2.7167898480261425,-0.5664786096593506,-1.6562328193992526,0,-0.7850083537315525,-1.026458756622457,0,-0.576345792270823,-0.9916265885801154,-0.5572211404452578],"activity":[[0]],"dinucleotide":[],"positionBias":[],"modifications":[]}]},"modelFittingConstraints":{"enrichmentModel":[{}],"nShifts":0,"addBindingModesSequentially":true,"bindingModeInteractions":[],"flankLengths":[0],"singleModeLengthSweep":false,"bindingModes":[{"maxFlankLength":-1,"positionBiasBinWidth":1,"optimizeSizeHeuristic":false,"maxSize":-1,"optimizeFlankLength":false,"symmetryString":"null","roundSpecificActivity":true,"informationThreshold":0.1,"optimizeMotifShift":false,"fittingStages":[],"optimizeMotifShiftHeuristic":false,"experimentSpecificPositionBias":true,"minSize":-1,"experimentSpecificActivity":true,"optimizeSize":false}]}}
