{"modelSettings":{"letterOrder":"ACGTN","bindingModeInteractions":[],"bindingModes":[{"size":18,"fitLogActivity":true,"flankLength":0,"dinucleotideDistance":0,"componentName":"Binding mode 1","positionBias":false,"singleStrand":false,"modifications":[]}],"letterComplement":"C-G,A-T,N-N"},"coefficients":{"bindingModeInteractions":[],"bindingModes":[{"mononucleotide":[0,-0.31841617745906525,-0.08769667598403785,-0.14669200682516603,-0.13156229323692611,-0.17780703132054043,-0.36901595623971595,0,-0.59419379686857,-0.2611940847506769,-1.1319747043875887,0,-0.7049771871694919,-0.5757064406101602,-0.5196883954148298,-2.522691206820883,-0.32946360721558676,-2.9186597627522377,0,-0.7691868691679793,0,-1.3133604909888272,-2.1645644828792667,-2.548433068899322,-1.0065444856835792,0,-3.488015301254681,-4.022884134075837,-3.616374077033822,-1.313654966349016,-3.6167116295344326,-3.1566741348692884,-3.6580692331715574,0,-1.2953389082085707,-3.1223441218361887,-2.4784339068195393,-2.2110002352598315,0,-1.173185602494848,0,-3.1721072036688285,-1.5354641785322247,-2.421272098342155,-1.0890980991267478,-0.36415549430118155,-0.9843542705908375,0,-1.1012547205675363,-0.5104434957695466,-0.46756180199902353,0,-0.3572863870865284,-0.2550672570966679,-0.25458116623442184,-0.04407930854410402,-0.09109560953727147,-0.05633743959476689,0,-0.04734619572947693,-0.2821614036055067,-0.544299812572886,-0.7748221657800971,0,-0.35839585511312627,0,-0.7373156425619998,-0.9682905896490048,-0.3255796796289152,-0.4384132525524345,0,-0.9389276441150316,-1.2772944625213127,-0.22966192104224525,-0.4842487004419192,-0.21167001098466365,-1.1234660932714924,-1.3144324561388068,0,-0.5095725489377397,0,-1.1035160777209878,-0.788002480668125,-0.15197144772172333,-0.41344644546074716,0,-0.7203030083818405,-0.5148008742673102,-0.04297029551050713,-0.2737251854207782],"activity":[[0]],"dinucleotide":[],"positionBias":[],"modifications":[]}]},"modelFittingConstraints":{"enrichmentModel":[{}],"nShifts":0,"addBindingModesSequentially":true,"bindingModeInteractions":[],"flankLengths":[0],"singleModeLengthSweep":false,"bindingModes":[{"maxFlankLength":-1,"positionBiasBinWidth":1,"optimizeSizeHeuristic":false,"maxSize":-1,"optimizeFlankLength":false,"symmetryString":"null","roundSpecificActivity":true,"informationThreshold":0.1,"optimizeMotifShift":false,"fittingStages":[],"optimizeMotifShiftHeuristic":false,"experimentSpecificPositionBias":true,"minSize":-1,"experimentSpecificActivity":true,"optimizeSize":false}]}}
