{"modelSettings":{"letterOrder":"ACGTN","bindingModeInteractions":[],"bindingModes":[{"size":17,"fitLogActivity":true,"flankLength":0,"dinucleotideDistance":0,"componentName":"Binding mode 1","positionBias":false,"singleStrand":false,"modifications":[]}],"letterComplement":"C-G,A-T,N-N"},"coefficients":{"bindingModeInteractions":[],"bindingModes":[{"mononucleotide":[-0.11463938246876104,-0.40555428111381886,-0.32913078282395425,0,-0.19910854186906327,-0.6753510261339581,-0.4826974334921488,-0.2368398675155987,0,-0.3163518578699017,-1.4642206456299869,-0.8820439808078149,0,-1.2257072563734495,-0.7242539511120928,-1.0384967250140846,0,-0.8474292698280887,-0.9401144778339834,-0.610146703059475,-0.3342223116573919,0,-0.6281074014270693,-0.10378594802103258,-0.23860192560462415,-0.16059251831929444,-0.6470320597649986,0,-0.3302373261651166,-0.2568329570850228,0,-0.3960318867336756,-0.7015356250626921,-0.6390021930748802,-0.3942924877564416,-0.8356169055567584,-0.5174771194299876,0,-1.2851290013712857,-0.5506740697828612,-2.4275720154565272,-2.8292362849941455,-2.3935412825178926,0,-1.1723009001800277,-1.6244999984880417,0,-3.2628313973577647,-2.416385967684273,-1.1052339792241515,0,-3.126709434206007,-2.002982536438747,-2.55986280811247,-1.1582751317426005,-2.810205287283458,-2.9040539960629186,0,-1.453619957583875,-1.0871413837684551,-3.6443035627040223,0,-2.6815012240804608,-3.1462085934358663,-1.2573605573002917,0,-2.556153847556442,-0.8272335393834878,-1.4168508382136502,-0.8224951520837539,0,-0.17355738037584967,-0.3014621374519457,-0.010985203093396123,-0.11387452947972089,-0.016136334969985455,-1.181630061896311,-1.0839510747532688,0,-0.4196802307781318,0,-1.2299193806287985,-1.3459455073754594,-0.11397180382243288,-0.49229310842220125],"activity":[[0]],"dinucleotide":[],"positionBias":[],"modifications":[]}]},"modelFittingConstraints":{"enrichmentModel":[{}],"nShifts":0,"addBindingModesSequentially":true,"bindingModeInteractions":[],"flankLengths":[0],"singleModeLengthSweep":false,"bindingModes":[{"maxFlankLength":-1,"positionBiasBinWidth":1,"optimizeSizeHeuristic":false,"maxSize":-1,"optimizeFlankLength":false,"symmetryString":"null","roundSpecificActivity":true,"informationThreshold":0.1,"optimizeMotifShift":false,"fittingStages":[],"optimizeMotifShiftHeuristic":false,"experimentSpecificPositionBias":true,"minSize":-1,"experimentSpecificActivity":true,"optimizeSize":false}]}}
