{"modelSettings":{"letterOrder":"ACGTN","bindingModeInteractions":[],"bindingModes":[{"size":12,"fitLogActivity":true,"flankLength":0,"dinucleotideDistance":0,"componentName":"Binding mode 1","positionBias":false,"singleStrand":false,"modifications":[]}],"letterComplement":"C-G,A-T,N-N"},"coefficients":{"bindingModeInteractions":[],"bindingModes":[{"mononucleotide":[0,-0.2811149061736129,-0.36545263975418396,-0.26242469600976004,-0.21753171191249693,-0.059257175299561204,-0.3586528117811072,-0.46611716585825014,0,-0.20195861203514737,-0.44496442215653764,-0.7664902374936589,-1.1256977032136082,0,-0.4984384540926788,-1.982572854615611,-1.2687737937197532,-2.2748355826480067,0,-0.966463296793285,0,-1.9688780619515,-1.2167992638173633,-1.7357354882925005,-0.9087811567201588,0,-3.1096118135414708,-3.861864268302633,-3.039953345066102,-1.2788003850502165,-2.519539305831488,-2.2243857319220233,-2.5016669146524673,0,-1.1468218259877996,-0.501128329081493,-1.0512238818579835,-0.0866869731722284,0,-0.3311741238278613,0,-1.3273435355258296,-0.039522755026718315,-1.158684373020001,-0.45400125949358383,-0.6699740556252738,0,-0.22133665002000558,-0.25822941481161465,-0.25955254701556985,-0.3181351342059664,0,-0.27558965155926773,-0.035784408029511994,-0.1474920686654004,0,-0.07956515775116024,-0.44314704946273387,-0.05292655979290295,-0.1295449773932758],"activity":[[0]],"dinucleotide":[],"positionBias":[],"modifications":[]}]},"modelFittingConstraints":{"enrichmentModel":[{}],"nShifts":0,"addBindingModesSequentially":true,"bindingModeInteractions":[],"flankLengths":[0],"singleModeLengthSweep":false,"bindingModes":[{"maxFlankLength":-1,"positionBiasBinWidth":1,"optimizeSizeHeuristic":false,"maxSize":-1,"optimizeFlankLength":false,"symmetryString":"null","roundSpecificActivity":true,"informationThreshold":0.1,"optimizeMotifShift":false,"fittingStages":[],"optimizeMotifShiftHeuristic":false,"experimentSpecificPositionBias":true,"minSize":-1,"experimentSpecificActivity":true,"optimizeSize":false}]}}
