{"modelSettings":{"letterOrder":"ACGTN","bindingModeInteractions":[],"bindingModes":[{"size":18,"fitLogActivity":true,"flankLength":0,"dinucleotideDistance":0,"componentName":"Binding mode 1","positionBias":false,"singleStrand":false,"modifications":[]}],"letterComplement":"C-G,A-T,N-N"},"coefficients":{"bindingModeInteractions":[],"bindingModes":[{"mononucleotide":[-2.2629901093983533,-0.7787716675049232,0,-1.5629450365822262,-0.8138884385919434,-0.38284084387034145,-0.9578640533517415,0,-1.1800413859454135,-0.5221819284941789,-1.5488665892561402,-0.2180761347529021,-0.32328690975975416,0,-0.3782200002568122,-0.7761641166601025,0,-0.2456338536017144,-1.3743671133910098,-0.47185493357460706,-2.1030663971705614,-1.7961544028629568,0,-1.723491057743514,-1.0034434398335048,-2.0479433360879096,-1.654351126093255,-0.37908134210026834,0,-0.6907969626793042,-2.008820413088805,-1.5171137484781294,-0.500032745162609,0,-0.7133490334734739,-1.8097967239524806,-1.8364332897313416,-0.6599290784224747,0,-0.7765503701127868,-2.3204126182542253,0,-0.6359888031470895,-1.6064128843264482,-0.7829347467597353,-0.0661121107985112,-1.446349987788924,0,-1.3242470258264323,-0.49533902344722414,0,-1.6563200731745802,-0.24363556206415815,-1.561983379842041,-0.604983892625022,-2.1362679629449226,-2.1599813495073126,0,-1.5262637549132592,-1.014201125371909,-1.3936415783457283,-2.045029023571685,0,-0.883627213832666,-0.8036165617708712,-1.326679972644638,0,-0.24523399677513869,-1.078951355691851,-0.5159093452824584,-1.2818491806045778,0,-0.388120886102417,-0.17907505263743584,-0.3595730244120146,-1.1348728554926417,0,-0.6337950772397685,-1.314096975171196,-0.6345225492979074,-1.8541541455773443,0,-0.7080944363528041,-1.679686908304431,-0.778923163316279,-1.5037024452581722,0,-0.7262376338587329,-1.4249285262950142,-0.7202323250023305],"activity":[[0]],"dinucleotide":[],"positionBias":[],"modifications":[]}]},"modelFittingConstraints":{"enrichmentModel":[{}],"nShifts":0,"addBindingModesSequentially":true,"bindingModeInteractions":[],"flankLengths":[0],"singleModeLengthSweep":false,"bindingModes":[{"maxFlankLength":-1,"positionBiasBinWidth":1,"optimizeSizeHeuristic":false,"maxSize":-1,"optimizeFlankLength":false,"symmetryString":"null","roundSpecificActivity":true,"informationThreshold":0.1,"optimizeMotifShift":false,"fittingStages":[],"optimizeMotifShiftHeuristic":false,"experimentSpecificPositionBias":true,"minSize":-1,"experimentSpecificActivity":true,"optimizeSize":false}]}}
