{"modelSettings":{"letterOrder":"ACGTN","bindingModeInteractions":[],"bindingModes":[{"size":15,"fitLogActivity":true,"flankLength":0,"dinucleotideDistance":0,"componentName":"Binding mode 1","positionBias":false,"singleStrand":false,"modifications":[]}],"letterComplement":"C-G,A-T,N-N"},"coefficients":{"bindingModeInteractions":[],"bindingModes":[{"mononucleotide":[0,-0.3079787132504803,-0.1341094118394679,-0.3222275233145462,-0.1821339749437468,-1.260651160055211,0,-0.8024118461696741,-0.5559024047378509,-0.5510963859579024,-2.0132642889874957,0,-0.25017270432317673,-1.2133761227748163,-0.5935686102304077,-4.035005722635876,-4.576457971512745,0,-4.488726393022699,-1.347831813816284,-4.302868339133027,-4.2722923280578335,-3.9583902509429185,0,-1.3407730668335383,-3.938524267931661,-3.2899581237715037,-3.7245837985828194,0,-1.308541518551694,-0.6446175825161315,-3.7335585343026017,0,-2.7866907011739004,-0.9098144728043336,-3.692057340110697,0,-3.65207349170503,-2.4600181265079373,-1.2585245829340308,-3.468995227553023,0,-2.770174501306556,-0.10751357028494546,-0.6972236187645431,0,-3.942112040833438,-2.1311800234325267,-1.8997360972189223,-1.1334270313171952,-0.14995506644597967,-1.5575594992338073,-0.2480107635677289,0,-0.3383623159964852,-1.2908122084005074,-2.6136670154659134,0,-2.748688584920413,-1.0410574792903025,-1.5317018046212232,-1.3319703167723,0,-1.7151173583070969,-0.8794365478964505,-0.6845042039944209,-0.06757254075532426,0,-0.32626921738426873,-0.23552898962894264,0,-0.5255000277271975,-0.410232943239043,-0.4486769778851034,-0.32392165671876555],"activity":[[0]],"dinucleotide":[],"positionBias":[],"modifications":[]}]},"modelFittingConstraints":{"enrichmentModel":[{}],"nShifts":0,"addBindingModesSequentially":true,"bindingModeInteractions":[],"flankLengths":[0],"singleModeLengthSweep":false,"bindingModes":[{"maxFlankLength":-1,"positionBiasBinWidth":1,"optimizeSizeHeuristic":false,"maxSize":-1,"optimizeFlankLength":false,"symmetryString":"null","roundSpecificActivity":true,"informationThreshold":0.1,"optimizeMotifShift":false,"fittingStages":[],"optimizeMotifShiftHeuristic":false,"experimentSpecificPositionBias":true,"minSize":-1,"experimentSpecificActivity":true,"optimizeSize":false}]}}
