{"modelSettings":{"letterOrder":"ACGTN","bindingModeInteractions":[],"bindingModes":[{"size":12,"fitLogActivity":true,"flankLength":0,"dinucleotideDistance":0,"componentName":"Binding mode 1","positionBias":false,"singleStrand":false,"modifications":[]}],"letterComplement":"C-G,A-T,N-N"},"coefficients":{"bindingModeInteractions":[],"bindingModes":[{"mononucleotide":[-0.5679336977448615,-0.5480860248652775,0,-0.8330484926030275,-0.43870950010567555,-0.4355004448000983,-1.2138143399074721,0,-0.7808378726020826,-0.5099822568476016,-1.5079084630483854,-1.4546358575054543,0,-1.4307753248331196,-0.8592127890136706,-1.5353007641888405,-1.3175762739748218,0,-1.051080417733258,-0.7804853433525736,-0.9537882158237401,-1.0524565828434462,-1.0064709946741712,0,-0.6444215563416945,-1.1678619301107789,0,-1.007934501944629,-1.0484241323030097,-0.6799876840688976,0,-1.2950384508035966,-1.1861882404305555,-1.2053782507207345,-0.7556349576654532,0,-0.7211250535397005,-0.6837332040292163,-1.1350474370985513,-0.5480339170335644,0,-1.0479840400530498,-0.7256097286533345,-1.1420426548034293,-0.6190422130676413,-1.2892914509253695,-1.3477189449231006,0,-1.0796134622337643,-0.75767237405833,-1.131595357935681,-1.199899431585981,0,-1.241422130532529,-0.7377702514940704,-1.013397063601202,-1.313026548204181,-1.160898021637473,0,-0.7209330259579058],"activity":[[0]],"dinucleotide":[],"positionBias":[],"modifications":[]}]},"modelFittingConstraints":{"enrichmentModel":[{}],"nShifts":0,"addBindingModesSequentially":true,"bindingModeInteractions":[],"flankLengths":[0],"singleModeLengthSweep":false,"bindingModes":[{"maxFlankLength":-1,"positionBiasBinWidth":1,"optimizeSizeHeuristic":false,"maxSize":-1,"optimizeFlankLength":false,"symmetryString":"null","roundSpecificActivity":true,"informationThreshold":0.1,"optimizeMotifShift":false,"fittingStages":[],"optimizeMotifShiftHeuristic":false,"experimentSpecificPositionBias":true,"minSize":-1,"experimentSpecificActivity":true,"optimizeSize":false}]}}
