{"modelSettings":{"letterOrder":"ACGTN","bindingModeInteractions":[],"bindingModes":[{"size":12,"fitLogActivity":true,"flankLength":0,"dinucleotideDistance":0,"componentName":"Binding mode 1","positionBias":false,"singleStrand":false,"modifications":[]}],"letterComplement":"C-G,A-T,N-N"},"coefficients":{"bindingModeInteractions":[],"bindingModes":[{"mononucleotide":[-0.7168221458610837,-0.9697832037355534,0,-0.9407402300537449,-0.5719010094981439,-0.07497105340485888,-0.413229644853347,-0.23289513582005217,0,-0.16796983487817907,-0.865610805586952,0,-1.8281748256460357,-0.7332225248047219,-0.662686069825007,-0.7403806903629198,0,-0.15009341985101798,-0.03931843348248254,-0.19267363675428875,0,-0.9622282435906335,-3.019963803066007,-3.882379521370198,-1.0137344828615242,-2.964853775021937,-2.815057854183159,0,-3.207362546578092,-1.2448534335743136,0,-1.7784688923452965,-3.7211711914264303,-2.963959038995845,-1.1673867128540039,-3.2586575188728766,0,-3.938338762632312,-4.316586611908059,-1.3174533494854253,0,-1.8771332468334263,-0.46904482702113093,-0.9004093536319644,-0.6046643572327252,-0.4015486599073199,-0.4010628405639478,0,-0.012251599196813068,-0.18430936750316854,-0.365931294617849,-0.2350241804922084,-0.2927835677961266,0,-0.21372374325600468,-0.36731723087644363,-0.062292036745240864,-0.019789713102406736,0,-0.10186575065342048],"activity":[[0]],"dinucleotide":[],"positionBias":[],"modifications":[]}]},"modelFittingConstraints":{"enrichmentModel":[{}],"nShifts":0,"addBindingModesSequentially":true,"bindingModeInteractions":[],"flankLengths":[0],"singleModeLengthSweep":false,"bindingModes":[{"maxFlankLength":-1,"positionBiasBinWidth":1,"optimizeSizeHeuristic":false,"maxSize":-1,"optimizeFlankLength":false,"symmetryString":"null","roundSpecificActivity":true,"informationThreshold":0.1,"optimizeMotifShift":false,"fittingStages":[],"optimizeMotifShiftHeuristic":false,"experimentSpecificPositionBias":true,"minSize":-1,"experimentSpecificActivity":true,"optimizeSize":false}]}}
