{"modelSettings":{"letterOrder":"ACGTN","bindingModeInteractions":[],"bindingModes":[{"size":13,"fitLogActivity":true,"flankLength":0,"dinucleotideDistance":0,"componentName":"Binding mode 1","positionBias":false,"singleStrand":false,"modifications":[]}],"letterComplement":"C-G,A-T,N-N"},"coefficients":{"bindingModeInteractions":[],"bindingModes":[{"mononucleotide":[-0.9308205680157666,-1.6567148256271167,0,-1.6669025393070471,-0.8131556841556231,-1.1539909062403053,0,-1.7371938655964214,-1.5640688039747637,-0.8552708635330136,-1.6693224458164495,0,-2.0404292508178443,-1.176778909935904,-0.8997915505096717,0,-0.5366348843850943,-1.904486584828209,-1.6444762255521945,-0.7304725219573287,-2.2284566588972794,0,-2.3326595916950454,-2.2885723929371107,-1.1192158653134021,-1.921316665100085,-2.235397031981851,0,-2.1132902330893,-1.0684201166674452,-2.0733380849931464,0,-1.9481955311047636,-1.9811560016744119,-1.0453990501274835,-2.5080814688315662,0,-2.560785880885671,-2.488211161986486,-1.1697914273008305,-2.1991005743604193,0,-1.9037761663662784,-1.3453784920731024,-0.9673545361657278,0,-0.005310222617566751,-0.27063317734316783,-0.7751541240098057,-0.21746193313791606,-1.0664713666240102,0,-1.1582757649832036,-0.22852323514105954,-0.48859295049284046,-0.38489060559162436,-0.3796841615448079,-0.8599408459247924,0,-0.361045328153744,0,-0.2582575713490316,-0.3415598935468678,-0.033165895287060376,-0.1477939860056006],"activity":[[0]],"dinucleotide":[],"positionBias":[],"modifications":[]}]},"modelFittingConstraints":{"enrichmentModel":[{}],"nShifts":0,"addBindingModesSequentially":true,"bindingModeInteractions":[],"flankLengths":[0],"singleModeLengthSweep":false,"bindingModes":[{"maxFlankLength":-1,"positionBiasBinWidth":1,"optimizeSizeHeuristic":false,"maxSize":-1,"optimizeFlankLength":false,"symmetryString":"null","roundSpecificActivity":true,"informationThreshold":0.1,"optimizeMotifShift":false,"fittingStages":[],"optimizeMotifShiftHeuristic":false,"experimentSpecificPositionBias":true,"minSize":-1,"experimentSpecificActivity":true,"optimizeSize":false}]}}
