{"modelSettings":{"letterOrder":"ACGTN","bindingModeInteractions":[],"bindingModes":[{"size":14,"fitLogActivity":true,"flankLength":0,"dinucleotideDistance":0,"componentName":"Binding mode 1","positionBias":false,"singleStrand":false,"modifications":[]}],"letterComplement":"C-G,A-T,N-N"},"coefficients":{"bindingModeInteractions":[],"bindingModes":[{"mononucleotide":[-0.10266204686504565,-0.17771064430384698,-0.28859260279459376,0,-0.13669813080033155,0,-2.364310611227626,-1.4035428916153436,-1.1350449274963963,-0.8787862654430988,-1.8891433107065985,0,-0.9309292587410032,-1.5976081531668758,-0.8279545150816083,-2.134246273147067,-2.649672956834776,-1.4102167341581464,0,-1.0264555156597377,-2.3547026587296256,-2.3433794259205083,-2.329084348849659,0,-1.1329636544272113,-2.1090479206134223,0,-2.3289990194802823,-1.70688119184147,-1.0496954214944036,-2.0301627491649974,0,-1.9041056152210496,-1.7213761356799169,-1.008481508086423,-1.6344776189145676,-0.4565228629294382,-0.023608385016803624,0,-0.3548177852265666,-1.6875284092235674,0,-0.8091461069369243,-0.7032386827027843,-0.6324313358096021,-0.5885729292812507,-1.589304614435989,-2.0353062023089623,0,-0.7498091470206866,-0.7139878133143691,-1.6888480404643706,-1.7473849276558973,0,-0.7718394260639805,-0.8043709841952151,-1.413418028331622,-1.4227643982333906,0,-0.7278803510845558,-0.8799655785752267,-0.8720540970784665,-1.1486442704324666,0,-0.6208472684930687,-0.6976819648806849,-0.5651626974423216,-0.7905149628287678,0,-0.4621876271532248],"activity":[[0]],"dinucleotide":[],"positionBias":[],"modifications":[]}]},"modelFittingConstraints":{"enrichmentModel":[{}],"nShifts":0,"addBindingModesSequentially":true,"bindingModeInteractions":[],"flankLengths":[0],"singleModeLengthSweep":false,"bindingModes":[{"maxFlankLength":-1,"positionBiasBinWidth":1,"optimizeSizeHeuristic":false,"maxSize":-1,"optimizeFlankLength":false,"symmetryString":"null","roundSpecificActivity":true,"informationThreshold":0.1,"optimizeMotifShift":false,"fittingStages":[],"optimizeMotifShiftHeuristic":false,"experimentSpecificPositionBias":true,"minSize":-1,"experimentSpecificActivity":true,"optimizeSize":false}]}}
