{"modelSettings":{"letterOrder":"ACGTN","bindingModeInteractions":[],"bindingModes":[{"size":12,"fitLogActivity":true,"flankLength":0,"dinucleotideDistance":0,"componentName":"Binding mode 1","positionBias":false,"singleStrand":false,"modifications":[]}],"letterComplement":"C-G,A-T,N-N"},"coefficients":{"bindingModeInteractions":[],"bindingModes":[{"mononucleotide":[0,-0.07487134788459393,-0.19096572491474717,-0.10044467509819022,-0.08925236702828608,0,-0.5736735650108931,-0.19719297742943098,-0.1910406833511713,-0.21984184799976425,0,-2.2343915104441967,-1.2294921544162323,-1.4722116358007487,-0.8983796941044587,-0.816608641926631,-1.1010825708413812,0,-1.2816525624747737,-0.6674711591705709,-3.502185287262698,-2.399435371607267,0,-2.5946575612641505,-1.2076695477933108,-3.43402197675716,-1.4632873674215912,-2.636037356205022,0,-1.0970817343357342,-3.8240422901354085,-3.865099612951695,0,-3.6949207392430803,-1.3208347654246952,-1.9174701957442695,-1.198058203747867,-2.652424814670054,0,-0.9680854276085761,-3.25913787980928,-1.5247571196134801,0,-1.0375093918968625,-0.9097921912669205,0,-3.3434545143726004,-3.254810820518167,-3.798631294830197,-1.2943495803695142,0,-0.6854761714422248,-1.4351374287372853,-0.7456199497791158,-0.5904222961817901,0,-0.1807836102928535,-0.49192610401976644,-0.2470279419148529,-0.21468494006979463],"activity":[[0]],"dinucleotide":[],"positionBias":[],"modifications":[]}]},"modelFittingConstraints":{"enrichmentModel":[{}],"nShifts":0,"addBindingModesSequentially":true,"bindingModeInteractions":[],"flankLengths":[0],"singleModeLengthSweep":false,"bindingModes":[{"maxFlankLength":-1,"positionBiasBinWidth":1,"optimizeSizeHeuristic":false,"maxSize":-1,"optimizeFlankLength":false,"symmetryString":"null","roundSpecificActivity":true,"informationThreshold":0.1,"optimizeMotifShift":false,"fittingStages":[],"optimizeMotifShiftHeuristic":false,"experimentSpecificPositionBias":true,"minSize":-1,"experimentSpecificActivity":true,"optimizeSize":false}]}}
