{"modelSettings":{"letterOrder":"ACGTN","bindingModeInteractions":[],"bindingModes":[{"size":16,"fitLogActivity":true,"flankLength":0,"dinucleotideDistance":0,"componentName":"Binding mode 1","positionBias":false,"singleStrand":false,"modifications":[]}],"letterComplement":"C-G,A-T,N-N"},"coefficients":{"bindingModeInteractions":[],"bindingModes":[{"mononucleotide":[-0.31729909742106344,-0.14850822210284154,-0.04666687387939383,0,-0.1208941097800166,0,-0.08329603694905874,-0.14914601443047282,-0.07846998109856163,-0.07632723846989599,-0.4844642274093216,0,-0.8768107847244186,-0.6826225535229486,-0.4551445277214034,-0.6602266473217373,0,-0.8523831732487661,-0.8568173362177722,-0.5243995186093031,-0.4842115853419173,-0.021248194829474265,-0.6145757587841327,0,-0.24333698679010013,-0.4443360742952702,-0.044656332999781334,-0.2595770577380003,0,-0.1716921322695161,0,-0.21445002445175199,-0.28086784979871826,-0.23500337619647826,-0.17653390561141807,-2.146055175581818,-0.6817182491149785,-1.629246862548606,0,-0.7881344558659166,-0.014342354288142012,-0.6384077136522439,0,-1.4041115821942167,-0.37125288680130225,0,-2.446272118144094,-1.2366667795628565,-2.8210375066851086,-1.0240775072240498,-3.339190914136444,-3.7446138839068883,0,-3.43354360008958,-1.2988488676978065,-3.555765651589261,-3.3562793858465323,0,-2.6330019234327624,-1.2594091881224978,-0.8306721735166844,-2.2295767170738756,-2.4016569738043234,0,-0.8953257906039487,-2.5192797810754337,0,-1.7927451931137108,-2.219141927653617,-1.0819599272650542,0,-2.5985858527146277,-1.7289753838846087,-3.1600372143825615,-1.1283483040474664,-0.3856039570716776,0,-0.5157770506162676,-0.3025314565317445,-0.2823557733004651],"activity":[[0]],"dinucleotide":[],"positionBias":[],"modifications":[]}]},"modelFittingConstraints":{"enrichmentModel":[{}],"nShifts":0,"addBindingModesSequentially":true,"bindingModeInteractions":[],"flankLengths":[0],"singleModeLengthSweep":false,"bindingModes":[{"maxFlankLength":-1,"positionBiasBinWidth":1,"optimizeSizeHeuristic":false,"maxSize":-1,"optimizeFlankLength":false,"symmetryString":"null","roundSpecificActivity":true,"informationThreshold":0.1,"optimizeMotifShift":false,"fittingStages":[],"optimizeMotifShiftHeuristic":false,"experimentSpecificPositionBias":true,"minSize":-1,"experimentSpecificActivity":true,"optimizeSize":false}]}}
