{"modelSettings":{"letterOrder":"ACGTN","bindingModeInteractions":[],"bindingModes":[{"size":18,"fitLogActivity":true,"flankLength":0,"dinucleotideDistance":0,"componentName":"Binding mode 2","positionBias":false,"singleStrand":false,"modifications":[]}],"letterComplement":"C-G,A-T,N-N"},"coefficients":{"bindingModeInteractions":[],"bindingModes":[{"mononucleotide":[-0.8678926621613945,-0.3909644872952027,-0.17779776315247453,0,-0.31014882706126096,-1.184333759104761,-1.9222407015115732,0,-0.8871937460844013,-0.7635489632138541,-1.1295559322821598,-0.5660184050174033,-1.4727557139796712,0,-0.6347598332135137,-2.7740854402458113,-3.065794114483339,0,-3.151515319539631,-1.2449592441810733,0,-1.4619898776282056,-1.9569309797184755,-2.6403419715916647,-1.0185983672076118,-2.4234884892426902,0,-2.7384460849171726,-3.007211330450824,-1.2017153157674176,-1.1164467702621854,0,-1.4631713263564698,-2.1126692737168864,-0.8675857327572464,0,-0.03877701723789695,-0.09938103686755984,-0.1640733045537086,-0.07363506370138106,-0.7502647549616865,-0.9194547241295048,0,-0.9972583865179159,-0.5798777294591273,-0.8911241103236396,0,-0.987414298967698,-0.817110121700412,-0.5867894325329029,-0.8789824784543772,0,-1.9693124242909321,-2.1411897170265664,-0.8721106398926312,0,-0.7953162441393209,-0.9087348198825875,-1.9688141223796776,-0.696104252073681,-0.41638708569061667,-0.5698972484096911,-0.0646640792798534,0,-0.234966032860392,-1.1548749660161386,-1.2119529780130414,0,-2.548804633163224,-0.8610408426087259,-1.3449271802327045,0,-1.3569866712075322,-1.9821621857069975,-0.8820311895142753,-0.032632268576894496,-0.915096184483362,0,-1.301385550749388,-0.4153158533943403,0,-0.9353586358486394,-0.33212876772225997,-0.8128298514659553,-0.4488525004011899,0,-2.013491293582869,-1.9594825218983436,-2.6324103993576875,-1.0888912209491264],"activity":[[0]],"dinucleotide":[],"positionBias":[],"modifications":[]}]},"modelFittingConstraints":{"enrichmentModel":[{}],"nShifts":0,"addBindingModesSequentially":true,"bindingModeInteractions":[],"flankLengths":[0],"singleModeLengthSweep":false,"bindingModes":[{"maxFlankLength":-1,"positionBiasBinWidth":1,"optimizeSizeHeuristic":false,"maxSize":-1,"optimizeFlankLength":false,"symmetryString":"null","roundSpecificActivity":true,"informationThreshold":0.1,"optimizeMotifShift":false,"fittingStages":[],"optimizeMotifShiftHeuristic":false,"experimentSpecificPositionBias":true,"minSize":-1,"experimentSpecificActivity":true,"optimizeSize":false}]}}
