{"modelSettings":{"letterOrder":"ACGTN","bindingModeInteractions":[],"bindingModes":[{"size":15,"fitLogActivity":true,"flankLength":0,"dinucleotideDistance":0,"componentName":"Binding mode 1","positionBias":false,"singleStrand":false,"modifications":[]}],"letterComplement":"C-G,A-T,N-N"},"coefficients":{"bindingModeInteractions":[],"bindingModes":[{"mononucleotide":[-0.39156769988787055,-0.1033182550026348,-0.5248196901528868,0,-0.23272107154638333,0,-0.6354778046299723,-0.6857013285841429,-0.3905182611448952,-0.38929951440377625,-0.6747060855953206,-0.7655051943873739,-2.3963870170084194,0,-0.6609456085665781,-0.2113692176902493,-1.4534685111946661,0,-1.1846049043386486,-0.5322619874245079,-1.5413781794035906,-1.5157888360144627,-1.6583039877271881,0,-0.9012897847540879,-0.8364638208151014,0,-1.569613301290385,-1.5511296600780202,-0.7692866956768515,-0.5719046897461286,-1.821222290124837,0,-1.5338240919908008,-0.7225830257411427,-2.1733893432998457,0,-2.524676138408166,-1.249691460404926,-0.9939356084760854,-2.060138280723378,-2.3231614033109187,0,-2.934184510079918,-1.1405491192508137,0,-3.118337452320829,-2.458182315662512,-2.418084225661004,-1.188334749141001,-1.7602805997703734,0,-2.219031957796818,-0.05780998240377322,-0.5867441332213333,0,-1.8784205144567656,-2.179464414462349,-1.8793746910132956,-1.0366105318523506,-1.1813055463596296,-1.0063177551993148,-0.22160065020603792,0,-0.48058917796814615,0,-0.6188399468959975,-0.20966039465624764,-0.04487266123215505,-0.19069220096904307,0,-0.2104226254627095,-0.06441690773729469,-0.1685439629165817,-0.1073764677420134],"activity":[[0]],"dinucleotide":[],"positionBias":[],"modifications":[]}]},"modelFittingConstraints":{"enrichmentModel":[{}],"nShifts":0,"addBindingModesSequentially":true,"bindingModeInteractions":[],"flankLengths":[0],"singleModeLengthSweep":false,"bindingModes":[{"maxFlankLength":-1,"positionBiasBinWidth":1,"optimizeSizeHeuristic":false,"maxSize":-1,"optimizeFlankLength":false,"symmetryString":"null","roundSpecificActivity":true,"informationThreshold":0.1,"optimizeMotifShift":false,"fittingStages":[],"optimizeMotifShiftHeuristic":false,"experimentSpecificPositionBias":true,"minSize":-1,"experimentSpecificActivity":true,"optimizeSize":false}]}}
