{"modelSettings":{"letterOrder":"ACGTN","bindingModeInteractions":[],"bindingModes":[{"size":15,"fitLogActivity":true,"flankLength":0,"dinucleotideDistance":0,"componentName":"Binding mode 1","positionBias":false,"singleStrand":false,"modifications":[]}],"letterComplement":"C-G,A-T,N-N"},"coefficients":{"bindingModeInteractions":[],"bindingModes":[{"mononucleotide":[0,-0.40977707455741896,-0.12849551300081075,-0.3063406621995428,-0.1986486647936299,-0.5853964428020753,-0.6622790978783826,0,-0.1101464169532056,-0.2983175135873005,-0.8850076929823683,-1.4440617092909562,0,-0.879705687468693,-0.661850383458043,0,-0.2049985797527123,-1.5131166463106087,-0.9078702094085056,-0.4950123753300223,-1.3861013346128548,0,-0.5246494872378165,-1.0192155091448036,-0.5966154996854919,0,-2.397175795947194,-1.5211378234374733,-2.0594088226064216,-1.023759694806769,-2.4262445305492646,0,-3.427259290418391,-3.470893008695139,-1.2448528258618525,-2.573120078217756,-3.4768449399467807,0,-3.766724306401314,-1.2637851045179316,-3.4869968874371446,-3.2786043060114585,-2.9119042710412284,0,-1.2706063982156959,-0.9826905230853988,0,-1.0651295714262146,-2.0421176771994967,-0.7717903017881671,0,-1.7518377833952048,-0.8795002183834804,-0.7190993813219935,-0.6560267609873944,-1.1913802503335438,-0.33658949146747297,-0.46239468302566067,0,-0.412573809724635,-0.9177019785628442,0,-0.9514341289602202,-0.7787507948148162,-0.577766273827272,-0.004134400415090056,-0.15844892399139354,-0.22491163540603498,0,-0.09213517089456993,-0.4515922056198809,-0.4443370323093774,-0.8983605989587264,0,-0.3985764926570283],"activity":[[0]],"dinucleotide":[],"positionBias":[],"modifications":[]}]},"modelFittingConstraints":{"enrichmentModel":[{}],"nShifts":0,"addBindingModesSequentially":true,"bindingModeInteractions":[],"flankLengths":[0],"singleModeLengthSweep":false,"bindingModes":[{"maxFlankLength":-1,"positionBiasBinWidth":1,"optimizeSizeHeuristic":false,"maxSize":-1,"optimizeFlankLength":false,"symmetryString":"null","roundSpecificActivity":true,"informationThreshold":0.1,"optimizeMotifShift":false,"fittingStages":[],"optimizeMotifShiftHeuristic":false,"experimentSpecificPositionBias":true,"minSize":-1,"experimentSpecificActivity":true,"optimizeSize":false}]}}
