{"modelSettings":{"letterOrder":"ACGTN","bindingModeInteractions":[],"bindingModes":[{"size":13,"fitLogActivity":true,"flankLength":0,"dinucleotideDistance":0,"componentName":"Binding mode 1","positionBias":false,"singleStrand":false,"modifications":[]}],"letterComplement":"C-G,A-T,N-N"},"coefficients":{"bindingModeInteractions":[],"bindingModes":[{"mononucleotide":[-0.613963552046199,-0.43943303772504017,-0.27571605320965986,0,-0.3063106368102044,0,-0.8980415717149004,-0.9923939799600081,-0.723679987824351,-0.5695945143105545,0,-0.9271407343671996,-1.5332938564472798,-1.6266617390397755,-0.794022329987928,0,-1.5385663514790684,-0.6804427609924399,-1.0749966096628745,-0.6624335535472148,-1.3147779236137964,-2.7063326184900864,0,-1.4643579918622587,-0.9374239642822149,-1.340527223969005,-2.893530311928658,0,-2.2677687740582595,-1.0351932494135074,-2.8117499755499242,-3.0686584473735588,0,-2.98108443542944,-1.240186524846508,-2.451050924998283,-2.8827627039406742,-3.1814382429886656,0,-1.217641862511715,-2.795764702616373,-2.7821500579486784,-2.95659306963473,0,-1.2250524407031567,0,-2.8059685366563087,-3.3314602331264176,-3.1019351250907468,-1.2542567974448497,0,-2.1205830582252903,-3.0661943110507828,-3.0234291945839535,-1.191390646449709,-0.300811058595742,-0.5838788604228844,-1.1080508119106929,0,-0.42001403887411587,-0.01729422148668025,-0.20537750367343133,-0.2732827901490458,0,-0.11707556527874548],"activity":[[0]],"dinucleotide":[],"positionBias":[],"modifications":[]}]},"modelFittingConstraints":{"enrichmentModel":[{}],"nShifts":0,"addBindingModesSequentially":true,"bindingModeInteractions":[],"flankLengths":[0],"singleModeLengthSweep":false,"bindingModes":[{"maxFlankLength":-1,"positionBiasBinWidth":1,"optimizeSizeHeuristic":false,"maxSize":-1,"optimizeFlankLength":false,"symmetryString":"null","roundSpecificActivity":true,"informationThreshold":0.1,"optimizeMotifShift":false,"fittingStages":[],"optimizeMotifShiftHeuristic":false,"experimentSpecificPositionBias":true,"minSize":-1,"experimentSpecificActivity":true,"optimizeSize":false}]}}
