{"modelSettings":{"letterOrder":"ACGTN","bindingModeInteractions":[],"bindingModes":[{"size":12,"fitLogActivity":true,"flankLength":0,"dinucleotideDistance":0,"componentName":"Binding mode 1","positionBias":false,"singleStrand":false,"modifications":[]}],"letterComplement":"C-G,A-T,N-N"},"coefficients":{"bindingModeInteractions":[],"bindingModes":[{"mononucleotide":[-0.20082517284341073,0,-0.21200909934206624,-0.30577864683218703,-0.1732937068634656,-0.30421014078667596,-0.03183382337594587,0,-0.5433545936966047,-0.19626734562707962,-0.3298370892712672,0,-0.05670141733634271,-0.2016027272833938,-0.13887805595931335,-1.9752120052775395,-0.8828282594752124,-1.7705776870119574,0,-0.8424723722469714,0,-2.900965115904345,-0.883155723362417,-4.014362132594153,-0.9898695645416735,0,-1.9054845284389783,-3.324991241665179,-2.8694021044641,-1.170009298078025,-4.029305230662581,-0.810861504197212,-1.6101535844674473,0,-0.8782013168874541,-1.4565919890137176,-1.0952695809454016,0,-0.32993429432792265,-0.5592941857462211,0,-0.7574826351056925,-0.2404093276499566,-0.5101971047206302,-0.3370374684038703,-0.34320645189813703,0,-0.07973212083240266,-0.4125616726285961,-0.19394653940016293,-0.21007876315291618,0,-0.08656420035074008,-0.0583011609802786,-0.08584036990962561,-0.10219640208330949,-0.03410624483359248,-0.005095286172298152,0,-0.03452967083859326],"activity":[[0]],"dinucleotide":[],"positionBias":[],"modifications":[]}]},"modelFittingConstraints":{"enrichmentModel":[{}],"nShifts":0,"addBindingModesSequentially":true,"bindingModeInteractions":[],"flankLengths":[0],"singleModeLengthSweep":false,"bindingModes":[{"maxFlankLength":-1,"positionBiasBinWidth":1,"optimizeSizeHeuristic":false,"maxSize":-1,"optimizeFlankLength":false,"symmetryString":"null","roundSpecificActivity":true,"informationThreshold":0.1,"optimizeMotifShift":false,"fittingStages":[],"optimizeMotifShiftHeuristic":false,"experimentSpecificPositionBias":true,"minSize":-1,"experimentSpecificActivity":true,"optimizeSize":false}]}}
