{"modelSettings":{"letterOrder":"ACGTN","bindingModeInteractions":[],"bindingModes":[{"size":12,"fitLogActivity":true,"flankLength":0,"dinucleotideDistance":0,"componentName":"Binding mode 1","positionBias":false,"singleStrand":false,"modifications":[]}],"letterComplement":"C-G,A-T,N-N"},"coefficients":{"bindingModeInteractions":[],"bindingModes":[{"mononucleotide":[-0.3205585080843685,-0.19858992784477714,0,-0.5415806939021675,-0.24607399962900153,-0.6316903838819172,0,-0.6880065516646132,-0.26967603151219954,-0.357426635496362,-1.3353531659407125,-1.3994269228740837,-2.200275133148759,0,-0.9035125628935864,0,-2.5362355362856386,-1.6274563128329176,-3.304095068985177,-1.114494080668216,0,-2.594927317910944,-2.5344292117065503,-3.301465712908506,-1.2116795733307413,-2.978533247273955,-1.4536950265719495,-1.8914116175763434,0,-1.0248290436634797,-1.69091946076327,-0.7717375797967252,0,-0.3388027086368659,-0.5279793200115189,-0.036811657626619976,-1.3264339297757484,0,-1.4345208748052662,-0.48308513167479866,-0.3658321566150269,0,-0.7945295663589675,-0.05426097150165887,-0.25728290473563875,-0.30807896860365336,-0.04502226944929433,-0.1806910083451001,0,-0.126264514828327,-0.47171393943770656,-0.24944683377424415,-0.28373337154217637,0,-0.23694743214983133,-0.29605398601185184,-0.14164357521564108,-0.05135980479503077,0,-0.11608036696624362],"activity":[[0]],"dinucleotide":[],"positionBias":[],"modifications":[]}]},"modelFittingConstraints":{"enrichmentModel":[{}],"nShifts":0,"addBindingModesSequentially":true,"bindingModeInteractions":[],"flankLengths":[0],"singleModeLengthSweep":false,"bindingModes":[{"maxFlankLength":-1,"positionBiasBinWidth":1,"optimizeSizeHeuristic":false,"maxSize":-1,"optimizeFlankLength":false,"symmetryString":"null","roundSpecificActivity":true,"informationThreshold":0.1,"optimizeMotifShift":false,"fittingStages":[],"optimizeMotifShiftHeuristic":false,"experimentSpecificPositionBias":true,"minSize":-1,"experimentSpecificActivity":true,"optimizeSize":false}]}}
