{"modelSettings":{"letterOrder":"ACGTN","bindingModeInteractions":[],"bindingModes":[{"size":12,"fitLogActivity":true,"flankLength":0,"dinucleotideDistance":0,"componentName":"Binding mode 1","positionBias":false,"singleStrand":false,"modifications":[]}],"letterComplement":"C-G,A-T,N-N"},"coefficients":{"bindingModeInteractions":[],"bindingModes":[{"mononucleotide":[0,-0.42880166433152755,-0.260385217288726,-0.4226437001134178,-0.26222364261384173,0,-0.6994002811188169,-0.5887536084989717,-0.3248684304466378,-0.36581506952284765,-0.8663851447105664,-1.2687830836894163,-1.7739019640241103,0,-0.7596545890597114,-2.6230443401106913,-2.895785903163383,0,-2.9472471571994645,-1.2205078129728268,-3.945354033089727,-2.1259356167270296,-2.696541199059346,0,-1.198899023293387,0,-2.9130074512760205,-1.4362090019803317,-1.1418597040728438,-0.9092129605673275,-0.9381092303421168,-2.6195317652473413,-0.8653474616702015,0,-0.7523085261404799,-3.32402883523111,0,-3.125182717669346,-3.260389454802407,-1.2744758980792261,0,-0.6291841359464829,-0.33042307164382567,-0.6977748452224954,-0.37493433096984713,0,-0.9001933368029675,-0.6736376360863483,-0.2818920264424092,-0.40395497044054973,-0.240316054339357,-0.7119034921050167,-0.7743721470969227,0,-0.3790368114838754,-0.3901809770290088,-0.3887953390561041,-0.604759941858422,0,-0.32123441759842764],"activity":[[0]],"dinucleotide":[],"positionBias":[],"modifications":[]}]},"modelFittingConstraints":{"enrichmentModel":[{}],"nShifts":0,"addBindingModesSequentially":true,"bindingModeInteractions":[],"flankLengths":[0],"singleModeLengthSweep":false,"bindingModes":[{"maxFlankLength":-1,"positionBiasBinWidth":1,"optimizeSizeHeuristic":false,"maxSize":-1,"optimizeFlankLength":false,"symmetryString":"null","roundSpecificActivity":true,"informationThreshold":0.1,"optimizeMotifShift":false,"fittingStages":[],"optimizeMotifShiftHeuristic":false,"experimentSpecificPositionBias":true,"minSize":-1,"experimentSpecificActivity":true,"optimizeSize":false}]}}
