{"modelSettings":{"letterOrder":"ACGTN","bindingModeInteractions":[],"bindingModes":[{"size":12,"fitLogActivity":true,"flankLength":0,"dinucleotideDistance":0,"componentName":"Binding mode 1","positionBias":false,"singleStrand":false,"modifications":[]}],"letterComplement":"C-G,A-T,N-N"},"coefficients":{"bindingModeInteractions":[],"bindingModes":[{"mononucleotide":[-0.33363180763285705,0,-0.4960995495539602,-1.7073576962966612,-0.46738193870334355,-2.0260575057160306,0,-0.6338772706288958,-2.3274202080183457,-0.8210190737065851,0,-2.177243240290699,-1.9732315179416222,-2.177066833033768,-1.0746022732079317,-2.287217109322828,-1.06185396282019,0,-0.9250762177021139,-0.7744310160727114,-1.4389231229917385,0,-1.6947667221741556,-2.2398080619331147,-0.962790244291801,-2.6949671882815,-1.90114062380129,-2.4518365535385556,0,-1.1215652319991183,-2.5444615891379314,-2.8854676242380326,0,-2.148333132760244,-1.1623331649667232,-2.0718938996023133,0,-1.5278696413482975,-0.4438420665067051,-0.7009217140620785,-0.989623357367833,-0.24483563582054924,-0.8974906487870715,0,-0.4454511110175966,-0.018307415578014297,0,-0.1250653364914167,-0.06600553902229889,-0.05118170286820891,-0.33105646893164,0,-0.2200196128918659,-0.2055636924207489,-0.18186488880101853,-0.18042099106485798,0,-0.12682144036099086,-0.07725464626017597,-0.09390864395657085],"activity":[[0]],"dinucleotide":[],"positionBias":[],"modifications":[]}]},"modelFittingConstraints":{"enrichmentModel":[{}],"nShifts":0,"addBindingModesSequentially":true,"bindingModeInteractions":[],"flankLengths":[0],"singleModeLengthSweep":false,"bindingModes":[{"maxFlankLength":-1,"positionBiasBinWidth":1,"optimizeSizeHeuristic":false,"maxSize":-1,"optimizeFlankLength":false,"symmetryString":"null","roundSpecificActivity":true,"informationThreshold":0.1,"optimizeMotifShift":false,"fittingStages":[],"optimizeMotifShiftHeuristic":false,"experimentSpecificPositionBias":true,"minSize":-1,"experimentSpecificActivity":true,"optimizeSize":false}]}}
