{"modelSettings":{"letterOrder":"ACGTN","bindingModeInteractions":[],"bindingModes":[{"size":12,"fitLogActivity":true,"flankLength":0,"dinucleotideDistance":0,"componentName":"Binding mode 1","positionBias":false,"singleStrand":false,"modifications":[]}],"letterComplement":"C-G,A-T,N-N"},"coefficients":{"bindingModeInteractions":[],"bindingModes":[{"mononucleotide":[-0.07823724519516162,-0.05387929424679161,-0.40643689806660355,0,-0.12264497825182308,-0.17766980426148393,0,-0.06434518889386176,-0.06510949141269062,-0.0747599265465278,0,-0.2171825198883024,-0.12859096465871556,-0.017644464322156495,-0.0870222156260626,-0.4088319856317124,-1.1242652416530743,0,-0.2500128227170588,-0.36813039747697596,-1.662860798928425,0,-2.367161499841574,-2.4514362122319064,-1.0718398921324783,0,-2.4724041453021344,-1.9726207754333869,-2.201562486857093,-1.098034632805065,-3.2265570970277,0,-2.769374442471456,-2.700258860776634,-1.2296468638364042,-2.6822615315442233,-3.2552584711006416,0,-3.240695890906702,-1.249915724957531,-1.9933004118061786,-2.0221276704552937,-1.84793486600383,0,-1.0312942914842715,-2.992482241259558,-3.096177223101238,0,-2.5946844346807723,-1.2292445053050975,0,-0.3438563052704344,-1.854843630257423,-1.340193837258565,-0.6314393188990954,-1.2778950535457536,0,-0.6971581598655039,-0.3989292343564248,-0.4911619425743773],"activity":[[0]],"dinucleotide":[],"positionBias":[],"modifications":[]}]},"modelFittingConstraints":{"enrichmentModel":[{}],"nShifts":0,"addBindingModesSequentially":true,"bindingModeInteractions":[],"flankLengths":[0],"singleModeLengthSweep":false,"bindingModes":[{"maxFlankLength":-1,"positionBiasBinWidth":1,"optimizeSizeHeuristic":false,"maxSize":-1,"optimizeFlankLength":false,"symmetryString":"null","roundSpecificActivity":true,"informationThreshold":0.1,"optimizeMotifShift":false,"fittingStages":[],"optimizeMotifShiftHeuristic":false,"experimentSpecificPositionBias":true,"minSize":-1,"experimentSpecificActivity":true,"optimizeSize":false}]}}
