{"modelSettings":{"letterOrder":"ACGTN","bindingModeInteractions":[],"bindingModes":[{"size":12,"fitLogActivity":true,"flankLength":0,"dinucleotideDistance":0,"componentName":"Binding mode 1","positionBias":false,"singleStrand":false,"modifications":[]}],"letterComplement":"C-G,A-T,N-N"},"coefficients":{"bindingModeInteractions":[],"bindingModes":[{"mononucleotide":[-0.4462405041110631,-0.20961030584560802,0,-0.2242011880697956,-0.2076134115486415,-0.4208470381807161,0,-0.4449912806866627,-0.15136772406250287,-0.23671904988328463,-1.7817361297221002,-2.5115513029664767,-2.3116954740738977,0,-1.0872414413652867,0,-2.17625767283468,-1.8080539992503368,-1.9188915948472793,-1.0326786095684843,0,-2.5244120991740333,-2.708472991373961,-2.1226094063523266,-1.1500666183192902,-1.93338060697889,-2.4668084986273824,-1.9514112915073851,0,-1.0703258946973753,-1.8487046890955297,-1.2132862205173711,-1.1159787845318108,0,-0.8084152854598312,-0.1067631975713077,-0.8530532441944318,0,-1.2435213057782657,-0.42571218213904843,-0.4129299227645391,-0.15218731710669964,0,-0.550327951692648,-0.25576467063761615,-0.2641472167270429,-0.3087214367998632,-0.3853230775166647,0,-0.22863465075074502,-0.3909903439668403,-0.2374837547972728,-0.304658899034949,0,-0.22240281323013206,-0.0501401622822657,-0.03885340224446221,-0.22316842318930386,0,-0.07446282585430379],"activity":[[0]],"dinucleotide":[],"positionBias":[],"modifications":[]}]},"modelFittingConstraints":{"enrichmentModel":[{}],"nShifts":0,"addBindingModesSequentially":true,"bindingModeInteractions":[],"flankLengths":[0],"singleModeLengthSweep":false,"bindingModes":[{"maxFlankLength":-1,"positionBiasBinWidth":1,"optimizeSizeHeuristic":false,"maxSize":-1,"optimizeFlankLength":false,"symmetryString":"null","roundSpecificActivity":true,"informationThreshold":0.1,"optimizeMotifShift":false,"fittingStages":[],"optimizeMotifShiftHeuristic":false,"experimentSpecificPositionBias":true,"minSize":-1,"experimentSpecificActivity":true,"optimizeSize":false}]}}
