{"modelSettings":{"letterOrder":"ACGTN","bindingModeInteractions":[],"bindingModes":[{"size":12,"fitLogActivity":true,"flankLength":0,"dinucleotideDistance":0,"componentName":"Binding mode 2","positionBias":false,"singleStrand":false,"modifications":[]}],"letterComplement":"C-G,A-T,N-N"},"coefficients":{"bindingModeInteractions":[],"bindingModes":[{"mononucleotide":[0,-1.1784557325814147,-0.356475563723496,-0.10825086279955531,-0.3197592035009893,0,-0.6677982273558403,-0.5972244336474395,-0.3475064505361116,-0.3675838888947231,0,-0.2810084956951986,-0.6566343122361982,-0.5161816809299786,-0.33183923950370614,0,-0.6539128922277042,-0.5184862471302445,-0.49567022874681443,-0.38397613216325316,0,-0.6749292609893462,-0.55474181886275,-0.6868176081600179,-0.43595482225641663,-0.37481151138538404,0,-0.9218636775627349,-0.2847009109010701,-0.34339386274157696,-0.5724946862939291,-1.6483487840037405,-1.097202019071521,0,-0.6489927784125805,0,-1.5179640194887978,-0.6873138133688403,-1.5434881540547658,-0.7258163277912384,-1.2092806967578518,-2.1334420445270155,0,-1.7783602100759355,-0.92523327885271,-0.964659345236182,-2.2806249503054694,-2.0635879635542858,0,-0.9098547381150635,-0.12588832975936626,-1.4096293744733284,-0.9526663795898207,0,-0.46535115412214173,0,-2.7313003802153144,-2.459760716133048,-1.8528678872103437,-1.1182716701013957],"activity":[[0]],"dinucleotide":[],"positionBias":[],"modifications":[]}]},"modelFittingConstraints":{"enrichmentModel":[{}],"nShifts":0,"addBindingModesSequentially":true,"bindingModeInteractions":[],"flankLengths":[0],"singleModeLengthSweep":false,"bindingModes":[{"maxFlankLength":-1,"positionBiasBinWidth":1,"optimizeSizeHeuristic":false,"maxSize":-1,"optimizeFlankLength":false,"symmetryString":"null","roundSpecificActivity":true,"informationThreshold":0.1,"optimizeMotifShift":false,"fittingStages":[],"optimizeMotifShiftHeuristic":false,"experimentSpecificPositionBias":true,"minSize":-1,"experimentSpecificActivity":true,"optimizeSize":false}]}}
