{"modelSettings":{"letterOrder":"ACGTN","bindingModeInteractions":[],"bindingModes":[{"size":12,"fitLogActivity":true,"flankLength":0,"dinucleotideDistance":0,"componentName":"Binding mode 2","positionBias":false,"singleStrand":false,"modifications":[]}],"letterComplement":"C-G,A-T,N-N"},"coefficients":{"bindingModeInteractions":[],"bindingModes":[{"mononucleotide":[-1.7005278840961646,-1.6405990804099455,-1.5877004005465205,0,-0.9283341638664442,0,-1.6056767820804312,-1.8380251870125426,-1.6420445105660446,-0.9458039524373403,0,-3.258403643700701,-1.3558868463401084,-2.334139611108298,-1.0547900314269674,-2.1424265892094887,-1.2845353921781049,-1.6524761326065354,0,-0.9252534065850084,-1.0630735976883507,-0.8398139066525034,0,-0.16164304740797664,-0.42009855362445553,0,-1.0869884728098154,-0.13878495927798795,-0.7016104472084492,-0.39177230229954324,-0.3033173764738313,0,-0.14359912674210085,-0.3558830424829369,-0.19081123261470775,-0.019017695204464058,-0.007355153818360716,-0.21281289424629368,0,-0.05600405911507665,-0.08201666238844041,-0.23344787001669798,-0.42846530843368513,0,-0.1729960731881299,-0.04781518495586479,-0.19644137436028464,-0.4110945865041804,0,-0.15143828795428774,-0.1359462309099213,-0.350680765661078,-0.5057577797510968,0,-0.22936709130801422,-0.09013564341401326,-0.3192143305190467,-0.4808529095540295,0,-0.20494059439475307],"activity":[[0]],"dinucleotide":[],"positionBias":[],"modifications":[]}]},"modelFittingConstraints":{"enrichmentModel":[{}],"nShifts":0,"addBindingModesSequentially":true,"bindingModeInteractions":[],"flankLengths":[0],"singleModeLengthSweep":false,"bindingModes":[{"maxFlankLength":-1,"positionBiasBinWidth":1,"optimizeSizeHeuristic":false,"maxSize":-1,"optimizeFlankLength":false,"symmetryString":"null","roundSpecificActivity":true,"informationThreshold":0.1,"optimizeMotifShift":false,"fittingStages":[],"optimizeMotifShiftHeuristic":false,"experimentSpecificPositionBias":true,"minSize":-1,"experimentSpecificActivity":true,"optimizeSize":false}]}}
