{"modelSettings":{"letterOrder":"ACGTN","bindingModeInteractions":[],"bindingModes":[{"size":12,"fitLogActivity":true,"flankLength":0,"dinucleotideDistance":0,"componentName":"Binding mode 1","positionBias":false,"singleStrand":false,"modifications":[]}],"letterComplement":"C-G,A-T,N-N"},"coefficients":{"bindingModeInteractions":[],"bindingModes":[{"mononucleotide":[-0.8321363813875706,-0.6753727830977738,-0.1698054706153802,0,-0.3610006024252299,-2.3403688740708106,0,-1.3860644849414765,-0.7512829320638124,-0.7884965780033606,-1.5729552325341842,-1.035060921517874,-1.5086026089055606,0,-0.807517664307224,0,-1.0810129177021195,-0.7771277069532201,-0.8121588954183352,-0.5785358369271509,-1.4376049459033646,-1.5670936230612915,-1.6502861217837228,0,-0.8927319447503174,-1.4832923891900263,-1.5423175827855105,-1.200166125776911,0,-0.8313072922457017,-0.9449276561452624,-1.069113993428433,-1.3584023463842372,0,-0.6986164044871904,-0.3030547297660702,-1.3561061220731365,-0.9622027731718088,0,-0.5199205268081323,-2.0642997542481187,-1.342976800149538,-1.5728644106171539,0,-0.9191544539171762,0,-0.6384482283885313,-1.1272303119719616,-0.5409718831004049,-0.4966668921424826,-1.6617008733398761,-0.9692079145028438,0,-1.1606469630591107,-0.7537028659241206,-0.2483890060427867,0,-0.8270193317344587,-0.3738439171051615,-0.3196917311789168],"activity":[[0]],"dinucleotide":[],"positionBias":[],"modifications":[]}]},"modelFittingConstraints":{"enrichmentModel":[{}],"nShifts":0,"addBindingModesSequentially":true,"bindingModeInteractions":[],"flankLengths":[0],"singleModeLengthSweep":false,"bindingModes":[{"maxFlankLength":-1,"positionBiasBinWidth":1,"optimizeSizeHeuristic":false,"maxSize":-1,"optimizeFlankLength":false,"symmetryString":"null","roundSpecificActivity":true,"informationThreshold":0.1,"optimizeMotifShift":false,"fittingStages":[],"optimizeMotifShiftHeuristic":false,"experimentSpecificPositionBias":true,"minSize":-1,"experimentSpecificActivity":true,"optimizeSize":false}]}}
