{"modelSettings":{"letterOrder":"ACGTN","bindingModeInteractions":[],"bindingModes":[{"size":17,"fitLogActivity":true,"flankLength":0,"dinucleotideDistance":0,"componentName":"Binding mode 1","positionBias":false,"singleStrand":false,"modifications":[]}],"letterComplement":"C-G,A-T,N-N"},"coefficients":{"bindingModeInteractions":[],"bindingModes":[{"mononucleotide":[0,-0.24927981411402023,-0.19681113878037504,-0.005268179125228478,-0.10662429198721436,-0.11292555835408846,0,-0.011564756833781775,-0.03332525592516644,-0.03849581643369035,-1.1828679776974922,-0.5436180054070854,-1.4620638138853526,0,-0.6354445248930229,-1.8789001504738927,-1.7467831635315227,-1.5484448752086881,0,-0.9547261411269649,-1.5312593670774732,-1.5525875032998844,0,-1.7042160158030106,-0.9101362215382892,-1.7228385324843405,-1.9576826296530305,0,-1.8240181609225816,-0.9934959271823948,-0.8381343615245305,0,-1.7061704240944389,-1.604163384436248,-0.7901349879362449,0,-0.5659572190841766,-0.49437449113052745,-0.33980584969012506,-0.32514955828952424,-0.25045894264024726,0,-0.2156360596064899,-0.16320276139097123,-0.15260034736052308,-0.039333453994184975,-0.09973706716886754,0,-0.1834256195253361,-0.07825368885885586,-0.17809690910973686,-0.3145987611847936,0,-0.15100587380908959,-0.15467164693695576,-0.8919402145174082,-0.9482656046993183,-1.032518167565558,0,-0.6192550936549291,-1.5667095480815436,-1.7317578194150611,0,-1.401456961150994,-0.8965237267804472,-1.908167341994152,0,-1.9357397091673987,-1.776668600743069,-1.0065776647374611,-1.7142169846796769,0,-1.6997372499143766,-1.544748796273196,-0.9312764061658444,0,-1.6011056476394208,-1.6743416049014987,-1.8631603926002192,-0.9517324486221573,0,-1.246513009615461,-0.479133565849176,-0.7534132873195118,-0.5202102225652422],"activity":[[0]],"dinucleotide":[],"positionBias":[],"modifications":[]}]},"modelFittingConstraints":{"enrichmentModel":[{}],"nShifts":0,"addBindingModesSequentially":true,"bindingModeInteractions":[],"flankLengths":[0],"singleModeLengthSweep":false,"bindingModes":[{"maxFlankLength":-1,"positionBiasBinWidth":1,"optimizeSizeHeuristic":false,"maxSize":-1,"optimizeFlankLength":false,"symmetryString":"null","roundSpecificActivity":true,"informationThreshold":0.1,"optimizeMotifShift":false,"fittingStages":[],"optimizeMotifShiftHeuristic":false,"experimentSpecificPositionBias":true,"minSize":-1,"experimentSpecificActivity":true,"optimizeSize":false}]}}
