{"modelSettings":{"letterOrder":"ACGTN","bindingModeInteractions":[],"bindingModes":[{"size":12,"fitLogActivity":true,"flankLength":0,"dinucleotideDistance":0,"componentName":"Binding mode 1","positionBias":false,"singleStrand":false,"modifications":[]}],"letterComplement":"C-G,A-T,N-N"},"coefficients":{"bindingModeInteractions":[],"bindingModes":[{"mononucleotide":[-0.09580698347029415,-0.11443156290754519,-0.15138354443566193,0,-0.08882292762560492,-0.44493679832610944,0,-0.1772463275036822,-0.07347714213498335,-0.16028741989866066,-0.6780053606178054,-0.8589072346027795,-0.9297085476486979,0,-0.5421778451029526,-0.7886433971851197,-0.03953100721765157,-0.347057930017983,0,-0.2476714685994878,0,-2.261174588731153,-0.34943853810003045,-1.7400612118567325,-0.7007653748783728,0,-3.3702910930209535,-2.355268067986649,-2.6616094910685435,-1.204736903253073,-2.766324014878012,-2.7616183330872923,0,-2.018561113441351,-1.1560332590531266,-1.449131760561403,-3.0911784438333445,-1.4991634903339597,0,-0.9784725036804661,-0.8017647233101839,-2.7323112781708314,0,-2.6818717935360508,-0.9275789649167705,-3.0148392768199246,0,-0.1239419590376798,-0.17592568119956997,-0.3670264996689634,-0.4762213445118997,0,-0.2707342272802151,-0.047702521131318676,-0.18111351977854115,-0.21293409041503697,-0.042028925213237756,-0.33090883457247067,0,-0.13773389731174104],"activity":[[0]],"dinucleotide":[],"positionBias":[],"modifications":[]}]},"modelFittingConstraints":{"enrichmentModel":[{}],"nShifts":0,"addBindingModesSequentially":true,"bindingModeInteractions":[],"flankLengths":[0],"singleModeLengthSweep":false,"bindingModes":[{"maxFlankLength":-1,"positionBiasBinWidth":1,"optimizeSizeHeuristic":false,"maxSize":-1,"optimizeFlankLength":false,"symmetryString":"null","roundSpecificActivity":true,"informationThreshold":0.1,"optimizeMotifShift":false,"fittingStages":[],"optimizeMotifShiftHeuristic":false,"experimentSpecificPositionBias":true,"minSize":-1,"experimentSpecificActivity":true,"optimizeSize":false}]}}
