{"modelSettings":{"letterOrder":"ACGTN","bindingModeInteractions":[],"bindingModes":[{"size":12,"fitLogActivity":true,"flankLength":0,"dinucleotideDistance":0,"componentName":"Binding mode 1","positionBias":false,"singleStrand":false,"modifications":[]}],"letterComplement":"C-G,A-T,N-N"},"coefficients":{"bindingModeInteractions":[],"bindingModes":[{"mononucleotide":[-0.3388294455097034,-0.06382628325590556,-0.4279995635509408,0,-0.19158927876536827,-1.7601725820629897,-2.2344079777437904,-1.4399795106623792,0,-0.9702169115794924,0,-3.4543695496700155,-1.5189468593536528,-1.6604214772946735,-1.0212288192354255,0,-2.841753822417499,-2.583631255886817,-3.031534544821577,-1.2190321388758523,-2.4744952596964302,-2.666924363517604,-0.8665888581106715,0,-0.9326398267514734,-1.9222696946399198,0,-1.9592824152795751,-1.9447515766491437,-1.0284403031931113,-1.318247767595043,0,-1.1024513287248379,-0.8185324151309326,-0.6729826570644506,-0.9872990354396816,-0.47582625247556365,0,-0.5184324059485554,-0.43486572272425084,-0.07778654654437789,0,-0.06329094289218817,-0.03983992316615348,-0.044794596071656465,-0.5719041993604757,-0.643373111213843,-0.5051844139529109,0,-0.39550462182880275,-0.4744577978876472,-0.5840457994771522,-0.6903467306709157,0,-0.40000669653722465,-0.006533428532301322,-0.21421414132794414,-0.2855076878115499,0,-0.11870022089914932],"activity":[[0]],"dinucleotide":[],"positionBias":[],"modifications":[]}]},"modelFittingConstraints":{"enrichmentModel":[{}],"nShifts":0,"addBindingModesSequentially":true,"bindingModeInteractions":[],"flankLengths":[0],"singleModeLengthSweep":false,"bindingModes":[{"maxFlankLength":-1,"positionBiasBinWidth":1,"optimizeSizeHeuristic":false,"maxSize":-1,"optimizeFlankLength":false,"symmetryString":"null","roundSpecificActivity":true,"informationThreshold":0.1,"optimizeMotifShift":false,"fittingStages":[],"optimizeMotifShiftHeuristic":false,"experimentSpecificPositionBias":true,"minSize":-1,"experimentSpecificActivity":true,"optimizeSize":false}]}}
