{"modelSettings":{"letterOrder":"ACGTN","bindingModeInteractions":[],"bindingModes":[{"size":12,"fitLogActivity":true,"flankLength":0,"dinucleotideDistance":0,"componentName":"Binding mode 1","positionBias":false,"singleStrand":false,"modifications":[]}],"letterComplement":"C-G,A-T,N-N"},"coefficients":{"bindingModeInteractions":[],"bindingModes":[{"mononucleotide":[-2.0839360429217626,-1.745060640639939,-0.8165841483846359,0,-0.8318275074857855,0,-2.3449425548242635,-2.3177145291106536,-2.619139133216969,-1.149471428231292,0,-2.7815484082814876,-2.720882193907647,-2.936518771312218,-1.220094332579355,-2.8857250278840434,-2.699370466297184,-2.7138550911553754,0,-1.2128933601198932,-2.0135288540737277,-2.104069677261534,-1.7883785437186752,0,-1.0337330560833353,0,-2.8978487692916706,-0.038170666283180665,-1.8893444102941968,-0.6120921009804605,-0.41113239401000845,-0.8503804520153091,0,-1.4102816515998535,-0.5386139838696926,-0.49603491664496024,-0.03574124930899014,-0.33896041922521514,0,-0.1965195867164906,-0.44268580311306716,-0.24848682328283322,-0.27521394770168994,0,-0.22887910661171948,-0.048140944341168,0,-0.21038001398106942,-0.012859176732972877,-0.06440549582676307,0,-0.3655732424940945,-0.6007080845036246,-0.04528247897380444,-0.2237845500511721,0,-0.7274653478985402,-1.3311208419683842,-0.015980472657429523,-0.3814582651807722],"activity":[[0]],"dinucleotide":[],"positionBias":[],"modifications":[]}]},"modelFittingConstraints":{"enrichmentModel":[{}],"nShifts":0,"addBindingModesSequentially":true,"bindingModeInteractions":[],"flankLengths":[0],"singleModeLengthSweep":false,"bindingModes":[{"maxFlankLength":-1,"positionBiasBinWidth":1,"optimizeSizeHeuristic":false,"maxSize":-1,"optimizeFlankLength":false,"symmetryString":"null","roundSpecificActivity":true,"informationThreshold":0.1,"optimizeMotifShift":false,"fittingStages":[],"optimizeMotifShiftHeuristic":false,"experimentSpecificPositionBias":true,"minSize":-1,"experimentSpecificActivity":true,"optimizeSize":false}]}}
