{"modelSettings":{"letterOrder":"ACGTN","bindingModeInteractions":[],"bindingModes":[{"size":12,"fitLogActivity":true,"flankLength":0,"dinucleotideDistance":0,"componentName":"Binding mode 2","positionBias":false,"singleStrand":false,"modifications":[]}],"letterComplement":"C-G,A-T,N-N"},"coefficients":{"bindingModeInteractions":[],"bindingModes":[{"mononucleotide":[-0.021337287785532677,0,-0.2109769363530647,-0.4759669169137606,-0.1595921810171694,-0.5810091928267964,0,-0.4614829389779387,-0.1626317643709274,-0.2745730766541099,-0.13936802399598314,-0.8900382416248345,0,-0.7705096815287273,-0.37712366885985904,-0.10981717661759882,0,-0.809364944039122,-0.6751460061623262,-0.3388979377429344,-1.5608360986094498,0,-1.1515671845872988,-1.8021694483668884,-0.8609494249060553,0,-1.7706608995461959,-0.9002310528799888,-1.7600523734765228,-0.8274033855147869,-1.1380499888853155,-1.0522703917795997,-0.057053697085862165,0,-0.42536271493926264,0,-0.03206719821076276,-0.4487074573977645,-1.2420950085580071,-0.32307682856280123,-1.724290479602733,-1.5800255183945038,-2.027350618948647,0,-0.9702498814340418,-2.1968528839867405,-2.3683964524258516,0,-2.0078692127395783,-1.094328243966017,-1.6991933204426275,-0.7064565409661248,-0.06417968367923232,0,-0.42539100560142534,-1.2557152152228397,-0.7141048135251198,-1.3549568812789732,0,-0.6770471476452232],"activity":[[0]],"dinucleotide":[],"positionBias":[],"modifications":[]}]},"modelFittingConstraints":{"enrichmentModel":[{}],"nShifts":0,"addBindingModesSequentially":true,"bindingModeInteractions":[],"flankLengths":[0],"singleModeLengthSweep":false,"bindingModes":[{"maxFlankLength":-1,"positionBiasBinWidth":1,"optimizeSizeHeuristic":false,"maxSize":-1,"optimizeFlankLength":false,"symmetryString":"null","roundSpecificActivity":true,"informationThreshold":0.1,"optimizeMotifShift":false,"fittingStages":[],"optimizeMotifShiftHeuristic":false,"experimentSpecificPositionBias":true,"minSize":-1,"experimentSpecificActivity":true,"optimizeSize":false}]}}
