{"modelSettings":{"letterOrder":"ACGTN","bindingModeInteractions":[],"bindingModes":[{"size":12,"fitLogActivity":true,"flankLength":0,"dinucleotideDistance":0,"componentName":"Binding mode 1","positionBias":false,"singleStrand":false,"modifications":[]}],"letterComplement":"C-G,A-T,N-N"},"coefficients":{"bindingModeInteractions":[],"bindingModes":[{"mononucleotide":[0,-0.03482976811586891,-0.09532285604864654,-0.1277380644715116,-0.06322390120916968,0,-0.4180564060021319,-0.6712874721019275,-0.005989309234410989,-0.23464573730907728,-0.7564632647769007,-1.6759556359172707,0,-1.515384786122022,-0.757058561736711,-1.394520235088027,-1.6041291048056487,0,-1.6577224985898382,-0.891848719735942,0,-1.5101872846294182,-2.6759854782144648,-0.6468404814292337,-0.7910878674854693,0,-3.3153728130388425,-2.00156055738875,-3.1651150650373725,-1.1926586848083027,-4.341786801402183,-2.1785173617641735,-2.7961443742564684,0,-1.2146399246251693,-1.466554758479653,-1.4771679675119656,0,-0.6820458683652382,-0.7110139144038364,-0.7565589952881091,-0.06557253038011401,-1.7047423418031353,0,-0.43555243141310296,-0.013287207129709433,-0.1108176940197434,0,-0.3633697051753706,-0.11170506823961807,0,-0.23908737688218418,-0.1457970421791721,-0.22802829356822718,-0.14856354658192147,-0.18000750325678538,-0.2331663212881514,0,-0.2553249565159277,-0.16194541711359572],"activity":[[0]],"dinucleotide":[],"positionBias":[],"modifications":[]}]},"modelFittingConstraints":{"enrichmentModel":[{}],"nShifts":0,"addBindingModesSequentially":true,"bindingModeInteractions":[],"flankLengths":[0],"singleModeLengthSweep":false,"bindingModes":[{"maxFlankLength":-1,"positionBiasBinWidth":1,"optimizeSizeHeuristic":false,"maxSize":-1,"optimizeFlankLength":false,"symmetryString":"null","roundSpecificActivity":true,"informationThreshold":0.1,"optimizeMotifShift":false,"fittingStages":[],"optimizeMotifShiftHeuristic":false,"experimentSpecificPositionBias":true,"minSize":-1,"experimentSpecificActivity":true,"optimizeSize":false}]}}
