{"modelSettings":{"letterOrder":"ACGTN","bindingModeInteractions":[],"bindingModes":[{"size":15,"fitLogActivity":true,"flankLength":0,"dinucleotideDistance":0,"componentName":"Binding mode 1","positionBias":false,"singleStrand":false,"modifications":[]}],"letterComplement":"C-G,A-T,N-N"},"coefficients":{"bindingModeInteractions":[],"bindingModes":[{"mononucleotide":[-0.28227553839461983,-0.839222286103114,-0.7621241292029444,0,-0.41068380918979547,-0.6856479576896888,0,-0.6363259960360557,-0.6959671966315977,-0.4574472135833981,-0.9241710107997756,-0.46609476811054673,0,-1.941496944344809,-0.6125828756928675,-3.064939476803286,0,-2.8906352048402026,-3.2069960744695587,-1.2529218215504867,-3.2283012976220244,0,-2.8757842766195876,-1.3940410194395954,-1.0905939114038214,-1.9174227951620995,-0.5016767714111507,-0.7145093418399178,0,-0.5789563754627629,-0.8128780479912106,-0.009169071640233284,0,-0.761273443744015,-0.3210583554557686,0,-0.7370076111032757,-0.3479938048640623,-1.7010083330890144,-0.5246091711472349,-1.4854283620696567,-2.929781511984183,0,-3.3084454416565774,-1.1114034780659636,-3.1896762930012748,-3.347959576398893,0,-3.131112706590687,-1.27295639543349,-1.7773670336305467,0,-0.20092579534538135,-2.3803003798314815,-0.6541290557296866,-0.42095822148745743,0,-0.1733866452011572,-0.26687886449782905,-0.20364862817200585,0,-1.0529842914970633,-0.893412042821164,-0.8799136742028342,-0.6101991552265608,-0.8381215645838802,-0.7297283617468029,-1.8689198346685174,0,-0.6593003184662476,0,-0.7548238381473844,-0.6700159681491424,-0.34952577182669664,-0.3979374451800013],"activity":[[0]],"dinucleotide":[],"positionBias":[],"modifications":[]}]},"modelFittingConstraints":{"enrichmentModel":[{}],"nShifts":0,"addBindingModesSequentially":true,"bindingModeInteractions":[],"flankLengths":[0],"singleModeLengthSweep":false,"bindingModes":[{"maxFlankLength":-1,"positionBiasBinWidth":1,"optimizeSizeHeuristic":false,"maxSize":-1,"optimizeFlankLength":false,"symmetryString":"null","roundSpecificActivity":true,"informationThreshold":0.1,"optimizeMotifShift":false,"fittingStages":[],"optimizeMotifShiftHeuristic":false,"experimentSpecificPositionBias":true,"minSize":-1,"experimentSpecificActivity":true,"optimizeSize":false}]}}
