{"modelSettings":{"letterOrder":"ACGTN","bindingModeInteractions":[],"bindingModes":[{"size":12,"fitLogActivity":true,"flankLength":0,"dinucleotideDistance":0,"componentName":"Binding mode 1","positionBias":false,"singleStrand":false,"modifications":[]}],"letterComplement":"C-G,A-T,N-N"},"coefficients":{"bindingModeInteractions":[],"bindingModes":[{"mononucleotide":[-0.03444060856279707,0,-0.004611271199186362,-0.28095471026815444,-0.07348304588103666,-0.06375890781055871,-0.02495110781186538,0,-0.3838430771347898,-0.10679846808154755,-0.19841674973814571,-0.028254176780163398,0,-0.3305397729738111,-0.1304774726871103,-1.3408565982392202,-0.3075354770079457,-1.5378328173624647,0,-0.5925218518164678,0,-0.13379293428318695,-1.300210407605804,-0.8910875046085733,-0.4472817210223228,0,-1.7553807944469846,-2.5286845322574782,-1.8893583329648915,-1.047129988292133,-2.8077325733096217,-2.6601602781676275,-2.7804473178488838,0,-1.2104190100367769,-2.5534784360495406,-2.4069306101417416,-2.3842129538862498,0,-1.1551323093825998,0,-3.0153413241933995,-2.369037935418141,-1.7620143541918851,-1.112991331989216,-0.12002584744281064,-0.7408215125406108,0,-0.727719202808073,-0.3401588686673123,-0.37953936446540437,0,-0.04286966777735435,-0.24301182844896374,-0.15476233256802063,-0.21552191658241648,-0.17800116605753802,0,-0.25831312164141984,-0.15799523452479766],"activity":[[0]],"dinucleotide":[],"positionBias":[],"modifications":[]}]},"modelFittingConstraints":{"enrichmentModel":[{}],"nShifts":0,"addBindingModesSequentially":true,"bindingModeInteractions":[],"flankLengths":[0],"singleModeLengthSweep":false,"bindingModes":[{"maxFlankLength":-1,"positionBiasBinWidth":1,"optimizeSizeHeuristic":false,"maxSize":-1,"optimizeFlankLength":false,"symmetryString":"null","roundSpecificActivity":true,"informationThreshold":0.1,"optimizeMotifShift":false,"fittingStages":[],"optimizeMotifShiftHeuristic":false,"experimentSpecificPositionBias":true,"minSize":-1,"experimentSpecificActivity":true,"optimizeSize":false}]}}
