{"modelSettings":{"letterOrder":"ACGTN","bindingModeInteractions":[],"bindingModes":[{"size":12,"fitLogActivity":true,"flankLength":0,"dinucleotideDistance":0,"componentName":"Binding mode 1","positionBias":false,"singleStrand":false,"modifications":[]}],"letterComplement":"C-G,A-T,N-N"},"coefficients":{"bindingModeInteractions":[],"bindingModes":[{"mononucleotide":[-0.18267154587549772,0,-0.221753814175063,-0.2956131865575671,-0.16894261133467228,-0.2701702322611421,-0.08889366959950529,0,-0.4881443251962789,-0.19481223354904734,-0.26844872147663335,0,-0.12026069586228783,-0.019971129100871288,-0.09665384813946522,-1.3163461094240954,-1.3282298794770706,-1.7646411729740499,0,-0.8531356514148656,0,-2.2967512224751605,-0.809873647246103,-1.4514846263090164,-0.809837375256434,0,-3.265011841788919,-2.5201465793322075,-3.8710333898205653,-1.2557213581206532,-3.3097553743581116,-2.3800996994107892,-0.49688538999344445,0,-0.833853296053781,-1.4956943208609057,0,-1.1124033527850155,-1.135693692198958,-0.7581871316215655,-1.425253943883821,0,-1.1379522185112578,-0.7937024574659781,-0.68662372031352,-0.23086295165871373,0,-0.15272848225890012,-0.25702851344133393,-0.15503022592169471,-0.08019093112523556,-0.0652229487337177,-0.07107388206643872,0,-0.05361394381020124,-0.0586236054100473,0,-0.028100447499077585,-0.036635912973367546,-0.03061916238865125],"activity":[[0]],"dinucleotide":[],"positionBias":[],"modifications":[]}]},"modelFittingConstraints":{"enrichmentModel":[{}],"nShifts":0,"addBindingModesSequentially":true,"bindingModeInteractions":[],"flankLengths":[0],"singleModeLengthSweep":false,"bindingModes":[{"maxFlankLength":-1,"positionBiasBinWidth":1,"optimizeSizeHeuristic":false,"maxSize":-1,"optimizeFlankLength":false,"symmetryString":"null","roundSpecificActivity":true,"informationThreshold":0.1,"optimizeMotifShift":false,"fittingStages":[],"optimizeMotifShiftHeuristic":false,"experimentSpecificPositionBias":true,"minSize":-1,"experimentSpecificActivity":true,"optimizeSize":false}]}}
