{"modelSettings":{"letterOrder":"ACGTN","bindingModeInteractions":[],"bindingModes":[{"size":12,"fitLogActivity":true,"flankLength":0,"dinucleotideDistance":0,"componentName":"Binding mode 1","positionBias":false,"singleStrand":false,"modifications":[]}],"letterComplement":"C-G,A-T,N-N"},"coefficients":{"bindingModeInteractions":[],"bindingModes":[{"mononucleotide":[-0.09186414991485226,-0.0855745598215929,0,-0.3546386688734504,-0.12453183666168954,-0.34655551266867857,-0.3042589056365035,0,-0.27498429068843055,-0.22177777359496825,-0.5109486924640363,-0.9316779045037711,0,-1.6221991289526745,-0.6018074280012298,-1.6950075236411122,0,-1.474367813486686,-7.176306371103891E-4,-0.5059193964672328,-0.5123695611619192,0,-1.4987394889414052,-1.036265182261391,-0.6082256919021026,0,-1.9184236713299274,-0.33352137053412445,-3.5534518228908114,-0.7487336289145422,-3.4937760311662265,-3.372334467035433,-3.054261786158513,0,-1.2802664700306683,0,-1.998164173413052,-2.5338408506928416,-1.4393261041735412,-1.0133351656882996,0,-2.2552089073876846,-2.3325393141897046,-1.1404644950960998,-0.9665509185540802,0,-1.355354480243073,-1.8967663388295,-1.587290159290716,-0.9085781152141279,-0.09729363439342009,0,-0.4665587070617141,-0.2387994266131619,-0.18572157706851458,-0.4150499630890412,0,-0.16004739601652052,-0.2674029455911011,-0.19912943115902687],"activity":[[0]],"dinucleotide":[],"positionBias":[],"modifications":[]}]},"modelFittingConstraints":{"enrichmentModel":[{}],"nShifts":0,"addBindingModesSequentially":true,"bindingModeInteractions":[],"flankLengths":[0],"singleModeLengthSweep":false,"bindingModes":[{"maxFlankLength":-1,"positionBiasBinWidth":1,"optimizeSizeHeuristic":false,"maxSize":-1,"optimizeFlankLength":false,"symmetryString":"null","roundSpecificActivity":true,"informationThreshold":0.1,"optimizeMotifShift":false,"fittingStages":[],"optimizeMotifShiftHeuristic":false,"experimentSpecificPositionBias":true,"minSize":-1,"experimentSpecificActivity":true,"optimizeSize":false}]}}
