{"modelSettings":{"letterOrder":"ACGTN","bindingModeInteractions":[],"bindingModes":[{"size":14,"fitLogActivity":true,"flankLength":0,"dinucleotideDistance":0,"componentName":"Binding mode 1","positionBias":false,"singleStrand":false,"modifications":[]}],"letterComplement":"C-G,A-T,N-N"},"coefficients":{"bindingModeInteractions":[],"bindingModes":[{"mononucleotide":[-0.02244363083797296,-0.1199543421266469,0,-0.4728238876631945,-0.13696381721920506,-0.5128340502560711,0,-0.504061323553092,-0.13804803140858368,-0.26333900258967063,-1.6470267837754187,-1.5733579081465785,-2.4684587422445765,0,-0.9910918348484983,0,-2.739882726245469,-2.006262891954728,-1.5766068004212088,-1.0457280443243886,0,-3.7614399727697965,-4.109615216763939,-4.180908703539935,-1.3328019955511627,-3.757301045769243,-2.681106413857488,-3.545738939947287,0,-1.2723575553127269,-2.3782189869421053,-1.0218902007880324,-1.7666934713637503,0,-0.9016936168067324,0,-0.9247101522000882,-0.4320858993995724,-1.3639415186711794,-0.5527545168464691,-0.2051611059012277,-0.919641697863268,0,-1.4431504265866133,-0.49046741182412407,0,-0.7480567228853872,-0.5853334001274071,-0.926815110953898,-0.5000431881720366,-1.2984455595609825,-1.4883531379573678,-1.0846759689652705,0,-0.778317796315123,-0.9048358719751741,-0.8730952939610281,-1.390491178548242,0,-0.6581574933889605,0,-1.1212595231164864,-1.2747253116287167,-0.7820046593477183,-0.6621986573112962,0,-0.35097067870211873,-0.15193358034677118,-0.3436273793456186,-0.20081871804118395],"activity":[[0]],"dinucleotide":[],"positionBias":[],"modifications":[]}]},"modelFittingConstraints":{"enrichmentModel":[{}],"nShifts":0,"addBindingModesSequentially":true,"bindingModeInteractions":[],"flankLengths":[0],"singleModeLengthSweep":false,"bindingModes":[{"maxFlankLength":-1,"positionBiasBinWidth":1,"optimizeSizeHeuristic":false,"maxSize":-1,"optimizeFlankLength":false,"symmetryString":"null","roundSpecificActivity":true,"informationThreshold":0.1,"optimizeMotifShift":false,"fittingStages":[],"optimizeMotifShiftHeuristic":false,"experimentSpecificPositionBias":true,"minSize":-1,"experimentSpecificActivity":true,"optimizeSize":false}]}}
