{"modelSettings":{"letterOrder":"ACGTN","bindingModeInteractions":[],"bindingModes":[{"size":14,"fitLogActivity":true,"flankLength":0,"dinucleotideDistance":0,"componentName":"Binding mode 2","positionBias":false,"singleStrand":false,"modifications":[]}],"letterComplement":"C-G,A-T,N-N"},"coefficients":{"bindingModeInteractions":[],"bindingModes":[{"mononucleotide":[-0.07654288514062824,0,-0.017348294934447672,-0.027209537518985805,-0.029873859284882533,-0.3904286861557562,-0.3843874426791958,-0.15221552932923732,0,-0.21802000094759327,0,-0.8228697140164458,-0.2667474454885337,-1.3908945704579292,-0.48862040610425267,-3.130515547803199,-2.9325938062418304,-3.110639385721699,0,-1.253928022643166,-3.1810912449183713,-3.040346134952382,-1.2048852456709818,0,-1.057649084526583,-0.5667152538476623,-2.2483995243478505,0,-0.6882575146156711,-0.6090795213185505,-1.8554877074934595,0,-2.232150975982877,-0.7033460860882768,-0.8217760336555159,-0.6498126613457531,-1.8826084150243103,0,-1.177440429296583,-0.7019848988876936,-0.7665698699428756,0,-2.7575009553527052,-0.50751572495661,-0.6301520271515803,0,-0.7959248545231237,-2.9594540433454832,-3.089496064455698,-0.9489844655865043,-2.5014684840466606,-3.0234214447516785,-0.16182735843795815,0,-0.7025981413812286,-3.0790060301502837,-3.411564476380864,-0.21735495099512825,0,-0.7530889127922159,0,-3.500009258458552,-3.231519670355189,-3.4341916947756097,-1.2892166509944094,-3.268719132843777,-2.903933413536846,0,-3.3786617468392937,-1.2667746966119815],"activity":[[0]],"dinucleotide":[],"positionBias":[],"modifications":[]}]},"modelFittingConstraints":{"enrichmentModel":[{}],"nShifts":0,"addBindingModesSequentially":true,"bindingModeInteractions":[],"flankLengths":[0],"singleModeLengthSweep":false,"bindingModes":[{"maxFlankLength":-1,"positionBiasBinWidth":1,"optimizeSizeHeuristic":false,"maxSize":-1,"optimizeFlankLength":false,"symmetryString":"null","roundSpecificActivity":true,"informationThreshold":0.1,"optimizeMotifShift":false,"fittingStages":[],"optimizeMotifShiftHeuristic":false,"experimentSpecificPositionBias":true,"minSize":-1,"experimentSpecificActivity":true,"optimizeSize":false}]}}
