{"modelSettings":{"letterOrder":"ACGTN","bindingModeInteractions":[],"bindingModes":[{"size":10,"fitLogActivity":true,"flankLength":0,"dinucleotideDistance":0,"componentName":"Binding mode 1","positionBias":false,"singleStrand":false,"modifications":[]}],"letterComplement":"C-G,A-T,N-N"},"coefficients":{"bindingModeInteractions":[],"bindingModes":[{"mononucleotide":[-0.3298480287009644,0,-0.08211047912426839,-0.10216662339971627,-0.12129731257168914,0,-0.20873410442722573,-0.184093870286004,-0.050535534345196975,-0.1069760229361083,-1.4801527965279293,-2.0070285271727983,-2.7088415223047533,0,-1.029596440990824,0,-2.1488849170244815,-1.9882667414421804,-3.0537224951180724,-1.123368994196027,0,-3.632977785920112,-2.897928988912385,-3.3449223770896506,-1.275793253185012,-1.7750992481905654,-2.0615314087881496,-1.9319318623385988,0,-1.0205451737799627,-0.9507773864955484,-1.3945882119948587,-1.043882995788901,0,-0.699939956716607,-0.22056736692222678,-1.0055371027923612,0,-1.0385658143484928,-0.46129222247017576,-0.43663067290956636,0,-0.11030016117415409,-0.4488242719869575,-0.22936486328475092,-0.13006530653550685,-0.06889616946409971,-0.1613906247142749,0,-0.08816988034111788],"activity":[[0]],"dinucleotide":[],"positionBias":[],"modifications":[]}]},"modelFittingConstraints":{"enrichmentModel":[{}],"nShifts":0,"addBindingModesSequentially":true,"bindingModeInteractions":[],"flankLengths":[0],"singleModeLengthSweep":false,"bindingModes":[{"maxFlankLength":-1,"positionBiasBinWidth":1,"optimizeSizeHeuristic":false,"maxSize":-1,"optimizeFlankLength":false,"symmetryString":"null","roundSpecificActivity":true,"informationThreshold":0.1,"optimizeMotifShift":false,"fittingStages":[],"optimizeMotifShiftHeuristic":false,"experimentSpecificPositionBias":true,"minSize":-1,"experimentSpecificActivity":true,"optimizeSize":false}]}}
