{"modelSettings":{"letterOrder":"ACGTN","bindingModeInteractions":[],"bindingModes":[{"size":14,"fitLogActivity":true,"flankLength":0,"dinucleotideDistance":0,"componentName":"Binding mode 1","positionBias":false,"singleStrand":false,"modifications":[]}],"letterComplement":"C-G,A-T,N-N"},"coefficients":{"bindingModeInteractions":[],"bindingModes":[{"mononucleotide":[-0.6285304839114003,-0.6412659059150538,0,-0.3062278302941346,-0.3580261279056541,-1.6178105307510644,-1.0420498970723484,-1.719473321096626,0,-0.8380435804260552,-2.1055401191836842,0,-2.2862098542276796,-2.5254278260645955,-1.121275964506313,-1.5687119275120058,0,-2.740988073728173,-1.0487420047343319,-0.9018959872556269,-2.06467550803371,0,-2.420032409246098,-2.0267983119234985,-1.0880174565610812,-0.27423836054156947,-0.50524199249028,-0.9842076166261533,0,-0.37934217834436607,0,-1.3003894548340673,-0.3186453169890422,-0.12831876615706328,-0.3288054885487402,-2.418050696116794,-2.6237310204551494,0,-2.4360698860855146,-1.1638463001845296,-1.965750776805375,-2.8109444374284567,0,-2.2993300080762142,-1.1235264100296989,-2.7743313228138384,-2.5685255527482034,0,-2.1246298486522615,-1.1563604419756244,0,-2.196369219479428,-1.1919431360137107,-1.960100450127301,-0.9443808672522644,0,-0.6966738438828299,-1.0442370147708067,-0.736235152061048,-0.5408065977290905,-1.2217442729027725,-1.0081576681313438,-1.3725823901550163,0,-0.7375914218261521,0,-0.8295846464362748,-0.956650528757681,-0.05610380436513118,-0.3689467376927117],"activity":[[0]],"dinucleotide":[],"positionBias":[],"modifications":[]}]},"modelFittingConstraints":{"enrichmentModel":[{}],"nShifts":0,"addBindingModesSequentially":true,"bindingModeInteractions":[],"flankLengths":[0],"singleModeLengthSweep":false,"bindingModes":[{"maxFlankLength":-1,"positionBiasBinWidth":1,"optimizeSizeHeuristic":false,"maxSize":-1,"optimizeFlankLength":false,"symmetryString":"null","roundSpecificActivity":true,"informationThreshold":0.1,"optimizeMotifShift":false,"fittingStages":[],"optimizeMotifShiftHeuristic":false,"experimentSpecificPositionBias":true,"minSize":-1,"experimentSpecificActivity":true,"optimizeSize":false}]}}
