{"modelSettings":{"letterOrder":"ACGTN","bindingModeInteractions":[],"bindingModes":[{"size":10,"fitLogActivity":true,"flankLength":0,"dinucleotideDistance":0,"componentName":"Binding mode 1","positionBias":false,"singleStrand":false,"modifications":[]}],"letterComplement":"C-G,A-T,N-N"},"coefficients":{"bindingModeInteractions":[],"bindingModes":[{"mononucleotide":[-0.059018273715028435,-0.04433659848182536,0,-0.16033208787034425,-0.06422329234173475,-0.1570252354315853,-0.03390916151234169,0,-0.13983335513809436,-0.0804389530354054,-1.4134706683778866,-0.3854279358602062,-2.1741810493243943,0,-0.6747385872104451,0,-0.26451562433151343,-1.3013728196647278,-1.0387107019238684,-0.5134765289341323,0,-2.114387822274419,-2.1800033875378775,-2.032823923093206,-1.07534986528753,-3.0971345272220034,-4.147653248673014,-2.8940907291480142,0,-1.2762485051662122,-3.552172214839303,-3.4043832381145505,-3.0030966581741536,0,-1.280563437553749,0,-2.383548986570622,-2.3839337490163675,-1.8218102682863262,-1.0890511719101177,-0.46559876011107315,-0.9251147420140144,0,-1.2616803485819053,-0.5501631184949237,-0.6427744721426136,0,-0.1868811070413412,-0.2400443932390468,-0.24144539051957872],"activity":[[0]],"dinucleotide":[],"positionBias":[],"modifications":[]}]},"modelFittingConstraints":{"enrichmentModel":[{}],"nShifts":0,"addBindingModesSequentially":true,"bindingModeInteractions":[],"flankLengths":[0],"singleModeLengthSweep":false,"bindingModes":[{"maxFlankLength":-1,"positionBiasBinWidth":1,"optimizeSizeHeuristic":false,"maxSize":-1,"optimizeFlankLength":false,"symmetryString":"null","roundSpecificActivity":true,"informationThreshold":0.1,"optimizeMotifShift":false,"fittingStages":[],"optimizeMotifShiftHeuristic":false,"experimentSpecificPositionBias":true,"minSize":-1,"experimentSpecificActivity":true,"optimizeSize":false}]}}
