{"modelSettings":{"letterOrder":"ACGTN","bindingModeInteractions":[],"bindingModes":[{"size":12,"fitLogActivity":true,"flankLength":0,"dinucleotideDistance":0,"componentName":"Binding mode 1","positionBias":false,"singleStrand":false,"modifications":[]}],"letterComplement":"C-G,A-T,N-N"},"coefficients":{"bindingModeInteractions":[],"bindingModes":[{"mononucleotide":[-0.2008108417761596,-0.016096542770233313,-0.20266649680911009,0,-0.10019333479978541,-1.0924438178112488,-0.4802539304981259,-1.0682806254668198,0,-0.5544201589110418,-0.5901452797417619,0,-0.49829448799638243,-1.8949651940163514,-0.54812245320746,0,-1.8064207978140416,-0.9892146682996246,-2.571852027967463,-0.9085064303295769,0,-3.2532974395359604,-3.3467796633707243,-2.999515919455895,-1.2697073670183536,-3.0110148101663157,-3.5138166632546635,0,-2.6881048273615415,-1.2491145187620731,-3.6525405235927373,-3.970965369900052,0,-3.8209287453853813,-1.3217359821210022,-1.6876571543568368,-3.0546295201161806,-1.1963625873128891,0,-0.9581651758081912,-2.9875679233995447,0,-2.3024695041953325,-1.7291045183355376,-1.1027222098159695,0,-3.0951729450067784,-1.3374136021877492,-2.9278331686059476,-1.077851421203814,-0.07188388305646631,-0.19153638827918495,-0.4826563095255869,0,-0.1703523471269827,0,-0.2685702222036688,-0.09860963572968329,-0.01677684136939428,-0.09049073454433702],"activity":[[0]],"dinucleotide":[],"positionBias":[],"modifications":[]}]},"modelFittingConstraints":{"enrichmentModel":[{}],"nShifts":0,"addBindingModesSequentially":true,"bindingModeInteractions":[],"flankLengths":[0],"singleModeLengthSweep":false,"bindingModes":[{"maxFlankLength":-1,"positionBiasBinWidth":1,"optimizeSizeHeuristic":false,"maxSize":-1,"optimizeFlankLength":false,"symmetryString":"null","roundSpecificActivity":true,"informationThreshold":0.1,"optimizeMotifShift":false,"fittingStages":[],"optimizeMotifShiftHeuristic":false,"experimentSpecificPositionBias":true,"minSize":-1,"experimentSpecificActivity":true,"optimizeSize":false}]}}
