{"modelSettings":{"letterOrder":"ACGTN","bindingModeInteractions":[],"bindingModes":[{"size":13,"fitLogActivity":true,"flankLength":0,"dinucleotideDistance":0,"componentName":"Binding mode 1","positionBias":false,"singleStrand":false,"modifications":[]}],"letterComplement":"C-G,A-T,N-N"},"coefficients":{"bindingModeInteractions":[],"bindingModes":[{"mononucleotide":[-1.2282263802918694,-0.9370258928727355,-1.3802529415792772,0,-0.7256095715775388,-0.0459323882941316,-0.45605400239264027,-0.36671119485655224,0,-0.19787308501890938,0,-1.1122846855051103,-0.7966944755784264,-0.20628909768488413,-0.4333934727605403,-0.18595532443102591,-1.0202649096881653,-1.1551085009365432,0,-0.4676729588862215,-3.2349745729726878,-0.6366632756120878,-3.2317948793648754,0,-0.9113637895474632,-0.6659413609305562,-3.1669407041612034,0,-3.9048368605890795,-0.9313623812674975,-3.5716694437228327,-3.675890723955017,-3.593600387155511,0,-1.3084680750234996,-3.4676317117854105,-3.8244783926440307,-2.3685146178155767,0,-1.2494581595026544,-3.997088594596546,-3.8568402742794348,-1.3419173037632186,0,-1.123278134911163,0,-2.9718691100651022,-2.4013045573831695,-1.968326684673631,-1.1382649679704648,-3.422791853879947,0,-2.09863957429574,-0.38840815506745807,-0.7801331738019518,-0.13358025682821761,-0.19705951052193527,-0.20638354748206744,0,-0.13078659085353497,-0.3886828580104802,-0.34388009630045513,-0.40577388166389117,0,-0.27003076809914384],"activity":[[0]],"dinucleotide":[],"positionBias":[],"modifications":[]}]},"modelFittingConstraints":{"enrichmentModel":[{}],"nShifts":0,"addBindingModesSequentially":true,"bindingModeInteractions":[],"flankLengths":[0],"singleModeLengthSweep":false,"bindingModes":[{"maxFlankLength":-1,"positionBiasBinWidth":1,"optimizeSizeHeuristic":false,"maxSize":-1,"optimizeFlankLength":false,"symmetryString":"null","roundSpecificActivity":true,"informationThreshold":0.1,"optimizeMotifShift":false,"fittingStages":[],"optimizeMotifShiftHeuristic":false,"experimentSpecificPositionBias":true,"minSize":-1,"experimentSpecificActivity":true,"optimizeSize":false}]}}
