{"modelSettings":{"letterOrder":"ACGTN","bindingModeInteractions":[],"bindingModes":[{"size":11,"fitLogActivity":true,"flankLength":0,"dinucleotideDistance":0,"componentName":"Binding mode 1","positionBias":false,"singleStrand":false,"modifications":[]}],"letterComplement":"C-G,A-T,N-N"},"coefficients":{"bindingModeInteractions":[],"bindingModes":[{"mononucleotide":[-0.2142008393227801,0,-0.12013541093074043,-0.43528979828084413,-0.18000512633328486,-0.6034850253575268,-0.06649936015964109,-0.5012898321263526,0,-0.25866882406059555,-2.161408237064504,-0.7021642669707091,-3.5735372811826087,0,-0.8923722069381566,0,-2.2696629461510134,-2.6025498347550355,-2.530303028478091,-1.1575136669371424,0,-3.6706239678157857,-3.6889741327636436,-3.604621408577625,-1.3115060942595798,-2.5741610722621187,-3.064395658933504,-3.4361034993885173,0,-1.2421163998102682,-2.1819441304027816,-2.195005795830189,-2.4320710887121155,0,-1.1147153127744691,0,-0.1728381519104829,-0.28937981443499705,-1.8935109269957777,-0.3781379666546946,-0.7882586573422328,-0.9009655206914788,0,-1.3129571151091672,-0.630249179264935,0,-0.20849903567676176,-0.49288565429760123,-0.15990015834451832,-0.20000952933642913,-0.352632231838502,-0.369109164626821,-0.37783332432128613,0,-0.2615172812076802],"activity":[[0]],"dinucleotide":[],"positionBias":[],"modifications":[]}]},"modelFittingConstraints":{"enrichmentModel":[{}],"nShifts":0,"addBindingModesSequentially":true,"bindingModeInteractions":[],"flankLengths":[0],"singleModeLengthSweep":false,"bindingModes":[{"maxFlankLength":-1,"positionBiasBinWidth":1,"optimizeSizeHeuristic":false,"maxSize":-1,"optimizeFlankLength":false,"symmetryString":"null","roundSpecificActivity":true,"informationThreshold":0.1,"optimizeMotifShift":false,"fittingStages":[],"optimizeMotifShiftHeuristic":false,"experimentSpecificPositionBias":true,"minSize":-1,"experimentSpecificActivity":true,"optimizeSize":false}]}}
