{"modelSettings":{"letterOrder":"ACGTN","bindingModeInteractions":[],"bindingModes":[{"size":10,"fitLogActivity":true,"flankLength":0,"dinucleotideDistance":0,"componentName":"Binding mode 1","positionBias":false,"singleStrand":false,"modifications":[]}],"letterComplement":"C-G,A-T,N-N"},"coefficients":{"bindingModeInteractions":[],"bindingModes":[{"mononucleotide":[-1.198450599663477,-1.6124992124817141,0,-2.103013417255286,-0.9019331152551446,-1.2697626748431978,0,-1.6483577700122711,-0.35919495274984437,-0.6108752438165386,-1.0066768596043958,-2.8509511541340236,0,-1.5163915603503049,-0.8899390127818569,-2.5701999680160443,-2.864405198600474,0,-1.5749234534407135,-1.093206419626019,-2.8046353020134283,-2.7053859696926943,0,-2.723957528895508,-1.2098333361006939,-2.2341540090783854,-2.496590810396832,0,-2.0200569787793383,-1.1070760740765002,-2.8193304537381656,-3.106108891371463,0,-2.865853469986881,-1.2367067413064172,-2.814116893737782,-3.0588583044088384,0,-1.8585874744319981,-1.1529695520211507,-2.239000101513201,-0.6707283101732773,-1.2197230060231035,0,-0.7375103378910006,-0.27261210737799946,0,-0.8865892841810346,-1.177337046923693,-0.47741303553656494],"activity":[[0]],"dinucleotide":[],"positionBias":[],"modifications":[]}]},"modelFittingConstraints":{"enrichmentModel":[{}],"nShifts":0,"addBindingModesSequentially":true,"bindingModeInteractions":[],"flankLengths":[0],"singleModeLengthSweep":false,"bindingModes":[{"maxFlankLength":-1,"positionBiasBinWidth":1,"optimizeSizeHeuristic":false,"maxSize":-1,"optimizeFlankLength":false,"symmetryString":"null","roundSpecificActivity":true,"informationThreshold":0.1,"optimizeMotifShift":false,"fittingStages":[],"optimizeMotifShiftHeuristic":false,"experimentSpecificPositionBias":true,"minSize":-1,"experimentSpecificActivity":true,"optimizeSize":false}]}}
