{"modelSettings":{"letterOrder":"ACGTN","bindingModeInteractions":[],"bindingModes":[{"size":14,"fitLogActivity":true,"flankLength":0,"dinucleotideDistance":0,"componentName":"Binding mode 1","positionBias":false,"singleStrand":false,"modifications":[]}],"letterComplement":"C-G,A-T,N-N"},"coefficients":{"bindingModeInteractions":[],"bindingModes":[{"mononucleotide":[-0.06770906203431881,-0.039461821174866074,-0.038426298839154605,0,-0.036108743121654296,-0.17108712702245077,-0.3318456210093972,-0.01874658397576834,0,-0.12166655026253242,0,-0.6705335404211907,-0.09315979912668926,-0.8873668426298145,-0.3445268756128976,-1.574105919471255,-2.135809890061264,-1.3412370536084044,0,-0.9245349140644352,-2.45310789281272,-2.0575461840607367,-1.6523031936978185,0,-1.0459716872518832,0,-1.6875471569597789,-0.9621005768794895,-2.1905124813414467,-0.8681427267008032,-2.9601786228576517,0,-2.1466418846844193,-0.8062784853421006,-0.9068341237958363,-0.9337997572055694,-2.5366783201024705,0,-2.96780479558216,-0.9652169573741106,0,-2.3947699661656974,-2.3070836331465365,-0.10102207369341043,-0.6469041192122498,0,-2.645908477450991,-2.4754049631134807,-2.830818821806951,-1.1923453797919787,-0.18241058049770587,-2.6871093174607767,-2.328365689384477,0,-0.6937516210548623,-2.8215950619011188,-1.609719323609792,-1.9657454805278434,0,-1.0501749645422023,-1.8155071737332449,-1.2058195353120125,0,-1.3919957109010235,-0.8493446314845751,0,-1.852325942303542,-2.539590731368701,-1.2736757174690823,-0.9705015613045032],"activity":[[0]],"dinucleotide":[],"positionBias":[],"modifications":[]}]},"modelFittingConstraints":{"enrichmentModel":[{}],"nShifts":0,"addBindingModesSequentially":true,"bindingModeInteractions":[],"flankLengths":[0],"singleModeLengthSweep":false,"bindingModes":[{"maxFlankLength":-1,"positionBiasBinWidth":1,"optimizeSizeHeuristic":false,"maxSize":-1,"optimizeFlankLength":false,"symmetryString":"null","roundSpecificActivity":true,"informationThreshold":0.1,"optimizeMotifShift":false,"fittingStages":[],"optimizeMotifShiftHeuristic":false,"experimentSpecificPositionBias":true,"minSize":-1,"experimentSpecificActivity":true,"optimizeSize":false}]}}
