{"modelSettings":{"letterOrder":"ACGTN","bindingModeInteractions":[],"bindingModes":[{"size":8,"fitLogActivity":true,"flankLength":0,"dinucleotideDistance":0,"componentName":"Binding mode 2","positionBias":false,"singleStrand":false,"modifications":[]}],"letterComplement":"C-G,A-T,N-N"},"coefficients":{"bindingModeInteractions":[],"bindingModes":[{"mononucleotide":[-1.8503227582264796,-2.239602789367271,-1.329659347969195,0,-0.9621680641599251,0,-1.9162766304702088,-3.30685840786219,-2.1610609706070134,-1.1247090507609723,0,-2.1246984731641096,-2.10711192574783,-1.9365186948032274,-1.0604045631940087,-2.0598544627980444,-1.6741272458183079,-1.7418196951206961,0,-0.9874205662023363,-0.9943438809502245,-0.8596875751672943,-0.05639976685349701,0,-0.37891265331049373,0,-1.1147616963171567,-0.10177688951492225,-0.8707770722757218,-0.411791099613414,-0.32431794535527336,0,-0.1861652895976751,-0.19262790763987003,-0.16902667362889778,-0.04603613182284183,-0.02037758247859578,-0.46118679754990943,0,-0.11502625186577978],"activity":[[0]],"dinucleotide":[],"positionBias":[],"modifications":[]}]},"modelFittingConstraints":{"enrichmentModel":[{}],"nShifts":0,"addBindingModesSequentially":true,"bindingModeInteractions":[],"flankLengths":[0],"singleModeLengthSweep":false,"bindingModes":[{"maxFlankLength":-1,"positionBiasBinWidth":1,"optimizeSizeHeuristic":false,"maxSize":-1,"optimizeFlankLength":false,"symmetryString":"null","roundSpecificActivity":true,"informationThreshold":0.1,"optimizeMotifShift":false,"fittingStages":[],"optimizeMotifShiftHeuristic":false,"experimentSpecificPositionBias":true,"minSize":-1,"experimentSpecificActivity":true,"optimizeSize":false}]}}
