{"modelSettings":{"letterOrder":"ACGTN","bindingModeInteractions":[],"bindingModes":[{"size":9,"fitLogActivity":true,"flankLength":0,"dinucleotideDistance":0,"componentName":"Binding mode 1","positionBias":false,"singleStrand":false,"modifications":[]}],"letterComplement":"C-G,A-T,N-N"},"coefficients":{"bindingModeInteractions":[],"bindingModes":[{"mononucleotide":[-0.06672744172429113,-0.07128036697889328,-0.17362107232735813,0,-0.07599960824258999,-0.7321913161416373,0,-0.556515047672864,-0.6771953141819009,-0.4454682221755838,0,-1.3790063606764658,-0.2863513506221267,-0.3320662104017904,-0.38556425744998984,-2.901230352677301,-1.83738227598148,-3.585069316910528,0,-1.1696325552322702,-3.9805608696385475,-5.813762819251846,0,-5.220253818867503,-1.3595869100560432,-3.6155493351264427,-1.8329533667615967,-2.369494483881315,0,-1.139144759725347,-0.03584263496241036,-0.30088123955598167,-1.3235439984079445,0,-0.29734594207874004,0,-0.24493279444101823,-0.21987071270660863,-0.23831458602549027,-0.17039264754974245,-0.23061632390339515,-0.2279082332039084,-0.11368263875912854,0,-0.13846280257847787],"activity":[[0]],"dinucleotide":[],"positionBias":[],"modifications":[]}]},"modelFittingConstraints":{"enrichmentModel":[{}],"nShifts":0,"addBindingModesSequentially":true,"bindingModeInteractions":[],"flankLengths":[0],"singleModeLengthSweep":false,"bindingModes":[{"maxFlankLength":-1,"positionBiasBinWidth":1,"optimizeSizeHeuristic":false,"maxSize":-1,"optimizeFlankLength":false,"symmetryString":"null","roundSpecificActivity":true,"informationThreshold":0.1,"optimizeMotifShift":false,"fittingStages":[],"optimizeMotifShiftHeuristic":false,"experimentSpecificPositionBias":true,"minSize":-1,"experimentSpecificActivity":true,"optimizeSize":false}]}}
