{"modelSettings":{"letterOrder":"ACGTN","bindingModeInteractions":[],"bindingModes":[{"size":14,"fitLogActivity":true,"flankLength":0,"dinucleotideDistance":0,"componentName":"Binding mode 1","positionBias":false,"singleStrand":false,"modifications":[]}],"letterComplement":"C-G,A-T,N-N"},"coefficients":{"bindingModeInteractions":[],"bindingModes":[{"mononucleotide":[-0.15464398299193505,-0.16549503688799216,-0.8667562830724211,0,-0.24701787747149875,-1.4254092810926489,-0.1765773595730984,0,-0.8314436835829468,-0.46443348730411604,-1.3182879858656769,-1.2340566528738082,0,-2.220466467054739,-0.8751123561995698,0,-1.5981737386561594,-0.8541609279422708,-2.08983946784123,-0.8257574273176705,0,-1.7993965685654851,-2.033081706190882,-1.5208150701282142,-0.9709688499082446,0,-2.544717857076672,-2.473475958194557,-2.1033933519144927,-1.1356693899110102,-1.9882429585248085,0,-1.1119691916537358,-1.109546094509681,-0.8009801754860136,-2.30547591138032,0,-2.910090487961824,-0.9684200997006851,-0.9585039533603634,-1.774536849348058,-3.1047368183781874,0,-2.5793693280906123,-1.13148154583929,0,-2.73628062262803,-1.7299823019076106,-2.8200609924750246,-1.122622636013623,0,-1.9259909432655844,-0.9225875610070675,-1.4029241186281203,-0.8045831176083948,0,-3.438019443068115,-2.545782715222514,-2.250804072600241,-1.1908473066600542,-0.9112855946700851,0,-0.7335012495886186,-1.5314063868066388,-0.6450891515839404,-1.2438029838975746,-0.48932861436739294,-0.9052827625235036,0,-0.5508878647663453],"activity":[[0]],"dinucleotide":[],"positionBias":[],"modifications":[]}]},"modelFittingConstraints":{"enrichmentModel":[{}],"nShifts":0,"addBindingModesSequentially":true,"bindingModeInteractions":[],"flankLengths":[0],"singleModeLengthSweep":false,"bindingModes":[{"maxFlankLength":-1,"positionBiasBinWidth":1,"optimizeSizeHeuristic":false,"maxSize":-1,"optimizeFlankLength":false,"symmetryString":"null","roundSpecificActivity":true,"informationThreshold":0.1,"optimizeMotifShift":false,"fittingStages":[],"optimizeMotifShiftHeuristic":false,"experimentSpecificPositionBias":true,"minSize":-1,"experimentSpecificActivity":true,"optimizeSize":false}]}}
