{"modelSettings":{"letterOrder":"ACGTN","bindingModeInteractions":[],"bindingModes":[{"size":10,"fitLogActivity":true,"flankLength":0,"dinucleotideDistance":0,"componentName":"Binding mode 1","positionBias":false,"singleStrand":false,"modifications":[]}],"letterComplement":"C-G,A-T,N-N"},"coefficients":{"bindingModeInteractions":[],"bindingModes":[{"mononucleotide":[0,-0.5262002749968389,-0.3162626401404962,-0.2028257059576246,-0.24330343987629194,-0.5515325635421275,-0.04967708414014016,0,-0.31552444067621277,-0.20548502237841998,-0.5938179100847716,0,-0.7350877479082394,-0.5576199049462023,-0.42915019276711497,-1.985963412457093,-1.4494837948736372,-2.5981824723009606,0,-1.0172523088385712,-2.167562686006181,-3.4611269317470588,0,-2.5365758867933983,-1.183363708249182,-1.994732116842534,-2.316912218796582,-2.6996228378654927,0,-1.122501531678539,-3.7554719850615816,0,-3.5822691065891714,-3.7063474210014116,-1.3132585893150173,0,-1.6549003016129002,-1.760915798802613,-1.3939944531737722,-0.909389068787211,0,-0.18734107638119557,-0.24023021333031913,-0.11946932982152703,-0.13267493249210321,-0.1338170223493682,-0.30375575439174174,-0.36340374486392024,0,-0.189921301390454],"activity":[[0]],"dinucleotide":[],"positionBias":[],"modifications":[]}]},"modelFittingConstraints":{"enrichmentModel":[{}],"nShifts":0,"addBindingModesSequentially":true,"bindingModeInteractions":[],"flankLengths":[0],"singleModeLengthSweep":false,"bindingModes":[{"maxFlankLength":-1,"positionBiasBinWidth":1,"optimizeSizeHeuristic":false,"maxSize":-1,"optimizeFlankLength":false,"symmetryString":"null","roundSpecificActivity":true,"informationThreshold":0.1,"optimizeMotifShift":false,"fittingStages":[],"optimizeMotifShiftHeuristic":false,"experimentSpecificPositionBias":true,"minSize":-1,"experimentSpecificActivity":true,"optimizeSize":false}]}}
