{"modelSettings":{"letterOrder":"ACGTN","bindingModeInteractions":[],"bindingModes":[{"size":10,"fitLogActivity":true,"flankLength":0,"dinucleotideDistance":0,"componentName":"Binding mode 1","positionBias":false,"singleStrand":false,"modifications":[]}],"letterComplement":"C-G,A-T,N-N"},"coefficients":{"bindingModeInteractions":[],"bindingModes":[{"mononucleotide":[0,-0.4412230548810534,-0.4373813337763597,-0.3036487033699995,-0.2786911196872368,-0.7300626154870038,0,-0.14813778354272955,-0.7421686006863606,-0.3494612122144574,-2.2788452126880983,0,-3.550918065844282,-0.7222856054926527,-0.9058815491017156,0,-2.416215645293025,-2.12043569373351,-2.789417858757724,-1.1467302962264496,0,-3.1498635411890934,-3.227389082268769,-3.8421490431054712,-1.287384893626833,-4.239063846993069,-3.7027702049358293,-3.4536185629949574,0,-1.3179750073502283,-2.531775150422481,-2.2426768302359226,-2.8829645205338794,0,-1.169844966010098,0,-4.06631354905429,-2.4176321872407094,-1.1565190830468914,-1.035037544168364,0,-0.6399716238229249,-0.27623931454741424,-0.14688561600115513,-0.23910416115703306,-0.19553458817476788,0,-0.3892294432307821,-0.50582268082597,-0.25393046346166376],"activity":[[0]],"dinucleotide":[],"positionBias":[],"modifications":[]}]},"modelFittingConstraints":{"enrichmentModel":[{}],"nShifts":0,"addBindingModesSequentially":true,"bindingModeInteractions":[],"flankLengths":[0],"singleModeLengthSweep":false,"bindingModes":[{"maxFlankLength":-1,"positionBiasBinWidth":1,"optimizeSizeHeuristic":false,"maxSize":-1,"optimizeFlankLength":false,"symmetryString":"null","roundSpecificActivity":true,"informationThreshold":0.1,"optimizeMotifShift":false,"fittingStages":[],"optimizeMotifShiftHeuristic":false,"experimentSpecificPositionBias":true,"minSize":-1,"experimentSpecificActivity":true,"optimizeSize":false}]}}
