{"modelSettings":{"letterOrder":"ACGTN","bindingModeInteractions":[],"bindingModes":[{"size":14,"fitLogActivity":true,"flankLength":0,"dinucleotideDistance":0,"componentName":"Binding mode 1","positionBias":false,"singleStrand":false,"modifications":[]}],"letterComplement":"C-G,A-T,N-N"},"coefficients":{"bindingModeInteractions":[],"bindingModes":[{"mononucleotide":[-0.2017148925970016,-1.3451783795053585,0,-1.3656088540536944,-0.5391194832452654,-2.460829035872428,-3.2531728979745047,0,-2.6204531028271427,-1.20665522296959,0,-0.9375916941591891,-0.2823013373008907,-0.07220916146472778,-0.2626797734085797,0,-2.9688248867815616,-3.570579308828009,-2.6207957539341122,-1.24457942868717,-3.375302087010991,0,-3.4374412722167467,-3.2598167878616144,-1.2866752507506798,0,-2.4038851609710647,-1.071522084611514,-1.4692241756230366,-0.8776970506118169,-0.49009906424509886,-0.19716198263078777,-0.694834824371334,0,-0.310343506419466,-0.0977846058813352,-0.23427902936063028,-0.26172008750977316,0,-0.1427994386590745,0,-0.500647292749397,-0.01339435505608666,-0.2535847780896834,-0.17172378592631266,-1.4131977728436578,-1.0468396046473547,-2.4581865053670002,0,-0.8675009945510191,-2.9212115000448096,-3.123111653042675,0,-3.6081133304378112,-1.2685190594289997,-3.3159655479881045,-2.888003782899964,-2.5646211196859623,0,-1.2302016434365526,-0.04154602864982859,-0.35179368361150587,-0.7973470109964111,0,-0.25062619267176756,0,-0.4897169448681229,-2.0109240400899075,-1.9532349943104608,-0.7505224558303254],"activity":[[0]],"dinucleotide":[],"positionBias":[],"modifications":[]}]},"modelFittingConstraints":{"enrichmentModel":[{}],"nShifts":0,"addBindingModesSequentially":true,"bindingModeInteractions":[],"flankLengths":[0],"singleModeLengthSweep":false,"bindingModes":[{"maxFlankLength":-1,"positionBiasBinWidth":1,"optimizeSizeHeuristic":false,"maxSize":-1,"optimizeFlankLength":false,"symmetryString":"null","roundSpecificActivity":true,"informationThreshold":0.1,"optimizeMotifShift":false,"fittingStages":[],"optimizeMotifShiftHeuristic":false,"experimentSpecificPositionBias":true,"minSize":-1,"experimentSpecificActivity":true,"optimizeSize":false}]}}
