{"modelSettings":{"letterOrder":"ACGTN","bindingModeInteractions":[],"bindingModes":[{"size":13,"fitLogActivity":true,"flankLength":0,"dinucleotideDistance":0,"componentName":"Binding mode 1","positionBias":false,"singleStrand":false,"modifications":[]}],"letterComplement":"C-G,A-T,N-N"},"coefficients":{"bindingModeInteractions":[],"bindingModes":[{"mononucleotide":[-0.2889069307857959,-0.1493745157955484,0,-0.25303945028790764,-0.16641897383991422,-0.1433171678533256,-0.062204515424006956,-0.2189743541307383,0,-0.10272171919026654,-1.4181686431350018,-2.021864386720153,-2.6832548985060147,0,-1.0196353555639324,0,-2.93004089999922,-2.0320878653379864,-1.6786687200982864,-1.0706965531627766,0,-4.19177724539038,-4.173130188675631,-4.515617699062416,-1.3456705897031782,-2.349694823775893,-2.1929457335092635,-2.789272046381528,0,-1.148497283196522,-1.902426140686829,-0.6264254374738352,-2.0818822617569723,0,-0.7938516320232173,0,-1.367597931676245,-0.31454689091031973,-1.0692943834336468,-0.5412468878128358,0,-0.6270158125991276,-0.20157202796348628,-1.1635359642822873,-0.4064626476580823,0,-1.6490348777284654,-0.7793365619997834,-1.415562789087021,-0.7477435441085464,-2.5318502761160837,-2.5592400291016544,-2.928867116301472,0,-1.195398962841955,-1.208508940779867,-0.9684328537057922,-2.0175044036618632,0,-0.7922458115171442,0,-1.525758487334742,-1.1319647774495918,-0.8366012522653241,-0.706721119761596],"activity":[[0]],"dinucleotide":[],"positionBias":[],"modifications":[]}]},"modelFittingConstraints":{"enrichmentModel":[{}],"nShifts":0,"addBindingModesSequentially":true,"bindingModeInteractions":[],"flankLengths":[0],"singleModeLengthSweep":false,"bindingModes":[{"maxFlankLength":-1,"positionBiasBinWidth":1,"optimizeSizeHeuristic":false,"maxSize":-1,"optimizeFlankLength":false,"symmetryString":"null","roundSpecificActivity":true,"informationThreshold":0.1,"optimizeMotifShift":false,"fittingStages":[],"optimizeMotifShiftHeuristic":false,"experimentSpecificPositionBias":true,"minSize":-1,"experimentSpecificActivity":true,"optimizeSize":false}]}}
