{"modelSettings":{"letterOrder":"ACGTN","bindingModeInteractions":[],"bindingModes":[{"size":13,"fitLogActivity":true,"flankLength":0,"dinucleotideDistance":0,"componentName":"Binding mode 1","positionBias":false,"singleStrand":false,"modifications":[]}],"letterComplement":"C-G,A-T,N-N"},"coefficients":{"bindingModeInteractions":[],"bindingModes":[{"mononucleotide":[0,-0.4429859566893972,-0.12185839614728344,-0.5710743936606413,-0.2573765877866902,0,-0.5213889083393548,-0.5748759293386483,-0.5676535602317294,-0.3844411522967796,-1.476934991536698,-0.1650443258325076,-1.7387059393171835,0,-0.5745021728711854,0,-3.397015328013131,-2.454658592339846,-3.906087287802646,-1.2557182981351211,0,-4.0084232940423705,-3.811454917774469,-4.09032764714102,-1.3308485499191243,-4.135096346054572,-3.672594233508172,-3.7964267468182493,0,-1.324388265800624,-3.040998279663402,0,-1.906961630167884,-0.3563200095446053,-0.7462491344910049,-0.36657694312079236,-1.3594837674979159,0,-1.4479520636441885,-0.6047026618878134,0,-1.129315317244636,-1.0140657966691746,-1.602399355972981,-0.7510897269924889,-0.21553685448247073,-1.6034994854143276,-1.399410836854745,0,-0.5735692799823009,-1.7960217312206916,-2.051878646711698,-2.2223019059651623,0,-1.0478166560546498,0,-0.9482625873854031,-1.4743274391664771,-0.07095904194004099,-0.4510459759274134,0,-0.39375834908797813,-0.4229756516302121,-0.28306449524088784,-0.2603643528316452],"activity":[[0]],"dinucleotide":[],"positionBias":[],"modifications":[]}]},"modelFittingConstraints":{"enrichmentModel":[{}],"nShifts":0,"addBindingModesSequentially":true,"bindingModeInteractions":[],"flankLengths":[0],"singleModeLengthSweep":false,"bindingModes":[{"maxFlankLength":-1,"positionBiasBinWidth":1,"optimizeSizeHeuristic":false,"maxSize":-1,"optimizeFlankLength":false,"symmetryString":"null","roundSpecificActivity":true,"informationThreshold":0.1,"optimizeMotifShift":false,"fittingStages":[],"optimizeMotifShiftHeuristic":false,"experimentSpecificPositionBias":true,"minSize":-1,"experimentSpecificActivity":true,"optimizeSize":false}]}}
