{"modelSettings":{"letterOrder":"ACGTN","bindingModeInteractions":[],"bindingModes":[{"size":13,"fitLogActivity":true,"flankLength":0,"dinucleotideDistance":0,"componentName":"Binding mode 1","positionBias":false,"singleStrand":false,"modifications":[]}],"letterComplement":"C-G,A-T,N-N"},"coefficients":{"bindingModeInteractions":[],"bindingModes":[{"mononucleotide":[0,-0.8519847777616736,-0.41246347970255126,-0.12672531149572386,-0.297880413812933,-1.2799099055492116,-0.9345183292656065,-1.3819838142841148,0,-0.7329710681186129,0,-3.3585394361072716,-2.7159162624037174,-2.0096918149404512,-1.1752555186027327,-2.632880372023803,-1.5894502575180995,-2.114424310532982,0,-1.052245305063137,-2.290998718609231,-3.2162631921891593,0,-1.5360820553495653,-1.0813918896192065,-1.870673362118783,0,-0.9638817730230835,-0.7092895649389819,-0.6795288413858339,0,-3.068664504095506,-4.0321832656800645,-0.31325120518898597,-0.8011305776311637,0,-3.2419469351935097,-1.4131922538686217,-3.650220379359509,-1.1174600880077377,0,-3.6571116772602617,-3.3013381408635016,-2.943018013195485,-1.2771286062136153,-1.4595239807378642,-2.123592893106445,-1.556895793256679,0,-0.9398553455501464,-0.47334551110599055,-0.25692183308615757,-0.21912833192003234,0,-0.22328040102400473,0,-0.4630581488780887,-0.3381220358238597,-0.2309245727354865,-0.24326219621453904,-0.21909951981833853,-0.2928333899949358,0,-0.38127424478132355,-0.2130760309039483],"activity":[[0]],"dinucleotide":[],"positionBias":[],"modifications":[]}]},"modelFittingConstraints":{"enrichmentModel":[{}],"nShifts":0,"addBindingModesSequentially":true,"bindingModeInteractions":[],"flankLengths":[0],"singleModeLengthSweep":false,"bindingModes":[{"maxFlankLength":-1,"positionBiasBinWidth":1,"optimizeSizeHeuristic":false,"maxSize":-1,"optimizeFlankLength":false,"symmetryString":"null","roundSpecificActivity":true,"informationThreshold":0.1,"optimizeMotifShift":false,"fittingStages":[],"optimizeMotifShiftHeuristic":false,"experimentSpecificPositionBias":true,"minSize":-1,"experimentSpecificActivity":true,"optimizeSize":false}]}}
