{"modelSettings":{"letterOrder":"ACGTN","bindingModeInteractions":[],"bindingModes":[{"size":13,"fitLogActivity":true,"flankLength":0,"dinucleotideDistance":0,"componentName":"Binding mode 1","positionBias":false,"singleStrand":false,"modifications":[]}],"letterComplement":"C-G,A-T,N-N"},"coefficients":{"bindingModeInteractions":[],"bindingModes":[{"mononucleotide":[0,-0.7326751718200342,-0.3950594180827576,-0.1790419091615103,-0.29090981103295765,-1.3070506370447923,-0.5856390098802713,-0.911141082668891,0,-0.5845474357295074,0,-3.2307765426968222,-2.558704697002325,-2.691753415303883,-1.2168100577464287,-2.263405542276324,-1.5659061012403441,-1.6805023773161647,0,-0.9813795825731625,-2.521942188114381,-4.09357213438641,0,-1.079516205692446,-1.0239156872726576,-1.8401393133845652,0,-1.2648003830225374,-0.7433273730079932,-0.7357311631541575,0,-3.1848413091773624,-3.3074569087416226,-0.5667704724596323,-0.888341999617532,0,-3.60377346485617,-1.6115330162498047,-1.47936807608888,-1.0115745405560823,0,-1.8239098886853995,-1.9229912912207334,-2.4506968759188306,-1.0542633794845464,-0.9851447280942853,-1.8793590231568782,-1.3116370309793126,0,-0.8010376485881838,-0.4759151724186257,-0.32734102065695314,-0.263922545544677,0,-0.25161147911973447,0,-0.3373113337518969,-0.296379604905308,-0.14393333578389989,-0.18538507842639582,-0.040418573938636015,-0.4197935944854052,0,-0.37021317611976645,-0.1899031509679763],"activity":[[0]],"dinucleotide":[],"positionBias":[],"modifications":[]}]},"modelFittingConstraints":{"enrichmentModel":[{}],"nShifts":0,"addBindingModesSequentially":true,"bindingModeInteractions":[],"flankLengths":[0],"singleModeLengthSweep":false,"bindingModes":[{"maxFlankLength":-1,"positionBiasBinWidth":1,"optimizeSizeHeuristic":false,"maxSize":-1,"optimizeFlankLength":false,"symmetryString":"null","roundSpecificActivity":true,"informationThreshold":0.1,"optimizeMotifShift":false,"fittingStages":[],"optimizeMotifShiftHeuristic":false,"experimentSpecificPositionBias":true,"minSize":-1,"experimentSpecificActivity":true,"optimizeSize":false}]}}
