{"modelSettings":{"letterOrder":"ACGTN","bindingModeInteractions":[],"bindingModes":[{"size":8,"fitLogActivity":true,"flankLength":0,"dinucleotideDistance":0,"componentName":"Binding mode 1","positionBias":false,"singleStrand":false,"modifications":[]}],"letterComplement":"C-G,A-T,N-N"},"coefficients":{"bindingModeInteractions":[],"bindingModes":[{"mononucleotide":[-0.0644744272025024,-0.4415772528685502,-0.2680896111906712,0,-0.1787018926904851,-0.442362639142003,-0.6634576727319392,-0.5268833773808206,0,-0.3754114525311038,-0.007422806849929131,-1.2243583050469238,-1.206330724600451,0,-0.43624225465138605,0,-3.8537030640215657,-2.688435299818655,-3.195104493894635,-1.2639434960233213,-1.8389689735274577,0,-3.9643016749223703,-1.1106375598370177,-0.9759667892417939,0,-4.098060682790674,-2.2673265285944235,-2.2413180256602656,-1.1821200905070586,-1.1752296431746996,-0.3109016232607895,0,-0.2561993312464792,-0.35114678648183356,-0.644692605856449,0,-0.1249509130448545,-0.3210186207185268,-0.2443755474032664],"activity":[[0]],"dinucleotide":[],"positionBias":[],"modifications":[]}]},"modelFittingConstraints":{"enrichmentModel":[{}],"nShifts":0,"addBindingModesSequentially":true,"bindingModeInteractions":[],"flankLengths":[0],"singleModeLengthSweep":false,"bindingModes":[{"maxFlankLength":-1,"positionBiasBinWidth":1,"optimizeSizeHeuristic":false,"maxSize":-1,"optimizeFlankLength":false,"symmetryString":"null","roundSpecificActivity":true,"informationThreshold":0.1,"optimizeMotifShift":false,"fittingStages":[],"optimizeMotifShiftHeuristic":false,"experimentSpecificPositionBias":true,"minSize":-1,"experimentSpecificActivity":true,"optimizeSize":false}]}}
