{"modelSettings":{"letterOrder":"ACGTN","bindingModeInteractions":[],"bindingModes":[{"size":10,"fitLogActivity":true,"flankLength":0,"dinucleotideDistance":0,"componentName":"Binding mode 1","positionBias":false,"singleStrand":false,"modifications":[]}],"letterComplement":"C-G,A-T,N-N"},"coefficients":{"bindingModeInteractions":[],"bindingModes":[{"mononucleotide":[-0.3162480727203629,-0.13267974705684438,-0.31429507361328746,0,-0.1818433841802589,-0.8351274874329944,-0.34268075308029644,-0.9082758924314207,0,-0.45141633363480826,-1.6487811571937896,-1.1003816615449822,-1.5637600753387,0,-0.8356468850102395,-2.4412360500146977,-2.5572029768672917,0,-2.4347555890435304,-1.16139746092223,-2.1457162091717135,0,-2.805105967524491,-0.36900663381516097,-0.7609414463954046,-2.935073022694064,-2.1694058894366437,0,-3.022950845006795,-1.1907031233658525,-3.265914438999441,-3.2443682018632196,0,-2.8832170931591428,-1.2613285815219455,-2.6457041918589987,-1.5547055233782032,-2.0260235020943163,0,-1.039825282415866,-0.9897087605943538,-0.32799179622257135,-1.1595178654584168,0,-0.5084570918600636,0,-0.9437714387164322,-0.36638592814458004,-0.01291387586876347,-0.264759564738105],"activity":[[0]],"dinucleotide":[],"positionBias":[],"modifications":[]}]},"modelFittingConstraints":{"enrichmentModel":[{}],"nShifts":0,"addBindingModesSequentially":true,"bindingModeInteractions":[],"flankLengths":[0],"singleModeLengthSweep":false,"bindingModes":[{"maxFlankLength":-1,"positionBiasBinWidth":1,"optimizeSizeHeuristic":false,"maxSize":-1,"optimizeFlankLength":false,"symmetryString":"null","roundSpecificActivity":true,"informationThreshold":0.1,"optimizeMotifShift":false,"fittingStages":[],"optimizeMotifShiftHeuristic":false,"experimentSpecificPositionBias":true,"minSize":-1,"experimentSpecificActivity":true,"optimizeSize":false}]}}
