{"modelSettings":{"letterOrder":"ACGTN","bindingModeInteractions":[],"bindingModes":[{"size":11,"fitLogActivity":true,"flankLength":0,"dinucleotideDistance":0,"componentName":"Binding mode 1","positionBias":false,"singleStrand":false,"modifications":[]}],"letterComplement":"C-G,A-T,N-N"},"coefficients":{"bindingModeInteractions":[],"bindingModes":[{"mononucleotide":[-0.3369044948047706,0,-0.11319365917443758,-0.3744884298832365,-0.19401090157340686,-0.5052109320183544,0,-0.5748078596552415,-0.048414031971664606,-0.24880419735430728,-2.9185969333201975,-3.4464814522088876,-3.4474048315968817,0,-1.275025766636158,0,-2.6774382046687806,-2.8455141569920674,-3.4579585771884895,-1.2393086622591256,0,-3.694811537560943,-3.804468349060251,-3.9171091267913996,-1.3214230448909514,-3.78152215598746,-3.6145408405835537,-3.257748877830979,0,-1.301776594367141,-2.1917732714018663,-2.571758164538928,-1.6845309194646432,0,-1.068822196669088,-0.1329695507613602,-2.393935253041709,0,-1.3896463160941237,-0.5906244509519862,-0.3088210329087011,-0.7613818181695495,0,-0.8544233027901007,-0.42050463416518225,-0.6337682344710585,0,-0.24927706199225286,-0.03395556549724077,-0.19949809875274946,-0.14897435601784625,0,-0.45751093238359,-0.03574933590163454,-0.14521936186256726],"activity":[[0]],"dinucleotide":[],"positionBias":[],"modifications":[]}]},"modelFittingConstraints":{"enrichmentModel":[{}],"nShifts":0,"addBindingModesSequentially":true,"bindingModeInteractions":[],"flankLengths":[0],"singleModeLengthSweep":false,"bindingModes":[{"maxFlankLength":-1,"positionBiasBinWidth":1,"optimizeSizeHeuristic":false,"maxSize":-1,"optimizeFlankLength":false,"symmetryString":"null","roundSpecificActivity":true,"informationThreshold":0.1,"optimizeMotifShift":false,"fittingStages":[],"optimizeMotifShiftHeuristic":false,"experimentSpecificPositionBias":true,"minSize":-1,"experimentSpecificActivity":true,"optimizeSize":false}]}}
