{"modelSettings":{"letterOrder":"ACGTN","bindingModeInteractions":[],"bindingModes":[{"size":12,"fitLogActivity":true,"flankLength":0,"dinucleotideDistance":0,"componentName":"Binding mode 2","positionBias":false,"singleStrand":false,"modifications":[]}],"letterComplement":"C-G,A-T,N-N"},"coefficients":{"bindingModeInteractions":[],"bindingModes":[{"mononucleotide":[-0.1940780748072397,-1.3201915533595574,-1.0466625305134434,0,-0.49356489149977023,-0.6785362900157139,-7.8012091701396E-4,0,-0.7222942830749659,-0.2902800952040394,0,-2.206619626594703,-2.1517888878351474,-2.9175927510073105,-1.1391126570969525,0,-1.166193217528786,-1.7745140024570165,-2.3420280068505024,-0.9306121622800534,-2.174900417844637,-1.9959939955576298,-2.069377197324731,0,-1.0672863204060161,0,-1.7190674597911177,-0.9255033409322122,-0.3633929302281613,-0.5661277052297919,0,-0.11980329068907825,-0.18471450216276342,-0.22560162861140576,-0.1288360135816272,-2.015621086758845,0,-1.9412784622138146,-2.226588723571121,-1.060844188946747,0,-1.9267924469283206,-2.2293645673310056,-1.9979824015965961,-1.0578399626593944,-1.3403592851006343,-1.9732362292830665,-1.0847874982902237,0,-0.8331385495120729,-2.5679909249091923,-2.2979523544051306,-2.205520461189197,0,-1.133710870243816,-0.9438014427681245,-0.1524667876968535,0,-0.49692085441368583,-0.336825312068351],"activity":[[0]],"dinucleotide":[],"positionBias":[],"modifications":[]}]},"modelFittingConstraints":{"enrichmentModel":[{}],"nShifts":0,"addBindingModesSequentially":true,"bindingModeInteractions":[],"flankLengths":[0],"singleModeLengthSweep":false,"bindingModes":[{"maxFlankLength":-1,"positionBiasBinWidth":1,"optimizeSizeHeuristic":false,"maxSize":-1,"optimizeFlankLength":false,"symmetryString":"null","roundSpecificActivity":true,"informationThreshold":0.1,"optimizeMotifShift":false,"fittingStages":[],"optimizeMotifShiftHeuristic":false,"experimentSpecificPositionBias":true,"minSize":-1,"experimentSpecificActivity":true,"optimizeSize":false}]}}
