{"modelSettings":{"letterOrder":"ACGTN","bindingModeInteractions":[],"bindingModes":[{"size":14,"fitLogActivity":true,"flankLength":0,"dinucleotideDistance":0,"componentName":"Binding mode 1","positionBias":false,"singleStrand":false,"modifications":[]}],"letterComplement":"C-G,A-T,N-N"},"coefficients":{"bindingModeInteractions":[],"bindingModes":[{"mononucleotide":[-0.3421632934864025,-0.2960012895358286,-0.04270559658670603,0,-0.15893356115128965,-0.37845285187044464,-0.14150357399256208,0,-0.1794670980549551,-0.16585159922889717,0,-0.9299577788835585,-1.18604358723681,-0.5421607442322247,-0.5614664625475091,-0.28918338916791964,-1.4379105779355261,-1.3532264778311367,0,-0.5777209862132922,-1.7701560086851842,-1.5574252000731765,0,-0.5984950091792025,-0.7284518928017917,-0.07952481012427359,0,-1.1627382308363106,-1.0167931152221854,-0.43157659771423695,-2.950046645735645,0,-2.5886276774443013,-2.734569461910298,-1.210341139617362,-2.749654973895028,0,-2.5007903985466795,-2.9616091732944794,-1.2058865804300807,0,-2.110155247015504,-1.8897425708356974,-0.376402302285225,-0.7140358286405127,-3.364494411899117,-2.5224364688275545,-2.3975031617612803,0,-1.1991610269435993,0,-2.370877456009273,-2.269530771968343,-1.7847782507199823,-1.0754376475195633,-2.236084694034144,-2.535681134954432,-2.414137076799693,0,-1.1429338541429048,0,-2.1545284931208384,-2.213732591105585,-1.082685358539159,-0.9390895293459398,-0.4685408612107387,-1.8071933062401735,-1.8095468363043743,0,-0.7165400098028679],"activity":[[0]],"dinucleotide":[],"positionBias":[],"modifications":[]}]},"modelFittingConstraints":{"enrichmentModel":[{}],"nShifts":0,"addBindingModesSequentially":true,"bindingModeInteractions":[],"flankLengths":[0],"singleModeLengthSweep":false,"bindingModes":[{"maxFlankLength":-1,"positionBiasBinWidth":1,"optimizeSizeHeuristic":false,"maxSize":-1,"optimizeFlankLength":false,"symmetryString":"null","roundSpecificActivity":true,"informationThreshold":0.1,"optimizeMotifShift":false,"fittingStages":[],"optimizeMotifShiftHeuristic":false,"experimentSpecificPositionBias":true,"minSize":-1,"experimentSpecificActivity":true,"optimizeSize":false}]}}
