{"modelSettings":{"letterOrder":"ACGTN","bindingModeInteractions":[],"bindingModes":[{"size":12,"fitLogActivity":true,"flankLength":0,"dinucleotideDistance":0,"componentName":"Binding mode 1","positionBias":false,"singleStrand":false,"modifications":[]}],"letterComplement":"C-G,A-T,N-N"},"coefficients":{"bindingModeInteractions":[],"bindingModes":[{"mononucleotide":[-0.19064395190823546,0,-0.23433793119457125,-0.10417055745720116,-0.12823321890423028,-0.10196486011759287,-0.7592454144870189,0,-0.5171797532194065,-0.29864853547165854,0,-1.6813748625757916,-0.7996381959829009,-1.47375767333711,-0.7632088743030406,-0.44958199604168847,-0.8915742544715011,-2.7199980153087635,0,-0.6378168271374143,-3.506952389286206,0,-3.3529331463995002,-4.2819082573410086,-1.3104579921760904,0,-3.1335084752089677,-2.782696554496887,-3.3519414351852777,-1.2548693073660084,-3.1661654993470076,-1.4559993964175058,0,-1.2342004863819342,-0.937514641210297,-1.0672412218955154,0,-2.924213780403255,-2.9344944952175407,-1.014165038579772,-3.0630185516175077,-2.505208360442831,-2.861023990499853,0,-1.2160326451748718,-1.3905029048556758,-3.1692901575361545,0,-2.9601580509268888,-1.0915416741108426,-0.11201935782515804,-0.5695520960725009,-0.22361898715593131,0,-0.20474341159564702,-0.8340869297204199,-0.4086180756779836,-0.41541468723968666,0,-0.37146038268576054],"activity":[[0]],"dinucleotide":[],"positionBias":[],"modifications":[]}]},"modelFittingConstraints":{"enrichmentModel":[{}],"nShifts":0,"addBindingModesSequentially":true,"bindingModeInteractions":[],"flankLengths":[0],"singleModeLengthSweep":false,"bindingModes":[{"maxFlankLength":-1,"positionBiasBinWidth":1,"optimizeSizeHeuristic":false,"maxSize":-1,"optimizeFlankLength":false,"symmetryString":"null","roundSpecificActivity":true,"informationThreshold":0.1,"optimizeMotifShift":false,"fittingStages":[],"optimizeMotifShiftHeuristic":false,"experimentSpecificPositionBias":true,"minSize":-1,"experimentSpecificActivity":true,"optimizeSize":false}]}}
