{"modelSettings":{"letterOrder":"ACGTN","bindingModeInteractions":[],"bindingModes":[{"size":14,"fitLogActivity":true,"flankLength":0,"dinucleotideDistance":0,"componentName":"Binding mode 2","positionBias":false,"singleStrand":false,"modifications":[]}],"letterComplement":"C-G,A-T,N-N"},"coefficients":{"bindingModeInteractions":[],"bindingModes":[{"mononucleotide":[-0.4288642818713768,0,-0.4218872782754399,-0.18677954300615607,-0.2431285267145255,-1.2414470468673162,-2.2793948332553144,-2.149356157693612,0,-0.9755955911809734,0,-2.259635030193879,-0.530522509523939,-1.3801591606481258,-0.7214311321078438,0,-0.32893222613937745,-2.520044818174541,-2.3614427918401573,-0.7473753644415639,-0.553816948374493,-1.7734477065615604,-1.770940430570061,0,-0.7367483250944131,-0.4412492931103973,-0.6109544316226936,-0.8986318702613776,0,-0.433405143867189,-0.4841421425368697,-0.9641548192262999,0,-0.21213254618168165,-0.35439596463099604,0,-1.400449948527906,-0.7818353400670057,-2.42746153654699,-0.8027879101185973,0,-2.462063675654165,-2.340846350970999,-2.7941460668176843,-1.1690304183908635,-3.6367999864422274,-3.560780404572175,-4.278737349249003,0,-1.319932555486647,-1.696692094067961,-2.4181317908746225,-2.799649890128409,0,-1.098706234566885,0,-2.1777119659704187,-1.9461020587500402,-1.4964189952822782,-0.9942111781591263,-0.04810100188726274,-0.30913312530211634,0,-0.24922769637068498,-0.1431422729073119,-0.45821094102798376,0,-0.007240863288635602,-0.08846169109496227,-0.12201580246866281],"activity":[[0]],"dinucleotide":[],"positionBias":[],"modifications":[]}]},"modelFittingConstraints":{"enrichmentModel":[{}],"nShifts":0,"addBindingModesSequentially":true,"bindingModeInteractions":[],"flankLengths":[0],"singleModeLengthSweep":false,"bindingModes":[{"maxFlankLength":-1,"positionBiasBinWidth":1,"optimizeSizeHeuristic":false,"maxSize":-1,"optimizeFlankLength":false,"symmetryString":"null","roundSpecificActivity":true,"informationThreshold":0.1,"optimizeMotifShift":false,"fittingStages":[],"optimizeMotifShiftHeuristic":false,"experimentSpecificPositionBias":true,"minSize":-1,"experimentSpecificActivity":true,"optimizeSize":false}]}}
