{"modelSettings":{"letterOrder":"ACGTN","bindingModeInteractions":[],"bindingModes":[{"size":12,"fitLogActivity":true,"flankLength":0,"dinucleotideDistance":0,"componentName":"Binding mode 1","positionBias":false,"singleStrand":false,"modifications":[]}],"letterComplement":"C-G,A-T,N-N"},"coefficients":{"bindingModeInteractions":[],"bindingModes":[{"mononucleotide":[0,-0.22859530677537876,-0.017593101855654325,-0.0074288131235045185,-0.05900454766897625,-0.19730226688815478,-0.4113994074626772,0,-0.2880323348057843,-0.21275953237971515,-0.44299848764795513,-1.0269472433530806,0,-2.415009454557201,-0.6493345488510506,-1.694411489856285,-1.313351005794071,-2.0341862612276786,0,-0.9267126156236355,-4.124496392604741,0,-3.2707599909155034,-3.5229833162123203,-1.3059497428859623,0,-2.564155698507049,-3.0459172620337105,-3.1601041017270157,-1.2318938694036439,-3.346997972762818,0,-2.5260156143144155,-1.7568538832304466,-1.1333948451500098,-1.4051175926265875,-2.72255159780096,0,-3.078897326722485,-1.0809774134804226,-2.26325563696469,-2.6249266631208723,-2.3894023956395873,0,-1.1487424401765085,-3.028350400966467,-3.745693532651096,0,-1.0377054576787117,-1.0312238090464083,0,-0.23759338569930577,-0.08831644900889213,-0.2995571431118007,-0.14932960074400464,-0.5522738965245013,-0.26028882355775895,-0.15334375283339163,0,-0.2217997406468994],"activity":[[0]],"dinucleotide":[],"positionBias":[],"modifications":[]}]},"modelFittingConstraints":{"enrichmentModel":[{}],"nShifts":0,"addBindingModesSequentially":true,"bindingModeInteractions":[],"flankLengths":[0],"singleModeLengthSweep":false,"bindingModes":[{"maxFlankLength":-1,"positionBiasBinWidth":1,"optimizeSizeHeuristic":false,"maxSize":-1,"optimizeFlankLength":false,"symmetryString":"null","roundSpecificActivity":true,"informationThreshold":0.1,"optimizeMotifShift":false,"fittingStages":[],"optimizeMotifShiftHeuristic":false,"experimentSpecificPositionBias":true,"minSize":-1,"experimentSpecificActivity":true,"optimizeSize":false}]}}
