{"modelSettings":{"letterOrder":"ACGTN","bindingModeInteractions":[],"bindingModes":[{"size":14,"fitLogActivity":true,"flankLength":0,"dinucleotideDistance":0,"componentName":"Binding mode 1","positionBias":false,"singleStrand":false,"modifications":[]}],"letterComplement":"C-G,A-T,N-N"},"coefficients":{"bindingModeInteractions":[],"bindingModes":[{"mononucleotide":[-1.8826829605629873,0,-1.3228854042762128,-0.5377357278839696,-0.6918399709421059,0,-2.3610386226134104,-1.4897000220887415,-2.24603232496872,-1.0317151042549997,-1.6542514844864291,-1.5835005782615825,-0.7850774613381217,0,-0.7697178827074134,-0.8164410272817131,0,-1.6665387196930874,-2.4753732605056573,-0.846861873563736,-2.0806541612475806,0,-2.0829515387603106,-2.3054825869078712,-1.0868409407348791,-2.220233444813492,0,-1.8202834435609754,-2.2367538049214177,-1.066119754600804,0,-2.3391634162702655,-1.9345827578068713,-2.026311711507282,-1.0695048371335338,-2.210579277945703,-2.2831783553551324,-2.3974401403779417,0,-1.1219726114701118,0,-2.1702932458448654,-1.9201881453657972,-1.9481462027318663,-1.0474951308338305,0,-2.174786930874511,-2.36906876622929,-2.0948422906543582,-1.1008975205339566,-2.018895754635394,-2.1235312438933125,-1.834288686040936,0,-1.0411897603018767,0,-1.8511828412486437,-0.989371060198355,-1.36560148670294,-0.8073865144951662,-0.009311218682898748,-0.012269365040614488,-0.06436459927981719,0,-0.02117239692414333,-0.3143773933667502,-0.2590714062069628,-0.11178373553083265,0,-0.16362279511785074],"activity":[[0]],"dinucleotide":[],"positionBias":[],"modifications":[]}]},"modelFittingConstraints":{"enrichmentModel":[{}],"nShifts":0,"addBindingModesSequentially":true,"bindingModeInteractions":[],"flankLengths":[0],"singleModeLengthSweep":false,"bindingModes":[{"maxFlankLength":-1,"positionBiasBinWidth":1,"optimizeSizeHeuristic":false,"maxSize":-1,"optimizeFlankLength":false,"symmetryString":"null","roundSpecificActivity":true,"informationThreshold":0.1,"optimizeMotifShift":false,"fittingStages":[],"optimizeMotifShiftHeuristic":false,"experimentSpecificPositionBias":true,"minSize":-1,"experimentSpecificActivity":true,"optimizeSize":false}]}}
