{"modelSettings":{"letterOrder":"ACGTN","bindingModeInteractions":[],"bindingModes":[{"size":10,"fitLogActivity":true,"flankLength":0,"dinucleotideDistance":0,"componentName":"Binding mode 1","positionBias":false,"singleStrand":false,"modifications":[]}],"letterComplement":"C-G,A-T,N-N"},"coefficients":{"bindingModeInteractions":[],"bindingModes":[{"mononucleotide":[-1.053165933213437,-0.8867422172000996,0,-0.7508770122444313,-0.5830469842116601,-0.5282189762948111,-0.6234127418891129,0,-1.0909549153806237,-0.4854578273701216,-3.43889547283922,0,-3.4580986351397964,-2.6878721724623627,-1.26264834052729,0,-3.4469301528410607,-2.002181033043031,-3.237704851593937,-1.1988712064541636,-2.9627736563550466,0,-3.035145103903811,-2.7599908896147194,-1.2352610314860355,-2.492611788050955,-3.0164055645754604,0,-2.915281787808884,-1.2158266073477362,-2.2252858564304403,-1.106470024728349,-3.0121828148878964,0,-0.9888983309505797,-1.6498007402208796,-2.3069054919048733,0,-1.6981610863850967,-0.9978554836989296,-0.620575179497191,-0.7694816534371798,-0.6186349875691439,0,-0.4543005766601703,-0.5459832921391383,0,-0.6197149657804699,-0.3750969622491036,-0.35503616510485686],"activity":[[0]],"dinucleotide":[],"positionBias":[],"modifications":[]}]},"modelFittingConstraints":{"enrichmentModel":[{}],"nShifts":0,"addBindingModesSequentially":true,"bindingModeInteractions":[],"flankLengths":[0],"singleModeLengthSweep":false,"bindingModes":[{"maxFlankLength":-1,"positionBiasBinWidth":1,"optimizeSizeHeuristic":false,"maxSize":-1,"optimizeFlankLength":false,"symmetryString":"null","roundSpecificActivity":true,"informationThreshold":0.1,"optimizeMotifShift":false,"fittingStages":[],"optimizeMotifShiftHeuristic":false,"experimentSpecificPositionBias":true,"minSize":-1,"experimentSpecificActivity":true,"optimizeSize":false}]}}
