{"modelSettings":{"letterOrder":"ACGTN","bindingModeInteractions":[],"bindingModes":[{"size":10,"fitLogActivity":true,"flankLength":0,"dinucleotideDistance":0,"componentName":"Binding mode 1","positionBias":false,"singleStrand":false,"modifications":[]}],"letterComplement":"C-G,A-T,N-N"},"coefficients":{"bindingModeInteractions":[],"bindingModes":[{"mononucleotide":[-0.23724647013360034,-0.013127379007052742,0,-0.4243871969286075,-0.15375573327676395,-0.5873335521440359,0,-0.06333511260222524,-0.9446972079044476,-0.32738195568334105,-1.5697457579081826,-0.7631295526285102,-2.077704407764748,0,-0.7987740975398859,0,-0.24794454643121,-1.3324599370253298,-1.4875279698335766,-0.5664435390179821,0,-2.521240558628518,-1.2386738860438165,-2.9205698234295285,-1.0328027463257556,-2.749054591038756,-2.6292307545495204,-1.742505931848369,0,-1.1153490452113197,-2.6425980448483255,-0.41204966526482556,-2.1212286364678308,0,-0.7692986117540802,0,-1.8740390501073154,-0.5054244700373456,-1.5806253665732166,-0.7120251573543316,0,-0.39687252857095023,-0.3309148058992193,-0.6639263332140453,-0.31968471247769736,-0.17724798520513207,0,-0.12013917094075754,-0.037603393704063404,-0.08135542942070194],"activity":[[0]],"dinucleotide":[],"positionBias":[],"modifications":[]}]},"modelFittingConstraints":{"enrichmentModel":[{}],"nShifts":0,"addBindingModesSequentially":true,"bindingModeInteractions":[],"flankLengths":[0],"singleModeLengthSweep":false,"bindingModes":[{"maxFlankLength":-1,"positionBiasBinWidth":1,"optimizeSizeHeuristic":false,"maxSize":-1,"optimizeFlankLength":false,"symmetryString":"null","roundSpecificActivity":true,"informationThreshold":0.1,"optimizeMotifShift":false,"fittingStages":[],"optimizeMotifShiftHeuristic":false,"experimentSpecificPositionBias":true,"minSize":-1,"experimentSpecificActivity":true,"optimizeSize":false}]}}
