{"modelSettings":{"letterOrder":"ACGTN","bindingModeInteractions":[],"bindingModes":[{"size":9,"fitLogActivity":true,"flankLength":0,"dinucleotideDistance":0,"componentName":"Binding mode 2","positionBias":false,"singleStrand":false,"modifications":[]}],"letterComplement":"C-G,A-T,N-N"},"coefficients":{"bindingModeInteractions":[],"bindingModes":[{"mononucleotide":[0,-0.7222748265814771,-0.3316775804664199,-0.34158750216557215,-0.3167655216421864,0,-0.7738184925515981,-0.5792493017408966,-0.42024483208660285,-0.40105488242928616,0,-1.984231341233182,-1.6729968407837381,-0.7374327798547045,-0.7965593938773758,-2.01821017358789,0,-0.6629019461362524,-0.8735703464200357,-0.6608227130711254,0,-2.846461620031755,-2.2263668852281584,-1.7687911292867216,-1.0962339793785731,0,-1.9952660142372587,-2.094571642117777,-1.6350051655787607,-1.0119403466559316,-0.29767967245859744,-1.3943217410046358,-1.437064668998479,0,-0.5851161694527406,0,-0.9640469925849184,-0.1305757515584609,-0.6000321811177929,-0.35391787698476984,-0.18555843227614827,-0.4661372922496028,0,-0.6951354805359176,-0.3020960316674359],"activity":[[0]],"dinucleotide":[],"positionBias":[],"modifications":[]}]},"modelFittingConstraints":{"enrichmentModel":[{}],"nShifts":0,"addBindingModesSequentially":true,"bindingModeInteractions":[],"flankLengths":[0],"singleModeLengthSweep":false,"bindingModes":[{"maxFlankLength":-1,"positionBiasBinWidth":1,"optimizeSizeHeuristic":false,"maxSize":-1,"optimizeFlankLength":false,"symmetryString":"null","roundSpecificActivity":true,"informationThreshold":0.1,"optimizeMotifShift":false,"fittingStages":[],"optimizeMotifShiftHeuristic":false,"experimentSpecificPositionBias":true,"minSize":-1,"experimentSpecificActivity":true,"optimizeSize":false}]}}
