{"modelSettings":{"letterOrder":"ACGTN","bindingModeInteractions":[],"bindingModes":[{"size":14,"fitLogActivity":true,"flankLength":0,"dinucleotideDistance":0,"componentName":"Binding mode 1","positionBias":false,"singleStrand":false,"modifications":[]}],"letterComplement":"C-G,A-T,N-N"},"coefficients":{"bindingModeInteractions":[],"bindingModes":[{"mononucleotide":[-1.080426968698334,0,-0.8248707158120219,-0.9299736968443995,-0.6105049462313528,-1.236661114465928,0,-0.4612541564916146,-0.593089662197742,-0.48067568939205996,-2.5229756613022842,-4.286710043995136,0,-4.045227534934515,-1.280605183339055,-3.829184817144587,-3.142898730238367,-3.60022637987764,0,-1.298098178463515,-1.8333619352493598,-1.2294184685517164,-3.7531086449794766,0,-0.9971059840301933,-0.7640718935243571,-3.005929694327581,0,-1.6936265222974214,-0.8561895985558063,-3.68152206900182,0,-3.313621132804579,-1.654668362994573,-1.160973792985112,-3.8091999927044924,0,-2.5809567263708355,-0.4260299979181008,-0.8261277542056331,0,-2.232444472158361,-2.2245423189822957,-1.5464815039326387,-1.0297542144153278,-0.1541324033202507,-1.1413844224308791,-0.5107091543374356,0,-0.36506541277894555,-1.7113519584538874,-2.3931674632471798,0,-1.9679621145600432,-1.0414978056394304,-0.7845974349331826,-0.8706284224973562,0,-1.5035454223169218,-0.6456282144000377,0,-0.28325580720487586,-0.27632925672149344,-0.3164695972161038,-0.21053359499253024,0,-0.6432934067278975,-0.4465211594811631,-0.4283606256815773,-0.3506270868218094],"activity":[[0]],"dinucleotide":[],"positionBias":[],"modifications":[]}]},"modelFittingConstraints":{"enrichmentModel":[{}],"nShifts":0,"addBindingModesSequentially":true,"bindingModeInteractions":[],"flankLengths":[0],"singleModeLengthSweep":false,"bindingModes":[{"maxFlankLength":-1,"positionBiasBinWidth":1,"optimizeSizeHeuristic":false,"maxSize":-1,"optimizeFlankLength":false,"symmetryString":"null","roundSpecificActivity":true,"informationThreshold":0.1,"optimizeMotifShift":false,"fittingStages":[],"optimizeMotifShiftHeuristic":false,"experimentSpecificPositionBias":true,"minSize":-1,"experimentSpecificActivity":true,"optimizeSize":false}]}}
