{"modelSettings":{"letterOrder":"ACGTN","bindingModeInteractions":[],"bindingModes":[{"size":12,"fitLogActivity":true,"flankLength":0,"dinucleotideDistance":0,"componentName":"Binding mode 1","positionBias":false,"singleStrand":false,"modifications":[]}],"letterComplement":"C-G,A-T,N-N"},"coefficients":{"bindingModeInteractions":[],"bindingModes":[{"mononucleotide":[-0.1331933735618822,-0.04888490675514179,0,-0.052142897972848434,-0.05742262947932064,0,-0.3994540882186799,-0.2974739669728348,-0.36542664986279716,-0.25254708742034876,-0.1382043205690362,-0.9266304695351191,0,-0.8941901312601845,-0.4020665929044356,-0.0720520922405341,-1.9776319810111516,0,-1.8790545586222582,-0.5880606553724745,-2.1338586901741254,-2.8264112491662807,0,-2.005653824092483,-1.1146068336320962,-1.6169048017151781,-3.1302251163210166,0,-1.2658888654927036,-0.9648189871532238,-2.362077825135751,-2.3513673437064497,-1.873005015105024,0,-1.0912958937791752,-2.0296435857025656,0,-1.8374906047014345,-1.4821624190816762,-0.9690688295096094,0,-2.4004322371516924,-0.6831989341523448,-3.5897650919690545,-0.9018440201426269,0,-0.6273380142561682,-0.6400724800957063,-0.37212220492230985,-0.3744986851750334,0,-0.5774106815048046,-0.39706083824148397,-0.8467319948282359,-0.4070449298988543,-0.33234026666513294,-0.6152280516363198,0,-0.4860686399154046,-0.33100704671247727],"activity":[[0]],"dinucleotide":[],"positionBias":[],"modifications":[]}]},"modelFittingConstraints":{"enrichmentModel":[{}],"nShifts":0,"addBindingModesSequentially":true,"bindingModeInteractions":[],"flankLengths":[0],"singleModeLengthSweep":false,"bindingModes":[{"maxFlankLength":-1,"positionBiasBinWidth":1,"optimizeSizeHeuristic":false,"maxSize":-1,"optimizeFlankLength":false,"symmetryString":"null","roundSpecificActivity":true,"informationThreshold":0.1,"optimizeMotifShift":false,"fittingStages":[],"optimizeMotifShiftHeuristic":false,"experimentSpecificPositionBias":true,"minSize":-1,"experimentSpecificActivity":true,"optimizeSize":false}]}}
