{"modelSettings":{"letterOrder":"ACGTN","bindingModeInteractions":[],"bindingModes":[{"size":13,"fitLogActivity":true,"flankLength":0,"dinucleotideDistance":0,"componentName":"Binding mode 1","positionBias":false,"singleStrand":false,"modifications":[]}],"letterComplement":"C-G,A-T,N-N"},"coefficients":{"bindingModeInteractions":[],"bindingModes":[{"mononucleotide":[0,-0.1338729591233595,-0.14841890691024495,-0.2001662311569915,-0.11783641752342135,0,-0.15386831479941676,-0.2540116660679751,-0.1218431341864753,-0.12830083864731343,-0.10970009207316778,-0.3796275359921707,-0.3179185831590966,0,-0.18998654478982746,-0.3509501694797582,-1.4116126893129939,-1.086615666647005,0,-0.5598736346186374,-2.5769417756167283,-1.3114938279884967,-4.071767799754466,0,-1.0769946837432234,0,-1.5316373537185803,-1.1570553488769655,-1.4684011953008278,-0.8204775843422216,0,-4.831278636535236,-3.4798172326078736,-2.85905140698015,-1.2945245602883442,-2.987888480898357,-3.277695016441548,-4.315182085313015,0,-1.2896460433847905,-0.56665488314511,-0.9582724508311184,-0.19773466949410456,0,-0.3668830014351788,0,-0.8993052141912647,-0.34320262925319633,-1.2439759661478187,-0.5089180319664149,-0.7769444634954636,0,-0.1526373411549743,-0.5705113200473501,-0.3272943252545261,-0.33463159066921044,-0.030382431600338933,0,-0.10489594293125826,-0.10923067278977393,-0.30279125758858827,-0.06259719052004131,-0.26734466429388193,0,-0.1498105327490622],"activity":[[0]],"dinucleotide":[],"positionBias":[],"modifications":[]}]},"modelFittingConstraints":{"enrichmentModel":[{}],"nShifts":0,"addBindingModesSequentially":true,"bindingModeInteractions":[],"flankLengths":[0],"singleModeLengthSweep":false,"bindingModes":[{"maxFlankLength":-1,"positionBiasBinWidth":1,"optimizeSizeHeuristic":false,"maxSize":-1,"optimizeFlankLength":false,"symmetryString":"null","roundSpecificActivity":true,"informationThreshold":0.1,"optimizeMotifShift":false,"fittingStages":[],"optimizeMotifShiftHeuristic":false,"experimentSpecificPositionBias":true,"minSize":-1,"experimentSpecificActivity":true,"optimizeSize":false}]}}
