{"modelSettings":{"letterOrder":"ACGTN","bindingModeInteractions":[],"bindingModes":[{"size":13,"fitLogActivity":true,"flankLength":0,"dinucleotideDistance":0,"componentName":"Binding mode 1","positionBias":false,"singleStrand":false,"modifications":[]}],"letterComplement":"C-G,A-T,N-N"},"coefficients":{"bindingModeInteractions":[],"bindingModes":[{"mononucleotide":[-0.4559040131385004,-0.20028752850713083,0,-0.2137952491963162,-0.20460282174993344,-0.18366332026288035,0,-0.47765628010313144,-0.15917063220390837,-0.19076647982283274,-2.94818654290878,-2.1241061764243616,-4.029617644074146,0,-1.2125464505173196,0,-2.3805459110037894,-2.075501124584811,-2.6183116092361534,-1.1309396237037004,0,-3.518050056066971,-3.211286209684392,-4.0994031029740094,-1.303291866717495,-2.7690810905686343,-2.353318606711108,-2.2094583618704604,0,-1.1492219573378442,-1.5889314604453604,-0.9346471033918977,-1.095843260507771,0,-0.7281912718594713,-0.08511778045255891,-0.8676897025179224,0,-0.5887293992675575,-0.32387703131850776,-0.03147659214996601,-0.4438439618696499,0,-0.852065697875191,-0.275387266440996,0,-0.27964799912775895,-0.37569610897195815,-0.38043147358559626,-0.24640346328895138,-0.3923478841382835,-0.5823887376673165,-0.48619498702328645,0,-0.33932859184037467,-0.011984484837706866,-0.3078081890812272,-0.11689532723599871,0,-0.10180527281784588,0,-0.6032755214112608,-0.09330780150977969,-0.15898215438540975,-0.18906174366525944],"activity":[[0]],"dinucleotide":[],"positionBias":[],"modifications":[]}]},"modelFittingConstraints":{"enrichmentModel":[{}],"nShifts":0,"addBindingModesSequentially":true,"bindingModeInteractions":[],"flankLengths":[0],"singleModeLengthSweep":false,"bindingModes":[{"maxFlankLength":-1,"positionBiasBinWidth":1,"optimizeSizeHeuristic":false,"maxSize":-1,"optimizeFlankLength":false,"symmetryString":"null","roundSpecificActivity":true,"informationThreshold":0.1,"optimizeMotifShift":false,"fittingStages":[],"optimizeMotifShiftHeuristic":false,"experimentSpecificPositionBias":true,"minSize":-1,"experimentSpecificActivity":true,"optimizeSize":false}]}}
