{"modelSettings":{"letterOrder":"ACGTN","bindingModeInteractions":[],"bindingModes":[{"size":12,"fitLogActivity":true,"flankLength":0,"dinucleotideDistance":0,"componentName":"Binding mode 1","positionBias":false,"singleStrand":false,"modifications":[]}],"letterComplement":"C-G,A-T,N-N"},"coefficients":{"bindingModeInteractions":[],"bindingModes":[{"mononucleotide":[-0.6952937972189224,-0.03149105823370757,-1.5357225090342421,0,-0.3992739842790255,0,-0.053751575331862256,-0.5060710142496099,-0.8572973990817632,-0.2961060120922216,0,-2.2857034948553308,-2.2437636344274194,-2.077357842887028,-1.0988459583263492,-2.6185011962852283,-2.3182547367564865,-2.566090732652853,0,-1.1645977445943216,-2.048323177948716,0,-2.314291312808555,-1.9803400309017987,-1.074547103975096,0,-1.1698214577088217,-1.2442117890972133,-1.6217908988604464,-0.8006572741826411,0,-2.0196304829648346,-1.8583503611069425,-2.4511741326677994,-1.0679668457061868,-2.3255383354649357,-2.636674679993453,-2.6637072558094044,0,-1.171974288539102,-2.571401660101622,0,-2.6849081610085266,-2.2889634059104003,-1.1663340373859767,0,-2.696831088679601,-2.187540306204699,-1.4276816249265325,-1.0360068810095318,-0.8104640699211778,-0.7663742618238096,-1.9398372275810305,0,-0.6669562319521251,-0.12026237775304915,-0.10441517064221228,-0.6431255697813558,0,-0.18838413326323858],"activity":[[0]],"dinucleotide":[],"positionBias":[],"modifications":[]}]},"modelFittingConstraints":{"enrichmentModel":[{}],"nShifts":0,"addBindingModesSequentially":true,"bindingModeInteractions":[],"flankLengths":[0],"singleModeLengthSweep":false,"bindingModes":[{"maxFlankLength":-1,"positionBiasBinWidth":1,"optimizeSizeHeuristic":false,"maxSize":-1,"optimizeFlankLength":false,"symmetryString":"null","roundSpecificActivity":true,"informationThreshold":0.1,"optimizeMotifShift":false,"fittingStages":[],"optimizeMotifShiftHeuristic":false,"experimentSpecificPositionBias":true,"minSize":-1,"experimentSpecificActivity":true,"optimizeSize":false}]}}
