{"modelSettings":{"letterOrder":"ACGTN","bindingModeInteractions":[],"bindingModes":[{"size":13,"fitLogActivity":true,"flankLength":0,"dinucleotideDistance":0,"componentName":"Binding mode 1","positionBias":false,"singleStrand":false,"modifications":[]}],"letterComplement":"C-G,A-T,N-N"},"coefficients":{"bindingModeInteractions":[],"bindingModes":[{"mononucleotide":[-0.468934573773069,-0.38268940461865153,0,-0.6890246541150038,-0.3531957409142144,-0.6023816206224106,-0.05681841550832889,-1.5361960296683916,0,-0.3902797812895305,-0.24039611463943444,0,-1.7131624793286617,-1.149943900308572,-0.560687674082152,0,-2.4262921949566456,-0.9817538547829407,-2.3981188242678764,-0.9455225570775094,-2.9235722008227434,-2.691749933291776,-2.691707950812238,0,-1.2129557586952602,0,-0.487641453595379,-1.5513420858537303,-1.117730886346834,-0.6194055205579195,0,-0.991458951096579,-1.577758812295107,-1.6400191927898353,-0.8144967661068916,0,-1.558311424836071,-1.5644970954667619,-2.3824590901442253,-0.9728560176823808,-2.6773803865117687,-3.4618359922170407,-2.6938805457701767,0,-1.23122997588897,-2.7079721711896525,0,-3.673211313597742,-1.7702907780642825,-1.1533191996406975,0,-3.3007768722670066,-2.506745756304571,-2.064482284346318,-1.166940682242877,-0.7594001634274195,-0.7853405235147726,-1.7763331512783527,0,-0.6476151295687108,-0.2151794553274815,-0.07827329167360286,-0.5063281927811927,0,-0.1821776891108408],"activity":[[0]],"dinucleotide":[],"positionBias":[],"modifications":[]}]},"modelFittingConstraints":{"enrichmentModel":[{}],"nShifts":0,"addBindingModesSequentially":true,"bindingModeInteractions":[],"flankLengths":[0],"singleModeLengthSweep":false,"bindingModes":[{"maxFlankLength":-1,"positionBiasBinWidth":1,"optimizeSizeHeuristic":false,"maxSize":-1,"optimizeFlankLength":false,"symmetryString":"null","roundSpecificActivity":true,"informationThreshold":0.1,"optimizeMotifShift":false,"fittingStages":[],"optimizeMotifShiftHeuristic":false,"experimentSpecificPositionBias":true,"minSize":-1,"experimentSpecificActivity":true,"optimizeSize":false}]}}
