{"modelSettings":{"letterOrder":"ACGTN","bindingModeInteractions":[],"bindingModes":[{"size":15,"fitLogActivity":true,"flankLength":0,"dinucleotideDistance":0,"componentName":"Binding mode 1","positionBias":false,"singleStrand":false,"modifications":[]}],"letterComplement":"C-G,A-T,N-N"},"coefficients":{"bindingModeInteractions":[],"bindingModes":[{"mononucleotide":[0,-0.4839613178669122,-0.04064905156293186,-0.3539830736939926,-0.19894193427736465,0,-0.6254027826421744,-0.07680859394437611,-0.2620340049085037,-0.21362715543476987,0,-1.903024985045116,-0.8201945258556567,-0.778105236504814,-0.6690702437141701,-1.5175924804794665,-2.1338845104433766,-2.390326427155434,0,-1.0291687266053204,-1.9387178137011691,-3.0487706878185983,0,-2.4477502349353206,-1.1411596398026171,0,-2.2904501414174723,-2.795899909901848,-1.8811968688811032,-1.1126947017252895,-2.1716857847838735,-1.760395471869149,-2.0181839245093975,0,-1.0364415205054802,-1.879493770163922,-1.2440796221356578,-1.1732306889063153,0,-0.8265418535411075,-1.7903511523654316,-2.579486952626009,0,-1.9095983672051116,-1.0563761886515388,0,-2.2885798439698055,-2.282307513383035,-2.22270378796674,-1.114913419874903,-2.3231499103255637,-2.38101108141834,-2.0233539384362444,0,-1.1066700198861914,-0.9996004289179439,-0.29994372238391076,-0.013732181044697533,0,-0.25642631179347297,0,-1.4545613056840683,-0.12706201396074146,-0.9713738769331304,-0.4729100822718558,-0.3485855504622011,0,-0.04219565700911776,-0.3959223941506469,-0.181094312985078,-0.4244105390876012,-0.20920754168179645,-0.42602897635355497,0,-0.24894880413266063],"activity":[[0]],"dinucleotide":[],"positionBias":[],"modifications":[]}]},"modelFittingConstraints":{"enrichmentModel":[{}],"nShifts":0,"addBindingModesSequentially":true,"bindingModeInteractions":[],"flankLengths":[0],"singleModeLengthSweep":false,"bindingModes":[{"maxFlankLength":-1,"positionBiasBinWidth":1,"optimizeSizeHeuristic":false,"maxSize":-1,"optimizeFlankLength":false,"symmetryString":"null","roundSpecificActivity":true,"informationThreshold":0.1,"optimizeMotifShift":false,"fittingStages":[],"optimizeMotifShiftHeuristic":false,"experimentSpecificPositionBias":true,"minSize":-1,"experimentSpecificActivity":true,"optimizeSize":false}]}}
