{"modelSettings":{"letterOrder":"ACGTN","bindingModeInteractions":[],"bindingModes":[{"size":15,"fitLogActivity":true,"flankLength":0,"dinucleotideDistance":0,"componentName":"Binding mode 1","positionBias":false,"singleStrand":false,"modifications":[]}],"letterComplement":"C-G,A-T,N-N"},"coefficients":{"bindingModeInteractions":[],"bindingModes":[{"mononucleotide":[-0.07696650399325211,-0.3024601038863297,0,-0.28153089506871254,-0.15678643884015406,-0.3722586180114895,-0.2794409442736976,0,-0.6974541470678739,-0.3067855479041511,-0.7864394071074772,-0.13005244337033073,-1.5358510512553494,0,-0.4506774215702129,-0.38988971698614083,0,-1.642516620839781,-1.0482920632441663,-0.5882647973420428,0,-2.2656349007606034,-1.1535005114678851,-2.3522266409411445,-0.971241036748227,-2.585382315264118,-2.6886827097983543,-2.79184872753635,0,-1.200109074028433,0,-1.79788869373618,-2.8422057488111863,-1.5571953565058418,-1.0253584967769926,0,-2.6443978782197464,-2.722871839368393,-2.0092322591156178,-1.1466276345584103,0,-1.9297515213075824,-2.403922664066976,-1.9297621257206679,-1.063682166164744,-2.0526984510717687,-2.7189678251987877,-2.1451008860686214,0,-1.1152090069737124,-1.5327690653380852,0,-2.535023609567796,-0.931192975633242,-0.8619919340071219,0,-2.3429649425610393,-1.9767578557919236,-1.340475652469058,-0.9833115245740729,-0.7970914284648387,-0.3991122804230587,-1.2480279130803726,0,-0.5072389364638223,-0.15652966257840184,0,-0.27404019200012986,-0.1296052126426721,-0.13529012983526237,-0.22047400386059568,0,-0.22575107078592094,-0.050457707900905646,-0.11910753787605406],"activity":[[0]],"dinucleotide":[],"positionBias":[],"modifications":[]}]},"modelFittingConstraints":{"enrichmentModel":[{}],"nShifts":0,"addBindingModesSequentially":true,"bindingModeInteractions":[],"flankLengths":[0],"singleModeLengthSweep":false,"bindingModes":[{"maxFlankLength":-1,"positionBiasBinWidth":1,"optimizeSizeHeuristic":false,"maxSize":-1,"optimizeFlankLength":false,"symmetryString":"null","roundSpecificActivity":true,"informationThreshold":0.1,"optimizeMotifShift":false,"fittingStages":[],"optimizeMotifShiftHeuristic":false,"experimentSpecificPositionBias":true,"minSize":-1,"experimentSpecificActivity":true,"optimizeSize":false}]}}
