{"modelSettings":{"letterOrder":"ACGTN","bindingModeInteractions":[],"bindingModes":[{"size":12,"fitLogActivity":true,"flankLength":0,"dinucleotideDistance":0,"componentName":"Binding mode 1","positionBias":false,"singleStrand":false,"modifications":[]}],"letterComplement":"C-G,A-T,N-N"},"coefficients":{"bindingModeInteractions":[],"bindingModes":[{"mononucleotide":[0,-0.9761345319070331,-0.49329624725542054,-0.7249605697279344,-0.4813806320156129,-0.7752790612807487,-1.167954900362619,-1.1942527615549299,0,-0.6565704465808603,-0.8260341946383001,-1.421156397211261,0,-0.9941028702178363,-0.6688097770067869,0,-1.4598347129566145,-1.9903848382458396,-0.38737356867913153,-0.6695503150907663,-2.2816310083331715,-3.135268327106308,-2.265948144906413,0,-1.1636811625730876,-2.9105294897024936,-2.897434873709031,-3.749710486571215,0,-1.2613053585153058,-1.1503931367984483,-2.9315703762804857,-0.9286583005643276,0,-0.8181952296054428,0,-2.827693394196792,-3.2646197517469906,-2.7766276477782523,-1.2382117675925683,-1.9021559761004445,-0.7335619113897556,-2.3417029584301217,0,-0.8407162056321493,-0.8727885411373775,-2.330402842778051,0,-0.4074845328823855,-0.6068028858106019,0,-1.7537663330729432,-0.10339859792567907,-1.0256051696058002,-0.49697714913657476,-1.1777543702722229,0,-0.700823894707403,-0.577412963713348,-0.5253072254305534],"activity":[[0]],"dinucleotide":[],"positionBias":[],"modifications":[]}]},"modelFittingConstraints":{"enrichmentModel":[{}],"nShifts":0,"addBindingModesSequentially":true,"bindingModeInteractions":[],"flankLengths":[0],"singleModeLengthSweep":false,"bindingModes":[{"maxFlankLength":-1,"positionBiasBinWidth":1,"optimizeSizeHeuristic":false,"maxSize":-1,"optimizeFlankLength":false,"symmetryString":"null","roundSpecificActivity":true,"informationThreshold":0.1,"optimizeMotifShift":false,"fittingStages":[],"optimizeMotifShiftHeuristic":false,"experimentSpecificPositionBias":true,"minSize":-1,"experimentSpecificActivity":true,"optimizeSize":false}]}}
