{"modelSettings":{"letterOrder":"ACGTN","bindingModeInteractions":[],"bindingModes":[{"size":14,"fitLogActivity":true,"flankLength":0,"dinucleotideDistance":0,"componentName":"Binding mode 1","positionBias":false,"singleStrand":false,"modifications":[]}],"letterComplement":"C-G,A-T,N-N"},"coefficients":{"bindingModeInteractions":[],"bindingModes":[{"mononucleotide":[-0.4111800022792078,-0.3083650774554556,0,-0.6820448618355428,-0.3205163462034547,-0.2598367327301325,0,-0.9399927789512237,-0.02917679773316806,-0.24428647246546747,0,-0.029134561526332092,-0.9848537629580001,-0.5801053115685484,-0.3199921307247232,0,-1.5503291747872545,-0.779005829636878,-1.4252023160148095,-0.7384061394641558,-1.8716928136345907,-1.4188245194048754,-1.3016560642245736,0,-0.8747037518085564,0,-0.22686019298250493,-0.5344746782958207,-0.9268994205006198,-0.36427942953795106,0,-1.632833751542135,-0.8725784748732615,-2.394063743968854,-0.8530190818807568,0,-0.777974625235359,-2.5799521802238945,-2.609550611616933,-0.9108800084647878,-2.190752339679412,-2.792096972102655,-2.4852227186095814,0,-1.158018300024247,-2.3340359036925067,0,-2.8220835184517834,-1.713561785372213,-1.0961589424915013,0,-2.4369121690378788,-2.198758144091816,-1.7559147117488711,-1.0706661415610792,-0.34619835258482023,-0.5114593413796396,-1.4176257925729807,0,-0.4504831468923765,-0.09566735948691463,-0.0032207213787689426,-0.4790645689981803,0,-0.12643854653803283,-0.2506499023196769,0,-0.44796453047874696,-0.10672168358527312,-0.18753574767487183],"activity":[[0]],"dinucleotide":[],"positionBias":[],"modifications":[]}]},"modelFittingConstraints":{"enrichmentModel":[{}],"nShifts":0,"addBindingModesSequentially":true,"bindingModeInteractions":[],"flankLengths":[0],"singleModeLengthSweep":false,"bindingModes":[{"maxFlankLength":-1,"positionBiasBinWidth":1,"optimizeSizeHeuristic":false,"maxSize":-1,"optimizeFlankLength":false,"symmetryString":"null","roundSpecificActivity":true,"informationThreshold":0.1,"optimizeMotifShift":false,"fittingStages":[],"optimizeMotifShiftHeuristic":false,"experimentSpecificPositionBias":true,"minSize":-1,"experimentSpecificActivity":true,"optimizeSize":false}]}}
