{"modelSettings":{"letterOrder":"ACGTN","bindingModeInteractions":[],"bindingModes":[{"size":15,"fitLogActivity":true,"flankLength":0,"dinucleotideDistance":0,"componentName":"Binding mode 1","positionBias":false,"singleStrand":false,"modifications":[]}],"letterComplement":"C-G,A-T,N-N"},"coefficients":{"bindingModeInteractions":[],"bindingModes":[{"mononucleotide":[0,-0.341598698645881,-0.19260770315497844,-0.36384351365049206,-0.21367639747031306,0,-0.9840093128940808,-0.3830987969639672,-0.518763654512405,-0.41142874960274145,-1.797452455280049,-0.39149629379335416,-2.355195017098608,0,-0.7253398019541066,-0.5817765921164266,0,-1.7445146016492545,-1.4203645771641176,-0.7055942093715667,0,-3.1671955930543954,-2.481183516929363,-3.169125538366928,-1.2311675216551634,-3.2603399143030396,-3.4579113349831427,-3.7241392868266514,0,-1.2964493681339528,-1.629426869301276,-0.6580386667804952,-3.0693964657901676,0,-0.8207776598199092,0,-2.8602892328570233,-2.6645310621841842,-1.7702038498862223,-1.1260997813220255,0,-2.226231680355051,-1.5374665747267988,-1.9981609999699028,-1.0089244539712159,-2.0923476964926424,-2.089028632180125,-2.031058919444807,0,-1.0653702602645125,-1.892971570405873,0,-2.1674016783958656,-1.497329721333072,-0.9883071404758067,0,-2.0844228163449143,-2.0720316991319265,-1.376932302377865,-0.9790574473813604,-0.8969284683397172,-0.6949020905322572,-2.034086714749108,0,-0.6744512579808971,-0.2249403047468288,0,-0.5566756701748954,-0.006817189346024044,-0.17290176455473558,-0.2176545474618239,0,-0.350769173147202,-0.016343642121617208,-0.13572272373770225],"activity":[[0]],"dinucleotide":[],"positionBias":[],"modifications":[]}]},"modelFittingConstraints":{"enrichmentModel":[{}],"nShifts":0,"addBindingModesSequentially":true,"bindingModeInteractions":[],"flankLengths":[0],"singleModeLengthSweep":false,"bindingModes":[{"maxFlankLength":-1,"positionBiasBinWidth":1,"optimizeSizeHeuristic":false,"maxSize":-1,"optimizeFlankLength":false,"symmetryString":"null","roundSpecificActivity":true,"informationThreshold":0.1,"optimizeMotifShift":false,"fittingStages":[],"optimizeMotifShiftHeuristic":false,"experimentSpecificPositionBias":true,"minSize":-1,"experimentSpecificActivity":true,"optimizeSize":false}]}}
