{"modelSettings":{"letterOrder":"ACGTN","bindingModeInteractions":[],"bindingModes":[{"size":12,"fitLogActivity":true,"flankLength":0,"dinucleotideDistance":0,"componentName":"Binding mode 1","positionBias":false,"singleStrand":false,"modifications":[]}],"letterComplement":"C-G,A-T,N-N"},"coefficients":{"bindingModeInteractions":[],"bindingModes":[{"mononucleotide":[-0.4750596950201835,-0.6620824335844517,0,-0.281872266551062,-0.3243480911942138,0,-1.3090435064321237,-0.6100849626162059,-1.7735413299183485,-0.7016261164295762,-3.377517853751483,-2.9056163093836958,-3.6126148575591763,0,-1.2766973335323688,-3.533759403688501,-3.3102951472145072,0,-1.023369919300162,-1.032064892268495,0,-2.1079212141287353,-3.801164055881549,-2.8710931916791633,-1.2035795648438246,-1.549361971643986,-1.5001082616122225,0,-2.55893804317577,-0.9722816741139396,-4.080405812687265,-4.085182044715727,-4.168438619690121,0,-1.338269166955183,-2.9372188462108078,0,-3.8503235522108765,-4.185401194521259,-1.3005737292703496,0,-4.183124955205067,-4.036975329644263,-4.092240041164595,-1.3378820459130067,-2.536708754862575,-0.5965533044038338,-1.8856984777516637,0,-0.8088072608494004,-0.42069007587585183,0,-0.7933567114643836,-0.7256646479606097,-0.43350960787749554,-0.07530077237069932,0,-0.12182067047371703,-0.5890942654172946,-0.17209368320532267],"activity":[[0]],"dinucleotide":[],"positionBias":[],"modifications":[]}]},"modelFittingConstraints":{"enrichmentModel":[{}],"nShifts":0,"addBindingModesSequentially":true,"bindingModeInteractions":[],"flankLengths":[0],"singleModeLengthSweep":false,"bindingModes":[{"maxFlankLength":-1,"positionBiasBinWidth":1,"optimizeSizeHeuristic":false,"maxSize":-1,"optimizeFlankLength":false,"symmetryString":"null","roundSpecificActivity":true,"informationThreshold":0.1,"optimizeMotifShift":false,"fittingStages":[],"optimizeMotifShiftHeuristic":false,"experimentSpecificPositionBias":true,"minSize":-1,"experimentSpecificActivity":true,"optimizeSize":false}]}}
