{"modelSettings":{"letterOrder":"ACGTN","bindingModeInteractions":[],"bindingModes":[{"size":12,"fitLogActivity":true,"flankLength":0,"dinucleotideDistance":0,"componentName":"Binding mode 1","positionBias":false,"singleStrand":false,"modifications":[]}],"letterComplement":"C-G,A-T,N-N"},"coefficients":{"bindingModeInteractions":[],"bindingModes":[{"mononucleotide":[-0.10066273761670441,-0.3148426802232107,-0.1593825291271198,0,-0.1373065765723743,-0.05008130249968712,-0.20627461523697388,0,-0.03200756320278497,-0.06901225647472961,-0.8315406904428064,-0.8122565788099747,-1.102709992989026,0,-0.5927573992802092,-1.799231710394671,-2.075273754472426,-1.9807188929273725,0,-1.029376838917755,-0.7608421863100236,-2.1274777458516656,0,-2.2768177348490113,-0.8621456681701861,-1.7305140898846068,-1.9525173199282584,-2.0374159754658114,0,-1.0150930712245194,-1.654506102170492,-2.1361600186968044,-1.6483521615828876,0,-0.9797227989175253,-1.7721587119294693,-1.7793641720752342,-1.0121061221367516,0,-0.8543941023950458,0,-1.6765956404678866,-1.1863176475214487,-1.1330152076710922,-0.7905319034620176,-1.8456959540247553,0,-1.2609445211946984,-0.42193157056991204,-0.6457482079466573,-0.25150384107575796,-0.2009542455907818,-0.26041778523396886,0,-0.1724772181037928,-0.2071126863826489,-0.23047233329243788,-0.3148835540466042,0,-0.18123405667733167],"activity":[[0]],"dinucleotide":[],"positionBias":[],"modifications":[]}]},"modelFittingConstraints":{"enrichmentModel":[{}],"nShifts":0,"addBindingModesSequentially":true,"bindingModeInteractions":[],"flankLengths":[0],"singleModeLengthSweep":false,"bindingModes":[{"maxFlankLength":-1,"positionBiasBinWidth":1,"optimizeSizeHeuristic":false,"maxSize":-1,"optimizeFlankLength":false,"symmetryString":"null","roundSpecificActivity":true,"informationThreshold":0.1,"optimizeMotifShift":false,"fittingStages":[],"optimizeMotifShiftHeuristic":false,"experimentSpecificPositionBias":true,"minSize":-1,"experimentSpecificActivity":true,"optimizeSize":false}]}}
