{"modelSettings":{"letterOrder":"ACGTN","bindingModeInteractions":[],"bindingModes":[{"size":12,"fitLogActivity":true,"flankLength":0,"dinucleotideDistance":0,"componentName":"Binding mode 1","positionBias":false,"singleStrand":false,"modifications":[]}],"letterComplement":"C-G,A-T,N-N"},"coefficients":{"bindingModeInteractions":[],"bindingModes":[{"mononucleotide":[-0.46495097737533797,0,-0.06255275517482062,-0.09895205526081696,-0.14118473670275142,-0.7647318997513359,-0.6814040169992808,0,-0.3087448385824203,-0.3909214966313695,0,-1.4455039655184265,-0.4397484478414455,-2.3437812905241984,-0.7053261277546051,-3.4201343107785043,-3.271430561131531,-3.4491419394896132,0,-1.2887747831288245,-3.541166263670241,-3.3596880255275057,0,-2.1964057273712356,-1.2250877145913697,0,-3.5223491602473276,-3.7428979316609237,-3.363215790795646,-1.302101123438688,-2.2703053604028405,0,-1.4595372493669956,-1.8168411125184356,-0.9820548131524227,-2.564668680604955,-3.244159676960601,-1.8399539640981004,0,-1.143528016434181,-1.0929540170035423,0,-3.993110566190847,-3.05093201512393,-1.0491210598497067,0,-3.5397895869494684,-2.880954111456881,-3.089530327171204,-1.2635246750360187,-1.659654603807592,-0.556072974031462,-1.0877068399520233,0,-0.6440476983980923,-0.4184721443255679,0,-0.5626590669624125,-0.41178457708892857,-0.3249649795181114],"activity":[[0]],"dinucleotide":[],"positionBias":[],"modifications":[]}]},"modelFittingConstraints":{"enrichmentModel":[{}],"nShifts":0,"addBindingModesSequentially":true,"bindingModeInteractions":[],"flankLengths":[0],"singleModeLengthSweep":false,"bindingModes":[{"maxFlankLength":-1,"positionBiasBinWidth":1,"optimizeSizeHeuristic":false,"maxSize":-1,"optimizeFlankLength":false,"symmetryString":"null","roundSpecificActivity":true,"informationThreshold":0.1,"optimizeMotifShift":false,"fittingStages":[],"optimizeMotifShiftHeuristic":false,"experimentSpecificPositionBias":true,"minSize":-1,"experimentSpecificActivity":true,"optimizeSize":false}]}}
