{"modelSettings":{"letterOrder":"ACGTN","bindingModeInteractions":[],"bindingModes":[{"size":12,"fitLogActivity":true,"flankLength":0,"dinucleotideDistance":0,"componentName":"Binding mode 1","positionBias":false,"singleStrand":false,"modifications":[]}],"letterComplement":"C-G,A-T,N-N"},"coefficients":{"bindingModeInteractions":[],"bindingModes":[{"mononucleotide":[0,-1.10034282799052,-0.5985961980423049,-1.777442604032176,-0.6677672142922076,-2.8715382732491372,-2.378583976233866,-3.039320754323392,0,-1.2063415312800292,-3.273881195728525,-2.7195962097174,0,-0.8699564684713472,-0.9657893552723569,0,-1.4222182657799944,-2.926082319436351,-2.3173182218600115,-1.0546031400155642,-1.5435010889368765,-1.703865978247146,0,-2.704521307583521,-1.006138291626006,-3.9232314746178663,-3.9221146269320393,-4.009136362748726,0,-1.3301736762559513,-2.3666919734931557,0,-3.5737887385486165,-4.001376838527442,-1.2551518123078698,0,-4.287980397731919,-3.6303659310002185,-3.8336161592831353,-1.326262510883289,-2.204569326357456,-0.5031198470382847,-1.3658189016246354,0,-0.7082044884597034,-0.3867075993874227,0,-0.7224492086402492,-0.7485388050181836,-0.41630798355658666,-0.023510791682030074,0,-0.04022581116669777,-0.5194618509066302,-0.12438010365838478,-0.10275107808279671,0,-0.051792512123487455,-0.03823034741517972,-0.047519206773963096],"activity":[[0]],"dinucleotide":[],"positionBias":[],"modifications":[]}]},"modelFittingConstraints":{"enrichmentModel":[{}],"nShifts":0,"addBindingModesSequentially":true,"bindingModeInteractions":[],"flankLengths":[0],"singleModeLengthSweep":false,"bindingModes":[{"maxFlankLength":-1,"positionBiasBinWidth":1,"optimizeSizeHeuristic":false,"maxSize":-1,"optimizeFlankLength":false,"symmetryString":"null","roundSpecificActivity":true,"informationThreshold":0.1,"optimizeMotifShift":false,"fittingStages":[],"optimizeMotifShiftHeuristic":false,"experimentSpecificPositionBias":true,"minSize":-1,"experimentSpecificActivity":true,"optimizeSize":false}]}}
