{"modelSettings":{"letterOrder":"ACGTN","bindingModeInteractions":[],"bindingModes":[{"size":12,"fitLogActivity":true,"flankLength":0,"dinucleotideDistance":0,"componentName":"Binding mode 1","positionBias":false,"singleStrand":false,"modifications":[]}],"letterComplement":"C-G,A-T,N-N"},"coefficients":{"bindingModeInteractions":[],"bindingModes":[{"mononucleotide":[-0.6617428584559413,-0.803777980781188,0,-0.50950433840325,-0.4445779289242656,0,-1.4544711716806606,-0.6289494417491515,-2.4256271227040305,-0.768356788404976,-4.644667101177953,-4.290700510926532,-4.952402057167992,0,-1.3563720599061913,-4.857192516604096,-4.537862724068301,0,-2.3072210844384546,-1.2747476280825718,0,-5.670564771304694,-4.727611216754211,-4.826441473647824,-1.3661893369237004,-3.7442932499377974,0,-3.733348920905355,-2.2444210384171814,-1.2434468833339196,-2.7940608705258807,-4.948249892547906,-1.6086131722662937,0,-1.1485119793200536,-1.437837764601456,0,-4.3550192259596265,-4.420166069515442,-1.1533469980995663,0,-4.37683596715952,-3.143174425850651,-3.864003422993653,-1.3123986672850747,-2.0393790594771453,-0.7208306477275208,-1.26766365776154,0,-0.7455220660547336,-0.3324503731705235,0,-0.6181025458113343,-0.5652227675968415,-0.34801117630529915,-0.23666047469333407,0,-0.12288016969628757,-0.42490044348966194,-0.18408399239873177],"activity":[[0]],"dinucleotide":[],"positionBias":[],"modifications":[]}]},"modelFittingConstraints":{"enrichmentModel":[{}],"nShifts":0,"addBindingModesSequentially":true,"bindingModeInteractions":[],"flankLengths":[0],"singleModeLengthSweep":false,"bindingModes":[{"maxFlankLength":-1,"positionBiasBinWidth":1,"optimizeSizeHeuristic":false,"maxSize":-1,"optimizeFlankLength":false,"symmetryString":"null","roundSpecificActivity":true,"informationThreshold":0.1,"optimizeMotifShift":false,"fittingStages":[],"optimizeMotifShiftHeuristic":false,"experimentSpecificPositionBias":true,"minSize":-1,"experimentSpecificActivity":true,"optimizeSize":false}]}}
