{"modelSettings":{"letterOrder":"ACGTN","bindingModeInteractions":[],"bindingModes":[{"size":12,"fitLogActivity":true,"flankLength":0,"dinucleotideDistance":0,"componentName":"Binding mode 1","positionBias":false,"singleStrand":false,"modifications":[]}],"letterComplement":"C-G,A-T,N-N"},"coefficients":{"bindingModeInteractions":[],"bindingModes":[{"mononucleotide":[-0.4836886945822725,-0.746555793130991,0,-0.2116880359253166,-0.32168070328733356,-2.463580863337455,-2.4359201341905887,0,-2.5407041932633536,-1.1619853837635572,-1.9245997678495126,-2.444101148500727,0,-2.497324510774251,-1.1124248543716093,-1.5193470258141808,-2.2987252365059607,0,-2.175012489684133,-1.0266301403628983,-1.246509633061482,0,-1.556454390800277,-2.106285604291852,-0.9038199818339813,-1.4639288495717686,-1.0739564238196992,-1.0304952962435463,0,-0.7288728423561998,-0.8939765549192025,-0.801606955891768,-0.48210872851863407,0,-0.4800081428289675,0,-0.4537583217465482,-0.05524650464935199,-0.5622765935753442,-0.2384481231844504,-0.004505888177101625,-0.5172524068281064,0,-0.43031293943568194,-0.21011439453809597,-0.6542751378312541,0,-0.9853441966704253,-0.37471561511149076,-0.4382669297542795,-0.5288315771388765,0,-1.1153245586654341,-0.4628759911179623,-0.45154595808755715,-0.19824925188097353,-0.10625763832451263,-0.27254251744272917,0,-0.13903237948521283],"activity":[[0]],"dinucleotide":[],"positionBias":[],"modifications":[]}]},"modelFittingConstraints":{"enrichmentModel":[{}],"nShifts":0,"addBindingModesSequentially":true,"bindingModeInteractions":[],"flankLengths":[0],"singleModeLengthSweep":false,"bindingModes":[{"maxFlankLength":-1,"positionBiasBinWidth":1,"optimizeSizeHeuristic":false,"maxSize":-1,"optimizeFlankLength":false,"symmetryString":"null","roundSpecificActivity":true,"informationThreshold":0.1,"optimizeMotifShift":false,"fittingStages":[],"optimizeMotifShiftHeuristic":false,"experimentSpecificPositionBias":true,"minSize":-1,"experimentSpecificActivity":true,"optimizeSize":false}]}}
