{"modelSettings":{"letterOrder":"ACGTN","bindingModeInteractions":[],"bindingModes":[{"size":18,"fitLogActivity":true,"flankLength":0,"dinucleotideDistance":0,"componentName":"Binding mode 1","positionBias":false,"singleStrand":false,"modifications":[]}],"letterComplement":"C-G,A-T,N-N"},"coefficients":{"bindingModeInteractions":[],"bindingModes":[{"mononucleotide":[-1.1330587865295456,-1.2588161851629511,-1.0674517078265673,0,-0.7185058029831626,0,-1.2460526397323655,-0.31713032538557684,-0.9378838667669847,-0.5077764679929977,-1.5850089564103023,0,-1.693803893341176,-1.3733874175764438,-0.8903716938348119,0,-0.5887013307297995,-0.3273553976969481,-1.036036912183107,-0.4190316980928602,-1.83848729013123,0,-2.328005524767093,-1.5384554168726474,-1.0001749575862728,-0.8864099304560025,-1.0872331234625836,0,-1.935358385812819,-0.747786458669083,0,-0.9290685233868601,-1.5521112333597369,-1.4026727200806892,-0.7696716470419519,-3.2453273016520914,-2.5197829679032555,-3.3772965104760395,0,-1.243430704352372,-1.4763604918008078,-1.4065748074291768,-0.5879265481717262,0,-0.678787530678743,0,-1.1482066415698426,-1.119017340349206,-1.4431594373118255,-0.7550299897204972,0,-1.8300910343879746,-0.22199604227449576,-0.946846773111325,-0.5321854927876005,-1.1521516484033985,-0.7205795936812223,0,-0.21413161690475313,-0.42707113585936946,0,-2.485081607591926,-2.241146094346396,-2.877663947342164,-1.1664190507270324,-3.1228169750506964,-2.1000755423729363,-1.9968873483645009,0,-1.1222105583055915,-2.7325601727176103,0,-2.692852048709371,-2.6492939226666703,-1.2011091901213136,-0.24252178596949925,0,-0.9786554365861964,-0.3386728116786841,-0.3308755140967107,-1.4262306078025837,-0.38896324160862683,-1.2456648752416815,0,-0.5952397476633214,-1.4644895683669663,0,-2.2127935935067438,-1.5234614074465416,-0.9425405554738896],"activity":[[0]],"dinucleotide":[],"positionBias":[],"modifications":[]}]},"modelFittingConstraints":{"enrichmentModel":[{}],"nShifts":0,"addBindingModesSequentially":true,"bindingModeInteractions":[],"flankLengths":[0],"singleModeLengthSweep":false,"bindingModes":[{"maxFlankLength":-1,"positionBiasBinWidth":1,"optimizeSizeHeuristic":false,"maxSize":-1,"optimizeFlankLength":false,"symmetryString":"null","roundSpecificActivity":true,"informationThreshold":0.1,"optimizeMotifShift":false,"fittingStages":[],"optimizeMotifShiftHeuristic":false,"experimentSpecificPositionBias":true,"minSize":-1,"experimentSpecificActivity":true,"optimizeSize":false}]}}
