{"modelSettings":{"letterOrder":"ACGTN","bindingModeInteractions":[],"bindingModes":[{"size":12,"fitLogActivity":true,"flankLength":0,"dinucleotideDistance":0,"componentName":"Binding mode 1","positionBias":false,"singleStrand":false,"modifications":[]}],"letterComplement":"C-G,A-T,N-N"},"coefficients":{"bindingModeInteractions":[],"bindingModes":[{"mononucleotide":[0,-1.0740824888114187,-0.556324975688888,-1.2653552334629712,-0.5991732432627357,-2.7851900168871175,-2.294255536338941,-2.7032984093207917,0,-1.1796558707501519,-1.9787579389720626,-2.9710814522014317,0,-1.0035507191172464,-0.9441346679488106,0,-1.0590709271593006,-3.029981575438434,-1.9950186682257822,-0.9603043467707191,-1.7440154157878567,-1.6978725954792289,0,-2.364651715095909,-1.0134408556261951,-3.3565462189659323,-3.1270144973848195,-3.311461178407135,0,-1.277290368935879,-2.2875392728837145,0,-3.156890491644533,-3.485284370320503,-1.2252655016618743,0,-3.195589637995523,-3.2736368001803102,-3.33863295167638,-1.2780713049806998,-2.3289728084778965,-0.6112245085202304,-1.3368054152879676,0,-0.742986178954634,-0.4065744671867346,0,-0.7298771267015596,-0.6083530039968537,-0.39595712211770967,-0.08952352176261869,0,-0.056613266880205515,-0.36961370941079963,-0.11925453384872603,-0.029613996894324757,-0.06737606170864119,-0.14016807609275617,0,-0.05792685139915754],"activity":[[0]],"dinucleotide":[],"positionBias":[],"modifications":[]}]},"modelFittingConstraints":{"enrichmentModel":[{}],"nShifts":0,"addBindingModesSequentially":true,"bindingModeInteractions":[],"flankLengths":[0],"singleModeLengthSweep":false,"bindingModes":[{"maxFlankLength":-1,"positionBiasBinWidth":1,"optimizeSizeHeuristic":false,"maxSize":-1,"optimizeFlankLength":false,"symmetryString":"null","roundSpecificActivity":true,"informationThreshold":0.1,"optimizeMotifShift":false,"fittingStages":[],"optimizeMotifShiftHeuristic":false,"experimentSpecificPositionBias":true,"minSize":-1,"experimentSpecificActivity":true,"optimizeSize":false}]}}
