{"modelSettings":{"letterOrder":"ACGTN","bindingModeInteractions":[],"bindingModes":[{"size":12,"fitLogActivity":true,"flankLength":0,"dinucleotideDistance":0,"componentName":"Binding mode 1","positionBias":false,"singleStrand":false,"modifications":[]}],"letterComplement":"C-G,A-T,N-N"},"coefficients":{"bindingModeInteractions":[],"bindingModes":[{"mononucleotide":[-0.015683472209551574,0,-0.11525582594559314,-0.11666574510902716,-0.06042443492558142,0,-0.5199613957213449,-0.7218621575878474,-0.596195408188402,-0.4188186941398787,0,-0.836369531855115,-0.09727198628685318,-0.7987420938711258,-0.36007915543183133,0,-1.7882908209627049,-0.48541769352938413,-2.57114979439004,-0.7661838679296984,-2.7757218078238184,-3.4768828575228348,0,-2.6412720929880287,-1.2340209024809525,-2.886417900655939,-3.2722775833773943,0,-1.2777830901381417,-1.06976977709347,-2.4436199977415214,-2.365633790627948,-1.7201452701805167,0,-1.0789745193282143,-2.707781102070877,0,-2.0109560421522943,-1.897947175659768,-1.0858778034346215,0,-2.845187927048987,-1.5358243515169416,-2.7196371677951676,-1.094147155124645,-0.005422356598545619,0,-0.39344726301371047,-0.06738401096486424,-0.10420691391950365,-0.161323740694443,-0.18595163421314975,0,-0.2914668981831987,-0.15417238361676958,0,-0.1951883503001124,-0.013216763167609002,-0.16693788324144343,-0.0899788494840919],"activity":[[0]],"dinucleotide":[],"positionBias":[],"modifications":[]}]},"modelFittingConstraints":{"enrichmentModel":[{}],"nShifts":0,"addBindingModesSequentially":true,"bindingModeInteractions":[],"flankLengths":[0],"singleModeLengthSweep":false,"bindingModes":[{"maxFlankLength":-1,"positionBiasBinWidth":1,"optimizeSizeHeuristic":false,"maxSize":-1,"optimizeFlankLength":false,"symmetryString":"null","roundSpecificActivity":true,"informationThreshold":0.1,"optimizeMotifShift":false,"fittingStages":[],"optimizeMotifShiftHeuristic":false,"experimentSpecificPositionBias":true,"minSize":-1,"experimentSpecificActivity":true,"optimizeSize":false}]}}
