{"modelSettings":{"letterOrder":"ACGTN","bindingModeInteractions":[],"bindingModes":[{"size":15,"fitLogActivity":true,"flankLength":0,"dinucleotideDistance":0,"componentName":"Binding mode 1","positionBias":false,"singleStrand":false,"modifications":[]}],"letterComplement":"C-G,A-T,N-N"},"coefficients":{"bindingModeInteractions":[],"bindingModes":[{"mononucleotide":[-0.19822785962336642,0,-0.03872421157479167,-0.17544083791300658,-0.09946515843379243,-0.26585812538814757,-0.15364770083073775,-0.4116007580187109,0,-0.19640707748804406,-1.4578076072054174,-1.9614768245869314,-3.4470599099535804,0,-1.0460893525207529,0,-3.120418611379794,-2.256022705096653,-1.4390369576197068,-1.059828398184935,0,-4.447667930307871,-4.491420949306937,-4.5377433938323755,-1.353238704689901,-3.294093319905971,-2.172889256792545,-3.6528709435055875,0,-1.223438971359486,-1.7696681078625849,-1.0113052402510023,-1.8728078787477616,0,-0.8628536817789895,0,-0.7176289400614939,-0.6898599984299256,-0.981241462671747,-0.525770285705201,-0.026815310989181107,-0.4889114438227109,0,-1.0649595535787668,-0.3107540415418166,0,-1.7811974307510061,-0.6116751597050856,-1.5688102054971589,-0.7344012330733349,-1.0058932479041847,-1.9665087028286683,-2.0823858988745787,0,-0.8975334416226675,-1.0122957168685698,-0.9703678953721759,-1.6630874917557534,0,-0.7278006206717905,0,-0.9425290607879804,-1.2644369759750296,-0.9174604772044344,-0.6579867251509236,-0.04772073362728335,-0.25668046875739314,-0.21612592403617104,0,-0.1242462850086352,-0.12780951118040917,-0.17834004981213525,-0.25375020389560543,0,-0.13565809298116818],"activity":[[0]],"dinucleotide":[],"positionBias":[],"modifications":[]}]},"modelFittingConstraints":{"enrichmentModel":[{}],"nShifts":0,"addBindingModesSequentially":true,"bindingModeInteractions":[],"flankLengths":[0],"singleModeLengthSweep":false,"bindingModes":[{"maxFlankLength":-1,"positionBiasBinWidth":1,"optimizeSizeHeuristic":false,"maxSize":-1,"optimizeFlankLength":false,"symmetryString":"null","roundSpecificActivity":true,"informationThreshold":0.1,"optimizeMotifShift":false,"fittingStages":[],"optimizeMotifShiftHeuristic":false,"experimentSpecificPositionBias":true,"minSize":-1,"experimentSpecificActivity":true,"optimizeSize":false}]}}
