{"modelSettings":{"letterOrder":"ACGTN","bindingModeInteractions":[],"bindingModes":[{"size":12,"fitLogActivity":true,"flankLength":0,"dinucleotideDistance":0,"componentName":"Binding mode 1","positionBias":false,"singleStrand":false,"modifications":[]}],"letterComplement":"C-G,A-T,N-N"},"coefficients":{"bindingModeInteractions":[],"bindingModes":[{"mononucleotide":[-0.3811035183292031,-0.08975973773794355,-0.03096738704172175,0,-0.11463529438440485,-0.005031510938160011,-0.5712753776339179,0,-1.1818769382719654,-0.3332066686444165,-3.0986144113701073,-2.833401776768089,-3.0578718077461073,0,-1.2457399510857987,-2.423869386596493,-0.6651890559996634,-0.1980387663012415,0,-0.5012497146454723,-0.12747097493552761,-2.272044437483738,0,-0.22739790526474835,-0.3638348385896953,-1.4986074721590827,0,-1.4612035960995517,-0.28242953911227,-0.593597011406303,-2.5543822494356574,-2.848704972772352,0,-2.9198562708789053,-1.212676437638574,-1.0210539070213964,0,-3.332170331943929,-0.6424401100459551,-0.7329603329756343,0,-2.329817628551947,-3.1951576187714106,-3.7761674957162423,-1.236854282678888,0,-3.548398786062242,-3.6656750042557404,-3.880185594563515,-1.3139694597000109,-2.0180391113836937,-0.16969259965194183,-0.9683527431891812,0,-0.529096506927832,0,-0.22214689975946555,-0.17287280836170194,-0.3287251617774727,-0.17379308124122214],"activity":[[0]],"dinucleotide":[],"positionBias":[],"modifications":[]}]},"modelFittingConstraints":{"enrichmentModel":[{}],"nShifts":0,"addBindingModesSequentially":true,"bindingModeInteractions":[],"flankLengths":[0],"singleModeLengthSweep":false,"bindingModes":[{"maxFlankLength":-1,"positionBiasBinWidth":1,"optimizeSizeHeuristic":false,"maxSize":-1,"optimizeFlankLength":false,"symmetryString":"null","roundSpecificActivity":true,"informationThreshold":0.1,"optimizeMotifShift":false,"fittingStages":[],"optimizeMotifShiftHeuristic":false,"experimentSpecificPositionBias":true,"minSize":-1,"experimentSpecificActivity":true,"optimizeSize":false}]}}
