{"modelSettings":{"letterOrder":"ACGTN","bindingModeInteractions":[],"bindingModes":[{"size":13,"fitLogActivity":true,"flankLength":0,"dinucleotideDistance":0,"componentName":"Binding mode 1","positionBias":false,"singleStrand":false,"modifications":[]}],"letterComplement":"C-G,A-T,N-N"},"coefficients":{"bindingModeInteractions":[],"bindingModes":[{"mononucleotide":[0,-0.6174347515377963,-0.12634306359452196,-0.28494975881216833,-0.23171434577740854,-0.05937303147734774,-0.5231602157922066,0,-0.34067815144498637,-0.20878227176793895,-0.1476815425133431,-0.7325048031438057,0,-0.454501267405369,-0.29498410535397085,-0.07693010206121453,-0.7594770498139778,0,-0.3324338489011054,-0.2513367263360883,-0.17804801950606786,-0.7748907041745015,0,-0.2534799060169797,-0.26339548983888045,-0.07065630593618977,-0.9537800770924352,0,-0.45235281073658884,-0.30340718178338955,0,-1.6312008303486611,-0.3371570216006572,-1.4386370027311828,-0.6223429717028636,-3.5266108739077326,-3.4031532710653236,-2.6760622128870475,0,-1.2627446278204861,0,-3.122567471389746,-1.8736308157506785,-2.8166554245614934,-1.1572366080547327,0,-2.5881565360328374,-1.984314039000688,-1.8483500848883114,-1.0713886206891954,0,-2.94046273479247,-1.0894250457217924,-1.4180527616800833,-0.8968335807707092,0,-3.2427996678166475,-2.6868642793175885,-2.9510302709505023,-1.238362111747128,-0.029463243048748033,-0.5628644129606091,0,-0.2707999735957318,-0.19136910828046344],"activity":[[0]],"dinucleotide":[],"positionBias":[],"modifications":[]}]},"modelFittingConstraints":{"enrichmentModel":[{}],"nShifts":0,"addBindingModesSequentially":true,"bindingModeInteractions":[],"flankLengths":[0],"singleModeLengthSweep":false,"bindingModes":[{"maxFlankLength":-1,"positionBiasBinWidth":1,"optimizeSizeHeuristic":false,"maxSize":-1,"optimizeFlankLength":false,"symmetryString":"null","roundSpecificActivity":true,"informationThreshold":0.1,"optimizeMotifShift":false,"fittingStages":[],"optimizeMotifShiftHeuristic":false,"experimentSpecificPositionBias":true,"minSize":-1,"experimentSpecificActivity":true,"optimizeSize":false}]}}
