{"modelSettings":{"letterOrder":"ACGTN","bindingModeInteractions":[],"bindingModes":[{"size":14,"fitLogActivity":true,"flankLength":0,"dinucleotideDistance":0,"componentName":"Binding mode 1","positionBias":false,"singleStrand":false,"modifications":[]}],"letterComplement":"C-G,A-T,N-N"},"coefficients":{"bindingModeInteractions":[],"bindingModes":[{"mononucleotide":[0,-0.6702213903983534,-0.13719193504775795,-0.14041890114794242,-0.2069035371019819,0,-0.5158085070308438,-0.275989601357848,-0.08862987471051476,-0.20119165093179542,-0.4542845118356329,-1.0178824534231747,-0.8100042312490867,0,-0.4938384020470964,-1.3838887485810254,-1.7211416284563619,-1.635454399770861,0,-0.9012003110852261,0,-4.646524817225293,-4.149997057580808,-3.569971208526243,-1.3341612050179634,-4.587895371749453,-4.5558966424089204,-4.2730262073179075,0,-1.3522612525473667,-3.939809339292786,0,-4.345239145555551,-0.8669598896575188,-1.0129066241168394,-4.730353978665414,-4.942391708434324,0,-4.931720680404313,-1.3633838880004352,0,-4.5902167985123885,-4.09747834654748,-5.017449273599039,-1.3534530195707937,-3.007443715484224,-3.630297945334095,-4.277022941611859,0,-1.3002909345406242,-0.8968134276918942,0,-2.2088911382689407,-0.004922329675000725,-0.4649048844739296,0,-0.4420745207236685,-1.3327975189576833,-1.0003173556539409,-0.5646647590212737,-0.34506263912554846,0,-0.04127555144652373,-0.2224300249989044,-0.14262642694964528,-0.730161829808119,-0.3072050035275611,-0.16521744751322665,0,-0.26623368698501254],"activity":[[0]],"dinucleotide":[],"positionBias":[],"modifications":[]}]},"modelFittingConstraints":{"enrichmentModel":[{}],"nShifts":0,"addBindingModesSequentially":true,"bindingModeInteractions":[],"flankLengths":[0],"singleModeLengthSweep":false,"bindingModes":[{"maxFlankLength":-1,"positionBiasBinWidth":1,"optimizeSizeHeuristic":false,"maxSize":-1,"optimizeFlankLength":false,"symmetryString":"null","roundSpecificActivity":true,"informationThreshold":0.1,"optimizeMotifShift":false,"fittingStages":[],"optimizeMotifShiftHeuristic":false,"experimentSpecificPositionBias":true,"minSize":-1,"experimentSpecificActivity":true,"optimizeSize":false}]}}
