{"modelSettings":{"letterOrder":"ACGTN","bindingModeInteractions":[],"bindingModes":[{"size":12,"fitLogActivity":true,"flankLength":0,"dinucleotideDistance":0,"componentName":"Binding mode 1","positionBias":false,"singleStrand":false,"modifications":[]}],"letterComplement":"C-G,A-T,N-N"},"coefficients":{"bindingModeInteractions":[],"bindingModes":[{"mononucleotide":[0,-1.0444427986451221,-0.39130818533184186,-0.3144902525072597,-0.37170861685145656,-0.1407798327718095,-0.5794714318769238,-0.1875799404102252,0,-0.20523064261673918,-1.2458492788142927,-0.8098524606232878,-1.1906512316846323,0,-0.6749913079230471,-0.9066839244974796,-1.648174829408969,0,-1.4276424485325543,-0.7786311262268285,-1.875236611355267,0,-1.340136115301937,-1.5710515068786752,-0.9020456442520809,-2.7736242048625726,-2.5474277856498038,0,-2.708442997955683,-1.1978593889768963,-2.634337203440554,-2.7530056232820397,-0.5216078148553862,0,-0.8387118469879233,-1.4568780309838147,-2.007889991636539,0,-2.438585727460108,-1.011619552847266,-2.6829443067654575,-2.9864333419594487,0,-2.6159832135910883,-1.2107250666055809,-2.7638288403634097,-2.3783254305077297,0,-1.6820017326670038,-1.0923145121220068,-2.1061194982407065,0,-2.332460886179754,-1.6659811819001697,-1.0442867083325136,-2.576693068496928,-2.301893757196402,0,-2.3884697375745176,-1.1489606367049812],"activity":[[0]],"dinucleotide":[],"positionBias":[],"modifications":[]}]},"modelFittingConstraints":{"enrichmentModel":[{}],"nShifts":0,"addBindingModesSequentially":true,"bindingModeInteractions":[],"flankLengths":[0],"singleModeLengthSweep":false,"bindingModes":[{"maxFlankLength":-1,"positionBiasBinWidth":1,"optimizeSizeHeuristic":false,"maxSize":-1,"optimizeFlankLength":false,"symmetryString":"null","roundSpecificActivity":true,"informationThreshold":0.1,"optimizeMotifShift":false,"fittingStages":[],"optimizeMotifShiftHeuristic":false,"experimentSpecificPositionBias":true,"minSize":-1,"experimentSpecificActivity":true,"optimizeSize":false}]}}
