{"modelSettings":{"letterOrder":"ACGTN","bindingModeInteractions":[],"bindingModes":[{"size":12,"fitLogActivity":true,"flankLength":0,"dinucleotideDistance":0,"componentName":"Binding mode 1","positionBias":false,"singleStrand":false,"modifications":[]}],"letterComplement":"C-G,A-T,N-N"},"coefficients":{"bindingModeInteractions":[],"bindingModes":[{"mononucleotide":[-0.10503210518532047,-0.15150758808396247,0,-0.09110531170150171,-0.08538673104894087,0,-0.13489566763108662,-0.11813662052399909,-0.21887643362276243,-0.11490516908631682,0,-0.756367711412735,-0.14919102580112042,-0.9196432574751165,-0.38220009976246566,-1.2513073949721552,0,-1.3324597005195844,-1.2764635083298632,-0.7825357570477443,-1.7842991205331311,0,-2.5305899942416277,-3.356034639542098,-1.1375610280917408,-3.4627952420188066,-3.3436821666772234,0,-3.164571113348101,-1.2829429672981714,-3.7344944137915568,-3.4009224015391837,0,-0.8312394763472728,-0.9856830851372235,0,-2.486507705139366,-2.936622869728266,-2.9703553469596535,-1.2144191218546185,0,-1.870566092934854,-2.249481161018992,-0.9091268826821084,-0.8780523577015779,-0.8079904489764766,-0.9430860855241852,0,-1.535186811145017,-0.6681655569863832,-0.8980144993978092,-0.2373570147387376,-1.0231118926756935,0,-0.44802223431344534,0,-0.2812880078007316,-0.04066925215970851,-0.1004054826366505,-0.09997831650227226],"activity":[[0]],"dinucleotide":[],"positionBias":[],"modifications":[]}]},"modelFittingConstraints":{"enrichmentModel":[{}],"nShifts":0,"addBindingModesSequentially":true,"bindingModeInteractions":[],"flankLengths":[0],"singleModeLengthSweep":false,"bindingModes":[{"maxFlankLength":-1,"positionBiasBinWidth":1,"optimizeSizeHeuristic":false,"maxSize":-1,"optimizeFlankLength":false,"symmetryString":"null","roundSpecificActivity":true,"informationThreshold":0.1,"optimizeMotifShift":false,"fittingStages":[],"optimizeMotifShiftHeuristic":false,"experimentSpecificPositionBias":true,"minSize":-1,"experimentSpecificActivity":true,"optimizeSize":false}]}}
