{"modelSettings":{"letterOrder":"ACGTN","bindingModeInteractions":[],"bindingModes":[{"size":14,"fitLogActivity":true,"flankLength":0,"dinucleotideDistance":0,"componentName":"Binding mode 1","positionBias":false,"singleStrand":false,"modifications":[]}],"letterComplement":"C-G,A-T,N-N"},"coefficients":{"bindingModeInteractions":[],"bindingModes":[{"mononucleotide":[-0.1828561746283448,-0.4701870785819642,-0.768613471088849,0,-0.3142215539629807,-0.03918887193008658,-0.6744721200177972,-0.5922093383559202,0,-0.2796814021004791,-0.015869172899233064,-0.35668252068141637,-0.25927000516978005,0,-0.14622144893653674,-0.111114022872985,-0.28494604934376966,-0.24930516742202258,0,-0.15483276575995972,-0.06148711398735518,-0.11980789204062603,0,-0.061840587032254035,-0.05988572777941216,-0.6410378926051505,0,-0.13500289606563864,-0.26926111755867943,-0.2343300857837841,-1.1632324056626517,0,-0.4509863706611634,-0.18101822783031718,-0.36244363114302275,0,-1.2155483792217723,-0.6618204673706543,-1.4383441165239068,-0.6685623605264054,0,-1.8173482667185867,-2.1899414297722046,-2.5742687157227104,-1.085753710253466,-4.808032813376549,-3.5419875988903975,-3.8743629507953274,0,-1.3300206638500733,-2.0521639039574753,-1.674094862146351,-2.689876598401661,0,-1.0614438622764681,0,-3.89316343897185,-2.7901441407501184,-2.2471268311578463,-1.2144477912164107,-0.30685469842178303,-0.5624733819675152,0,-0.3330272951215054,-0.280274204785317,-0.39701948124116715,0,-0.15033595587467907,-0.17319295684110791,-0.17027981440932283],"activity":[[0]],"dinucleotide":[],"positionBias":[],"modifications":[]}]},"modelFittingConstraints":{"enrichmentModel":[{}],"nShifts":0,"addBindingModesSequentially":true,"bindingModeInteractions":[],"flankLengths":[0],"singleModeLengthSweep":false,"bindingModes":[{"maxFlankLength":-1,"positionBiasBinWidth":1,"optimizeSizeHeuristic":false,"maxSize":-1,"optimizeFlankLength":false,"symmetryString":"null","roundSpecificActivity":true,"informationThreshold":0.1,"optimizeMotifShift":false,"fittingStages":[],"optimizeMotifShiftHeuristic":false,"experimentSpecificPositionBias":true,"minSize":-1,"experimentSpecificActivity":true,"optimizeSize":false}]}}
