{"modelSettings":{"letterOrder":"ACGTN","bindingModeInteractions":[],"bindingModes":[{"size":12,"fitLogActivity":true,"flankLength":0,"dinucleotideDistance":0,"componentName":"Binding mode 1","positionBias":false,"singleStrand":false,"modifications":[]}],"letterComplement":"C-G,A-T,N-N"},"coefficients":{"bindingModeInteractions":[],"bindingModes":[{"mononucleotide":[-0.08241635321455831,-0.05305264090833717,0,-0.09524965955216835,-0.05700312147620221,0,-0.9671219130470172,-0.495012009366846,-1.0403183565943364,-0.5348274580145916,-0.9385928037642186,0,-0.9580614476539209,-1.2586933210547917,-0.6641522801830293,-1.2006912198021213,0,-2.406119529571991,-3.6842330979429665,-1.0382698109638075,-3.8906666261361416,-2.7724747153006835,0,-3.8552435922940447,-1.2872572320911329,-3.890032019003347,-4.165431559336323,0,-2.1281897218334542,-1.2421764216203544,0,-3.166908630625027,-3.2300312967453815,-2.9676189521429768,-1.2613234250903766,0,-1.7314179358030322,-2.6357847129496825,-0.5714803342287258,-0.7910991991142459,-0.3244897825443154,-1.3007029540400907,0,-1.813514780716065,-0.6169659272310674,-1.0732330669450114,-0.3689574213247271,-0.965824351415268,0,-0.5049986938258927,-0.10757154468423913,-0.16216458650859344,0,-0.277522580156055,-0.1318265685429028,0,-0.05243910393548745,-0.03311606147883239,-0.24974084125731544,-0.07922151903867579],"activity":[[0]],"dinucleotide":[],"positionBias":[],"modifications":[]}]},"modelFittingConstraints":{"enrichmentModel":[{}],"nShifts":0,"addBindingModesSequentially":true,"bindingModeInteractions":[],"flankLengths":[0],"singleModeLengthSweep":false,"bindingModes":[{"maxFlankLength":-1,"positionBiasBinWidth":1,"optimizeSizeHeuristic":false,"maxSize":-1,"optimizeFlankLength":false,"symmetryString":"null","roundSpecificActivity":true,"informationThreshold":0.1,"optimizeMotifShift":false,"fittingStages":[],"optimizeMotifShiftHeuristic":false,"experimentSpecificPositionBias":true,"minSize":-1,"experimentSpecificActivity":true,"optimizeSize":false}]}}
