{"modelSettings":{"letterOrder":"ACGTN","bindingModeInteractions":[],"bindingModes":[{"size":16,"fitLogActivity":true,"flankLength":0,"dinucleotideDistance":0,"componentName":"Binding mode 1","positionBias":false,"singleStrand":false,"modifications":[]}],"letterComplement":"C-G,A-T,N-N"},"coefficients":{"bindingModeInteractions":[],"bindingModes":[{"mononucleotide":[-0.23614740674734414,-0.6455945312405156,-1.4284215276515653,0,-0.44875031623266404,0,-0.4769013927175658,-1.136458336058678,-0.3002355307161704,-0.3996192747899905,0,-1.24198000251116,-2.647910201907089,-1.5013421838587773,-0.9273253291685883,0,-1.141752035153587,-1.491765353398315,-0.8678142656544292,-0.7112589173781866,-1.3021514289907747,-0.5989928416646677,-2.99147819747804,0,-0.7595413411943897,-0.006432858022187737,-2.8396569885413134,0,-3.752375745186984,-0.6560944703521118,-3.077003871814939,-3.5716953164152256,-3.2640344857339763,0,-1.2797393182722565,-3.003291500175715,-3.705292938330535,-3.213360207274002,0,-1.2779443794033594,0,-3.1642615657790616,-0.49132080914108656,-0.16568445424464695,-0.4694531209300333,0,-1.7511889777377077,-0.3680907868279286,-0.018307648008092592,-0.3398597152175971,-2.772903933959597,-0.28556722986484573,-0.8781428012843575,0,-0.5844622633498262,-0.08066086975039788,-0.3044580971558606,-0.32275724107751813,0,-0.16718301091495322,-2.072076690797994,-1.1005602151751175,-2.503261203861303,0,-0.954235099906898,0,-2.503997270908269,-1.7650342303707918,-0.21824987258054662,-0.6651123534327502,0,-0.9651599727746749,-0.23845705919781857,-0.6891797735894611,-0.40393412332534223,-0.45741209036776986,-0.0028474406514567008,0,-0.1786934545777612,-0.14316671536310913],"activity":[[0]],"dinucleotide":[],"positionBias":[],"modifications":[]}]},"modelFittingConstraints":{"enrichmentModel":[{}],"nShifts":0,"addBindingModesSequentially":true,"bindingModeInteractions":[],"flankLengths":[0],"singleModeLengthSweep":false,"bindingModes":[{"maxFlankLength":-1,"positionBiasBinWidth":1,"optimizeSizeHeuristic":false,"maxSize":-1,"optimizeFlankLength":false,"symmetryString":"null","roundSpecificActivity":true,"informationThreshold":0.1,"optimizeMotifShift":false,"fittingStages":[],"optimizeMotifShiftHeuristic":false,"experimentSpecificPositionBias":true,"minSize":-1,"experimentSpecificActivity":true,"optimizeSize":false}]}}
