{"modelSettings":{"letterOrder":"ACGTN","bindingModeInteractions":[],"bindingModes":[{"size":12,"fitLogActivity":true,"flankLength":0,"dinucleotideDistance":0,"componentName":"Binding mode 1","positionBias":false,"singleStrand":false,"modifications":[]}],"letterComplement":"C-G,A-T,N-N"},"coefficients":{"bindingModeInteractions":[],"bindingModes":[{"mononucleotide":[-0.2622168269057976,0,-0.29472101485984403,-0.2650861962840878,-0.19807803773655808,-0.520727249519112,-1.24994795394743,0,-2.19392819993561,-0.6971120158101964,-0.7771752449515272,-1.1909375128380422,-1.3204336526213707,0,-0.6779342875845958,0,-0.39464844718405434,-1.4925728056756569,-2.1266506056049783,-0.684213965849983,0,-0.7058890389894081,-2.62812501507622,-1.636803991234978,-0.8207054656533656,0,-2.534725314020056,-2.1220616523274782,-3.0445535666331724,-1.1658059478926823,-5.19667125634477,0,-3.4106357908758076,-1.7519819120412539,-1.194034818557536,0,-2.0173868185220893,-1.7891562340103508,-1.8555260052725382,-1.0102756780806526,0,-0.6330620581839455,-0.665577742822661,-0.23885111165577744,-0.3451445000641861,-0.24429342712688307,-0.09972733638030551,0,-0.27848840127993135,-0.14929237945073834,-0.1619281444140559,-0.08670130074312654,-0.09714439294377097,0,-0.08477436263795463,0,-0.46509005581158114,-0.43577066454016933,-0.010531414096019098,-0.2032280557196719],"activity":[[0]],"dinucleotide":[],"positionBias":[],"modifications":[]}]},"modelFittingConstraints":{"enrichmentModel":[{}],"nShifts":0,"addBindingModesSequentially":true,"bindingModeInteractions":[],"flankLengths":[0],"singleModeLengthSweep":false,"bindingModes":[{"maxFlankLength":-1,"positionBiasBinWidth":1,"optimizeSizeHeuristic":false,"maxSize":-1,"optimizeFlankLength":false,"symmetryString":"null","roundSpecificActivity":true,"informationThreshold":0.1,"optimizeMotifShift":false,"fittingStages":[],"optimizeMotifShiftHeuristic":false,"experimentSpecificPositionBias":true,"minSize":-1,"experimentSpecificActivity":true,"optimizeSize":false}]}}
