{"modelSettings":{"letterOrder":"ACGTN","bindingModeInteractions":[],"bindingModes":[{"size":12,"fitLogActivity":true,"flankLength":0,"dinucleotideDistance":0,"componentName":"Binding mode 1","positionBias":false,"singleStrand":false,"modifications":[]}],"letterComplement":"C-G,A-T,N-N"},"coefficients":{"bindingModeInteractions":[],"bindingModes":[{"mononucleotide":[-0.24652653970006355,0,-0.5020835714086003,-0.1346387014348096,-0.20431858110577877,-0.09898342073498156,-0.1873906621501913,-0.0243227977133067,0,-0.07503390957049788,-0.1585453270194801,-1.5442053831276614,0,-1.8976914428299838,-0.5902386563640986,-3.602492438384415,-3.4378625248293897,-3.1666807883599724,0,-1.2895921969196051,-1.8819593831806785,-3.7364914655340016,0,-4.7293704630372755,-1.2165844672719044,-3.1788483994630656,0,-3.6531675896142093,-3.144126016567837,-1.2813515581251989,-1.7460491541523102,0,-3.750213954183357,-3.1995246138747557,-1.1721865844752162,-0.13610532531483255,0,-3.406138143227044,-3.2420685681583716,-0.7210309866137249,-0.38448771136249427,-0.8605741762122516,0,-1.2428857948720333,-0.514052151181991,-0.6709959371835463,-0.3081742523569053,-0.10692052218509973,0,-0.24061289340520983,-0.36886227492314383,-0.3679464878510874,0,-0.18449188248876425,-0.2184043140166051,-0.30387132159881447,0,-0.5139657060250182,-0.21825820554504127,-0.24207392944331468],"activity":[[0]],"dinucleotide":[],"positionBias":[],"modifications":[]}]},"modelFittingConstraints":{"enrichmentModel":[{}],"nShifts":0,"addBindingModesSequentially":true,"bindingModeInteractions":[],"flankLengths":[0],"singleModeLengthSweep":false,"bindingModes":[{"maxFlankLength":-1,"positionBiasBinWidth":1,"optimizeSizeHeuristic":false,"maxSize":-1,"optimizeFlankLength":false,"symmetryString":"null","roundSpecificActivity":true,"informationThreshold":0.1,"optimizeMotifShift":false,"fittingStages":[],"optimizeMotifShiftHeuristic":false,"experimentSpecificPositionBias":true,"minSize":-1,"experimentSpecificActivity":true,"optimizeSize":false}]}}
