{"modelSettings":{"letterOrder":"ACGTN","bindingModeInteractions":[],"bindingModes":[{"size":18,"fitLogActivity":true,"flankLength":0,"dinucleotideDistance":0,"componentName":"Binding mode 1","positionBias":false,"singleStrand":false,"modifications":[]}],"letterComplement":"C-G,A-T,N-N"},"coefficients":{"bindingModeInteractions":[],"bindingModes":[{"mononucleotide":[0,-1.0346962453221487,-0.42616591577221374,-0.3633873125378173,-0.39168818568416675,-1.5427365020852095,-0.574678149292696,0,-1.6122546727273486,-0.7051596954908439,-1.2205147323867864,-0.23718518634285246,-1.5143255085603595,0,-0.5516997349952232,-0.39783058175186703,-1.213235723204563,-1.2495046342171872,0,-0.5728532816554498,-1.9542915607540658,-1.6353553261660903,-1.8417780598147147,0,-0.9841125009030477,-1.339814614207624,0,-2.328788595696823,-2.155378520649422,-0.9975230043938553,-0.32997487559359584,-1.3417043599962302,0,-1.611067239187876,-0.6069621606950242,-1.4209348880543553,-0.24637247477219582,0,-1.5111815693432735,-0.5781376357189977,-1.9384038534096373,-1.7341800768096043,-1.8383733421522415,0,-0.9945534148560359,-2.0399651007918127,-1.9852986950227711,-1.734032671564572,0,-1.0189162729525596,-1.786050895491953,-1.7523709703113477,-1.8769308009650123,0,-0.9848089015294113,-2.096200200888246,0,-2.855063255544188,-2.1206538578643883,-1.1236009398347437,-1.0209946748202938,-1.533652046727954,0,-1.550743034609667,-0.8051558128309612,-0.029669347211511266,-0.6027856274031871,-0.4836814551238948,0,-0.24380522796593876,-1.023402050367931,-1.4200929342247335,-1.3015262250430508,0,-0.7586579169259392,-0.654068439881839,-0.7796645196252019,-0.780277900786972,0,-0.4956231686986486,-0.655954722507496,-0.4264285429818164,-0.7403026894739844,0,-0.4122056206973049,-0.10610629790287796,0,-0.31704634972255086,-0.04028562040252748,-0.10866009176145965],"activity":[[0]],"dinucleotide":[],"positionBias":[],"modifications":[]}]},"modelFittingConstraints":{"enrichmentModel":[{}],"nShifts":0,"addBindingModesSequentially":true,"bindingModeInteractions":[],"flankLengths":[0],"singleModeLengthSweep":false,"bindingModes":[{"maxFlankLength":-1,"positionBiasBinWidth":1,"optimizeSizeHeuristic":false,"maxSize":-1,"optimizeFlankLength":false,"symmetryString":"null","roundSpecificActivity":true,"informationThreshold":0.1,"optimizeMotifShift":false,"fittingStages":[],"optimizeMotifShiftHeuristic":false,"experimentSpecificPositionBias":true,"minSize":-1,"experimentSpecificActivity":true,"optimizeSize":false}]}}
