{"modelSettings":{"letterOrder":"ACGTN","bindingModeInteractions":[],"bindingModes":[{"size":12,"fitLogActivity":true,"flankLength":0,"dinucleotideDistance":0,"componentName":"Binding mode 1","positionBias":false,"singleStrand":false,"modifications":[]}],"letterComplement":"C-G,A-T,N-N"},"coefficients":{"bindingModeInteractions":[],"bindingModes":[{"mononucleotide":[0,-0.23396977505884164,-0.06452492595879233,-0.06353507480719012,-0.08682784371454522,-0.1140591207278665,-0.3034625770983399,-0.285559810024568,0,-0.1678105200447996,-0.344772231024431,-0.7430961530866358,-0.37722344095017357,0,-0.3320577718145158,-1.8903893236224616,-2.3953915642814385,-2.279861256426238,0,-1.0903105516057228,-3.210133452448087,-4.364652400171128,0,-3.608931839223797,-1.3091934579832358,0,-4.34716731598262,-2.5614604983228624,-2.6388262305596335,-1.236512847798443,-2.756526386530515,0,-3.2953012917057096,-2.8052369036137312,-1.2369598442839642,0,-3.6736409895884705,-2.117874663555267,-2.9130360325497935,-1.2039882402513793,-1.1638681547190743,-1.132677435451512,0,-0.8057906884844415,-0.6533593293856619,-0.6830628394993652,-0.10111514058437843,0,-0.4947739241546607,-0.28149943396971205,-1.0374162948461132,-0.7891850891800711,-0.3726565484277171,0,-0.47100986689995644,0,-0.2524187900805974,-0.02851505700821866,-0.04570961118300865,-0.07684694661425163],"activity":[[0]],"dinucleotide":[],"positionBias":[],"modifications":[]}]},"modelFittingConstraints":{"enrichmentModel":[{}],"nShifts":0,"addBindingModesSequentially":true,"bindingModeInteractions":[],"flankLengths":[0],"singleModeLengthSweep":false,"bindingModes":[{"maxFlankLength":-1,"positionBiasBinWidth":1,"optimizeSizeHeuristic":false,"maxSize":-1,"optimizeFlankLength":false,"symmetryString":"null","roundSpecificActivity":true,"informationThreshold":0.1,"optimizeMotifShift":false,"fittingStages":[],"optimizeMotifShiftHeuristic":false,"experimentSpecificPositionBias":true,"minSize":-1,"experimentSpecificActivity":true,"optimizeSize":false}]}}
