{"modelSettings":{"letterOrder":"ACGTN","bindingModeInteractions":[],"bindingModes":[{"size":14,"fitLogActivity":true,"flankLength":0,"dinucleotideDistance":0,"componentName":"Binding mode 1","positionBias":false,"singleStrand":false,"modifications":[]}],"letterComplement":"C-G,A-T,N-N"},"coefficients":{"bindingModeInteractions":[],"bindingModes":[{"mononucleotide":[-0.24301563486020772,-0.29259220150490783,-0.2728904079452805,0,-0.1948714128599347,-0.32694861113894014,-0.3527580870442799,-0.4193163311511716,0,-0.2609219557082347,-1.918037833769625,-2.005771793685165,-2.5134785496983434,0,-1.0770190945528675,-3.7925905229012526,-3.8403805312531314,0,-4.024838113922662,-1.3262450734162978,0,-3.845153463084219,-2.6473320175135258,-2.863174167732747,-1.2471322955600057,-3.280930704809686,0,-3.9964730096211145,-2.951860065118855,-1.283542804889677,0,-3.705476210782031,-1.7897364036852714,-2.8010050049897486,-1.161279226526842,-1.2834689340616388,-1.0433898864816111,0,-0.9563614623945931,-0.6863594636421704,-0.5717965487218937,-0.02391951043569307,0,-0.5717004147159024,-0.25313918116339923,-0.9729247336675773,-0.8511877123411127,-0.7715766439604188,0,-0.567763253896376,-0.22470386678747634,-0.2997477898622076,0,-0.04343929624114651,-0.13431784960942075,-0.4097221438577243,-0.4849846815717589,-0.305733462182717,0,-0.28232172352561363,-0.34830929132268107,-0.11364952648566629,-0.45712536268011394,0,-0.21333177862063735,-0.09587304515740502,0,-0.3844332392642147,-0.21337048109177292,-0.1633214450699208],"activity":[[0]],"dinucleotide":[],"positionBias":[],"modifications":[]}]},"modelFittingConstraints":{"enrichmentModel":[{}],"nShifts":0,"addBindingModesSequentially":true,"bindingModeInteractions":[],"flankLengths":[0],"singleModeLengthSweep":false,"bindingModes":[{"maxFlankLength":-1,"positionBiasBinWidth":1,"optimizeSizeHeuristic":false,"maxSize":-1,"optimizeFlankLength":false,"symmetryString":"null","roundSpecificActivity":true,"informationThreshold":0.1,"optimizeMotifShift":false,"fittingStages":[],"optimizeMotifShiftHeuristic":false,"experimentSpecificPositionBias":true,"minSize":-1,"experimentSpecificActivity":true,"optimizeSize":false}]}}
