{"modelSettings":{"letterOrder":"ACGTN","bindingModeInteractions":[],"bindingModes":[{"size":15,"fitLogActivity":true,"flankLength":0,"dinucleotideDistance":0,"componentName":"Binding mode 1","positionBias":false,"singleStrand":false,"modifications":[]}],"letterComplement":"C-G,A-T,N-N"},"coefficients":{"bindingModeInteractions":[],"bindingModes":[{"mononucleotide":[-0.6291242677616644,-0.6716561764010978,0,-0.20051912274758354,-0.3346946983957461,0,-1.1841545921224244,-0.06586195546142726,-1.0396221470066784,-0.4323791389605093,-0.8802989123219707,-0.9564902759008032,-1.016964570391429,0,-0.6159133962859414,-2.79387861985466,0,-2.839330930906858,-2.766573601620203,-1.2186421300129484,0,-2.5558987850378636,-2.7108869265429107,-2.6922525604682037,-1.1941640181621642,-2.8006111979582733,0,-2.538042894695785,-2.457533838853913,-1.1829946304154346,-2.6692412906760636,-2.627938375024898,0,-2.889009014780498,-1.206339505296083,-2.7036548125108824,-2.615883407498868,-2.445504694056102,0,-1.1819293125647359,-2.635034034969918,-2.8148318588690455,0,-3.3408370693667577,-1.2318249085580077,0,-0.09401822077132582,-0.854297373995287,-0.43971937130822436,-0.2943490913824074,-0.07652675530820918,-0.51723368449262,-0.8485414524557795,0,-0.30430806214582456,-0.9211382773668166,0,-1.7721093977602917,-1.0717848193837956,-0.7389625605605781,0,-0.35236953965872075,-0.45601647164922277,-0.35958415743664407,-0.27615207005793185,-0.21840957864648658,-0.10532186402214894,-0.19039994903234359,0,-0.12486635637371561,-0.1959094940170556,-0.13965967309378424,-0.21864338673459027,0,-0.13486112454335142],"activity":[[0]],"dinucleotide":[],"positionBias":[],"modifications":[]}]},"modelFittingConstraints":{"enrichmentModel":[{}],"nShifts":0,"addBindingModesSequentially":true,"bindingModeInteractions":[],"flankLengths":[0],"singleModeLengthSweep":false,"bindingModes":[{"maxFlankLength":-1,"positionBiasBinWidth":1,"optimizeSizeHeuristic":false,"maxSize":-1,"optimizeFlankLength":false,"symmetryString":"null","roundSpecificActivity":true,"informationThreshold":0.1,"optimizeMotifShift":false,"fittingStages":[],"optimizeMotifShiftHeuristic":false,"experimentSpecificPositionBias":true,"minSize":-1,"experimentSpecificActivity":true,"optimizeSize":false}]}}
