{"modelSettings":{"letterOrder":"ACGTN","bindingModeInteractions":[],"bindingModes":[{"size":12,"fitLogActivity":true,"flankLength":0,"dinucleotideDistance":0,"componentName":"Binding mode 1","positionBias":false,"singleStrand":false,"modifications":[]}],"letterComplement":"C-G,A-T,N-N"},"coefficients":{"bindingModeInteractions":[],"bindingModes":[{"mononucleotide":[-0.1541004201742493,0,-0.14314371277338678,-0.2664522702503529,-0.1364189804383098,-0.2212131361245544,-0.3943651474734642,0,-0.42255077050179457,-0.24493340201488634,-0.7209367665535393,0,-0.30575688154779224,-0.005396480842184914,-0.2176958480852699,0,-1.840322273944333,-0.03446722680102576,-0.9406001487461659,-0.4639103412747975,0,-0.39568555440135045,-0.4279089548532964,-1.4464051741279653,-0.44609018456729727,-2.5134035570058795,0,-2.7889135161930203,-2.825620877479887,-1.2025139219126808,0,-2.8126821915933298,-2.0472513459890105,-2.8455855254111797,-1.165366700603789,-2.758480944918266,-1.64711054134829,-0.9877196006478457,0,-0.8986849904639522,0,-1.0408778600268955,-1.5847690071696574,-2.470038536544594,-0.889940181077373,-2.2256776786416257,-1.6971550046800854,-2.602553429913207,0,-1.074933086425028,-3.008870162127499,-2.761734057429231,0,-2.1463124669776557,-1.179732323495554,-1.5353043665775268,-0.19217287301597796,-0.21228292063709464,0,-0.3392244545941512],"activity":[[0]],"dinucleotide":[],"positionBias":[],"modifications":[]}]},"modelFittingConstraints":{"enrichmentModel":[{}],"nShifts":0,"addBindingModesSequentially":true,"bindingModeInteractions":[],"flankLengths":[0],"singleModeLengthSweep":false,"bindingModes":[{"maxFlankLength":-1,"positionBiasBinWidth":1,"optimizeSizeHeuristic":false,"maxSize":-1,"optimizeFlankLength":false,"symmetryString":"null","roundSpecificActivity":true,"informationThreshold":0.1,"optimizeMotifShift":false,"fittingStages":[],"optimizeMotifShiftHeuristic":false,"experimentSpecificPositionBias":true,"minSize":-1,"experimentSpecificActivity":true,"optimizeSize":false}]}}
