{"modelSettings":{"letterOrder":"ACGTN","bindingModeInteractions":[],"bindingModes":[{"size":16,"fitLogActivity":true,"flankLength":0,"dinucleotideDistance":0,"componentName":"Binding mode 1","positionBias":false,"singleStrand":false,"modifications":[]}],"letterComplement":"C-G,A-T,N-N"},"coefficients":{"bindingModeInteractions":[],"bindingModes":[{"mononucleotide":[-0.13225870144700203,0,-0.24228981348321454,-0.15208230999141215,-0.12787297891247484,-0.15196458957722037,-0.7004233821405546,-0.2706207841457129,0,-0.24900652426069905,-1.3003990203855245,-1.8788347706914452,0,-1.0074403643852516,-0.8038868477069938,-1.1979546264509326,-1.1097437814269302,-0.3107712796904387,0,-0.5257972286649076,0,-1.7811910210180288,-1.1047234196392015,-1.4066698956644443,-0.8297131284636369,0,-0.48482370231661776,-0.7395567749713372,-0.4780748083507991,-0.3881998886991281,-0.5883995778044353,-0.848979202736281,-1.5497045659941793,0,-0.5999404388025986,-1.5736240205657075,-2.51765953848033,-3.0029030407606885,0,-1.0954297551697771,-3.960221346086741,-3.5504069206183195,-3.1841230557215288,0,-1.3008633686120572,-3.430048581141658,-3.0632709509816967,-3.2872394069771134,0,-1.2761163661395314,-2.7200076558907234,0,-3.522872035043179,-3.8164120762774982,-1.2752939071735865,-2.706033465602274,0,-3.731685084563041,-3.8856921666954523,-1.2807752858289998,0,-2.2379736603735685,-1.1376603955202174,-2.1394601129182913,-0.9512957116091765,-1.2779871898855677,-0.09902954047514445,-0.31582732908173483,0,-0.31693966501961424,-0.06665923250445172,-0.4634442937474157,-0.4132409213058157,0,-0.2150111179176378,0,-0.13287875744199962,-0.16704011471610514,-0.4197797326142352,-0.16873572233851888],"activity":[[0]],"dinucleotide":[],"positionBias":[],"modifications":[]}]},"modelFittingConstraints":{"enrichmentModel":[{}],"nShifts":0,"addBindingModesSequentially":true,"bindingModeInteractions":[],"flankLengths":[0],"singleModeLengthSweep":false,"bindingModes":[{"maxFlankLength":-1,"positionBiasBinWidth":1,"optimizeSizeHeuristic":false,"maxSize":-1,"optimizeFlankLength":false,"symmetryString":"null","roundSpecificActivity":true,"informationThreshold":0.1,"optimizeMotifShift":false,"fittingStages":[],"optimizeMotifShiftHeuristic":false,"experimentSpecificPositionBias":true,"minSize":-1,"experimentSpecificActivity":true,"optimizeSize":false}]}}
