{"modelSettings":{"letterOrder":"ACGTN","bindingModeInteractions":[],"bindingModes":[{"size":13,"fitLogActivity":true,"flankLength":0,"dinucleotideDistance":0,"componentName":"Binding mode 1","positionBias":false,"singleStrand":false,"modifications":[]}],"letterComplement":"C-G,A-T,N-N"},"coefficients":{"bindingModeInteractions":[],"bindingModes":[{"mononucleotide":[-0.5314874422295848,0,-0.109931217941174,-0.22014992082395857,-0.19661593068623198,-0.008711050922399544,0,-0.49000280002112007,-0.8088542734766992,-0.2713759091081784,-0.6317287023293137,-0.22263099967015698,0,-0.5551191498100669,-0.31948723180091954,-2.5012389566541224,0,-2.348269337594551,-2.478879367677885,-1.1541079461408024,0,-2.3148460483535853,-1.6476168730483525,-1.8060474536767193,-1.0108818136287117,-1.957978841328003,-0.8264756971072105,0,-0.6870855148964123,-0.6530748057987519,-1.3212700673279487,0,-1.1375893461371298,-2.1385072752639678,-0.8526015384400532,-2.560674675965475,-2.4890384451777594,-2.532228121687079,0,-1.171405540412076,-2.830917003212265,-2.6939625429326437,0,-2.9218934621394457,-1.2204385262807598,-0.814463802542944,0,-1.2990552046349269,-0.8276911608070066,-0.6195606453271933,-1.2622402077826074,-0.6844806969217894,0,-0.28543585188655607,-0.45450124422456084,-0.2371944575996121,0,-0.17282807119837518,-0.014674407659741817,-0.10104958293743775,-0.7996625707905958,0,-0.42754945217040197,-0.782515443268784,-0.4467402812175049],"activity":[[0]],"dinucleotide":[],"positionBias":[],"modifications":[]}]},"modelFittingConstraints":{"enrichmentModel":[{}],"nShifts":0,"addBindingModesSequentially":true,"bindingModeInteractions":[],"flankLengths":[0],"singleModeLengthSweep":false,"bindingModes":[{"maxFlankLength":-1,"positionBiasBinWidth":1,"optimizeSizeHeuristic":false,"maxSize":-1,"optimizeFlankLength":false,"symmetryString":"null","roundSpecificActivity":true,"informationThreshold":0.1,"optimizeMotifShift":false,"fittingStages":[],"optimizeMotifShiftHeuristic":false,"experimentSpecificPositionBias":true,"minSize":-1,"experimentSpecificActivity":true,"optimizeSize":false}]}}
