{"modelSettings":{"letterOrder":"ACGTN","bindingModeInteractions":[],"bindingModes":[{"size":12,"fitLogActivity":true,"flankLength":0,"dinucleotideDistance":0,"componentName":"Binding mode 1","positionBias":false,"singleStrand":false,"modifications":[]}],"letterComplement":"C-G,A-T,N-N"},"coefficients":{"bindingModeInteractions":[],"bindingModes":[{"mononucleotide":[0,-1.3436379397900349,-0.31563218033421947,-0.535784203748463,-0.4402768145394827,-0.28615607938905185,0,-0.25113109124474153,-2.2917187573378586,-0.41925032142612306,-2.1247386790306297,0,-3.296886677074896,-3.382267113687842,-1.2119774974455413,0,-2.975578143855042,-1.579805077118254,-2.25569532912898,-1.0774621662659059,-2.9684865757545325,-2.497908622066835,-1.536600914795804,0,-1.0871169370798501,0,-1.4370255447098077,-2.711039769684699,-3.260934566274602,-1.0917952747726631,-1.6065759417404766,-1.713087847763045,-2.8757373848344745,0,-1.0235586652210305,-3.3383764367594004,-3.2750504799720908,0,-2.47052357314154,-1.2397294522587035,-2.2800339714057554,-0.8523862632020593,-0.07806693689443911,0,-0.48874639472891923,-2.13034550425836,-0.5249120606880204,-1.6317123909050322,0,-0.7412886141349423,-0.16568891376554795,-0.4711203798248613,-0.3526779151811037,0,-0.23117077111266252,-0.2820833358689585,-0.3762348086616938,0,-0.04240382776483864,-0.16277349089592066],"activity":[[0]],"dinucleotide":[],"positionBias":[],"modifications":[]}]},"modelFittingConstraints":{"enrichmentModel":[{}],"nShifts":0,"addBindingModesSequentially":true,"bindingModeInteractions":[],"flankLengths":[0],"singleModeLengthSweep":false,"bindingModes":[{"maxFlankLength":-1,"positionBiasBinWidth":1,"optimizeSizeHeuristic":false,"maxSize":-1,"optimizeFlankLength":false,"symmetryString":"null","roundSpecificActivity":true,"informationThreshold":0.1,"optimizeMotifShift":false,"fittingStages":[],"optimizeMotifShiftHeuristic":false,"experimentSpecificPositionBias":true,"minSize":-1,"experimentSpecificActivity":true,"optimizeSize":false}]}}
