{"modelSettings":{"letterOrder":"ACGTN","bindingModeInteractions":[],"bindingModes":[{"size":12,"fitLogActivity":true,"flankLength":0,"dinucleotideDistance":0,"componentName":"Binding mode 1","positionBias":false,"singleStrand":false,"modifications":[]}],"letterComplement":"C-G,A-T,N-N"},"coefficients":{"bindingModeInteractions":[],"bindingModes":[{"mononucleotide":[0,-0.9782641056933641,-0.3713326186994781,-0.5790453188944062,-0.4207523259154162,-0.6791687614954109,0,-1.2170391512738665,-2.126621305561518,-0.7327286069024658,-0.4153181749972852,0,-2.9135863954328842,-2.953674979492604,-0.8172609837901337,0,-2.9331237680930595,-1.4045689411655125,-2.069132796701764,-1.032123527599579,-3.3031214679408674,-2.27411370486156,-1.8518387540405725,0,-1.126545370436159,0,-1.5760213341691838,-2.4397816631924596,-2.8860909214581327,-1.0863601459539638,-2.135682206961192,-1.4037945935459808,-3.1096809474355767,0,-1.0438101327340044,-3.3185444034183162,-3.4436792258674913,0,-1.6130133704364642,-1.1492963411981607,-2.12435680780383,-0.745906338714327,-0.10603485024859793,0,-0.4727243913362882,-1.882610751227881,-0.9204352206875339,-1.5049091797541112,0,-0.8138608753882197,-0.45552052123962294,-0.31102948315575407,-0.4889687656756756,0,-0.29434805243789386,-0.2828441094948895,-0.19245747889233833,-0.37255031389083504,0,-0.20225644988317276],"activity":[[0]],"dinucleotide":[],"positionBias":[],"modifications":[]}]},"modelFittingConstraints":{"enrichmentModel":[{}],"nShifts":0,"addBindingModesSequentially":true,"bindingModeInteractions":[],"flankLengths":[0],"singleModeLengthSweep":false,"bindingModes":[{"maxFlankLength":-1,"positionBiasBinWidth":1,"optimizeSizeHeuristic":false,"maxSize":-1,"optimizeFlankLength":false,"symmetryString":"null","roundSpecificActivity":true,"informationThreshold":0.1,"optimizeMotifShift":false,"fittingStages":[],"optimizeMotifShiftHeuristic":false,"experimentSpecificPositionBias":true,"minSize":-1,"experimentSpecificActivity":true,"optimizeSize":false}]}}
