{"modelSettings":{"letterOrder":"ACGTN","bindingModeInteractions":[],"bindingModes":[{"size":17,"fitLogActivity":true,"flankLength":0,"dinucleotideDistance":0,"componentName":"Binding mode 1","positionBias":false,"singleStrand":false,"modifications":[]}],"letterComplement":"C-G,A-T,N-N"},"coefficients":{"bindingModeInteractions":[],"bindingModes":[{"mononucleotide":[-0.9216118639052819,0,-0.24915929080607313,-0.7499009643736123,-0.41183044661915197,-2.0213243532109932,-2.252035698920596,0,-1.434804503316926,-0.9970760539510249,-0.8623721229189751,-1.3511881537444954,-1.9765655234124115,0,-0.787657795484375,-1.956458299630253,0,-2.355016706665159,-0.5027442041825445,-0.775921038153233,0,-0.6743006374578719,-1.9185094060196115,-2.0144813850801158,-0.8042307920066745,-2.4119090509977013,0,-2.366924454742795,-0.9191239723822218,-0.9274268988601813,-2.180328842020599,-2.4981997529738282,0,-2.8213378047790045,-1.1593472335033603,-2.119849340436826,0,-0.35730885044038097,-2.3145702738797174,-0.7347951643547334,-0.1460727021766619,-1.2274780478793113,-1.5229253071852136,0,-0.5212133239328578,-1.880063355978122,-0.5406740512754844,-2.00357862724988,0,-0.7604693830228644,-2.326700252610122,-0.36430185508747037,0,-1.1434143507701893,-0.6391194666769262,0,-2.1516019286572723,-0.6465295535279063,-2.5345826194554166,-0.8442880438681507,-0.40403171166382457,0,-0.14691878861048835,-0.33900494270530857,-0.20965186031343055,-1.5968131819758056,-0.9219775610331595,-1.6409056258095531,0,-0.8018036082525055,-0.8869939131152522,-3.2064007757099535,0,-0.8283477854356729,-0.7501596756909608,0,-0.12560355363156805,-0.35078601632710615,-0.5580923603274996,-0.23622923254108616,-0.006587507246981872,0,-0.3798074641286462,-0.20998358750043966,-0.13695875006782676],"activity":[[0]],"dinucleotide":[],"positionBias":[],"modifications":[]}]},"modelFittingConstraints":{"enrichmentModel":[{}],"nShifts":0,"addBindingModesSequentially":true,"bindingModeInteractions":[],"flankLengths":[0],"singleModeLengthSweep":false,"bindingModes":[{"maxFlankLength":-1,"positionBiasBinWidth":1,"optimizeSizeHeuristic":false,"maxSize":-1,"optimizeFlankLength":false,"symmetryString":"null","roundSpecificActivity":true,"informationThreshold":0.1,"optimizeMotifShift":false,"fittingStages":[],"optimizeMotifShiftHeuristic":false,"experimentSpecificPositionBias":true,"minSize":-1,"experimentSpecificActivity":true,"optimizeSize":false}]}}
