{"modelSettings":{"letterOrder":"ACGTN","bindingModeInteractions":[],"bindingModes":[{"size":12,"fitLogActivity":true,"flankLength":0,"dinucleotideDistance":0,"componentName":"Binding mode 1","positionBias":false,"singleStrand":false,"modifications":[]}],"letterComplement":"C-G,A-T,N-N"},"coefficients":{"bindingModeInteractions":[],"bindingModes":[{"mononucleotide":[-0.11628187154476954,-0.135496621752484,0,-0.11352608098709638,-0.08987348175115387,-0.44503448985835314,0,-0.31862025026500573,-0.38304039759725717,-0.2712382944081669,-0.5986520127392829,-0.27504197367962613,0,-0.8440749050721079,-0.3786842781089777,-0.9917668187115014,0,-1.3322562740052,-0.2797568679760718,-0.514679088063735,-2.661318228444241,-3.3027556574848638,-3.4199501806264787,0,-1.255834848679185,0,-3.4108427764344813,-2.730441255462286,-4.158169191634357,-1.278480818837523,0,-3.8653983954968494,-3.9899436438755282,-4.149981505957914,-1.332545049755579,-3.3611068123796173,-3.005985073795165,-2.7197737661757806,0,-1.2464659226639603,-2.30259462913991,-1.446733128019622,-0.16363548126636207,0,-0.6049584988477632,0,-4.1660130336087065,-0.3674963128016375,-2.1831445012470203,-0.7870917180045653,-1.2978565144252805,0,-0.5322161423455074,-0.6448336461688147,-0.5170246320880574,-0.32737470167283345,0,-0.2805370386866852,-0.1174128967797814,-0.17274470266651903],"activity":[[0]],"dinucleotide":[],"positionBias":[],"modifications":[]}]},"modelFittingConstraints":{"enrichmentModel":[{}],"nShifts":0,"addBindingModesSequentially":true,"bindingModeInteractions":[],"flankLengths":[0],"singleModeLengthSweep":false,"bindingModes":[{"maxFlankLength":-1,"positionBiasBinWidth":1,"optimizeSizeHeuristic":false,"maxSize":-1,"optimizeFlankLength":false,"symmetryString":"null","roundSpecificActivity":true,"informationThreshold":0.1,"optimizeMotifShift":false,"fittingStages":[],"optimizeMotifShiftHeuristic":false,"experimentSpecificPositionBias":true,"minSize":-1,"experimentSpecificActivity":true,"optimizeSize":false}]}}
