{"modelSettings":{"letterOrder":"ACGTN","bindingModeInteractions":[],"bindingModes":[{"size":18,"fitLogActivity":true,"flankLength":0,"dinucleotideDistance":0,"componentName":"Binding mode 1","positionBias":false,"singleStrand":false,"modifications":[]}],"letterComplement":"C-G,A-T,N-N"},"coefficients":{"bindingModeInteractions":[],"bindingModes":[{"mononucleotide":[-0.11611606444869604,-1.4405160909845325,0,-1.9386269362211017,-0.5660394043141462,-0.2953035660949661,0,-0.4920009694217038,-0.18182028055729926,-0.22644319271260357,-1.9955576185428088,-0.5151073625573837,0,-0.10758462579546535,-0.4187879117127908,-1.7881076318028128,0,-2.561920053182201,-0.6516053894066962,-0.8177804308092299,0,-2.095712596742686,-0.8420386136238047,-1.9679773292385576,-0.8594656005341924,-0.32366895884400027,-0.11840608975354616,0,-0.371769305810127,-0.19196644939042612,-3.2921416868904574,-0.6065211403880566,-2.426752332479049,0,-0.8730266640574449,-0.8557846278103431,0,-0.3536924420781178,-2.3166660909495786,-0.5862488272628373,0,-3.4113830499991153,-0.48501836226046,-2.094920276485682,-0.8143201222613949,0,-1.5385459444952119,-1.1010293462849683,-0.1464321164381701,-0.5062502577084159,-2.978088735824559,-0.4793579847094547,0,-2.5926520769151367,-0.8296016195588941,-3.224962715919479,0,-2.5739395080181935,-1.5018709421970486,-1.0945916496694645,-0.6983744058448096,-2.9349284513947307,0,-2.3708541669199734,-0.8892054720343233,-1.7256673304728318,-0.5027638225150444,-0.40382273534494306,0,-0.48993155650730735,-0.44095556417293835,-2.863815928663378,0,-1.8719745103743541,-0.7687916337588063,0,-1.6495699911225206,-1.5992375685534013,-0.6921758018875055,-0.7472502376907427,-1.619570881584723,0,-2.3476213914897306,-1.9279392781843319,-1.0223267990347897,-0.4052785713277123,-0.12902211749374182,0,-0.552796203216932,-0.24811386966181073],"activity":[[0]],"dinucleotide":[],"positionBias":[],"modifications":[]}]},"modelFittingConstraints":{"enrichmentModel":[{}],"nShifts":0,"addBindingModesSequentially":true,"bindingModeInteractions":[],"flankLengths":[0],"singleModeLengthSweep":false,"bindingModes":[{"maxFlankLength":-1,"positionBiasBinWidth":1,"optimizeSizeHeuristic":false,"maxSize":-1,"optimizeFlankLength":false,"symmetryString":"null","roundSpecificActivity":true,"informationThreshold":0.1,"optimizeMotifShift":false,"fittingStages":[],"optimizeMotifShiftHeuristic":false,"experimentSpecificPositionBias":true,"minSize":-1,"experimentSpecificActivity":true,"optimizeSize":false}]}}
