{"modelSettings":{"letterOrder":"ACGTN","bindingModeInteractions":[],"bindingModes":[{"size":16,"fitLogActivity":true,"flankLength":0,"dinucleotideDistance":0,"componentName":"Binding mode 1","positionBias":false,"singleStrand":false,"modifications":[]}],"letterComplement":"C-G,A-T,N-N"},"coefficients":{"bindingModeInteractions":[],"bindingModes":[{"mononucleotide":[-0.4822275266432676,-0.16932343983157772,-0.3726070713359739,0,-0.2387083532569905,-0.3693310033968533,0,-0.769400096525569,-0.6626116576876919,-0.40421935095668216,0,-1.3165660946614395,-1.5913563572556342,-1.0727408612920577,-0.7908851191176863,-1.442250809809754,-2.5162838599683566,-2.508277766473154,0,-1.0508493919930753,-0.5833574659721297,-0.9168007938465488,-0.9584345443273916,0,-0.5355835613549728,0,-1.841630735095566,-1.925692187151678,-1.1290104553460694,-0.899134656952173,0,-1.7688970617847142,-1.9759884023541483,-1.218516391408813,-0.9132866952424851,-0.7677709091107152,-1.9543832563281889,-1.8567834877934288,0,-0.8199173165073934,-0.8203804716090444,-1.8643615194974972,-2.32843951627277,0,-0.859965369019192,0,-3.73211943673601,-3.3594282116596945,-2.701217614599252,-1.2677819059065079,-1.705009822162272,-3.065457142773827,-2.7612507369669963,0,-1.1304003865605539,-1.471331771725005,-2.8664356165369798,-0.31157951432987474,0,-0.6837860106901794,-1.1687375537547746,0,-1.5742670952909705,-0.7078743411602781,-0.6878568430109159,0,-2.2916791805736665,-2.361570489050669,-1.2939853271877846,-1.0013418480616523,-0.8291324588500677,-0.8034041660686677,-0.8282836029714105,0,-0.5442841364880313,-0.2554276694090385,-0.4748607646745491,0,-0.3059278630859801,-0.24430444917317287],"activity":[[0]],"dinucleotide":[],"positionBias":[],"modifications":[]}]},"modelFittingConstraints":{"enrichmentModel":[{}],"nShifts":0,"addBindingModesSequentially":true,"bindingModeInteractions":[],"flankLengths":[0],"singleModeLengthSweep":false,"bindingModes":[{"maxFlankLength":-1,"positionBiasBinWidth":1,"optimizeSizeHeuristic":false,"maxSize":-1,"optimizeFlankLength":false,"symmetryString":"null","roundSpecificActivity":true,"informationThreshold":0.1,"optimizeMotifShift":false,"fittingStages":[],"optimizeMotifShiftHeuristic":false,"experimentSpecificPositionBias":true,"minSize":-1,"experimentSpecificActivity":true,"optimizeSize":false}]}}
