{"modelSettings":{"letterOrder":"ACGTN","bindingModeInteractions":[],"bindingModes":[{"size":16,"fitLogActivity":true,"flankLength":0,"dinucleotideDistance":0,"componentName":"Binding mode 1","positionBias":false,"singleStrand":false,"modifications":[]}],"letterComplement":"C-G,A-T,N-N"},"coefficients":{"bindingModeInteractions":[],"bindingModes":[{"mononucleotide":[-0.5677331508404286,-0.3639634264474694,0,-0.041043668526803856,-0.2164433354591817,-0.2406652747948108,0,-0.5829503610638138,-0.7646190451765351,-0.3531579764217716,0,-1.2967495551567185,-1.5522528123057193,-1.31768044486777,-0.8249970749797815,-2.470635980043794,-2.1979563338139996,-1.5213573577120116,0,-1.0398886718129865,-0.7703962850086192,-0.8931887137473007,-1.1944992347472665,0,-0.6092502622466047,0,-1.6862099517249276,-1.701301380714622,-0.8137653231464483,-0.7924967382119255,0,-1.8416702718562736,-1.7119072380206881,-1.3847969585653312,-0.9229074632750792,-0.5128948690240653,-1.5784237336638554,-1.4793783991812144,0,-0.6768610256382704,-0.8301970981468978,-1.725370311297938,-2.056975404004587,0,-0.8313118703392874,0,-3.37842586230651,-3.2193293345654967,-2.2141676746497407,-1.2179640947486878,-3.2508350293182784,-2.702280055124215,-2.5374170325900125,0,-1.2166657945621673,-1.9777409483253527,-2.5667707585386528,-0.12720079455030397,0,-0.646396506203688,-1.0014479317032885,0,-1.746664874244137,-0.8267135890086257,-0.703608554370391,0,-0.964699780317436,-1.2318290911919583,-1.2353591441036524,-0.7115217835295681,-0.5651478490783095,-0.4477445948702474,-0.6609186011618515,0,-0.38429548245268985,0,-0.19005855012459794,-0.004444475630462463,-0.3088479726314821,-0.11744195396086225],"activity":[[0]],"dinucleotide":[],"positionBias":[],"modifications":[]}]},"modelFittingConstraints":{"enrichmentModel":[{}],"nShifts":0,"addBindingModesSequentially":true,"bindingModeInteractions":[],"flankLengths":[0],"singleModeLengthSweep":false,"bindingModes":[{"maxFlankLength":-1,"positionBiasBinWidth":1,"optimizeSizeHeuristic":false,"maxSize":-1,"optimizeFlankLength":false,"symmetryString":"null","roundSpecificActivity":true,"informationThreshold":0.1,"optimizeMotifShift":false,"fittingStages":[],"optimizeMotifShiftHeuristic":false,"experimentSpecificPositionBias":true,"minSize":-1,"experimentSpecificActivity":true,"optimizeSize":false}]}}
