{"modelSettings":{"letterOrder":"ACGTN","bindingModeInteractions":[],"bindingModes":[{"size":14,"fitLogActivity":true,"flankLength":0,"dinucleotideDistance":0,"componentName":"Binding mode 1","positionBias":false,"singleStrand":false,"modifications":[]}],"letterComplement":"C-G,A-T,N-N"},"coefficients":{"bindingModeInteractions":[],"bindingModes":[{"mononucleotide":[-0.1494435872076596,0,-0.34204785535852844,-0.07177363062358078,-0.13289079969894232,-0.44878424290102936,-0.011560838304575327,0,-0.4357009429803713,-0.20036719863196628,-0.45957257058448375,0,-0.4771095187490668,-0.0958685551857692,-0.23549719108139364,-2.186548737110903,-0.8994531009357465,-3.512641171420462,0,-0.948740450746223,0,-3.309048400735945,-2.1333197124794485,-2.112479413888446,-1.142617374287259,0,-3.2529610170873835,-4.19757021515881,-4.397696689230987,-1.3223835919247162,-2.5610938481943544,-1.5946092152335953,-2.18043285330706,0,-1.0546906168187198,-1.0475823153191095,-0.7020424308699038,-1.049181425146574,0,-0.5993921975767413,0,-0.6033965796406893,-0.2313526485368964,-0.6569952553713834,-0.3358864594634107,-0.018434427021880584,-0.35468477118528385,0,-0.4334638215837612,-0.18290511671449675,0,-0.3053023399063268,-0.6202989448810778,-0.24901830865292673,-0.2697603329766205,-0.9037789929839299,-0.48010650463669435,-0.637691585230904,0,-0.44931329140094745,-0.2752307409722152,-0.4804070760522752,-0.5468050542575464,0,-0.30221228937819344,0,-0.5499184260606285,-0.27901584098342225,-0.29599608808137523,-0.26223685435798977],"activity":[[0]],"dinucleotide":[],"positionBias":[],"modifications":[]}]},"modelFittingConstraints":{"enrichmentModel":[{}],"nShifts":0,"addBindingModesSequentially":true,"bindingModeInteractions":[],"flankLengths":[0],"singleModeLengthSweep":false,"bindingModes":[{"maxFlankLength":-1,"positionBiasBinWidth":1,"optimizeSizeHeuristic":false,"maxSize":-1,"optimizeFlankLength":false,"symmetryString":"null","roundSpecificActivity":true,"informationThreshold":0.1,"optimizeMotifShift":false,"fittingStages":[],"optimizeMotifShiftHeuristic":false,"experimentSpecificPositionBias":true,"minSize":-1,"experimentSpecificActivity":true,"optimizeSize":false}]}}
