{"modelSettings":{"letterOrder":"ACGTN","bindingModeInteractions":[],"bindingModes":[{"size":16,"fitLogActivity":true,"flankLength":0,"dinucleotideDistance":0,"componentName":"Binding mode 2","positionBias":false,"singleStrand":false,"modifications":[]}],"letterComplement":"C-G,A-T,N-N"},"coefficients":{"bindingModeInteractions":[],"bindingModes":[{"mononucleotide":[-0.027302420816440076,-0.07549699730902582,-0.333339401015321,0,-0.10068358094696958,-0.5391547093615205,-0.7567977395101302,-0.4137340089450827,0,-0.3880239933171447,-3.7791386282336745,-2.837000271790415,-3.2433551435004624,0,-1.2725405307280782,-3.1230161523793134,-3.6762204455789247,0,-3.100975974455177,-1.2780249451126426,0,-2.992538545024856,-2.7126006494382393,-2.899452623190509,-1.2279434167250272,-3.078563239519908,0,-3.579641068600406,-3.459937384479396,-1.286138873223423,-2.9168425690544844,0,-3.4866582140304505,-3.255891641365869,-1.2700648389931775,-2.843495982018771,-0.9131813235805888,-3.104749777959012,0,-0.9779645584637813,0,-0.4182046742947918,-0.8532651207053403,-0.4213656485833823,-0.37819073015865734,-0.38904363113252227,0,-0.1408116432671349,-0.3412381271726881,-0.20541193375271966,-0.27296722317945576,-0.7988637639400862,-0.5687857974097978,0,-0.3648619193506324,-0.13343090223977505,-0.5982780538141199,0,-0.04830442444625582,-0.16910258905949654,0,-0.8174914822153818,-0.5067763229682862,-0.15820131426932704,-0.32239419898629024,-0.8392028402013043,0,-0.46230919028251716,-0.06332562530931973,-0.28750870218811486,-0.5392173484599865,-0.027736057464861297,0,-0.5008130899484495,-0.23512527407129694,0,-0.4761896108100758,-0.6312763472347886,-0.055942581939197655,-0.2553273164573809],"activity":[[0]],"dinucleotide":[],"positionBias":[],"modifications":[]}]},"modelFittingConstraints":{"enrichmentModel":[{}],"nShifts":0,"addBindingModesSequentially":true,"bindingModeInteractions":[],"flankLengths":[0],"singleModeLengthSweep":false,"bindingModes":[{"maxFlankLength":-1,"positionBiasBinWidth":1,"optimizeSizeHeuristic":false,"maxSize":-1,"optimizeFlankLength":false,"symmetryString":"null","roundSpecificActivity":true,"informationThreshold":0.1,"optimizeMotifShift":false,"fittingStages":[],"optimizeMotifShiftHeuristic":false,"experimentSpecificPositionBias":true,"minSize":-1,"experimentSpecificActivity":true,"optimizeSize":false}]}}
