{"modelSettings":{"letterOrder":"ACGTN","bindingModeInteractions":[],"bindingModes":[{"size":12,"fitLogActivity":true,"flankLength":0,"dinucleotideDistance":0,"componentName":"Binding mode 2","positionBias":false,"singleStrand":false,"modifications":[]}],"letterComplement":"C-G,A-T,N-N"},"coefficients":{"bindingModeInteractions":[],"bindingModes":[{"mononucleotide":[0,-1.1967374587684292,-1.5209876833202385,-1.3256580945670269,-0.8061464955658928,0,-0.8380952858910709,-1.3730025764412548,-0.35448833356676257,-0.5160848365600876,-0.36883984691116245,-0.524048752764724,0,-1.4834939690527649,-0.4658131344706207,-0.18137347836075612,0,-0.4541383603002118,-1.445261688634199,-0.3912652666371085,-1.2825044800013279,-1.2585123063944446,0,-2.023786001219889,-0.8594542498070569,-1.1560863095882121,-2.265123950127197,0,-1.986200729373035,-0.9443376486486981,0,-2.402708555503383,-2.3503220308139947,-2.8175966331264317,-1.1667088148559013,0,-2.3279743522571708,-2.795332778507672,-2.4936509420519566,-1.1702194194766309,-0.6913034701605452,-0.6073559260819752,0,-1.6121276124804127,-0.5775109283690153,-0.6795572264310779,-0.9719447557170637,-1.7166941319512303,0,-0.6612382363509521,0,-0.6813621681429756,-0.5440899339253753,-0.5026949359824013,-0.39630888648833806,0,-0.46219297806856785,-0.4639435774475644,-0.48452162513631336,-0.3303489606667993],"activity":[[0]],"dinucleotide":[],"positionBias":[],"modifications":[]}]},"modelFittingConstraints":{"enrichmentModel":[{}],"nShifts":0,"addBindingModesSequentially":true,"bindingModeInteractions":[],"flankLengths":[0],"singleModeLengthSweep":false,"bindingModes":[{"maxFlankLength":-1,"positionBiasBinWidth":1,"optimizeSizeHeuristic":false,"maxSize":-1,"optimizeFlankLength":false,"symmetryString":"null","roundSpecificActivity":true,"informationThreshold":0.1,"optimizeMotifShift":false,"fittingStages":[],"optimizeMotifShiftHeuristic":false,"experimentSpecificPositionBias":true,"minSize":-1,"experimentSpecificActivity":true,"optimizeSize":false}]}}
