{"modelSettings":{"letterOrder":"ACGTN","bindingModeInteractions":[],"bindingModes":[{"size":18,"fitLogActivity":true,"flankLength":0,"dinucleotideDistance":0,"componentName":"Binding mode 1","positionBias":false,"singleStrand":false,"modifications":[]}],"letterComplement":"C-G,A-T,N-N"},"coefficients":{"bindingModeInteractions":[],"bindingModes":[{"mononucleotide":[-0.34705431441740586,0,-0.8951758308057549,-1.0036712018024252,-0.47729653543817757,0,-1.4637744163191222,-0.6498445634313015,-0.5840295044454802,-0.5485555756299012,-1.6334587478530755,0,-1.6459726850685454,-2.2608501941574572,-0.9859491428765934,0,-1.4607237748562776,-0.7257136875281534,-1.3995250201122298,-0.7119419993182112,-0.6355720143075549,0,-0.9269693618440815,-0.326209677961649,-0.4128532427927787,-0.29067239349771246,0,-0.24694909896003026,-0.5467928067971206,-0.25239722450587926,-0.7358344823357372,-0.9150350977041777,-0.768149689495818,0,-0.5346579392680519,0,-1.6420648839349345,-1.174223495791308,-1.0991442708790933,-0.7788168211269044,-0.7700809565298288,-0.5740178028344385,0,-0.5008047110357561,-0.4184454187125421,-0.7808632223624992,-1.948810448534331,0,-1.572834693240158,-0.7941227887068146,-3.1621995756983794,-1.3411879125499082,-2.434715274148999,0,-1.0559192309545236,-2.86117644951058,-2.855599530638068,0,-3.262500442427911,-1.2439138666640281,-2.0194669871500373,-0.43585815029312514,-2.3943624208858325,0,-0.7599995909559479,-1.9349413358410028,-0.832952993956618,0,-0.5681508592227065,-0.6227966357544766,0,-3.6439110464872377,-3.0640216687820927,-4.019678868079163,-1.299375555538629,0,-0.5504690864907369,-1.197205476575367,-0.6736682817241801,-0.5156073534314424,0,-0.28705989769096707,-0.7878288889941008,-0.15125943062979896,-0.26627202984386883,-0.49050040426141006,-0.5169416713426616,-0.5046298039193431,0,-0.35225952319236575],"activity":[[0]],"dinucleotide":[],"positionBias":[],"modifications":[]}]},"modelFittingConstraints":{"enrichmentModel":[{}],"nShifts":0,"addBindingModesSequentially":true,"bindingModeInteractions":[],"flankLengths":[0],"singleModeLengthSweep":false,"bindingModes":[{"maxFlankLength":-1,"positionBiasBinWidth":1,"optimizeSizeHeuristic":false,"maxSize":-1,"optimizeFlankLength":false,"symmetryString":"null","roundSpecificActivity":true,"informationThreshold":0.1,"optimizeMotifShift":false,"fittingStages":[],"optimizeMotifShiftHeuristic":false,"experimentSpecificPositionBias":true,"minSize":-1,"experimentSpecificActivity":true,"optimizeSize":false}]}}
