{"modelSettings":{"letterOrder":"ACGTN","bindingModeInteractions":[],"bindingModes":[{"size":12,"fitLogActivity":true,"flankLength":0,"dinucleotideDistance":0,"componentName":"Binding mode 1","positionBias":false,"singleStrand":false,"modifications":[]}],"letterComplement":"C-G,A-T,N-N"},"coefficients":{"bindingModeInteractions":[],"bindingModes":[{"mononucleotide":[-0.17526565103814162,-0.19199375555885156,-0.1906720928422545,0,-0.13612057102587,-0.5408478374584065,-0.46574256633665767,-0.5060213453122615,0,-0.35210940517241496,-1.402252769820095,-0.7193690078075226,-1.6435202949825922,0,-0.7306414220395618,-0.2792305529313288,0,-0.08523590127223857,-1.4434392958410203,-0.3178748459243988,0,-2.0972178437549296,-1.124045339822556,-1.408865190680737,-0.8602763443126702,-3.2078636395057076,0,-3.366850155858093,-2.9062347750499704,-1.2644110482511248,0,-2.964386376721404,-1.2356597084956022,-3.7802937723186463,-1.0751025230204356,-2.543600291175386,0,-2.0419334872878956,-2.536602158086599,-1.1335956236043794,-1.6857405795260143,0,-0.9748727330204447,-0.806782933035548,-0.6887374098499035,-1.0501288111221907,-0.45463844320614966,-1.3106573868689324,0,-0.5734935342328316,-0.042947449200506416,-0.07640079091464624,-0.22920505777878653,0,-0.0834979163016877,-0.1750547571474952,-0.2444694816780011,-0.5699653428352014,0,-0.22687676678433225],"activity":[[0]],"dinucleotide":[],"positionBias":[],"modifications":[]}]},"modelFittingConstraints":{"enrichmentModel":[{}],"nShifts":0,"addBindingModesSequentially":true,"bindingModeInteractions":[],"flankLengths":[0],"singleModeLengthSweep":false,"bindingModes":[{"maxFlankLength":-1,"positionBiasBinWidth":1,"optimizeSizeHeuristic":false,"maxSize":-1,"optimizeFlankLength":false,"symmetryString":"null","roundSpecificActivity":true,"informationThreshold":0.1,"optimizeMotifShift":false,"fittingStages":[],"optimizeMotifShiftHeuristic":false,"experimentSpecificPositionBias":true,"minSize":-1,"experimentSpecificActivity":true,"optimizeSize":false}]}}
