{"modelSettings":{"letterOrder":"ACGTN","bindingModeInteractions":[],"bindingModes":[{"size":12,"fitLogActivity":true,"flankLength":0,"dinucleotideDistance":0,"componentName":"Binding mode 1","positionBias":false,"singleStrand":false,"modifications":[]}],"letterComplement":"C-G,A-T,N-N"},"coefficients":{"bindingModeInteractions":[],"bindingModes":[{"mononucleotide":[-0.16678472344247197,-0.15346115556738749,-0.34957328024502665,0,-0.1598446445151328,-0.08273741909129217,-0.6410060314185806,-0.2398079678562981,0,-0.21253316698219019,0,-2.300740640903454,-0.7676222417156682,-1.482471646482309,-0.8033105056863052,-1.2811959003286972,-1.3898583312208155,0,-1.926905076940523,-0.8720264461516876,-3.6391030860687295,-2.900918767247404,0,-3.3405493961557466,-1.275946825292684,-3.654062167985175,-1.4508511900802814,-2.4651831667091475,0,-1.0897146814734444,-3.6821898556710657,-3.9620469951802484,0,-4.053354407741094,-1.326558639203552,-1.328936759729837,-1.1973852390368993,-2.3374294421264077,0,-0.8774805720039272,-1.7726556478697661,-0.45811305498727606,0,-0.434176814726178,-0.490143107020903,0,-2.5052546863305256,-0.9942691687285805,-1.9664588560064296,-0.9215544885619672,0,-0.28716234572374777,-0.33793000448148014,-0.31886185916082166,-0.22608190344666423,0,-1.0559604185738207,-1.153028680961226,-0.43760667489493166,-0.5494291341638387],"activity":[[0]],"dinucleotide":[],"positionBias":[],"modifications":[]}]},"modelFittingConstraints":{"enrichmentModel":[{}],"nShifts":0,"addBindingModesSequentially":true,"bindingModeInteractions":[],"flankLengths":[0],"singleModeLengthSweep":false,"bindingModes":[{"maxFlankLength":-1,"positionBiasBinWidth":1,"optimizeSizeHeuristic":false,"maxSize":-1,"optimizeFlankLength":false,"symmetryString":"null","roundSpecificActivity":true,"informationThreshold":0.1,"optimizeMotifShift":false,"fittingStages":[],"optimizeMotifShiftHeuristic":false,"experimentSpecificPositionBias":true,"minSize":-1,"experimentSpecificActivity":true,"optimizeSize":false}]}}
