{"modelSettings":{"letterOrder":"ACGTN","bindingModeInteractions":[],"bindingModes":[{"size":12,"fitLogActivity":true,"flankLength":0,"dinucleotideDistance":0,"componentName":"Binding mode 1","positionBias":false,"singleStrand":false,"modifications":[]}],"letterComplement":"C-G,A-T,N-N"},"coefficients":{"bindingModeInteractions":[],"bindingModes":[{"mononucleotide":[0,-1.0049564602004608,-1.0271595394266844,-0.1965761520726037,-0.4519194163906119,-0.4408298986486736,-1.171890692927804,-0.6174651204853112,0,-0.4729709728080129,0,-1.129164323922193,-0.12372413675338567,-0.23718213694581225,-0.2890915707999899,-0.4445326260433591,-1.0285959883624307,0,-1.1433764956455357,-0.5458599804167432,-1.2978782408405114,0,-0.8027784520960553,-0.9614946589392925,-0.6426851144168827,-1.9851880137874391,0,-2.8489275283832605,-0.11076212124311002,-0.6489327841189783,0,-0.8257783265098975,-1.9297428504773428,-0.9708232266214525,-0.7124061197936759,0,-0.8156275725283009,-1.121494206009269,-2.2168295481760483,-0.7565619328929651,-3.0984187158034393,-2.467265055972025,-3.5158366789004596,0,-1.2381675637842535,-2.117545653665762,-1.4571245773767347,-2.9496841846527713,0,-1.0458387537215679,0,-2.379840743187046,-2.3325406163972584,-1.0798325250110303,-0.9615060923923222,0,-0.1207161832717869,-0.14427457489786022,-0.11129485092014813,-0.09249627964678418],"activity":[[0]],"dinucleotide":[],"positionBias":[],"modifications":[]}]},"modelFittingConstraints":{"enrichmentModel":[{}],"nShifts":0,"addBindingModesSequentially":true,"bindingModeInteractions":[],"flankLengths":[0],"singleModeLengthSweep":false,"bindingModes":[{"maxFlankLength":-1,"positionBiasBinWidth":1,"optimizeSizeHeuristic":false,"maxSize":-1,"optimizeFlankLength":false,"symmetryString":"null","roundSpecificActivity":true,"informationThreshold":0.1,"optimizeMotifShift":false,"fittingStages":[],"optimizeMotifShiftHeuristic":false,"experimentSpecificPositionBias":true,"minSize":-1,"experimentSpecificActivity":true,"optimizeSize":false}]}}
