{"modelSettings":{"letterOrder":"ACGTN","bindingModeInteractions":[],"bindingModes":[{"size":18,"fitLogActivity":true,"flankLength":0,"dinucleotideDistance":0,"componentName":"Binding mode 1","positionBias":false,"singleStrand":false,"modifications":[]}],"letterComplement":"C-G,A-T,N-N"},"coefficients":{"bindingModeInteractions":[],"bindingModes":[{"mononucleotide":[-0.8149243115330282,-1.3823069175281972,-0.11726925500724938,0,-0.43733611746381346,0,-2.560331412432284,-0.18903313900532126,-0.9204236600600133,-0.5519130874145001,-2.257515267256119,-2.3844758678207225,0,-2.4098186818550427,-1.134307657419586,-2.3125398499589216,-2.5769883405811496,-0.6891701744861081,0,-0.8692852076263656,-1.7789392629754062,-1.9043090924791564,-1.3076044318447746,0,-0.923686873970993,-3.052840987102464,0,-2.3893727127187394,-1.605405313263235,-1.0938338007304798,0,-2.067859968870099,-0.756786063329951,-2.1564665984542586,-0.8490052024431861,-0.7611618259316906,-0.45169683375955927,-1.0563453868725965,0,-0.489637190645166,-0.4230376885578746,-0.17218465833440355,-0.7134022018470656,0,-0.29207436429673445,-0.6708376440684525,-0.9352942993446351,0,-1.4727522200214302,-0.6287442832857948,0,-1.9758266169037224,-0.18624673304375605,-2.4741962308073453,-0.6670184842257992,-2.0160225349101193,-2.9290099892284496,0,-2.56720787939337,-1.1525008293113876,-2.507695512181122,-2.6807746595803974,-0.8796578159185469,0,-0.9384784011894418,-1.8062132068804884,-1.062906552936207,-1.2721912563320759,0,-0.8041110112489285,-1.6345284473305917,0,-1.310713544081695,-1.2194772444831443,-0.8209484728626288,0,-0.017188416355483405,-0.7897943330270447,-1.7755346646810857,-0.42836681245093156,-0.4508107086186346,-0.3508682148816513,-0.6219203941871241,0,-0.3291638927501681,0,-0.05559553111153548,-0.1714407553472368,-0.01824471652411752,-0.059141765230822846],"activity":[[0]],"dinucleotide":[],"positionBias":[],"modifications":[]}]},"modelFittingConstraints":{"enrichmentModel":[{}],"nShifts":0,"addBindingModesSequentially":true,"bindingModeInteractions":[],"flankLengths":[0],"singleModeLengthSweep":false,"bindingModes":[{"maxFlankLength":-1,"positionBiasBinWidth":1,"optimizeSizeHeuristic":false,"maxSize":-1,"optimizeFlankLength":false,"symmetryString":"null","roundSpecificActivity":true,"informationThreshold":0.1,"optimizeMotifShift":false,"fittingStages":[],"optimizeMotifShiftHeuristic":false,"experimentSpecificPositionBias":true,"minSize":-1,"experimentSpecificActivity":true,"optimizeSize":false}]}}
