{"modelSettings":{"letterOrder":"ACGTN","bindingModeInteractions":[],"bindingModes":[{"size":18,"fitLogActivity":true,"flankLength":0,"dinucleotideDistance":0,"componentName":"Binding mode 1","positionBias":false,"singleStrand":false,"modifications":[]}],"letterComplement":"C-G,A-T,N-N"},"coefficients":{"bindingModeInteractions":[],"bindingModes":[{"mononucleotide":[-0.23574506857627497,0,-0.3087526707213062,-0.31344039989542516,-0.20601841538631382,-0.610444133764986,-0.3184054823480471,-0.23872514808678513,0,-0.2685173103368379,-0.5940430481387109,0,-1.043732540020903,-0.16569232577308846,-0.37413528408324226,-0.5838089390834744,-1.306241774714394,0,-2.256775464484033,-0.7270694276216227,0,-2.607674784891548,-0.07216766666705077,-2.0924718099426545,-0.6313644538500668,-2.967598740294053,-3.1434062271011087,0,-2.716610752167854,-1.2373049770293232,-2.958644426547503,-2.79797061171532,-1.1495013075513736,0,-1.0288874229484628,-2.726119969849638,-2.350686403823351,-1.9942172669821754,0,-1.1263200925870391,-3.716000255504817,0,-2.9449039172039906,-1.9596823958573864,-1.1892144375164966,0,-2.3512605329129763,-0.9504405200725401,-2.1997880407083072,-0.9208973495729219,-1.1780832132819903,-0.3565624761030888,-1.3467638251257874,0,-0.5673838106106739,-0.48165053752288145,-0.142735336664626,-0.5318497719199575,0,-0.26387974307159145,-0.41591401801323347,-0.4303238929778104,0,-0.8718965942824388,-0.38265482151378827,0,-1.5257839793838492,-0.20815554163037042,-0.7073818607097184,-0.46105803870546624,-0.7813237078948951,-0.9001766425099955,0,-1.3002824508942945,-0.6270073050552311,-1.2138565921331823,-0.7556742849694071,-0.42310720160103266,0,-0.5018032477737837,-1.4974733067989447,-1.386633386599942,-0.9946943096315968,0,-0.7746575005990007,-0.293908623004004,0,-1.1672809861861886,-0.5489982175159289,-0.41775861880839216],"activity":[[0]],"dinucleotide":[],"positionBias":[],"modifications":[]}]},"modelFittingConstraints":{"enrichmentModel":[{}],"nShifts":0,"addBindingModesSequentially":true,"bindingModeInteractions":[],"flankLengths":[0],"singleModeLengthSweep":false,"bindingModes":[{"maxFlankLength":-1,"positionBiasBinWidth":1,"optimizeSizeHeuristic":false,"maxSize":-1,"optimizeFlankLength":false,"symmetryString":"null","roundSpecificActivity":true,"informationThreshold":0.1,"optimizeMotifShift":false,"fittingStages":[],"optimizeMotifShiftHeuristic":false,"experimentSpecificPositionBias":true,"minSize":-1,"experimentSpecificActivity":true,"optimizeSize":false}]}}
