{"modelSettings":{"letterOrder":"ACGTN","bindingModeInteractions":[],"bindingModes":[{"size":16,"fitLogActivity":true,"flankLength":0,"dinucleotideDistance":0,"componentName":"Binding mode 1","positionBias":false,"singleStrand":false,"modifications":[]}],"letterComplement":"C-G,A-T,N-N"},"coefficients":{"bindingModeInteractions":[],"bindingModes":[{"mononucleotide":[-0.6216211279506254,0,-1.3462957027157398,-1.624423319087997,-0.6960009111072882,-0.9367888194762939,0,-1.803385900355683,-0.9533853751752179,-0.7225459449432369,-0.8013486048681298,-2.0720871068414177,0,-1.4917811811527213,-0.798720117799948,-0.5601984764145964,-1.379013268630087,0,-2.032249687274626,-0.7164347385920261,-1.184047799821204,-1.021808532136467,-2.1194162505485976,0,-0.8062696596462048,-1.1212328287058715,-0.24132886242180973,-1.3548330607901717,0,-0.5236359137658324,-0.5979602876398342,-0.32293614135977755,-0.05766378358304003,0,-0.21755931112003032,0,-0.8892277998456164,-0.30769888112646804,-0.4915883103047971,-0.3718742425732788,0,-1.7273349944142162,-1.1768901544830093,-0.7648831968362231,-0.7177567234877925,0,-2.081119585833758,-0.9600713439986861,-0.29175939207610746,-0.5733199130011819,-3.067737533893985,0,-2.0313629573486494,-2.684590796758825,-1.1664104731760199,-1.5319290467841302,0,-1.6495243924521277,-0.6014688135382009,-0.7152569300789213,-0.6679183998249094,-2.3994715510652505,0,-1.6335439368700357,-0.7991872567122303,-2.5703067185446407,-1.520889648143604,0,-3.2603142261836533,-1.0985579339353684,-0.4730347073187753,-0.7152017905395862,-2.2154576947484204,0,-0.5881993117114493,-0.8674652410618551,-0.8140130390999234,-1.4251805421124688,0,-0.6426649756511614],"activity":[[0]],"dinucleotide":[],"positionBias":[],"modifications":[]}]},"modelFittingConstraints":{"enrichmentModel":[{}],"nShifts":0,"addBindingModesSequentially":true,"bindingModeInteractions":[],"flankLengths":[0],"singleModeLengthSweep":false,"bindingModes":[{"maxFlankLength":-1,"positionBiasBinWidth":1,"optimizeSizeHeuristic":false,"maxSize":-1,"optimizeFlankLength":false,"symmetryString":"null","roundSpecificActivity":true,"informationThreshold":0.1,"optimizeMotifShift":false,"fittingStages":[],"optimizeMotifShiftHeuristic":false,"experimentSpecificPositionBias":true,"minSize":-1,"experimentSpecificActivity":true,"optimizeSize":false}]}}
