{"modelSettings":{"letterOrder":"ACGTN","bindingModeInteractions":[],"bindingModes":[{"size":12,"fitLogActivity":true,"flankLength":0,"dinucleotideDistance":0,"componentName":"Binding mode 1","positionBias":false,"singleStrand":false,"modifications":[]}],"letterComplement":"C-G,A-T,N-N"},"coefficients":{"bindingModeInteractions":[],"bindingModes":[{"mononucleotide":[-0.14217822315284678,-0.5769321425911578,0,-0.28798087719191745,-0.22977132203811612,-0.1858152615018014,-0.5260673045629849,-0.1680282079144133,0,-0.2025197804156045,-0.3639885451311926,0,-0.5556256213283639,-1.828884547753637,-0.4987303269996593,-3.44020441975388,0,-3.6717824168423117,-3.579121512349149,-1.3043555173102794,0,-3.302469348729165,-3.71729491106988,-1.953915855098081,-1.2016339995363916,-3.758695362724395,-2.547915478135916,0,-3.3083788820435407,-1.2569041461402888,0,-0.6980337140934099,-1.7514643306704376,-1.53010842118265,-0.7509910665843593,-3.7952062589148596,-3.4039146715991526,-1.8719611015506241,0,-1.1960518788566765,-3.8288467527389782,-3.5591758428086475,0,-3.660569681544537,-1.313123087806097,-0.569801590456259,-1.1944113264425984,-2.6510319234002044,0,-0.7240713415025924,-0.46129327192823943,-1.527256154512858,-0.11726214254217471,0,-0.37945005289817335,-0.3625327045140745,-0.09188408364012668,-0.1451334185170543,0,-0.14126714274722554],"activity":[[0]],"dinucleotide":[],"positionBias":[],"modifications":[]}]},"modelFittingConstraints":{"enrichmentModel":[{}],"nShifts":0,"addBindingModesSequentially":true,"bindingModeInteractions":[],"flankLengths":[0],"singleModeLengthSweep":false,"bindingModes":[{"maxFlankLength":-1,"positionBiasBinWidth":1,"optimizeSizeHeuristic":false,"maxSize":-1,"optimizeFlankLength":false,"symmetryString":"null","roundSpecificActivity":true,"informationThreshold":0.1,"optimizeMotifShift":false,"fittingStages":[],"optimizeMotifShiftHeuristic":false,"experimentSpecificPositionBias":true,"minSize":-1,"experimentSpecificActivity":true,"optimizeSize":false}]}}
