{"modelSettings":{"letterOrder":"ACGTN","bindingModeInteractions":[],"bindingModes":[{"size":18,"fitLogActivity":true,"flankLength":0,"dinucleotideDistance":0,"componentName":"Binding mode 1","positionBias":false,"singleStrand":false,"modifications":[]}],"letterComplement":"C-G,A-T,N-N"},"coefficients":{"bindingModeInteractions":[],"bindingModes":[{"mononucleotide":[-1.8099499992723933,-1.350836008976425,-1.8333580636084208,0,-0.9272494750782432,-2.3555812024272016,-1.5641241227831921,-2.301440241720618,0,-1.0468094174507465,-1.5691176410240688,0,-2.124492035522517,-0.629145896687779,-0.7653043196564814,-1.9137934551965863,-0.9088603177816585,0,-0.8816740493984341,-0.7110097327072176,-0.22223565682282231,-1.7079371683218527,-1.9672343628106712,0,-0.6340253363378902,-0.40498915814649505,-1.1377194142098652,0,-1.0661127590083979,-0.5396205210567104,-2.0112218424190114,-1.6785098268274314,-0.36571602005618065,0,-0.6860838128617187,-1.945520958426611,0,-2.5823561958464074,-1.4170439663849619,-1.0072156543701691,-0.12638625713170182,0,-1.8229496901349114,-0.3035529568751896,-0.36347885683075326,-1.8568233513980141,0,-0.2807443349773715,-0.19313697822005604,-0.37988567878542273,-1.9368533573462523,-0.23523466271475169,-1.8132303517010206,0,-0.6454678568733755,-2.2773010803755853,-0.2727218159478255,-1.7582443078511116,0,-0.6752029631838115,-1.419953723691759,-1.2658584482385105,-0.5629393858271468,0,-0.647574166685567,-2.024775402951716,-0.4509808924037775,-1.8861461860876312,0,-0.7336142170588296,-1.588853415322958,0,-1.1483156585524625,-0.35317975827523274,-0.5870854528471458,-1.1749755452052524,-0.7594314483321556,-0.5644949723292529,0,-0.5338357614813599,-0.08167080618524825,-0.043861620665328616,-0.6758179403599756,0,-0.16623116242403307,-0.3109696671985711,-0.4985422596743998,-0.4987550148222679,0,-0.30535810315111495],"activity":[[0]],"dinucleotide":[],"positionBias":[],"modifications":[]}]},"modelFittingConstraints":{"enrichmentModel":[{}],"nShifts":0,"addBindingModesSequentially":true,"bindingModeInteractions":[],"flankLengths":[0],"singleModeLengthSweep":false,"bindingModes":[{"maxFlankLength":-1,"positionBiasBinWidth":1,"optimizeSizeHeuristic":false,"maxSize":-1,"optimizeFlankLength":false,"symmetryString":"null","roundSpecificActivity":true,"informationThreshold":0.1,"optimizeMotifShift":false,"fittingStages":[],"optimizeMotifShiftHeuristic":false,"experimentSpecificPositionBias":true,"minSize":-1,"experimentSpecificActivity":true,"optimizeSize":false}]}}
