{"modelSettings":{"letterOrder":"ACGTN","bindingModeInteractions":[],"bindingModes":[{"size":13,"fitLogActivity":true,"flankLength":0,"dinucleotideDistance":0,"componentName":"Binding mode 1","positionBias":false,"singleStrand":false,"modifications":[]}],"letterComplement":"C-G,A-T,N-N"},"coefficients":{"bindingModeInteractions":[],"bindingModes":[{"mononucleotide":[-0.06106338890243812,0,-0.43060928063272996,-0.5138557402797198,-0.22656779530312737,0,-0.19330171988529266,-0.010829429124671108,-0.23564530116828486,-0.10438235393585166,0,-0.8809434823402543,-0.5645472613848553,-0.8572121649585426,-0.507766676359353,-0.508125855967931,-0.45579092405851906,-0.29061370936243325,0,-0.29323985248720036,-0.396240149954461,-0.17972994820491373,-0.7111672430800279,0,-0.28787823673346735,-1.8330971668705538,-0.49295690027984673,-2.901831359887594,0,-0.7843540837696548,-1.7631939494408435,-4.033463073942596,0,-2.944774167820479,-1.1697138508615001,-1.3919853367267425,-1.826538312293866,-4.844055478126374,0,-1.037451683010828,-4.515347322391904,0,-5.297107688656166,-3.7875776920438895,-1.3484243110683318,0,-1.8294629866230976,-1.83850684883493,-1.1934350457645322,-0.9021828922771953,0,-0.3865572173368941,-0.400736891605725,-0.1371896070225036,-0.2165953389281054,-0.08501500375196658,-0.1890712681580755,-0.2760146642563601,0,-0.13209590321344683,-0.012517334730855367,0,-0.19241531880625917,-0.06133458716014362,-0.0637299519844458],"activity":[[0]],"dinucleotide":[],"positionBias":[],"modifications":[]}]},"modelFittingConstraints":{"enrichmentModel":[{}],"nShifts":0,"addBindingModesSequentially":true,"bindingModeInteractions":[],"flankLengths":[0],"singleModeLengthSweep":false,"bindingModes":[{"maxFlankLength":-1,"positionBiasBinWidth":1,"optimizeSizeHeuristic":false,"maxSize":-1,"optimizeFlankLength":false,"symmetryString":"null","roundSpecificActivity":true,"informationThreshold":0.1,"optimizeMotifShift":false,"fittingStages":[],"optimizeMotifShiftHeuristic":false,"experimentSpecificPositionBias":true,"minSize":-1,"experimentSpecificActivity":true,"optimizeSize":false}]}}
