{"modelSettings":{"letterOrder":"ACGTN","bindingModeInteractions":[],"bindingModes":[{"size":12,"fitLogActivity":true,"flankLength":0,"dinucleotideDistance":0,"componentName":"Binding mode 1","positionBias":false,"singleStrand":false,"modifications":[]}],"letterComplement":"C-G,A-T,N-N"},"coefficients":{"bindingModeInteractions":[],"bindingModes":[{"mononucleotide":[-0.5991521823474386,-0.5544150223895619,-0.40807647912418865,0,-0.3607499038188238,0,-0.3961764669734782,-0.15586379582121435,-0.8789841832699701,-0.3066039197459648,-0.2908658874850856,0,-0.48164253340789465,-2.1519748474982796,-0.4773754803175328,-1.3040191739259093,0,-2.058609019224262,-2.124359827201169,-0.9685190235149632,0,-1.8577844188916606,-1.0787542450794343,-1.4526853655263794,-0.8381856773900255,-1.7342543296910606,-1.8951335521948593,-2.1709112454318706,0,-1.021023897659549,0,-1.9236980064472926,-2.0365448062231435,-1.829863521455893,-1.02375064802461,-1.5470753263084427,-1.198653380762259,-2.1500017201319457,0,-0.8971294407153595,-1.9377235176312064,-2.040444977579414,0,-1.5387049693500574,-0.9884171435829927,-1.3045680301797205,-0.4241520669823622,0,-0.026964164404334134,-0.3219249944428693,-1.300700741641951,-0.710748824392792,-1.4661006725634087,0,-0.6959306228193206,-0.6578985807814188,-0.20008794681726094,-0.16116418360830442,0,-0.22697912784423632],"activity":[[0]],"dinucleotide":[],"positionBias":[],"modifications":[]}]},"modelFittingConstraints":{"enrichmentModel":[{}],"nShifts":0,"addBindingModesSequentially":true,"bindingModeInteractions":[],"flankLengths":[0],"singleModeLengthSweep":false,"bindingModes":[{"maxFlankLength":-1,"positionBiasBinWidth":1,"optimizeSizeHeuristic":false,"maxSize":-1,"optimizeFlankLength":false,"symmetryString":"null","roundSpecificActivity":true,"informationThreshold":0.1,"optimizeMotifShift":false,"fittingStages":[],"optimizeMotifShiftHeuristic":false,"experimentSpecificPositionBias":true,"minSize":-1,"experimentSpecificActivity":true,"optimizeSize":false}]}}
