{"modelSettings":{"letterOrder":"ACGTN","bindingModeInteractions":[],"bindingModes":[{"size":18,"fitLogActivity":true,"flankLength":0,"dinucleotideDistance":0,"componentName":"Binding mode 2","positionBias":false,"singleStrand":false,"modifications":[]}],"letterComplement":"C-G,A-T,N-N"},"coefficients":{"bindingModeInteractions":[],"bindingModes":[{"mononucleotide":[-0.05093931445767197,-0.10538044724934714,0,-0.34419624165630003,-0.11678434692899285,-0.40147526506247955,0,-0.3958077203409256,-0.4093349786160885,-0.2854978836026111,-3.4225653299830254,-3.0122956361270576,0,-2.533411414257217,-1.2368447048535423,0,-3.2278546418838685,-2.7824029380841395,-3.2858941962094645,-1.2561970693302111,-3.3957328030230003,-2.687148115616509,-3.0437736014641157,0,-1.247188713475763,0,-2.3238718466655577,-2.964782611683491,-1.595780208628721,-1.0845497960964356,0,-2.480729570866754,-2.9873740644095035,-3.088779239778091,-1.2210686521340899,-0.5090236826365557,-0.09004180963551445,0,-1.09001340606408,-0.3385589270017639,-0.5579923504040472,-0.48100702969528397,-0.4978406525957024,0,-0.35726105822606696,-0.26091499204636515,-0.5040189674217719,-0.1555302653370374,0,-0.21368669072665405,-0.40182609754451937,-0.03152404845760337,0,-0.11029708178224773,-0.1239679015007053,-0.5045523545216768,-0.07162964594816934,0,-0.14581893771947296,-0.16282322235374663,-0.640070298444311,-0.15146562555217802,0,-0.0045606465517917805,-0.16778201417086305,-0.4570759675425129,-0.4035961416146061,-0.25339752812310046,0,-0.26227253789241417,-0.2723331899530259,-0.4280416395275086,-0.29278806537985336,0,-0.23586000097000923,-0.48597217576696794,-0.5459982087959654,-0.5652360808923427,0,-0.37012637648170743,-0.4994569848949513,-0.4056822563158946,-0.7798571773991305,0,-0.3813140416058541,-0.24065358078903243,-0.27742281516808287,-0.6220025645476144,0,-0.2611322589679449],"activity":[[0]],"dinucleotide":[],"positionBias":[],"modifications":[]}]},"modelFittingConstraints":{"enrichmentModel":[{}],"nShifts":0,"addBindingModesSequentially":true,"bindingModeInteractions":[],"flankLengths":[0],"singleModeLengthSweep":false,"bindingModes":[{"maxFlankLength":-1,"positionBiasBinWidth":1,"optimizeSizeHeuristic":false,"maxSize":-1,"optimizeFlankLength":false,"symmetryString":"null","roundSpecificActivity":true,"informationThreshold":0.1,"optimizeMotifShift":false,"fittingStages":[],"optimizeMotifShiftHeuristic":false,"experimentSpecificPositionBias":true,"minSize":-1,"experimentSpecificActivity":true,"optimizeSize":false}]}}
