{"modelSettings":{"letterOrder":"ACGTN","bindingModeInteractions":[],"bindingModes":[{"size":12,"fitLogActivity":true,"flankLength":0,"dinucleotideDistance":0,"componentName":"Binding mode 1","positionBias":false,"singleStrand":false,"modifications":[]}],"letterComplement":"C-G,A-T,N-N"},"coefficients":{"bindingModeInteractions":[],"bindingModes":[{"mononucleotide":[-0.8720339296317712,-1.911876649191402,0,-1.294855759685306,-0.7766155194504609,0,-2.109970155281009,-1.752507534442682,-1.4642583263032842,-0.9637559878978088,-1.8949403636797697,0,-2.023455076065301,-1.6565105675587677,-0.9987700054197753,-1.7024433522590499,0,-1.5522347990190173,-1.8631864261835551,-0.9485626243975636,-1.5677144317636993,-1.3643609556665892,0,-1.8157629884366016,-0.8996924562680635,-1.531778544549314,-1.784009537101978,-1.7075784316064755,0,-0.938141139281736,-1.8286275230596283,-1.4266638774901732,-1.4290512306668106,0,-0.8914282671649598,0,-1.2985984466199285,-2.0505293465213397,-2.2338720198510362,-0.9750501920793604,-1.0667777440845712,0,-1.3622640407392048,-1.2298870581879655,-0.7483842959743972,0,-0.7254020246417601,-0.29715871654615755,-0.41369818833578487,-0.3256413402957717,-0.710091658308416,-0.6061721293125335,-0.9294692996966563,0,-0.4976638611319538,-0.5053056264162716,-0.17804457544434182,-0.6095054905679171,0,-0.2930813217826665],"activity":[[0]],"dinucleotide":[],"positionBias":[],"modifications":[]}]},"modelFittingConstraints":{"enrichmentModel":[{}],"nShifts":0,"addBindingModesSequentially":true,"bindingModeInteractions":[],"flankLengths":[0],"singleModeLengthSweep":false,"bindingModes":[{"maxFlankLength":-1,"positionBiasBinWidth":1,"optimizeSizeHeuristic":false,"maxSize":-1,"optimizeFlankLength":false,"symmetryString":"null","roundSpecificActivity":true,"informationThreshold":0.1,"optimizeMotifShift":false,"fittingStages":[],"optimizeMotifShiftHeuristic":false,"experimentSpecificPositionBias":true,"minSize":-1,"experimentSpecificActivity":true,"optimizeSize":false}]}}
