{"modelSettings":{"letterOrder":"ACGTN","bindingModeInteractions":[],"bindingModes":[{"size":12,"fitLogActivity":true,"flankLength":0,"dinucleotideDistance":0,"componentName":"Binding mode 1","positionBias":false,"singleStrand":false,"modifications":[]}],"letterComplement":"C-G,A-T,N-N"},"coefficients":{"bindingModeInteractions":[],"bindingModes":[{"mononucleotide":[-0.15571587503941586,-0.02095771364411192,0,-0.23540859394623048,-0.09835440011787923,0,-0.10659433700521603,-0.41297640679933245,-0.6820942319440366,-0.2658797242464377,-1.165228762140523,-0.2115618148349796,-0.8650566174339129,0,-0.453265189776915,-2.4752892589961064,-1.3296951989062746,-2.7752106251133783,0,-1.0419723850991083,0,-4.091647496875926,-2.700703352552864,-4.245915322743539,-1.292628663209463,-4.835008914212247,-4.0715564071504105,-2.0404924090461245,0,-1.2422267911686433,-0.6815614371269554,-3.407039628024018,0,-1.9503450950387773,-0.8667920684056234,-4.572481443140612,-3.397323460026853,-3.9588212267182072,0,-1.3253115897781693,0,-2.179306254075721,-0.9193263784035146,-2.2196466065181992,-0.9035256410140631,-0.4340906295761737,0,-1.074618358532459,-0.31790455096124237,-0.38678303031067074,-0.32858012075268217,-0.5179865375308834,-0.769515492191744,0,-0.36423865605247424,0,-0.1428026631590562,-0.23953531540461404,-0.09765552176621961,-0.11628668766329639],"activity":[[0]],"dinucleotide":[],"positionBias":[],"modifications":[]}]},"modelFittingConstraints":{"enrichmentModel":[{}],"nShifts":0,"addBindingModesSequentially":true,"bindingModeInteractions":[],"flankLengths":[0],"singleModeLengthSweep":false,"bindingModes":[{"maxFlankLength":-1,"positionBiasBinWidth":1,"optimizeSizeHeuristic":false,"maxSize":-1,"optimizeFlankLength":false,"symmetryString":"null","roundSpecificActivity":true,"informationThreshold":0.1,"optimizeMotifShift":false,"fittingStages":[],"optimizeMotifShiftHeuristic":false,"experimentSpecificPositionBias":true,"minSize":-1,"experimentSpecificActivity":true,"optimizeSize":false}]}}
