{"modelSettings":{"letterOrder":"ACGTN","bindingModeInteractions":[],"bindingModes":[{"size":13,"fitLogActivity":true,"flankLength":0,"dinucleotideDistance":0,"componentName":"Binding mode 1","positionBias":false,"singleStrand":false,"modifications":[]}],"letterComplement":"C-G,A-T,N-N"},"coefficients":{"bindingModeInteractions":[],"bindingModes":[{"mononucleotide":[-0.6641660759747143,-0.3076253532525701,-0.08750028408729715,0,-0.23379006035583824,0,-0.22665269069586724,-0.3384003926209189,-0.15865452122638857,-0.17334244079187122,-2.799460208019975,0,-3.3587083797376547,-3.589674619474387,-1.2700855765606294,-4.146293461285613,0,-4.251282251123275,-1.8914978712782666,-1.2200051349606276,0,-2.8425209554459823,-1.780975741303286,-0.20769824987329155,-0.6737346290661798,-1.0763870086610652,-3.1269117347090574,-3.4859116205279164,0,-1.0389503334779522,0,-1.6684401862237745,-1.224226180200036,-0.7115961922341434,-0.7065434645564214,-1.3870957086090776,-2.111181956348384,-3.255107489515811,0,-1.0430797835843417,0,-1.4616715890353529,-1.967769802495435,-0.5747739212893244,-0.7264719776613792,-0.4362137636848704,-0.5885355176230922,-0.5726813973690899,0,-0.3690258060767655,-1.3256616752860229,-3.778097888497796,0,-3.3178865497053214,-1.1050912776972233,-1.862791265452743,-2.3278878068919626,0,-1.2442012737743928,-0.9539204506699551,0,-0.002583821985122192,-0.4348839005948415,-0.22491455540741168,-0.1498513321227016],"activity":[[0]],"dinucleotide":[],"positionBias":[],"modifications":[]}]},"modelFittingConstraints":{"enrichmentModel":[{}],"nShifts":0,"addBindingModesSequentially":true,"bindingModeInteractions":[],"flankLengths":[0],"singleModeLengthSweep":false,"bindingModes":[{"maxFlankLength":-1,"positionBiasBinWidth":1,"optimizeSizeHeuristic":false,"maxSize":-1,"optimizeFlankLength":false,"symmetryString":"null","roundSpecificActivity":true,"informationThreshold":0.1,"optimizeMotifShift":false,"fittingStages":[],"optimizeMotifShiftHeuristic":false,"experimentSpecificPositionBias":true,"minSize":-1,"experimentSpecificActivity":true,"optimizeSize":false}]}}
