{"modelSettings":{"letterOrder":"ACGTN","bindingModeInteractions":[],"bindingModes":[{"size":12,"fitLogActivity":true,"flankLength":0,"dinucleotideDistance":0,"componentName":"Binding mode 1","positionBias":false,"singleStrand":false,"modifications":[]}],"letterComplement":"C-G,A-T,N-N"},"coefficients":{"bindingModeInteractions":[],"bindingModes":[{"mononucleotide":[-0.11168579936963541,-0.28762483713111964,0,-0.09236006249638162,-0.11761728714749074,0,-0.5665010078586992,-0.0017055785126594003,-0.44951129652937594,-0.22197442635642348,-0.6442396372267059,-0.8002500465725779,-1.2711351670838207,0,-0.5732369580770194,-0.8290392393498607,0,-0.09635149929082543,-1.4462126907303707,-0.43847645983746947,-0.23019939770024367,-1.4676672793131114,0,-0.9444752705595851,-0.5051247259134463,-1.4212367395098142,0,-1.1912848026972167,-0.7100807667623279,-0.6748896651067567,-0.8369477161895658,-0.5240265407891567,0,-2.4119396924437675,-0.6373327025313597,-1.7737010629542476,-1.1007852109476297,-2.4788276737172787,0,-0.9249815058065699,-1.088942666462597,-1.7502157880419973,0,-1.7054269012888534,-0.8603810741030821,0,-1.0081845023136071,-1.2079196779606987,-0.6300908675763863,-0.599546416302418,-1.1193564781149616,-0.26891562680441883,-0.9101380694032644,0,-0.47274088669792197,-0.07020135235489144,0,-0.13854099309697077,-0.06870641059937732,-0.06816257474518812],"activity":[[0]],"dinucleotide":[],"positionBias":[],"modifications":[]}]},"modelFittingConstraints":{"enrichmentModel":[{}],"nShifts":0,"addBindingModesSequentially":true,"bindingModeInteractions":[],"flankLengths":[0],"singleModeLengthSweep":false,"bindingModes":[{"maxFlankLength":-1,"positionBiasBinWidth":1,"optimizeSizeHeuristic":false,"maxSize":-1,"optimizeFlankLength":false,"symmetryString":"null","roundSpecificActivity":true,"informationThreshold":0.1,"optimizeMotifShift":false,"fittingStages":[],"optimizeMotifShiftHeuristic":false,"experimentSpecificPositionBias":true,"minSize":-1,"experimentSpecificActivity":true,"optimizeSize":false}]}}
