{"modelSettings":{"letterOrder":"ACGTN","bindingModeInteractions":[],"bindingModes":[{"size":12,"fitLogActivity":true,"flankLength":0,"dinucleotideDistance":0,"componentName":"Binding mode 1","positionBias":false,"singleStrand":false,"modifications":[]}],"letterComplement":"C-G,A-T,N-N"},"coefficients":{"bindingModeInteractions":[],"bindingModes":[{"mononucleotide":[-2.429571661456344,-1.3888071208615131,-2.789681671239613,0,-1.0506167844116951,-0.8079324715759353,-3.974080387833337,0,-4.49866967328878,-0.997162491446393,-2.3260029681884955,-1.3341394548339598,-2.587665577282526,0,-1.0242480015319113,-2.6747855882108027,-2.3762720689344556,-1.3225409103388608,0,-1.029826767361581,-0.523844065794711,-2.87184501424901,-0.0813223870574955,0,-0.4421042973145593,0,-1.3276741906284273,-0.8688807293502978,-0.3429342431279272,-0.5132457542941776,-1.8760688858217254,0,-0.9144746728168518,-0.24322883148976793,-0.5369940979981529,0,-0.11584409503999904,-0.07441895905696327,-0.1396758471314854,-0.08106449942935648,-0.5868232099041459,-0.2487552875882102,-0.791108138766615,0,-0.3605381154189792,0,-1.1663795603864808,-0.6770769548744027,-0.14576590154503322,-0.39900376864021286,0,-0.2088371273097147,-0.19686801219943728,-0.29039129617220194,-0.16818280360258359,-0.05173020780811832,0,-0.062399688186511426,-0.13318505292277472,-0.0607070906097635],"activity":[[0]],"dinucleotide":[],"positionBias":[],"modifications":[]}]},"modelFittingConstraints":{"enrichmentModel":[{}],"nShifts":0,"addBindingModesSequentially":true,"bindingModeInteractions":[],"flankLengths":[0],"singleModeLengthSweep":false,"bindingModes":[{"maxFlankLength":-1,"positionBiasBinWidth":1,"optimizeSizeHeuristic":false,"maxSize":-1,"optimizeFlankLength":false,"symmetryString":"null","roundSpecificActivity":true,"informationThreshold":0.1,"optimizeMotifShift":false,"fittingStages":[],"optimizeMotifShiftHeuristic":false,"experimentSpecificPositionBias":true,"minSize":-1,"experimentSpecificActivity":true,"optimizeSize":false}]}}
