{"modelSettings":{"letterOrder":"ACGTN","bindingModeInteractions":[],"bindingModes":[{"size":18,"fitLogActivity":true,"flankLength":0,"dinucleotideDistance":0,"componentName":"Binding mode 1","positionBias":false,"singleStrand":false,"modifications":[]}],"letterComplement":"C-G,A-T,N-N"},"coefficients":{"bindingModeInteractions":[],"bindingModes":[{"mononucleotide":[-0.9602868696918048,-0.26015589464572475,-0.10504768921073548,0,-0.2698434504712258,-0.5282624959788889,0,-1.7748404618696267,-0.9838358606346764,-0.6287587011692802,0,-1.0001390880184795,-0.7235335437761048,-1.498362259750197,-0.6556782428604058,-0.3035813937857208,-0.20243973923201963,0,-0.44062919182190363,-0.22360089695081678,-2.2318330536082147,-0.6863593377480433,-2.3198148589424035,0,-0.8503691325051387,-0.7448823512708618,0,-0.30045170066040683,-1.2352310244803695,-0.4675899830514889,0,-1.9724865385830364,-0.3771370940093126,-1.326599396436909,-0.6489816257851906,0,-1.5282152716267245,-1.1713206409118495,-0.19424740477600455,-0.531736936325351,-2.1644420277829584,-0.4793861674397011,0,-2.2775945607411465,-0.7784284955959041,-1.8914320647179443,0,-2.1026455106738364,-1.6304370457861004,-1.0018265083388371,-1.0366959716022217,-2.5507887361073642,0,-2.373783926560651,-0.9637937103223098,-2.0372473141495555,-1.877152573802071,-0.5305190717420132,0,-0.7594409121623781,-0.7492110362895508,-2.7314498010212196,0,-2.2107448909295213,-0.8870456032326981,0,-1.5612504321760121,-1.4511295250174192,-1.1178029856897789,-0.8146504120173284,-1.3056149049973147,0,-2.2692681233676355,-2.242187701353057,-0.9938337663215991,-0.8909510679834183,-0.3670840951774368,0,-1.1495530068277935,-0.5026114948193293,-0.09618677162956324,-0.48393587638275015,0,-0.5343224305486363,-0.2514422926590098,-0.0611026745634744,-0.20964720945574555,0,-0.2403771270934829,-0.12275306877787023],"activity":[[0]],"dinucleotide":[],"positionBias":[],"modifications":[]}]},"modelFittingConstraints":{"enrichmentModel":[{}],"nShifts":0,"addBindingModesSequentially":true,"bindingModeInteractions":[],"flankLengths":[0],"singleModeLengthSweep":false,"bindingModes":[{"maxFlankLength":-1,"positionBiasBinWidth":1,"optimizeSizeHeuristic":false,"maxSize":-1,"optimizeFlankLength":false,"symmetryString":"null","roundSpecificActivity":true,"informationThreshold":0.1,"optimizeMotifShift":false,"fittingStages":[],"optimizeMotifShiftHeuristic":false,"experimentSpecificPositionBias":true,"minSize":-1,"experimentSpecificActivity":true,"optimizeSize":false}]}}
