{"modelSettings":{"letterOrder":"ACGTN","bindingModeInteractions":[],"bindingModes":[{"size":16,"fitLogActivity":true,"flankLength":0,"dinucleotideDistance":0,"componentName":"Binding mode 2","positionBias":false,"singleStrand":false,"modifications":[]}],"letterComplement":"C-G,A-T,N-N"},"coefficients":{"bindingModeInteractions":[],"bindingModes":[{"mononucleotide":[-1.1841272334957536,-0.9671641139351315,0,-1.9808290118099583,-0.7851925350115804,-1.0217923828271487,-0.04998556138483856,-2.4610955562610153,0,-0.5122709355013978,0,-0.37518491271107246,-2.3180550457727627,-2.210195016792329,-0.7469138636862359,0,-2.9177032480601683,-1.9694977261099575,-3.363989013390121,-1.180759662172442,-3.9817545997940176,-3.3095943257862883,-3.4655762246503685,0,-1.3033891116302068,-1.012598796415141,-3.009285012126245,-2.7530576438658256,0,-0.9967328454809772,0,-3.1249528436976743,-2.7600559243240346,-2.7026091816334716,-1.2256582222221275,0,-0.7694759640147706,-1.0572526703625988,-0.9159782571472985,-0.5929445681704621,-0.05678736757015912,0,-0.37363315841920164,-0.15212637322469114,-0.1358472111495071,0,-0.658434543417957,-0.2591643371070784,-0.11672391481318556,-0.22966851166687027,-0.9105624438875206,-0.8854611229785392,-1.2848370492172263,0,-0.6484044996029329,-0.17769465160890618,-0.9669433843918562,-0.8125832696220283,0,-0.4075352853013692,0,-0.9265019593656487,-1.4478257895029096,-0.6387779856658216,-0.6166703691643879,0,-0.994835123718548,-1.502371159874118,-0.2613133080034551,-0.5266054140025472,-0.14772435850132837,-0.7759305151518112,-0.5063813013974836,0,-0.31278906988440097,-0.051167358822892695,-1.0523098929239918,-0.23788578452930853,0,-0.25891881935105954],"activity":[[0]],"dinucleotide":[],"positionBias":[],"modifications":[]}]},"modelFittingConstraints":{"enrichmentModel":[{}],"nShifts":0,"addBindingModesSequentially":true,"bindingModeInteractions":[],"flankLengths":[0],"singleModeLengthSweep":false,"bindingModes":[{"maxFlankLength":-1,"positionBiasBinWidth":1,"optimizeSizeHeuristic":false,"maxSize":-1,"optimizeFlankLength":false,"symmetryString":"null","roundSpecificActivity":true,"informationThreshold":0.1,"optimizeMotifShift":false,"fittingStages":[],"optimizeMotifShiftHeuristic":false,"experimentSpecificPositionBias":true,"minSize":-1,"experimentSpecificActivity":true,"optimizeSize":false}]}}
