{"modelSettings":{"letterOrder":"ACGTN","bindingModeInteractions":[],"bindingModes":[{"size":12,"fitLogActivity":true,"flankLength":0,"dinucleotideDistance":0,"componentName":"Binding mode 1","positionBias":false,"singleStrand":false,"modifications":[]}],"letterComplement":"C-G,A-T,N-N"},"coefficients":{"bindingModeInteractions":[],"bindingModes":[{"mononucleotide":[-0.20855916712581202,-0.8865803442753135,0,-0.15498139089658647,-0.2612847099229353,0,-1.580744057975225,-0.6388650614659781,-1.229041222016755,-0.680089769894643,-1.6851418503480573,-1.504919264222205,-1.6387081421236716,0,-0.9152386938157668,-2.3896393255434987,0,-2.6339533665382135,-3.392633885151787,-1.2064117599617679,0,-2.348320559482545,-2.1916052439959364,-2.2423006256830007,-1.1136138256068226,-2.4553768248695604,0,-2.31101800473081,-2.4607158064835284,-1.1469901643958589,-2.432612893419412,-2.0307594141416487,0,-2.272079156935993,-1.1070423288660647,-2.109964320161194,-2.3047935967492332,-2.104936933170179,0,-1.0914814899678227,-2.570952131158972,-2.187372725008454,0,-2.453679878535156,-1.1436223380053012,-0.05573875720875954,-0.07002425830942194,0,-0.24920714092252005,-0.089493757589034,0,-0.14719744705717552,-0.4087494548815629,-0.08145516170599532,-0.14810035705481167,-0.39846198348967876,0,-0.658339173096874,-0.36848068239654364,-0.32821007409364333],"activity":[[0]],"dinucleotide":[],"positionBias":[],"modifications":[]}]},"modelFittingConstraints":{"enrichmentModel":[{}],"nShifts":0,"addBindingModesSequentially":true,"bindingModeInteractions":[],"flankLengths":[0],"singleModeLengthSweep":false,"bindingModes":[{"maxFlankLength":-1,"positionBiasBinWidth":1,"optimizeSizeHeuristic":false,"maxSize":-1,"optimizeFlankLength":false,"symmetryString":"null","roundSpecificActivity":true,"informationThreshold":0.1,"optimizeMotifShift":false,"fittingStages":[],"optimizeMotifShiftHeuristic":false,"experimentSpecificPositionBias":true,"minSize":-1,"experimentSpecificActivity":true,"optimizeSize":false}]}}
