{"modelSettings":{"letterOrder":"ACGTN","bindingModeInteractions":[],"bindingModes":[{"size":12,"fitLogActivity":true,"flankLength":0,"dinucleotideDistance":0,"componentName":"Binding mode 1","positionBias":false,"singleStrand":false,"modifications":[]}],"letterComplement":"C-G,A-T,N-N"},"coefficients":{"bindingModeInteractions":[],"bindingModes":[{"mononucleotide":[-0.17658310059292148,-0.08160263410810487,0,-0.21652338048272668,-0.11510760153471736,0,-0.4731796794056735,-2.099291678550107,-0.0816833675471571,-0.40529323866398026,-4.365236019662026,-4.285923584938218,0,-4.601689098684814,-1.3504375375441335,0,-3.833356194653777,-3.7340917744542965,-3.8098366774138963,-1.3208029793248377,-4.550860049465529,-3.8512339223699925,-4.072881384308178,0,-1.3386096955290356,0,-3.477264812581689,-3.6162900843486057,-1.2590454762368517,-1.0923576970748732,0,-1.5747692012387566,-1.1639956206535813,-1.5310283877607573,-0.8349385689159743,-0.7975039781543534,-0.11598656006129282,0,-0.5659389094901246,-0.31856547654334705,-0.16630879196607928,-0.4682451429958099,0,-0.7846196393733433,-0.3115725375011579,-0.03600001503932404,-0.052103939846325886,0,-0.1527765142797861,-0.05863809604504434,0,-0.12019698585610517,-0.036039517408235966,-0.08915123975684391,-0.06026628938059593,0,-0.2211043514553852,-0.09841228876945074,-0.07929259636752839,-0.09659961652338124],"activity":[[0]],"dinucleotide":[],"positionBias":[],"modifications":[]}]},"modelFittingConstraints":{"enrichmentModel":[{}],"nShifts":0,"addBindingModesSequentially":true,"bindingModeInteractions":[],"flankLengths":[0],"singleModeLengthSweep":false,"bindingModes":[{"maxFlankLength":-1,"positionBiasBinWidth":1,"optimizeSizeHeuristic":false,"maxSize":-1,"optimizeFlankLength":false,"symmetryString":"null","roundSpecificActivity":true,"informationThreshold":0.1,"optimizeMotifShift":false,"fittingStages":[],"optimizeMotifShiftHeuristic":false,"experimentSpecificPositionBias":true,"minSize":-1,"experimentSpecificActivity":true,"optimizeSize":false}]}}
