{"modelSettings":{"letterOrder":"ACGTN","bindingModeInteractions":[],"bindingModes":[{"size":18,"fitLogActivity":true,"flankLength":0,"dinucleotideDistance":0,"componentName":"Binding mode 1","positionBias":false,"singleStrand":false,"modifications":[]}],"letterComplement":"C-G,A-T,N-N"},"coefficients":{"bindingModeInteractions":[],"bindingModes":[{"mononucleotide":[0,-1.053153531180504,-0.3543386939672972,-0.10121807862199539,-0.3030633736935119,-0.3632234568532402,-0.8691573266448271,-0.6562064758492099,0,-0.4179610453298097,-0.927943206651495,-1.4114373519335137,-0.6622875148748646,0,-0.6185829646191316,0,-1.0325654232294834,-1.0319706907196515,-1.18039515132019,-0.6834178125052494,-2.059841469645252,-1.9209150779707578,-1.664599474373401,0,-1.0056593219240662,-2.1121062542126516,0,-2.5303056485472046,-0.08040245056646089,-0.6332934600604377,0,-2.34504088438766,-2.41320132467843,-0.9974232761545965,-0.9453333548045192,-2.1987689850439462,0,-2.7760387916801665,-0.9128590238088305,-0.9322934537968096,-0.9991995555227389,0,-1.2623213474297366,-1.9135547140714246,-0.7992161168842932,-0.7279848994936371,-1.2230882813306696,-1.0935979847690005,0,-0.6385596397553903,-1.2285730409656201,-1.606686542713775,-1.926320072129978,0,-0.8922420375521336,0,-1.7664066383984665,-0.05327626658138129,-1.1378211293735019,-0.49446812893748454,-0.43234797756623156,-2.129152198740119,-1.7717130770764182,0,-0.7246569202045512,-0.5481809332818575,-1.6740864357766743,-0.5294034337390912,0,-0.5299932089512319,0,-1.9086788643862294,-1.70257773921064,-1.2280010653319007,-0.9017920932276514,-0.33303120689712973,-0.9513056684153334,-1.4727909061163391,0,-0.5394527891896002,0,-0.03640887326109077,-0.22638188683656413,-0.4076661070835712,-0.15464984625308842,-0.13769809822710233,-0.5841155831185212,-0.8227129586123798,0,-0.3326100850392272],"activity":[[0]],"dinucleotide":[],"positionBias":[],"modifications":[]}]},"modelFittingConstraints":{"enrichmentModel":[{}],"nShifts":0,"addBindingModesSequentially":true,"bindingModeInteractions":[],"flankLengths":[0],"singleModeLengthSweep":false,"bindingModes":[{"maxFlankLength":-1,"positionBiasBinWidth":1,"optimizeSizeHeuristic":false,"maxSize":-1,"optimizeFlankLength":false,"symmetryString":"null","roundSpecificActivity":true,"informationThreshold":0.1,"optimizeMotifShift":false,"fittingStages":[],"optimizeMotifShiftHeuristic":false,"experimentSpecificPositionBias":true,"minSize":-1,"experimentSpecificActivity":true,"optimizeSize":false}]}}
