{"modelSettings":{"letterOrder":"ACGTN","bindingModeInteractions":[],"bindingModes":[{"size":12,"fitLogActivity":true,"flankLength":0,"dinucleotideDistance":0,"componentName":"Binding mode 1","positionBias":false,"singleStrand":false,"modifications":[]}],"letterComplement":"C-G,A-T,N-N"},"coefficients":{"bindingModeInteractions":[],"bindingModes":[{"mononucleotide":[-0.1138919965470997,0,-0.021946736122661292,-0.016867540080254706,-0.03720339597744668,-0.06333922731997621,0,-0.10820404941649464,-0.14351887022749032,-0.07732014725316824,-0.12569360820909825,-0.03989188400040966,0,-0.19656339634713316,-0.08764951447726944,-0.03638199462104996,-0.04530867004310046,-0.3499415087838269,0,-0.09852183476936575,-3.3692806744641453,-2.1175936832025997,0,-1.9736538018770504,-1.1288008377322936,0,-2.7163293648214184,-2.825480535813225,-2.94506695764186,-1.222479924019978,-4.042949786909252,-3.139257355637872,-3.692218655153337,0,-1.303998268499863,0,-1.8422893097504611,-2.561840609256925,-1.6643814032761501,-1.0321754820756766,0,-1.303855111257651,-1.4738248598738244,-2.0452563509779944,-0.8977892357040104,-0.9757147184068224,-0.5625650900678885,0,-1.1803803165917817,-0.5736631480128435,0,-0.4877651884337886,-0.1703487457700592,-0.5183430419612711,-0.2702108754577877,-0.525292542495698,-0.4978867910659619,-0.5965764287693296,0,-0.37473351304005487],"activity":[[0]],"dinucleotide":[],"positionBias":[],"modifications":[]}]},"modelFittingConstraints":{"enrichmentModel":[{}],"nShifts":0,"addBindingModesSequentially":true,"bindingModeInteractions":[],"flankLengths":[0],"singleModeLengthSweep":false,"bindingModes":[{"maxFlankLength":-1,"positionBiasBinWidth":1,"optimizeSizeHeuristic":false,"maxSize":-1,"optimizeFlankLength":false,"symmetryString":"null","roundSpecificActivity":true,"informationThreshold":0.1,"optimizeMotifShift":false,"fittingStages":[],"optimizeMotifShiftHeuristic":false,"experimentSpecificPositionBias":true,"minSize":-1,"experimentSpecificActivity":true,"optimizeSize":false}]}}
