{"modelSettings":{"letterOrder":"ACGTN","bindingModeInteractions":[],"bindingModes":[{"size":15,"fitLogActivity":true,"flankLength":0,"dinucleotideDistance":0,"componentName":"Binding mode 1","positionBias":false,"singleStrand":false,"modifications":[]}],"letterComplement":"C-G,A-T,N-N"},"coefficients":{"bindingModeInteractions":[],"bindingModes":[{"mononucleotide":[-0.37956591706819154,-0.28098656325599514,0,-0.4581193653359268,-0.2640733695642996,-0.0953142975945731,-0.08422534206865961,-0.5348686803727283,0,-0.15839290513276819,-3.1138963856956883,-2.45334576796105,-3.3701503219985858,0,-1.2337300848617243,0,-3.5672505602592297,-2.6259453114900984,-3.2969724282586172,-1.257373855908702,0,-3.7740059141508944,-3.590920983102726,-4.012937543677089,-1.319932783663966,-4.284414973833249,-3.26997820926779,-3.4863967343653917,0,-1.3071136461740918,-3.2051437066881734,-2.2518882146214274,-2.790409121333316,0,-1.1980325163439665,0,-1.8541011969775771,-1.147166088248194,-2.0365326569757034,-0.9134140381951265,0,-1.9316821968563909,-0.02983992159873594,-2.2113742333091047,-0.586512669621773,0,-1.4698934820593195,-2.0532756806481993,-0.6263019027417736,-0.7482218784124417,-1.6856989814933554,-2.39593329474844,-1.8290123211724294,0,-1.0237544537033314,-0.8966056862934915,-1.7931663065702443,-2.0118681405921146,0,-0.8508992620460579,0,-1.6903162283392765,-2.4375495989820894,-1.417250801537831,-0.9713969927734545,0,-0.571955316701116,-0.23736576952681077,-0.0454538722689799,-0.18974287605849377,-0.4020690459668472,0,-0.41482060346398253,-0.40353475066245403,-0.2885664215477293],"activity":[[0]],"dinucleotide":[],"positionBias":[],"modifications":[]}]},"modelFittingConstraints":{"enrichmentModel":[{}],"nShifts":0,"addBindingModesSequentially":true,"bindingModeInteractions":[],"flankLengths":[0],"singleModeLengthSweep":false,"bindingModes":[{"maxFlankLength":-1,"positionBiasBinWidth":1,"optimizeSizeHeuristic":false,"maxSize":-1,"optimizeFlankLength":false,"symmetryString":"null","roundSpecificActivity":true,"informationThreshold":0.1,"optimizeMotifShift":false,"fittingStages":[],"optimizeMotifShiftHeuristic":false,"experimentSpecificPositionBias":true,"minSize":-1,"experimentSpecificActivity":true,"optimizeSize":false}]}}
