{"modelSettings":{"letterOrder":"ACGTN","bindingModeInteractions":[],"bindingModes":[{"size":18,"fitLogActivity":true,"flankLength":0,"dinucleotideDistance":0,"componentName":"Binding mode 2","positionBias":false,"singleStrand":false,"modifications":[]}],"letterComplement":"C-G,A-T,N-N"},"coefficients":{"bindingModeInteractions":[],"bindingModes":[{"mononucleotide":[-0.1005680563166953,-0.0954566545919926,-0.26668129925850437,0,-0.11115548067432475,-0.10482434032346433,-0.2873222103293056,-0.3436172256372787,0,-0.1743673836231192,-0.24489313726851325,-0.47116309133170686,-0.45154644353905615,0,-0.27321824687214186,-0.2771764182623184,-0.45438829026589556,-0.4964339574165706,0,-0.287197391960092,-0.1064361342035065,-0.30485775504263213,-0.33050734554899064,0,-0.17589630872031733,0,-0.10640197762845638,-0.10708332823707245,-0.008867681649678438,-0.05427523702235384,0,-0.05202115716827027,-0.030403183672572887,-0.09188770664963108,-0.043019536200344814,-0.0727124533276493,0,-0.05761335975417747,-0.19073319782363285,-0.07789773954762992,-0.2605912127707466,-0.09446588717643589,0,-0.3778636153789363,-0.17263504324958293,0,-0.06559225499137789,-0.08282451448875072,-0.04330671472161107,-0.047447293401469366,-1.2355143818442331,-1.4924279758355354,-1.8406092893124353,0,-0.8709398021990555,0,-2.9109176804178825,-2.03597005837738,-3.0521471463927226,-1.1774632379488414,0,-3.1984599177388593,-2.797369490257683,-3.0853609597718363,-1.2487010342926337,-2.3687786965457884,0,-2.610482476778044,-0.40435205772650296,-0.7795206784906217,-0.3504767880072688,-0.9050605684333894,0,-1.3653382460990973,-0.5258699427315613,0,-1.7835836922489106,-2.1313517864170173,-2.320565331349334,-1.0606449913180889,-3.0557674126212038,-1.128663429142129,0,-1.2436985057264922,-0.8801590519752304,-0.528874121305376,-0.16758579739234936,0,-0.7922506439566073,-0.3258005731539776],"activity":[[0]],"dinucleotide":[],"positionBias":[],"modifications":[]}]},"modelFittingConstraints":{"enrichmentModel":[{}],"nShifts":0,"addBindingModesSequentially":true,"bindingModeInteractions":[],"flankLengths":[0],"singleModeLengthSweep":false,"bindingModes":[{"maxFlankLength":-1,"positionBiasBinWidth":1,"optimizeSizeHeuristic":false,"maxSize":-1,"optimizeFlankLength":false,"symmetryString":"null","roundSpecificActivity":true,"informationThreshold":0.1,"optimizeMotifShift":false,"fittingStages":[],"optimizeMotifShiftHeuristic":false,"experimentSpecificPositionBias":true,"minSize":-1,"experimentSpecificActivity":true,"optimizeSize":false}]}}
