{"modelSettings":{"letterOrder":"ACGTN","bindingModeInteractions":[],"bindingModes":[{"size":12,"fitLogActivity":true,"flankLength":0,"dinucleotideDistance":0,"componentName":"Binding mode 2","positionBias":false,"singleStrand":false,"modifications":[]}],"letterComplement":"C-G,A-T,N-N"},"coefficients":{"bindingModeInteractions":[],"bindingModes":[{"mononucleotide":[0,-0.4543500391580926,-0.4105056036476058,-0.4718044526125986,-0.31400867713501557,-0.8969943752560074,-2.384047475127442,-2.5655141071193275,0,-0.9308652516076924,0,-1.6440739273526481,-1.0154406046050615,-0.09711457525654721,-0.4849604441483541,0,-3.370297057818938,-1.8946513553604936,-0.8040497650974858,-0.8963268785811994,-0.5699161473082488,-1.064631243317387,-1.1707679956348356,0,-0.5885365062287644,-0.7406975218508403,0,-0.42354703437317465,-0.8086997187547658,-0.43969229554240863,-0.31706392089304014,-0.29673365885431346,-0.27168942058856915,0,-0.21269301852233136,0,-0.23103531766201568,-1.2347322839650965,-0.5031906139139024,-0.39704220334561396,0,-0.7707695620002135,-0.4225699862363279,-2.7012453249977635,-0.6046148518734308,-3.175513548994338,-2.979226763758667,-3.37632443019319,0,-1.2669324844990073,-1.3789377610071796,-0.7401760675946853,-3.8097158511695204,0,-0.8260899901819442,0,-3.386399947145604,-2.2195397342325194,-1.3356490136081107,-1.0459177595783886],"activity":[[0]],"dinucleotide":[],"positionBias":[],"modifications":[]}]},"modelFittingConstraints":{"enrichmentModel":[{}],"nShifts":0,"addBindingModesSequentially":true,"bindingModeInteractions":[],"flankLengths":[0],"singleModeLengthSweep":false,"bindingModes":[{"maxFlankLength":-1,"positionBiasBinWidth":1,"optimizeSizeHeuristic":false,"maxSize":-1,"optimizeFlankLength":false,"symmetryString":"null","roundSpecificActivity":true,"informationThreshold":0.1,"optimizeMotifShift":false,"fittingStages":[],"optimizeMotifShiftHeuristic":false,"experimentSpecificPositionBias":true,"minSize":-1,"experimentSpecificActivity":true,"optimizeSize":false}]}}
