{"modelSettings":{"letterOrder":"ACGTN","bindingModeInteractions":[],"bindingModes":[{"size":16,"fitLogActivity":true,"flankLength":0,"dinucleotideDistance":0,"componentName":"Binding mode 1","positionBias":false,"singleStrand":false,"modifications":[]}],"letterComplement":"C-G,A-T,N-N"},"coefficients":{"bindingModeInteractions":[],"bindingModes":[{"mononucleotide":[-0.3841799669642807,0,-0.17479489379882018,-0.308964516876296,-0.20614973795022004,-0.40522752871270207,-0.09450683231218804,0,-0.9144225765035396,-0.29524575486474747,-0.6784216858748202,-0.09562701737692336,-1.2199731465477544,0,-0.3888077750082017,-0.4540560562896321,-3.3766853531631025,-2.325441486293168,0,-0.817040644923876,0,-2.3450402795876117,-0.5185335418149162,-2.477696314789073,-0.8123966276644679,-0.15079592458569735,-1.9491017005056364,-1.1027944756876535,0,-0.5385534676907353,-1.0131681775538435,-2.7211836955063244,0,-2.7775417823032305,-0.9868104922245446,-3.421017926554786,-0.4051397344802776,-2.965840567311592,0,-0.8260616674260596,0,-0.35770072255066054,-2.544029486354362,-2.0168084495810064,-0.7387142227112135,0,-2.695727017641353,-2.6829186656127977,-3.723106868234562,-1.237861062091152,0,-2.766987895328909,-2.974189154579979,-3.0491209824588674,-1.2367194643611599,-1.7863642423716248,0,-0.32347538417713473,-0.17182291098232128,-0.38077504553363467,0,-2.2655584241496314,-2.619308114128959,-3.066902501062529,-1.1848317615830088,-0.640667833632075,-1.3859288422382314,-1.5771199448487487,0,-0.7013804978220013,-1.0346898366869204,-0.9590884712248386,-0.6205008485532586,0,-0.5637633767527546,-0.40921760044671274,-0.5048312624504439,0,-0.11042840616725158,-0.23470147892569923],"activity":[[0]],"dinucleotide":[],"positionBias":[],"modifications":[]}]},"modelFittingConstraints":{"enrichmentModel":[{}],"nShifts":0,"addBindingModesSequentially":true,"bindingModeInteractions":[],"flankLengths":[0],"singleModeLengthSweep":false,"bindingModes":[{"maxFlankLength":-1,"positionBiasBinWidth":1,"optimizeSizeHeuristic":false,"maxSize":-1,"optimizeFlankLength":false,"symmetryString":"null","roundSpecificActivity":true,"informationThreshold":0.1,"optimizeMotifShift":false,"fittingStages":[],"optimizeMotifShiftHeuristic":false,"experimentSpecificPositionBias":true,"minSize":-1,"experimentSpecificActivity":true,"optimizeSize":false}]}}
