{"modelSettings":{"letterOrder":"ACGTN","bindingModeInteractions":[],"bindingModes":[{"size":13,"fitLogActivity":true,"flankLength":0,"dinucleotideDistance":0,"componentName":"Binding mode 1","positionBias":false,"singleStrand":false,"modifications":[]}],"letterComplement":"C-G,A-T,N-N"},"coefficients":{"bindingModeInteractions":[],"bindingModes":[{"mononucleotide":[-0.806097010116992,-0.15748011064688683,0,-0.4627840194364605,-0.3111485613195725,0,-0.9841722683571916,-0.2839205819272337,-0.14437252954764013,-0.290305466514173,-0.7800014414623888,0,-1.3725293866191346,-2.341632234962679,-0.7940504640870013,-1.8576640040298673,0,-2.9524109712475233,-3.328168018420919,-1.1678746600574301,0,-2.2936450238422768,-1.993855084110049,-2.4849862534686395,-1.108364045926244,-3.020998675292225,-2.3845575913638712,-1.6712437981969397,0,-1.1019463613907694,0,-1.6680063824267521,-1.9467035521612979,-3.2694810487552894,-1.0719269802606177,-2.748222861021356,-1.938191806570058,-2.288263171037874,0,-1.1166886122993305,-2.6807994315273023,-2.856404385156764,0,-2.117433886356141,-1.1660963832128033,-2.0046006025169842,-1.1801545062118302,0,-0.3288957109158783,-0.6154163308084968,-1.02035031447142,-0.7724956916257533,-1.2272226145678933,0,-0.6370347813585993,-0.2613111950980693,-0.24653166927881198,0,-0.27093498380843606,-0.1880738874417368,-0.24604138329844893,0,-0.5901144248115315,-0.4889611601113222,-0.30468688073258804],"activity":[[0]],"dinucleotide":[],"positionBias":[],"modifications":[]}]},"modelFittingConstraints":{"enrichmentModel":[{}],"nShifts":0,"addBindingModesSequentially":true,"bindingModeInteractions":[],"flankLengths":[0],"singleModeLengthSweep":false,"bindingModes":[{"maxFlankLength":-1,"positionBiasBinWidth":1,"optimizeSizeHeuristic":false,"maxSize":-1,"optimizeFlankLength":false,"symmetryString":"null","roundSpecificActivity":true,"informationThreshold":0.1,"optimizeMotifShift":false,"fittingStages":[],"optimizeMotifShiftHeuristic":false,"experimentSpecificPositionBias":true,"minSize":-1,"experimentSpecificActivity":true,"optimizeSize":false}]}}
