{"modelSettings":{"letterOrder":"ACGTN","bindingModeInteractions":[],"bindingModes":[{"size":12,"fitLogActivity":true,"flankLength":0,"dinucleotideDistance":0,"componentName":"Binding mode 2","positionBias":false,"singleStrand":false,"modifications":[]}],"letterComplement":"C-G,A-T,N-N"},"coefficients":{"bindingModeInteractions":[],"bindingModes":[{"mononucleotide":[-0.40897494410610813,-0.07297200121823932,0,-0.02216040025776289,-0.11315719950224101,-0.3284735637471585,-0.11102490604804816,-0.35150552118679235,0,-0.18676148242284416,0,-0.7943770898620497,-1.2010456833570906,-1.8518785615723803,-0.7393565234635023,-2.196114032465009,0,-1.4571994464677387,-1.187053992363111,-0.8859791950180882,-1.3438015666514618,-1.4456359792541524,-2.0526688031535203,0,-0.9008849362475582,-1.4875849049630936,-1.4953046297140202,-1.5623323543288696,0,-0.8796307208444504,-0.777196664385357,0,-0.8725656658770622,-1.513814613392044,-0.6454815463327349,-1.8648426727408245,0,-1.654983843927931,-1.9328811296133543,-0.9870174714082312,-1.2607167241710444,-0.3948862211836337,0,-0.9653896837859213,-0.5369804240439433,-0.8697862826311331,-0.6360886557339458,0,-0.6611234017604657,-0.484236027125271,-0.9121410805603096,-0.37631221539912074,-1.2343191442801906,0,-0.5195787566532964,-0.05914768796513359,-0.27511100649960163,-0.6632834713559874,0,-0.21777908629469328],"activity":[[0]],"dinucleotide":[],"positionBias":[],"modifications":[]}]},"modelFittingConstraints":{"enrichmentModel":[{}],"nShifts":0,"addBindingModesSequentially":true,"bindingModeInteractions":[],"flankLengths":[0],"singleModeLengthSweep":false,"bindingModes":[{"maxFlankLength":-1,"positionBiasBinWidth":1,"optimizeSizeHeuristic":false,"maxSize":-1,"optimizeFlankLength":false,"symmetryString":"null","roundSpecificActivity":true,"informationThreshold":0.1,"optimizeMotifShift":false,"fittingStages":[],"optimizeMotifShiftHeuristic":false,"experimentSpecificPositionBias":true,"minSize":-1,"experimentSpecificActivity":true,"optimizeSize":false}]}}
