{"modelSettings":{"letterOrder":"ACGTN","bindingModeInteractions":[],"bindingModes":[{"size":17,"fitLogActivity":true,"flankLength":0,"dinucleotideDistance":0,"componentName":"Binding mode 1","positionBias":false,"singleStrand":false,"modifications":[]}],"letterComplement":"C-G,A-T,N-N"},"coefficients":{"bindingModeInteractions":[],"bindingModes":[{"mononucleotide":[-0.3731419981189035,-0.19202351031020815,-0.2722402398984336,0,-0.1998158419143044,-0.8366468114538197,-0.9978665347336095,-0.735563704406073,0,-0.5616537049821171,-0.9192126904803875,0,-1.5776785858766837,-0.11768077884763439,-0.47229965586898826,0,-0.388834646646564,-1.4276297908116886,-1.3611685904648727,-0.6096868551858567,-2.0889566355148377,0,-2.0898555470924585,-0.8731257686389293,-0.8763699596278451,-1.4025407264351788,-2.1323581849417224,0,-2.2036143309274205,-0.9976824677010534,-1.9380677442503806,0,-0.6321823845938663,-2.2993993095166942,-0.8120817833612473,0,-0.8663403986102614,-1.0486460815326266,-0.04342645226052788,-0.382578130315283,-1.9862148756814593,-0.754802366086925,-2.2647790174524953,0,-0.8491168324497195,-1.983619045999979,-0.37867027557231037,0,-1.5592523548542525,-0.6769613507368119,0,-2.1673307346351773,-0.713723384114406,-2.670183633668419,-0.8713536211659502,-0.2682363366284273,0,-0.12468066027292402,-0.2977231351399663,-0.1654607005011162,-1.4770229101874568,-0.6907911574530052,-1.7056841770394415,0,-0.7385924184315326,-0.5836382651620395,-2.4343971463498955,0,-1.0042800343677758,-0.6872526624774802,-0.08977106636466203,0,-0.2880729876874186,-2.1529746118133204,-0.3638486538848127,0,-0.38990666474291924,-0.08274904734568711,-0.37305724327666745,-0.19652352177333848,-1.6457936857762077,0,-1.1696940196757062,-0.6311976955277281,-0.6756630947653316],"activity":[[0]],"dinucleotide":[],"positionBias":[],"modifications":[]}]},"modelFittingConstraints":{"enrichmentModel":[{}],"nShifts":0,"addBindingModesSequentially":true,"bindingModeInteractions":[],"flankLengths":[0],"singleModeLengthSweep":false,"bindingModes":[{"maxFlankLength":-1,"positionBiasBinWidth":1,"optimizeSizeHeuristic":false,"maxSize":-1,"optimizeFlankLength":false,"symmetryString":"null","roundSpecificActivity":true,"informationThreshold":0.1,"optimizeMotifShift":false,"fittingStages":[],"optimizeMotifShiftHeuristic":false,"experimentSpecificPositionBias":true,"minSize":-1,"experimentSpecificActivity":true,"optimizeSize":false}]}}
