{"modelSettings":{"letterOrder":"ACGTN","bindingModeInteractions":[],"bindingModes":[{"size":17,"fitLogActivity":true,"flankLength":0,"dinucleotideDistance":0,"componentName":"Binding mode 1","positionBias":false,"singleStrand":false,"modifications":[]}],"letterComplement":"C-G,A-T,N-N"},"coefficients":{"bindingModeInteractions":[],"bindingModes":[{"mononucleotide":[-0.23539388805181805,-0.12340273120852974,0,-0.1659682678400891,-0.12748109224730442,0,-0.23252297895962748,-0.11496896568480963,-0.22787970796476653,-0.13922029295764862,-0.2723056949657341,-1.3523521188485699,-0.9633498858481397,0,-0.5100488424345841,-0.9709566852912115,-2.02675186202635,-1.8264569256145071,0,-0.8725931007587538,-2.9800148741403656,-2.510877686639257,-2.430053993147087,0,-1.1874262072934525,-1.6604110644174757,-1.84456389681666,0,-2.457940624069906,-1.025989698488626,-2.9606602997745974,-2.988250214195816,-2.9120582920801614,0,-1.2408754611399568,-2.164864522609472,-2.8977672962503083,-1.847972468304147,0,-1.103021005855037,-2.5198275005391833,-1.2707182372641457,-2.5738682157869373,0,-1.0234977158364833,0,-2.866004354164683,-2.238734431229478,-2.8033960905766446,-1.1840695732106221,-2.9598297201944486,0,-2.5420928675499437,-1.1522823079697542,-1.0171861006675373,0,-1.5350629000143625,-1.3244804362912657,-1.4125354022278405,-0.8411204704565007,-1.4792309765871368,-0.36051484565857006,-1.7596187135428663,0,-0.645671922393444,-0.6467127819454142,-1.7066910707849772,-1.7603330313258105,0,-0.7565037275876718,0,-1.5260689396917195,-1.471433638055701,-1.2207488101032764,-0.8312640262429216,-0.34241935323153694,-0.5581247495544206,-0.2763870471237837,0,-0.27415698340337574,-0.5380255421643829,0,-0.5373877763637367,-0.732699173037628,-0.4121942605608585],"activity":[[0]],"dinucleotide":[],"positionBias":[],"modifications":[]}]},"modelFittingConstraints":{"enrichmentModel":[{}],"nShifts":0,"addBindingModesSequentially":true,"bindingModeInteractions":[],"flankLengths":[0],"singleModeLengthSweep":false,"bindingModes":[{"maxFlankLength":-1,"positionBiasBinWidth":1,"optimizeSizeHeuristic":false,"maxSize":-1,"optimizeFlankLength":false,"symmetryString":"null","roundSpecificActivity":true,"informationThreshold":0.1,"optimizeMotifShift":false,"fittingStages":[],"optimizeMotifShiftHeuristic":false,"experimentSpecificPositionBias":true,"minSize":-1,"experimentSpecificActivity":true,"optimizeSize":false}]}}
