{"modelSettings":{"letterOrder":"ACGTN","bindingModeInteractions":[],"bindingModes":[{"size":16,"fitLogActivity":true,"flankLength":0,"dinucleotideDistance":0,"componentName":"Binding mode 1","positionBias":false,"singleStrand":false,"modifications":[]}],"letterComplement":"C-G,A-T,N-N"},"coefficients":{"bindingModeInteractions":[],"bindingModes":[{"mononucleotide":[-0.6811365872162369,0,-1.5082266386148557,-0.35524850224866356,-0.49908530946007346,-0.6410955019461237,-0.11236304473131042,0,-1.0499373129736913,-0.3673046268133174,-2.1444457207034553,-0.9854356947196123,0,-0.07658987463833711,-0.5039000101649076,0,-0.9499768883879973,-0.014360506139105667,-0.05472016582784889,-0.18655788142390176,0,-1.8992163077216437,-1.32017693348042,-0.32557079713091586,-0.6260078366735063,-1.864287177329424,0,-1.6057975859613292,-1.4433478524576353,-0.9213837162182805,-1.7442414468656997,0,-0.16826367667332853,-1.8834017978430504,-0.6106549887028839,-2.291489926344227,-2.9141615472255515,0,-2.1969198712760116,-1.1500291448429565,-1.1503258891644066,-1.6767491809819033,-0.4773241208285075,0,-0.6330140553314015,-0.4153958678387175,0,-1.9273138096020492,-1.0972428770528744,-0.62576536486844,0,-2.574414339778197,-2.5542097954616607,-1.8347974219314995,-1.1135244814530505,-2.2388174394314473,0,-2.5293235823067985,-1.3063157977076632,-1.009837036488879,-1.4258420351561956,-2.386738162221059,0,-2.3313392826620825,-1.0290391566807795,-0.8683748539741467,0,-0.2831090717067495,-1.3742328111651947,-0.5000075956928209,-0.661375078705154,-0.6143728847186587,-1.2193153871875086,0,-0.5307930220634951,-0.5205132845018436,-0.437658266375732,-0.7240406467172669,0,-0.3839906260449901],"activity":[[0]],"dinucleotide":[],"positionBias":[],"modifications":[]}]},"modelFittingConstraints":{"enrichmentModel":[{}],"nShifts":0,"addBindingModesSequentially":true,"bindingModeInteractions":[],"flankLengths":[0],"singleModeLengthSweep":false,"bindingModes":[{"maxFlankLength":-1,"positionBiasBinWidth":1,"optimizeSizeHeuristic":false,"maxSize":-1,"optimizeFlankLength":false,"symmetryString":"null","roundSpecificActivity":true,"informationThreshold":0.1,"optimizeMotifShift":false,"fittingStages":[],"optimizeMotifShiftHeuristic":false,"experimentSpecificPositionBias":true,"minSize":-1,"experimentSpecificActivity":true,"optimizeSize":false}]}}
