{"modelSettings":{"letterOrder":"ACGTN","bindingModeInteractions":[],"bindingModes":[{"size":12,"fitLogActivity":true,"flankLength":0,"dinucleotideDistance":0,"componentName":"Binding mode 1","positionBias":false,"singleStrand":false,"modifications":[]}],"letterComplement":"C-G,A-T,N-N"},"coefficients":{"bindingModeInteractions":[],"bindingModes":[{"mononucleotide":[-0.030192449708901226,0,-0.10614439101318629,-0.005561030564328995,-0.03458937916184826,0,-0.4530526680043394,-0.20847995378090323,-0.08990330040329697,-0.1739006541583627,0,-0.9983210030762706,-0.676781238038,-0.6228659407755641,-0.5053602298866716,-0.6080418180909115,-0.38986163918382877,0,-0.8732893813903511,-0.4158404314916777,-1.7475928891883372,-1.7526754818332089,0,-2.544130446840545,-1.0313903983624124,-3.179766710519731,-0.5450738419785246,-2.6970289999367147,0,-0.8622762600841494,-2.273495573561434,-3.7286410725789616,0,-3.900569455494825,-1.2489636103122452,-0.6571228279987311,-0.7084975845658086,-1.4208838568224147,0,-0.5743760007616717,-1.1029722644612021,-0.10042130927572712,0,-0.2857480129329839,-0.2917599082350412,0,-1.5043549701724488,-0.6817420316313254,-1.5237373461347485,-0.7206253840622207,0,-0.5348070969375835,-0.5587312140158445,-0.554316890151763,-0.38119413540933444,0,-0.1529388181843645,-0.09186468685628313,-0.14981859175502343,-0.0967105532466579],"activity":[[0]],"dinucleotide":[],"positionBias":[],"modifications":[]}]},"modelFittingConstraints":{"enrichmentModel":[{}],"nShifts":0,"addBindingModesSequentially":true,"bindingModeInteractions":[],"flankLengths":[0],"singleModeLengthSweep":false,"bindingModes":[{"maxFlankLength":-1,"positionBiasBinWidth":1,"optimizeSizeHeuristic":false,"maxSize":-1,"optimizeFlankLength":false,"symmetryString":"null","roundSpecificActivity":true,"informationThreshold":0.1,"optimizeMotifShift":false,"fittingStages":[],"optimizeMotifShiftHeuristic":false,"experimentSpecificPositionBias":true,"minSize":-1,"experimentSpecificActivity":true,"optimizeSize":false}]}}
