{"modelSettings":{"letterOrder":"ACGTN","bindingModeInteractions":[],"bindingModes":[{"size":12,"fitLogActivity":true,"flankLength":0,"dinucleotideDistance":0,"componentName":"Binding mode 2","positionBias":false,"singleStrand":false,"modifications":[]}],"letterComplement":"C-G,A-T,N-N"},"coefficients":{"bindingModeInteractions":[],"bindingModes":[{"mononucleotide":[0,-0.5820478543245828,-0.11872195649642237,-1.056356694965141,-0.35863114517279915,-1.125805272958479,-0.6893581725754379,-1.3368890666608917,0,-0.6496324509681768,-1.6230683494485132,-1.2934852794025367,0,-1.0978015448184313,-0.7956179003385027,0,-2.02075995708515,-1.7566173238312728,-1.2424508989910374,-0.9201366510017637,-2.344926589459391,0,-1.5196176409015547,-1.6140503736338636,-0.9717179539296625,-2.2353611305156096,-1.9451243553273447,0,-2.6523785634809696,-1.1083548640890166,-1.9639330047266106,-2.09492304081182,-2.6703695579402953,0,-1.0991535364956664,-1.2753364382706294,-0.7311281942650254,0,-1.2033121174274846,-0.6631511661276768,-0.43558073576712264,-1.18790833671064,0,-0.18264034699357268,-0.36211296675200083,-0.8313965423318317,0,-1.1483384272612511,-0.8554014622400201,-0.6080174819012621,0,-0.17310190853517327,-0.43859524295154895,-0.8898798831783372,-0.32272263323359424,0,-0.22213630211800517,-0.13046968586215968,-0.3453229652850007,-0.16650304264193855],"activity":[[0]],"dinucleotide":[],"positionBias":[],"modifications":[]}]},"modelFittingConstraints":{"enrichmentModel":[{}],"nShifts":0,"addBindingModesSequentially":true,"bindingModeInteractions":[],"flankLengths":[0],"singleModeLengthSweep":false,"bindingModes":[{"maxFlankLength":-1,"positionBiasBinWidth":1,"optimizeSizeHeuristic":false,"maxSize":-1,"optimizeFlankLength":false,"symmetryString":"null","roundSpecificActivity":true,"informationThreshold":0.1,"optimizeMotifShift":false,"fittingStages":[],"optimizeMotifShiftHeuristic":false,"experimentSpecificPositionBias":true,"minSize":-1,"experimentSpecificActivity":true,"optimizeSize":false}]}}
