{"modelSettings":{"letterOrder":"ACGTN","bindingModeInteractions":[],"bindingModes":[{"size":14,"fitLogActivity":true,"flankLength":0,"dinucleotideDistance":0,"componentName":"Binding mode 1","positionBias":false,"singleStrand":false,"modifications":[]}],"letterComplement":"C-G,A-T,N-N"},"coefficients":{"bindingModeInteractions":[],"bindingModes":[{"mononucleotide":[-0.8144699177807624,0,-0.7019013317952583,-0.5473933850704631,-0.4632378844870872,-1.100926106851631,-0.9439707220711968,-1.262996381211761,0,-0.6909255744696816,0,-0.03121594551079987,-0.5079723148972564,-0.9389917006990256,-0.30042877572492077,0,-1.9626242780086183,-1.9634510089611443,-2.019439063259083,-1.0401601618026708,-2.18742650904205,-2.0178785849683707,-2.0362443441295786,0,-1.0673605347100172,-2.2526345715223486,-1.9183731769456869,-2.2526214133293645,0,-1.0809510263481514,-0.7425214247396452,-2.127592494386572,-1.9289458492094167,0,-0.8322153291762889,-0.9663875864578682,-1.5633670062832197,0,-2.6580534979752986,-0.8794953375792788,-1.9825842372563298,0,-2.6052373255788868,-2.611460828636495,-1.1355156466511178,0,-1.7276742688986149,-2.0795861282574575,-2.2228380393509126,-1.0420095490532075,-2.355445586871182,-1.9788676842482276,-1.9059225064015597,0,-1.0629346385768603,0,-1.4531497436490621,-1.002416918652247,-1.5371579582969233,-0.7897598249080284,0,-0.33157223217554854,-0.8280460899564206,-0.07206836684333773,-0.25968963958332536,-0.31594788815730634,-0.31623340547634005,-0.35358650125409774,0,-0.23567423368679563],"activity":[[0]],"dinucleotide":[],"positionBias":[],"modifications":[]}]},"modelFittingConstraints":{"enrichmentModel":[{}],"nShifts":0,"addBindingModesSequentially":true,"bindingModeInteractions":[],"flankLengths":[0],"singleModeLengthSweep":false,"bindingModes":[{"maxFlankLength":-1,"positionBiasBinWidth":1,"optimizeSizeHeuristic":false,"maxSize":-1,"optimizeFlankLength":false,"symmetryString":"null","roundSpecificActivity":true,"informationThreshold":0.1,"optimizeMotifShift":false,"fittingStages":[],"optimizeMotifShiftHeuristic":false,"experimentSpecificPositionBias":true,"minSize":-1,"experimentSpecificActivity":true,"optimizeSize":false}]}}
