{"modelSettings":{"letterOrder":"ACGTN","bindingModeInteractions":[],"bindingModes":[{"size":12,"fitLogActivity":true,"flankLength":0,"dinucleotideDistance":0,"componentName":"Binding mode 1","positionBias":false,"singleStrand":false,"modifications":[]}],"letterComplement":"C-G,A-T,N-N"},"coefficients":{"bindingModeInteractions":[],"bindingModes":[{"mononucleotide":[0,-0.8897492867976631,-0.43054631699155,-0.5085902344833801,-0.40712075398411385,0,-1.5093663368927501,-1.2156782093179235,-1.2976855924413373,-0.8036753986048925,-0.8552378380253716,-1.2159283504098406,0,-1.1884586207326464,-0.6800792926399648,-1.787879181139595,-2.201356382145649,0,-2.1564865363098127,-1.0543332623849457,-2.1626511724574344,-1.4658641742292184,-2.875241555628782,0,-1.0481801313116952,-1.9880037303638707,-2.6139650290907444,0,-2.8990060176278867,-1.1509929587343075,-1.1351881114839255,-1.0079381752792704,-1.4033591195729418,0,-0.7276856356590081,-1.1253178626659448,-0.3538679275146688,0,-0.22624163788497054,-0.34812505337706057,0,-1.799222803610296,-1.1203073926244054,-1.705882764481192,-0.871545094917453,0,-0.3988579033534494,-0.551133338827503,-0.6138371426078564,-0.36073592713065156,-1.3642458871260938,-1.4750724913463413,-1.1756858618920338,0,-0.802436111913496,-1.4415447442616824,-1.496590976474125,-1.1139180047459671,0,-0.8047916007377036],"activity":[[0]],"dinucleotide":[],"positionBias":[],"modifications":[]}]},"modelFittingConstraints":{"enrichmentModel":[{}],"nShifts":0,"addBindingModesSequentially":true,"bindingModeInteractions":[],"flankLengths":[0],"singleModeLengthSweep":false,"bindingModes":[{"maxFlankLength":-1,"positionBiasBinWidth":1,"optimizeSizeHeuristic":false,"maxSize":-1,"optimizeFlankLength":false,"symmetryString":"null","roundSpecificActivity":true,"informationThreshold":0.1,"optimizeMotifShift":false,"fittingStages":[],"optimizeMotifShiftHeuristic":false,"experimentSpecificPositionBias":true,"minSize":-1,"experimentSpecificActivity":true,"optimizeSize":false}]}}
