{"modelSettings":{"letterOrder":"ACGTN","bindingModeInteractions":[],"bindingModes":[{"size":15,"fitLogActivity":true,"flankLength":0,"dinucleotideDistance":0,"componentName":"Binding mode 1","positionBias":false,"singleStrand":false,"modifications":[]}],"letterComplement":"C-G,A-T,N-N"},"coefficients":{"bindingModeInteractions":[],"bindingModes":[{"mononucleotide":[0,-0.2824527280996918,-0.15675882171138156,-0.041296009803440725,-0.11418053295359851,0,-0.5500795184360028,-0.48387982480657943,-0.6626731508859081,-0.3898023751757108,0,-0.9335507983464222,-1.2621268393262577,-0.2084526474525905,-0.4747966688979993,-0.3628871862350449,-0.003949722188909988,0,-0.13190076852636423,-0.1142468442259889,0,-2.936116632615606,-3.1812827142510023,-1.0761981100408153,-1.0247861146906485,0,-1.367187765055811,-3.4662659742708644,-3.3986049229877637,-1.109059768388374,-3.6386269212403204,-3.619730032626756,-3.722359322750666,0,-1.311878052601786,-2.1174422546878535,-3.0893163561830828,0,-2.9902277112468885,-1.1906057996367574,-0.4866741385432656,0,-0.4832841212579915,-0.2572865936870734,-0.2861604090476026,0,-0.91718943976998,-2.800972597022408,-0.007911257452701825,-0.48918172687852923,0,-2.190437484475307,-2.845985187907436,-1.5004153698786595,-1.0548473605170048,0,-3.071298286348885,-1.5410944045679082,-0.27984705175450486,-0.6849772047805657,-3.357464056166948,-4.050622187099627,-3.6138121143919677,0,-1.3100892409215654,-1.168776417246284,-0.6146497256664816,-0.4916846984189922,0,-0.48484424573102275,-0.007947414613912684,-0.9427486525768414,-0.9331428576779368,0,-0.3656597139457863],"activity":[[0]],"dinucleotide":[],"positionBias":[],"modifications":[]}]},"modelFittingConstraints":{"enrichmentModel":[{}],"nShifts":0,"addBindingModesSequentially":true,"bindingModeInteractions":[],"flankLengths":[0],"singleModeLengthSweep":false,"bindingModes":[{"maxFlankLength":-1,"positionBiasBinWidth":1,"optimizeSizeHeuristic":false,"maxSize":-1,"optimizeFlankLength":false,"symmetryString":"null","roundSpecificActivity":true,"informationThreshold":0.1,"optimizeMotifShift":false,"fittingStages":[],"optimizeMotifShiftHeuristic":false,"experimentSpecificPositionBias":true,"minSize":-1,"experimentSpecificActivity":true,"optimizeSize":false}]}}
