{"modelSettings":{"letterOrder":"ACGTN","bindingModeInteractions":[],"bindingModes":[{"size":12,"fitLogActivity":true,"flankLength":0,"dinucleotideDistance":0,"componentName":"Binding mode 1","positionBias":false,"singleStrand":false,"modifications":[]}],"letterComplement":"C-G,A-T,N-N"},"coefficients":{"bindingModeInteractions":[],"bindingModes":[{"mononucleotide":[-0.021102911522190126,-0.651494441692464,0,-0.6612112508829138,-0.2821606548573272,-1.2822028243479906,-1.8882629351357516,-1.2134533767542464,0,-0.8405287695441483,-1.7043784255989136,-1.2930935303248527,-0.34517350102392763,0,-0.6141495877943519,0,-1.4703771106258183,-0.9642677777384523,-1.7845744002336574,-0.8102600683466833,-1.965668576307825,0,-1.4680493701862596,-0.5700294139818278,-0.725698554468838,-1.4875379012225864,-2.071457738020328,0,-1.9550946210178286,-0.9851845360427168,-2.10723014164912,-0.13062081906421685,-1.551011215260559,0,-0.5927779287552652,0,-1.76228255061823,-2.9515470687908563,-3.4147482902657917,-1.1577286650108003,0,-1.91673510738923,-2.6825588663994857,-1.7882249932679994,-1.062233743033598,-1.5896968426856737,0,-0.7417933934903131,-0.14772777204006804,-0.45298432405627326,0,-0.08036189381452541,-0.017809074967962246,-0.2734741387888726,-0.0872306058352187,-0.05157589278909125,-0.06736165612515777,-0.036139988979794424,0,-0.03845659719895754],"activity":[[0]],"dinucleotide":[],"positionBias":[],"modifications":[]}]},"modelFittingConstraints":{"enrichmentModel":[{}],"nShifts":0,"addBindingModesSequentially":true,"bindingModeInteractions":[],"flankLengths":[0],"singleModeLengthSweep":false,"bindingModes":[{"maxFlankLength":-1,"positionBiasBinWidth":1,"optimizeSizeHeuristic":false,"maxSize":-1,"optimizeFlankLength":false,"symmetryString":"null","roundSpecificActivity":true,"informationThreshold":0.1,"optimizeMotifShift":false,"fittingStages":[],"optimizeMotifShiftHeuristic":false,"experimentSpecificPositionBias":true,"minSize":-1,"experimentSpecificActivity":true,"optimizeSize":false}]}}
