{"modelSettings":{"letterOrder":"ACGTN","bindingModeInteractions":[],"bindingModes":[{"size":12,"fitLogActivity":true,"flankLength":0,"dinucleotideDistance":0,"componentName":"Binding mode 2","positionBias":false,"singleStrand":false,"modifications":[]}],"letterComplement":"C-G,A-T,N-N"},"coefficients":{"bindingModeInteractions":[],"bindingModes":[{"mononucleotide":[-2.957319744477176,-2.647617250310141,0,-2.5686191379577927,-1.2044570442196865,-2.6944906862571654,-2.122564169067624,0,-2.55275455127153,-1.1510895092610085,0,-1.668408518439573,-0.184265129822478,-1.4573263141032426,-0.5739783542783531,0,-2.1915706264134474,-2.0656883046895644,-2.397051906705628,-1.1015230725998006,0,-2.0639506272422667,-2.4164436136468863,-1.452610705720236,-1.0146283596169332,0,-2.0550769909877604,-1.94943753013342,-0.16422522933061412,-0.6353557568160633,-0.23325442076375946,-1.714293727781715,-2.176554312826245,0,-0.6512978885868098,-2.8223384764386372,0,-2.6468823829066865,-2.3337629802626467,-1.1815031062984749,-2.5242789260781566,0,-1.7785166892423718,-2.392034274302811,-1.0932904667242205,-3.158673545428324,0,-2.78879560357695,-4.005751288597764,-1.2710141073353507,0,-0.7276546762285152,-0.9357563080630866,-1.6691079070173966,-0.6617722200380546,-0.01686193194651109,0,-0.40771165781508145,-0.6299201154781771,-0.2290722063536459],"activity":[[0]],"dinucleotide":[],"positionBias":[],"modifications":[]}]},"modelFittingConstraints":{"enrichmentModel":[{}],"nShifts":0,"addBindingModesSequentially":true,"bindingModeInteractions":[],"flankLengths":[0],"singleModeLengthSweep":false,"bindingModes":[{"maxFlankLength":-1,"positionBiasBinWidth":1,"optimizeSizeHeuristic":false,"maxSize":-1,"optimizeFlankLength":false,"symmetryString":"null","roundSpecificActivity":true,"informationThreshold":0.1,"optimizeMotifShift":false,"fittingStages":[],"optimizeMotifShiftHeuristic":false,"experimentSpecificPositionBias":true,"minSize":-1,"experimentSpecificActivity":true,"optimizeSize":false}]}}
