{"modelSettings":{"letterOrder":"ACGTN","bindingModeInteractions":[],"bindingModes":[{"size":13,"fitLogActivity":true,"flankLength":0,"dinucleotideDistance":0,"componentName":"Binding mode 1","positionBias":false,"singleStrand":false,"modifications":[]}],"letterComplement":"C-G,A-T,N-N"},"coefficients":{"bindingModeInteractions":[],"bindingModes":[{"mononucleotide":[-0.241829348297669,0,-0.11632466993904966,-0.04079595299216354,-0.09557485181643088,-0.31561968535370255,-1.2064478237277756,0,-1.0008000262602916,-0.5124183778497018,0,-0.07801557468273757,-0.12368388072337755,-0.29623628533085,-0.11872135836961385,-1.2874850850697435,0,-2.392675592103269,-0.29997654990394995,-0.6404672684271935,0,-1.5101767055485995,-0.6900724697141039,-2.2305153892561913,-0.7820419525076752,-0.8748705543968418,0,-1.5738684245641497,-1.0108750895796321,-0.6991359229305515,-0.6728073183730778,-3.3246181478569383,0,-1.2965867590849056,-0.7876095638448771,-2.850980177179906,0,-2.8106091420293446,-2.5792595562569547,-1.2091644976025042,-1.3114536952671498,0,-2.703932334862909,-2.244620430114584,-1.0200292184550734,-1.4926367307594854,0,-2.0212831121051646,-0.6362392705247162,-0.7515479282507227,-0.07695554395558979,0,-1.4641111302702075,-0.42394649122035055,-0.3525145400004146,-0.8031910504777895,0,-1.283774590933895,-0.352094943011962,-0.4991850665521421,-0.06821341701509454,-0.25906236055109755,-0.4501110469610552,0,-0.17930809686152707],"activity":[[0]],"dinucleotide":[],"positionBias":[],"modifications":[]}]},"modelFittingConstraints":{"enrichmentModel":[{}],"nShifts":0,"addBindingModesSequentially":true,"bindingModeInteractions":[],"flankLengths":[0],"singleModeLengthSweep":false,"bindingModes":[{"maxFlankLength":-1,"positionBiasBinWidth":1,"optimizeSizeHeuristic":false,"maxSize":-1,"optimizeFlankLength":false,"symmetryString":"null","roundSpecificActivity":true,"informationThreshold":0.1,"optimizeMotifShift":false,"fittingStages":[],"optimizeMotifShiftHeuristic":false,"experimentSpecificPositionBias":true,"minSize":-1,"experimentSpecificActivity":true,"optimizeSize":false}]}}
