{"modelSettings":{"letterOrder":"ACGTN","bindingModeInteractions":[],"bindingModes":[{"size":14,"fitLogActivity":true,"flankLength":0,"dinucleotideDistance":0,"componentName":"Binding mode 1","positionBias":false,"singleStrand":false,"modifications":[]}],"letterComplement":"C-G,A-T,N-N"},"coefficients":{"bindingModeInteractions":[],"bindingModes":[{"mononucleotide":[-1.9881259883407125,0,-0.7383436108969659,-1.3302588010460026,-0.7554133444997202,-1.123946077029899,-1.4936354447370404,0,-0.5864380760116408,-0.6415728497533068,-0.9466307418985345,-1.018118344217969,-1.0588373348455065,0,-0.6461781009149697,-1.1465484713697016,-1.6840142996908405,0,-0.6975397840615019,-0.6925636667747952,-0.7060342313926258,-0.712139854701606,-0.23672567396539268,0,-0.36622077161307387,0,-0.78504313018697,-0.3466616644126148,-0.9116860678752765,-0.4443395283141743,-0.6827909468039381,-0.42753822115825457,-1.4745451567245142,0,-0.5165920892588176,-1.8965531902156512,-0.04584612292274759,-1.9331534817480467,0,-0.5753796236440635,0,-2.3776325039278854,-2.136302470212831,-2.244957424464218,-1.1110953682270022,-2.790017981299737,0,-2.4322737711091493,-2.6480798067811824,-1.1874074364295921,-1.740141837370822,-1.9879331979285846,0,-2.4037156863796976,-1.047784739722754,-2.031519302725609,-2.517897981962548,-2.392323543331636,0,-1.1214853398899105,-0.3327349760821523,0,-0.6047871850371811,-1.2908186004246143,-0.45484062251759605,0,-0.9961980206024479,-0.41865398189344827,-0.5221309798324674,-0.42294159695687905],"activity":[[0]],"dinucleotide":[],"positionBias":[],"modifications":[]}]},"modelFittingConstraints":{"enrichmentModel":[{}],"nShifts":0,"addBindingModesSequentially":true,"bindingModeInteractions":[],"flankLengths":[0],"singleModeLengthSweep":false,"bindingModes":[{"maxFlankLength":-1,"positionBiasBinWidth":1,"optimizeSizeHeuristic":false,"maxSize":-1,"optimizeFlankLength":false,"symmetryString":"null","roundSpecificActivity":true,"informationThreshold":0.1,"optimizeMotifShift":false,"fittingStages":[],"optimizeMotifShiftHeuristic":false,"experimentSpecificPositionBias":true,"minSize":-1,"experimentSpecificActivity":true,"optimizeSize":false}]}}
