{"modelSettings":{"letterOrder":"ACGTN","bindingModeInteractions":[],"bindingModes":[{"size":17,"fitLogActivity":true,"flankLength":0,"dinucleotideDistance":0,"componentName":"Binding mode 1","positionBias":false,"singleStrand":false,"modifications":[]}],"letterComplement":"C-G,A-T,N-N"},"coefficients":{"bindingModeInteractions":[],"bindingModes":[{"mononucleotide":[0,-0.44866206537357556,-0.24750014604396142,-0.041179723672470914,-0.1687475294929327,0,-0.8063651475470177,-0.3493446216518805,-0.5094749935979852,-0.3738069312416443,-0.7857410502190145,-1.1048934823942318,-0.42941056246962717,0,-0.49514888779899835,-1.8381419926227762,-0.9730962680040163,-1.3056107758050057,0,-0.7940560334709607,-1.414937400285857,0,-1.613757019296961,-1.4981637722014867,-0.8760974649051428,-1.6652866023608048,0,-1.8758459599829216,-1.8881520405462826,-0.9850294117922266,-1.4423418251524858,0,-1.9496900089711708,-1.7694553269854811,-0.948608923641019,-0.34342972070820643,-0.44062336517135847,-1.2691405414688361,0,-0.41777500400747064,0,-1.3686246182431798,-0.43876802839618456,-0.19359170391008362,-0.38445684467449903,-1.823346700877794,-1.7731812005983443,0,-1.3317901916437247,-0.91924470817456,-1.9664699505221641,-1.9828203414400072,0,-1.4421698959996645,-0.9715097437013526,-1.9157659149051778,-1.7171177426865043,0,-1.3523287997210867,-0.9254265390421358,0,-1.3742349036370598,-1.1881213480470398,-1.7620388148548276,-0.8384499290359105,0,-2.701387002566226,-1.50647602785177,-1.1977656518697017,-0.9221389670047688,-2.5130016712748184,-2.272514946594684,-2.0330807104830053,0,-1.1124509400780873,-0.14774573591304652,-1.44326529746371,-1.9599821692120187,0,-0.5799672824715004,-0.39107727370380996,-0.05809802288287447,0,-0.8211513397378116,-0.26794147185585643],"activity":[[0]],"dinucleotide":[],"positionBias":[],"modifications":[]}]},"modelFittingConstraints":{"enrichmentModel":[{}],"nShifts":0,"addBindingModesSequentially":true,"bindingModeInteractions":[],"flankLengths":[0],"singleModeLengthSweep":false,"bindingModes":[{"maxFlankLength":-1,"positionBiasBinWidth":1,"optimizeSizeHeuristic":false,"maxSize":-1,"optimizeFlankLength":false,"symmetryString":"null","roundSpecificActivity":true,"informationThreshold":0.1,"optimizeMotifShift":false,"fittingStages":[],"optimizeMotifShiftHeuristic":false,"experimentSpecificPositionBias":true,"minSize":-1,"experimentSpecificActivity":true,"optimizeSize":false}]}}
