{"modelSettings":{"letterOrder":"ACGTN","bindingModeInteractions":[],"bindingModes":[{"size":14,"fitLogActivity":true,"flankLength":0,"dinucleotideDistance":0,"componentName":"Binding mode 1","positionBias":false,"singleStrand":false,"modifications":[]}],"letterComplement":"C-G,A-T,N-N"},"coefficients":{"bindingModeInteractions":[],"bindingModes":[{"mononucleotide":[-0.34566368023180427,0,-0.29759673689502986,-0.2826766270048795,-0.2218585286755859,-0.5878236770298395,0,-0.5245902751596105,-0.42123369575024316,-0.3554009321394531,-0.18192785347428408,-1.8881999208760636,0,-2.094604106249397,-0.6404956928019472,-1.3107053811034288,0,-1.978811073900422,-2.5655583720836117,-0.9910550045959295,0,-2.5743485070011647,-2.5388503604107373,-2.9469335883919303,-1.1976089136818657,-3.685292450632967,-2.500559086121806,-2.8455843189512624,0,-1.2333765014569564,-1.0966317279753892,-2.555380154861395,-1.7838287635768237,0,-0.9290906884117273,-2.593620798664779,0,-3.431873137678415,-1.6381810350375487,-1.1228472697054255,-2.4255433333724388,0,-2.4375178670226965,-0.7062296996233277,-0.8738846727155766,0,-0.4527799243485564,-0.32743143935618946,-0.44465099172856526,-0.28845612883436056,0,-0.16725544074629184,-0.4169645186161972,-0.0732575035544274,-0.15245524637957034,-0.34263928494474793,-0.4569274585115908,-0.7400172233507476,0,-0.3494772642860646,-0.5358460771470899,0,-0.0632708096816037,-0.16956709433221562,-0.17200693555479538,-0.29099475307312694,-0.12252483135224068,-0.06549067280663579,0,-0.11406178447010963],"activity":[[0]],"dinucleotide":[],"positionBias":[],"modifications":[]}]},"modelFittingConstraints":{"enrichmentModel":[{}],"nShifts":0,"addBindingModesSequentially":true,"bindingModeInteractions":[],"flankLengths":[0],"singleModeLengthSweep":false,"bindingModes":[{"maxFlankLength":-1,"positionBiasBinWidth":1,"optimizeSizeHeuristic":false,"maxSize":-1,"optimizeFlankLength":false,"symmetryString":"null","roundSpecificActivity":true,"informationThreshold":0.1,"optimizeMotifShift":false,"fittingStages":[],"optimizeMotifShiftHeuristic":false,"experimentSpecificPositionBias":true,"minSize":-1,"experimentSpecificActivity":true,"optimizeSize":false}]}}
