{"modelSettings":{"letterOrder":"ACGTN","bindingModeInteractions":[],"bindingModes":[{"size":12,"fitLogActivity":true,"flankLength":0,"dinucleotideDistance":0,"componentName":"Binding mode 1","positionBias":false,"singleStrand":false,"modifications":[]}],"letterComplement":"C-G,A-T,N-N"},"coefficients":{"bindingModeInteractions":[],"bindingModes":[{"mononucleotide":[-0.28701120902004273,0,-0.13471030441099252,-0.3528512518694038,-0.1841770517873435,-0.6369314491409099,-0.08468664931235015,0,-0.6786277585520022,-0.30278699657205543,-0.049119354971965734,0,-0.01048379229232932,-0.14501422668820574,-0.04954523186603103,-1.3415559792489828,-1.9259655553348607,-3.601844596108059,0,-1.0255150215014959,0,-3.562492655631382,-1.4353230882567107,-2.39130784926075,-1.0803428998937032,0,-3.7991915631590203,-3.517878109077122,-3.9081046535354407,-1.3166473226543423,-1.3116686405999571,-0.5563866753750428,-1.245525670098199,0,-0.6299674511770653,-0.6541361867308622,0,-0.12820746464345856,-0.06601249012519705,-0.18161750800353746,-0.2959978631968312,-0.11506055576381691,0,-0.1728074249900109,-0.14029685597376784,0,-0.10698834563447068,-0.08722071096175377,-0.47548665186014816,-0.15181366217610595,0,-2.4318675930174383,-0.4924190507983681,-1.6974230818611047,-0.7538670439171666,-2.7505589861744824,-1.3595064630666114,-3.1496694335491107,0,-1.0762057670403635],"activity":[[0]],"dinucleotide":[],"positionBias":[],"modifications":[]}]},"modelFittingConstraints":{"enrichmentModel":[{}],"nShifts":0,"addBindingModesSequentially":true,"bindingModeInteractions":[],"flankLengths":[0],"singleModeLengthSweep":false,"bindingModes":[{"maxFlankLength":-1,"positionBiasBinWidth":1,"optimizeSizeHeuristic":false,"maxSize":-1,"optimizeFlankLength":false,"symmetryString":"null","roundSpecificActivity":true,"informationThreshold":0.1,"optimizeMotifShift":false,"fittingStages":[],"optimizeMotifShiftHeuristic":false,"experimentSpecificPositionBias":true,"minSize":-1,"experimentSpecificActivity":true,"optimizeSize":false}]}}
