{"modelSettings":{"letterOrder":"ACGTN","bindingModeInteractions":[],"bindingModes":[{"size":17,"fitLogActivity":true,"flankLength":0,"dinucleotideDistance":0,"componentName":"Binding mode 1","positionBias":false,"singleStrand":false,"modifications":[]}],"letterComplement":"C-G,A-T,N-N"},"coefficients":{"bindingModeInteractions":[],"bindingModes":[{"mononucleotide":[-0.5985550046023529,0,-0.2520980441103582,-0.3207219726118318,-0.270366606258352,-0.7165041564466601,-2.0151614293998374,0,-1.9079489023905714,-0.8152356355566733,-2.1377751725356573,-1.9675884055831112,-1.9268634864259364,0,-1.0474573199379753,-0.20144454783353805,-0.2993095975268858,-1.8606225174643822,0,-0.3877033403441098,0,-1.524706358632487,-0.2027840457998309,-0.9291864818085522,-0.49880881339927435,-1.7097012026198328,0,-1.7106240663898102,-0.17751426473558674,-0.5982817118195145,-1.9058916601840137,0,-1.7728851840052768,-0.8474314684132298,-0.8283677536557847,0,-2.109535276827204,-2.0094941861096522,-1.8357769878536745,-1.0392776851925665,-1.6451785319666676,-1.5084436176311202,-1.9222561604787458,0,-0.9412824781774513,-0.5499153842247644,-1.992545854827878,0,-1.129777045861724,-0.6750853917114401,-0.6246680213524836,-1.1671657302654284,0,-1.905106287966582,-0.6954028068413345,-0.7989690056812022,0,-1.2180804239801146,-0.44357186009116845,-0.5161187731561168,0,-1.9069095493477746,-1.2965902840955366,-0.974041389226882,-0.7987546865752722,0,-1.8123765495972766,-1.793630474234277,-2.46987232703401,-1.0397187294398147,-1.4921908185064248,0,-1.893212214618667,-2.1901517236229475,-0.9892872362924292,-0.4010230653780189,-0.19451101537620374,0,-0.6409143173388565,-0.2811427481172892,-0.1279953596376675,-0.20625185839851845,0,-0.35381919494242453,-0.16384702433066747],"activity":[[0]],"dinucleotide":[],"positionBias":[],"modifications":[]}]},"modelFittingConstraints":{"enrichmentModel":[{}],"nShifts":0,"addBindingModesSequentially":true,"bindingModeInteractions":[],"flankLengths":[0],"singleModeLengthSweep":false,"bindingModes":[{"maxFlankLength":-1,"positionBiasBinWidth":1,"optimizeSizeHeuristic":false,"maxSize":-1,"optimizeFlankLength":false,"symmetryString":"null","roundSpecificActivity":true,"informationThreshold":0.1,"optimizeMotifShift":false,"fittingStages":[],"optimizeMotifShiftHeuristic":false,"experimentSpecificPositionBias":true,"minSize":-1,"experimentSpecificActivity":true,"optimizeSize":false}]}}
