{"modelSettings":{"letterOrder":"ACGTN","bindingModeInteractions":[],"bindingModes":[{"size":12,"fitLogActivity":true,"flankLength":0,"dinucleotideDistance":0,"componentName":"Binding mode 1","positionBias":false,"singleStrand":false,"modifications":[]}],"letterComplement":"C-G,A-T,N-N"},"coefficients":{"bindingModeInteractions":[],"bindingModes":[{"mononucleotide":[-0.21821979007322412,0,-0.14795093713014484,-0.06134353511712565,-0.10343951721078189,-0.20611420049901685,-0.12358070698994794,0,-0.023768382877537242,-0.08501274410989945,-0.15814895249160532,-0.016183103384086905,-0.41754163122253907,0,-0.13457942213468968,0,-2.1570354669456373,-1.0315988164483372,-2.650223283058632,-0.9527345764103693,-2.861839473154606,0,-2.029026103361349,-1.1671055219144613,-0.9809001912731601,-1.651189091847459,-2.9309292934080173,-2.3541758225142804,0,-1.0935196281278343,-2.002461495386749,-2.6252053593484623,-1.2266308084762816,0,-0.9803583796938798,0,-0.09049563421978846,-2.1625112268786593,-2.3956975903419915,-0.6350559775245666,-2.4246328849242573,0,-2.7971793768797433,-2.5716499906595027,-1.1826176244549043,-2.4024462554937687,-2.4032838651486137,0,-1.6099637696940547,-1.0636228480691483,-2.407873018450627,-1.9714944228382398,0,-1.5615520245031735,-1.0223005377679755,-0.9880383922197953,-0.7342036916924335,-1.4781563772910058,0,-0.6538055646985417],"activity":[[0]],"dinucleotide":[],"positionBias":[],"modifications":[]}]},"modelFittingConstraints":{"enrichmentModel":[{}],"nShifts":0,"addBindingModesSequentially":true,"bindingModeInteractions":[],"flankLengths":[0],"singleModeLengthSweep":false,"bindingModes":[{"maxFlankLength":-1,"positionBiasBinWidth":1,"optimizeSizeHeuristic":false,"maxSize":-1,"optimizeFlankLength":false,"symmetryString":"null","roundSpecificActivity":true,"informationThreshold":0.1,"optimizeMotifShift":false,"fittingStages":[],"optimizeMotifShiftHeuristic":false,"experimentSpecificPositionBias":true,"minSize":-1,"experimentSpecificActivity":true,"optimizeSize":false}]}}
