{"modelSettings":{"letterOrder":"ACGTN","bindingModeInteractions":[],"bindingModes":[{"size":14,"fitLogActivity":true,"flankLength":0,"dinucleotideDistance":0,"componentName":"Binding mode 1","positionBias":false,"singleStrand":false,"modifications":[]}],"letterComplement":"C-G,A-T,N-N"},"coefficients":{"bindingModeInteractions":[],"bindingModes":[{"mononucleotide":[-0.3690622627080824,0,-0.3085840864513969,-0.24715496121619474,-0.22099329993913036,-0.5090317515427714,-0.5419250306404013,0,-0.2092393262106249,-0.2897155107421341,0,-1.0629221345890079,-0.32777788656919604,-1.2164390823311804,-0.5266792694190595,-1.0277621144480884,-1.4668410300184043,-0.6305664224723877,0,-0.6345245747526755,-2.4621029352473434,-1.5117420850885352,-1.0042707251324066,0,-0.8722184509240145,0,-1.6677803653699455,-1.8866833475193825,-2.181136314166091,-1.0125592224397508,-1.3643624025255798,0,-1.3525022751906066,-0.1599819046772364,-0.5249688577801372,-2.1039794379385492,-2.4902624764260555,0,-2.157582408241555,-1.1083122588374323,-1.9907534410898207,-0.0895521418942895,-1.3167634510861879,0,-0.5451866086295806,0,-1.3194851238145446,-1.798622962738229,-2.154029530779715,-0.9488040628205556,0,-1.1044232522836843,-1.9178790672664994,-1.3925826925710907,-0.8400515671108904,-1.0838784754429898,0,-0.9473440263509074,-0.022545050602319705,-0.39165180893539653,0,-0.06840416330588717,-0.18742363473754065,-0.308808671165151,-0.13430407989602725,0,-0.04377284558847583,-0.013310030696919384,-0.009086861828381032,-0.016407923391461736],"activity":[[0]],"dinucleotide":[],"positionBias":[],"modifications":[]}]},"modelFittingConstraints":{"enrichmentModel":[{}],"nShifts":0,"addBindingModesSequentially":true,"bindingModeInteractions":[],"flankLengths":[0],"singleModeLengthSweep":false,"bindingModes":[{"maxFlankLength":-1,"positionBiasBinWidth":1,"optimizeSizeHeuristic":false,"maxSize":-1,"optimizeFlankLength":false,"symmetryString":"null","roundSpecificActivity":true,"informationThreshold":0.1,"optimizeMotifShift":false,"fittingStages":[],"optimizeMotifShiftHeuristic":false,"experimentSpecificPositionBias":true,"minSize":-1,"experimentSpecificActivity":true,"optimizeSize":false}]}}
