{"modelSettings":{"letterOrder":"ACGTN","bindingModeInteractions":[],"bindingModes":[{"size":15,"fitLogActivity":true,"flankLength":0,"dinucleotideDistance":0,"componentName":"Binding mode 1","positionBias":false,"singleStrand":false,"modifications":[]}],"letterComplement":"C-G,A-T,N-N"},"coefficients":{"bindingModeInteractions":[],"bindingModes":[{"mononucleotide":[0,-0.3050508476689844,-0.163455852524363,-0.18894162515797852,-0.15837320761480206,0,-0.47145698798504876,-0.03633636499623627,-0.14281931578331264,-0.14637961316921885,-1.1915824767233847,-1.0518553888870485,-0.9705273901199445,0,-0.6773169089386942,-1.4551086566061744,-1.6889667342239538,0,-1.2827034199977998,-0.8583922054352277,-1.5347249317207567,0,-1.9996872120520615,-1.2509460383159423,-0.8933518110023947,-2.1657190753704163,-1.8938707840480258,0,-2.23127443596935,-1.0696261485385878,-1.6056862911484884,-1.865490353635431,-0.33809565894719107,0,-0.6593744172456226,-1.2797490782384227,-1.8933053721162252,0,-1.8402499039085414,-0.9241603024797245,-2.1304349360311208,-2.2274085723052033,0,-2.337601770013602,-1.106277597158584,-1.983286436256129,-1.8954624817158865,0,-2.306188806033289,-1.0587869492568551,-0.7336414834691909,0,-2.4263920212744705,-0.24893358654557218,-0.5326690859300411,-2.049878656560343,-1.5529861573323096,0,-2.0588867597036136,-1.002419606452545,-1.2314788651166335,-1.4449174847750998,0,-0.12635817379735226,-0.5071136475806126,0,-0.47937670613680483,-0.3246029901916172,-0.32397684395294757,-0.26616508311350584,0,-0.10359521073136069,-0.09841448617297566,-0.0668764809236837,-0.06636042280547386],"activity":[[0]],"dinucleotide":[],"positionBias":[],"modifications":[]}]},"modelFittingConstraints":{"enrichmentModel":[{}],"nShifts":0,"addBindingModesSequentially":true,"bindingModeInteractions":[],"flankLengths":[0],"singleModeLengthSweep":false,"bindingModes":[{"maxFlankLength":-1,"positionBiasBinWidth":1,"optimizeSizeHeuristic":false,"maxSize":-1,"optimizeFlankLength":false,"symmetryString":"null","roundSpecificActivity":true,"informationThreshold":0.1,"optimizeMotifShift":false,"fittingStages":[],"optimizeMotifShiftHeuristic":false,"experimentSpecificPositionBias":true,"minSize":-1,"experimentSpecificActivity":true,"optimizeSize":false}]}}
