{"modelSettings":{"letterOrder":"ACGTN","bindingModeInteractions":[],"bindingModes":[{"size":16,"fitLogActivity":true,"flankLength":0,"dinucleotideDistance":0,"componentName":"Binding mode 1","positionBias":false,"singleStrand":false,"modifications":[]}],"letterComplement":"C-G,A-T,N-N"},"coefficients":{"bindingModeInteractions":[],"bindingModes":[{"mononucleotide":[-1.4810677858394854,-1.7461912220769467,0,-1.3205841471653326,-0.8741828906829161,-1.07449504061465,0,-0.03738742491166924,-0.5316480961300591,-0.32420475045070324,0,-0.7723854914139441,-0.52785485120177,-0.14041665403131098,-0.31444539293347085,-0.38297467029764043,-1.0634158683257446,0,-0.1442346509043979,-0.32407322335870103,-0.6280270749827697,-0.4787579167217988,0,-0.729103278711916,-0.4172072630322095,-0.5318807395133032,-0.27801049877276185,-0.47382847826290764,0,-0.29860757110735087,0,-2.8626369882635117,-0.5281205899403663,-2.392773938013572,-0.83344078943952,-2.4401069913908944,0,-2.6881551482523034,-2.7088498486987507,-1.1859927602396967,-2.7186506303581264,0,-3.16743647341006,-2.7066547660023352,-1.2251667529228674,-1.1095227233803495,0,-2.771245168933594,-2.2184936928473578,-0.9801140763446552,-2.528075146413508,-3.0386085818791573,0,-2.3004293734626433,-1.1809647003484367,-2.5238581098956074,0,-2.7457031810695223,-1.459988646118557,-1.0666836029171198,0,-2.791674515201309,-3.0893159699396042,-2.5197281334020336,-1.2145847263051184,-2.8709314922772697,-2.6426398539554543,-2.385863410226728,0,-1.1875838609571354,0,-0.6061950371049374,-0.26333294917927663,-0.899645463101951,-0.3854338104940848,-0.11201913536128671,-0.23016257011825036,-0.4407246097445503,0,-0.1827211835023727],"activity":[[0]],"dinucleotide":[],"positionBias":[],"modifications":[]}]},"modelFittingConstraints":{"enrichmentModel":[{}],"nShifts":0,"addBindingModesSequentially":true,"bindingModeInteractions":[],"flankLengths":[0],"singleModeLengthSweep":false,"bindingModes":[{"maxFlankLength":-1,"positionBiasBinWidth":1,"optimizeSizeHeuristic":false,"maxSize":-1,"optimizeFlankLength":false,"symmetryString":"null","roundSpecificActivity":true,"informationThreshold":0.1,"optimizeMotifShift":false,"fittingStages":[],"optimizeMotifShiftHeuristic":false,"experimentSpecificPositionBias":true,"minSize":-1,"experimentSpecificActivity":true,"optimizeSize":false}]}}
