{"modelSettings":{"letterOrder":"ACGTN","bindingModeInteractions":[],"bindingModes":[{"size":14,"fitLogActivity":true,"flankLength":0,"dinucleotideDistance":0,"componentName":"Binding mode 1","positionBias":false,"singleStrand":false,"modifications":[]}],"letterComplement":"C-G,A-T,N-N"},"coefficients":{"bindingModeInteractions":[],"bindingModes":[{"mononucleotide":[-0.004343493888126382,-0.1834331140742247,-0.04716661367336261,0,-0.05604088255723469,-0.2811634863034387,0,-0.4912073576534377,-0.6002890465592987,-0.31627185416285036,-0.6246932914462109,0,-1.3729961018326389,-0.8454597787901745,-0.5896288284338935,0,-1.6749292934912785,-1.8516317331893468,-1.7772258557562433,-0.971929735717007,-1.844597166367972,0,-1.8285464727532537,-2.0411843030646777,-1.0156893998128025,-1.9321290732625656,0,-1.9099797650513333,-1.410861993998127,-0.9565557182140498,-1.9233711430793425,-2.002185177485531,-2.4873562237458167,0,-1.0756654275289304,-1.941280079319852,-2.3505949021470993,0,-2.3193092853209274,-1.095735894330069,-1.8678970435785427,-1.9006394485330524,-2.1820995229436386,0,-1.037946086858324,-1.613696967977425,-2.0092061499100966,-1.089223179315736,0,-0.873636701037705,-1.9768829572685584,-1.7757253404100064,0,-2.2192651637983545,-1.0380701746809275,-0.40803431706087956,0,-1.4833371154267234,-1.4198615008204074,-0.6284917021556827,0,-1.3041795256116027,-0.010874688034760105,-0.15549688237632875,-0.24956161510433392,-0.6063786699702813,-0.3368366762877697,-0.9701535723985071,0,-0.4161321634475166],"activity":[[0]],"dinucleotide":[],"positionBias":[],"modifications":[]}]},"modelFittingConstraints":{"enrichmentModel":[{}],"nShifts":0,"addBindingModesSequentially":true,"bindingModeInteractions":[],"flankLengths":[0],"singleModeLengthSweep":false,"bindingModes":[{"maxFlankLength":-1,"positionBiasBinWidth":1,"optimizeSizeHeuristic":false,"maxSize":-1,"optimizeFlankLength":false,"symmetryString":"null","roundSpecificActivity":true,"informationThreshold":0.1,"optimizeMotifShift":false,"fittingStages":[],"optimizeMotifShiftHeuristic":false,"experimentSpecificPositionBias":true,"minSize":-1,"experimentSpecificActivity":true,"optimizeSize":false}]}}
