{"modelSettings":{"letterOrder":"ACGTN","bindingModeInteractions":[],"bindingModes":[{"size":14,"fitLogActivity":true,"flankLength":0,"dinucleotideDistance":0,"componentName":"Binding mode 1","positionBias":false,"singleStrand":false,"modifications":[]}],"letterComplement":"C-G,A-T,N-N"},"coefficients":{"bindingModeInteractions":[],"bindingModes":[{"mononucleotide":[0,-0.18544863367744568,-0.2999613162872983,-1.2791597756346054,-0.33902821129462374,-0.8360892176254753,0,-3.3547952901529916,-3.3491182705006297,-0.9785425529633157,-3.038104556332189,-1.5843283967569821,-2.716154937499863,0,-1.1093146087385035,-3.643815520424557,-3.68584128950926,0,-3.3979920157441565,-1.305019684913629,-1.1335405920468897,0,-1.4722459924306914,-0.07069373474556429,-0.4768073566742971,0,-3.1848769123601643,-3.2929886221317055,-3.053033565726161,-1.267852437811592,0,-3.0842827984391024,-1.4965662541019826,-3.11477356306718,-1.113181113076666,-3.4208961811039353,-2.9840325719933745,-1.0209345887725698,0,-1.0192031064214113,-3.2877582354256756,0,-3.2312003187181864,-2.9651322056437204,-1.2654926363258643,-1.0945687107676099,-0.12587668052326428,0,-0.12237256277656972,-0.25449679500610967,-0.49956402216217644,-0.7471604905872251,-0.7116227962173678,0,-0.44186256723531053,-0.9654506109104632,0,-1.166293505146391,-0.2413182115809196,-0.47887380729889395,0,-0.6480741371641328,-0.26154639421893844,-0.4484984390575626,-0.3107806012917372,-0.19826419625539238,-0.09785822256209631,-0.26110988885787556,0,-0.13435262193438088],"activity":[[0]],"dinucleotide":[],"positionBias":[],"modifications":[]}]},"modelFittingConstraints":{"enrichmentModel":[{}],"nShifts":0,"addBindingModesSequentially":true,"bindingModeInteractions":[],"flankLengths":[0],"singleModeLengthSweep":false,"bindingModes":[{"maxFlankLength":-1,"positionBiasBinWidth":1,"optimizeSizeHeuristic":false,"maxSize":-1,"optimizeFlankLength":false,"symmetryString":"null","roundSpecificActivity":true,"informationThreshold":0.1,"optimizeMotifShift":false,"fittingStages":[],"optimizeMotifShiftHeuristic":false,"experimentSpecificPositionBias":true,"minSize":-1,"experimentSpecificActivity":true,"optimizeSize":false}]}}
