{"modelSettings":{"letterOrder":"ACGTN","bindingModeInteractions":[],"bindingModes":[{"size":12,"fitLogActivity":true,"flankLength":0,"dinucleotideDistance":0,"componentName":"Binding mode 1","positionBias":false,"singleStrand":false,"modifications":[]}],"letterComplement":"C-G,A-T,N-N"},"coefficients":{"bindingModeInteractions":[],"bindingModes":[{"mononucleotide":[-1.1426776809299575,0,-0.9839918671526988,-1.599665618032385,-0.7472107681403807,0,-0.8449359115429462,-0.03320649510947904,-0.06534823793749345,-0.18222209931648856,-0.19012622073923557,0,-1.031357568481259,-0.06270977608892991,-0.24763048462668963,-0.34510005660283394,0,-0.6186582622045484,-0.172039773223422,-0.25852403564709325,-1.2670204238606704,-1.0342985919157648,0,-1.9190772981065791,-0.8074993587285365,-1.7206442331531517,0,-3.022257895792114,-0.06340742769504182,-0.6133185053215546,-0.5273467830761209,-2.4501336869980728,0,-1.8455150490874228,-0.779579774934177,-1.407268222753176,-2.144074561001011,0,-0.7071442174390401,-0.7683892881057648,-2.388143462498036,-1.9533079402986595,0,-1.2557656417038823,-0.9685964882061793,-0.932053961631339,-1.6242506337383071,0,-0.5782258623533743,-0.6200379842021697,-1.92385637160345,-2.125151875082166,0,-1.891304963526872,-1.0382237147727125,-1.5579112114569993,-2.357991016658916,0,-1.4795926757059046,-0.9591225625327326],"activity":[[0]],"dinucleotide":[],"positionBias":[],"modifications":[]}]},"modelFittingConstraints":{"enrichmentModel":[{}],"nShifts":0,"addBindingModesSequentially":true,"bindingModeInteractions":[],"flankLengths":[0],"singleModeLengthSweep":false,"bindingModes":[{"maxFlankLength":-1,"positionBiasBinWidth":1,"optimizeSizeHeuristic":false,"maxSize":-1,"optimizeFlankLength":false,"symmetryString":"null","roundSpecificActivity":true,"informationThreshold":0.1,"optimizeMotifShift":false,"fittingStages":[],"optimizeMotifShiftHeuristic":false,"experimentSpecificPositionBias":true,"minSize":-1,"experimentSpecificActivity":true,"optimizeSize":false}]}}
