{"modelSettings":{"letterOrder":"ACGTN","bindingModeInteractions":[],"bindingModes":[{"size":12,"fitLogActivity":true,"flankLength":0,"dinucleotideDistance":0,"componentName":"Binding mode 1","positionBias":false,"singleStrand":false,"modifications":[]}],"letterComplement":"C-G,A-T,N-N"},"coefficients":{"bindingModeInteractions":[],"bindingModes":[{"mononucleotide":[0,-2.086087591352965,-1.1402236985843248,-2.1335909907657404,-0.9401155519764158,-2.6516650028828215,0,-2.4830136512942573,-0.6928563280861986,-0.8829947731695391,-1.9440259569140488,-2.699498935047571,-2.4976938816068,0,-1.129607507925965,-2.4536658858650666,-2.8734539850129655,-1.3516216114370159,0,-1.04889293868984,-0.43472854927725635,0,-2.65203476117736,-2.272939925982241,-0.7869322354393353,-2.799318832518878,0,-2.917594648426229,-2.8054686186726587,-1.2246913804688533,-2.7443176355382075,-2.664910231945436,0,-2.2967099024499413,-1.1756388565988194,-2.2437642729092744,-2.3574088804876965,0,-1.988338643019707,-1.0953826888732336,-0.9021583047933333,-1.0766998102428862,-2.0012950041891036,0,-0.7541871097944968,-0.19576416483117498,0,-0.23082930584865213,-0.039686296203480964,-0.11172182513395768,-0.09588022329022206,-0.15830827038538775,-0.2812201540840569,0,-0.12867987385248444,-0.26169177278081523,-0.10341055557603873,-0.15635377676956352,0,-0.125914336851499],"activity":[[0]],"dinucleotide":[],"positionBias":[],"modifications":[]}]},"modelFittingConstraints":{"enrichmentModel":[{}],"nShifts":0,"addBindingModesSequentially":true,"bindingModeInteractions":[],"flankLengths":[0],"singleModeLengthSweep":false,"bindingModes":[{"maxFlankLength":-1,"positionBiasBinWidth":1,"optimizeSizeHeuristic":false,"maxSize":-1,"optimizeFlankLength":false,"symmetryString":"null","roundSpecificActivity":true,"informationThreshold":0.1,"optimizeMotifShift":false,"fittingStages":[],"optimizeMotifShiftHeuristic":false,"experimentSpecificPositionBias":true,"minSize":-1,"experimentSpecificActivity":true,"optimizeSize":false}]}}
