{"modelSettings":{"letterOrder":"ACGTN","bindingModeInteractions":[],"bindingModes":[{"size":15,"fitLogActivity":true,"flankLength":0,"dinucleotideDistance":0,"componentName":"Binding mode 1","positionBias":false,"singleStrand":false,"modifications":[]}],"letterComplement":"C-G,A-T,N-N"},"coefficients":{"bindingModeInteractions":[],"bindingModes":[{"mononucleotide":[0,-0.6966396708899447,-0.6668576951018226,-0.7959808700135822,-0.4850302205356907,0,-0.27331278893515165,-0.31733114967687737,-0.26663092965254354,-0.20613278244017355,0,-1.0983788311347116,-1.0195308905636766,-0.35498201205649327,-0.5127602623349331,-0.3106415812217449,-0.8228562050163477,-0.8077887334256593,0,-0.4238856485785552,-0.5674461095741803,-0.9052363486927772,-0.5044490783930149,0,-0.4403454108586378,-2.674392289200645,-1.8236263005462137,-2.791001305685473,0,-1.1302982374170438,-0.7505431920913885,0,-1.0021163523159986,-1.58826600281592,-0.6716346123678137,0,-1.9217642519902318,-0.2683459987793224,-1.3768607253906797,-0.6146312024650216,-4.530544497464355,0,-4.459262089941907,-2.9590601817840163,-1.3147057381434888,0,-3.0560549904806145,-1.0887428349991737,-3.514597985240552,-1.0402451048358405,-1.6302740960865991,0,-1.8371815368741897,-0.8191598090451242,-0.800763898855151,-0.5261987914644024,0,-0.45955277173541287,-0.3717715758994986,-0.3174801926922551,-0.6570964549469149,-0.8526137570454768,-0.9129119419516192,0,-0.5335795204928641,-0.2765712196629657,-0.1955214606026301,-0.5086851090272599,0,-0.22876212344341268,-0.2298280650359601,-0.15819257711456114,0,-0.19255831822561031,-0.14121748324105016],"activity":[[0]],"dinucleotide":[],"positionBias":[],"modifications":[]}]},"modelFittingConstraints":{"enrichmentModel":[{}],"nShifts":0,"addBindingModesSequentially":true,"bindingModeInteractions":[],"flankLengths":[0],"singleModeLengthSweep":false,"bindingModes":[{"maxFlankLength":-1,"positionBiasBinWidth":1,"optimizeSizeHeuristic":false,"maxSize":-1,"optimizeFlankLength":false,"symmetryString":"null","roundSpecificActivity":true,"informationThreshold":0.1,"optimizeMotifShift":false,"fittingStages":[],"optimizeMotifShiftHeuristic":false,"experimentSpecificPositionBias":true,"minSize":-1,"experimentSpecificActivity":true,"optimizeSize":false}]}}
