{"modelSettings":{"letterOrder":"ACGTN","bindingModeInteractions":[],"bindingModes":[{"size":13,"fitLogActivity":true,"flankLength":0,"dinucleotideDistance":0,"componentName":"Binding mode 1","positionBias":false,"singleStrand":false,"modifications":[]}],"letterComplement":"C-G,A-T,N-N"},"coefficients":{"bindingModeInteractions":[],"bindingModes":[{"mononucleotide":[-0.6229917746491722,-0.5185250671301871,-0.5060606285895153,0,-0.3803087031455868,-1.6934224229244417,-1.6307395464813799,-2.3133781989759763,0,-0.9951984496955835,0,-3.6362987582466104,-2.2633820573890566,-1.0750275390793678,-0.9999195125037035,0,-3.4433222163291726,-3.7608144055492336,-4.300741482267914,-1.3197750307270797,-2.9773933119566416,-1.066592213464323,-1.920526874785399,0,-0.9534511064222085,-1.2772120129607227,-1.3515384509182846,-0.08834255401886093,0,-0.4889408037447143,-0.013087943074087782,-2.731561624258667,0,-1.3173050310650893,-0.544739655256194,-1.1652678010295303,0,-0.6104594292370678,-0.7242053501670007,-0.5362930046909994,-0.4655452745819151,0,-0.42515120289121633,-0.24238449390411798,-0.2658494744488,-0.19980124859603965,-0.1825656659460595,-0.19232406467256613,0,-0.14010642196892317,-0.2894543864541683,-0.2896642485336436,-0.4285782354753591,0,-0.23932965318155933,-0.1396280372607146,-0.2172002976857872,-0.21759094232665266,0,-0.13957681028161975,-0.126839505356231,-0.19538609313676147,-0.20179885057193125,0,-0.12764834084725488],"activity":[[0]],"dinucleotide":[],"positionBias":[],"modifications":[]}]},"modelFittingConstraints":{"enrichmentModel":[{}],"nShifts":0,"addBindingModesSequentially":true,"bindingModeInteractions":[],"flankLengths":[0],"singleModeLengthSweep":false,"bindingModes":[{"maxFlankLength":-1,"positionBiasBinWidth":1,"optimizeSizeHeuristic":false,"maxSize":-1,"optimizeFlankLength":false,"symmetryString":"null","roundSpecificActivity":true,"informationThreshold":0.1,"optimizeMotifShift":false,"fittingStages":[],"optimizeMotifShiftHeuristic":false,"experimentSpecificPositionBias":true,"minSize":-1,"experimentSpecificActivity":true,"optimizeSize":false}]}}
