{"modelSettings":{"letterOrder":"ACGTN","bindingModeInteractions":[],"bindingModes":[{"size":17,"fitLogActivity":true,"flankLength":0,"dinucleotideDistance":0,"componentName":"Binding mode 1","positionBias":false,"singleStrand":false,"modifications":[]}],"letterComplement":"C-G,A-T,N-N"},"coefficients":{"bindingModeInteractions":[],"bindingModes":[{"mononucleotide":[-0.03208349622891138,-0.043618532568717505,-0.06075225417188701,0,-0.033866773047243205,0,-0.08123412150329745,-0.07003701242831983,-0.04635081532344554,-0.048916096025277356,-1.1511069342667835,-0.9037776741325514,0,-0.49805955873616714,-0.5408416837027389,0,-0.8532427797776316,-0.5015406943775931,-2.6429540433522956,-0.6430346332877205,-1.1890788719232317,0,-3.697680527437063,-1.2096934658114566,-0.8992054822850033,-2.9918998808081705,0,-4.2009432388835135,-2.807697341811691,-1.2680516888816171,-1.3638439274286984,0,-3.8823371137649634,-1.412493664343823,-0.9677064457782174,-4.111914598513601,0,-4.2423092629134995,-4.0871925454025755,-1.3398526249050675,-1.2597551647864957,0,-3.3514546435385544,-2.016807786205229,-1.013465091716359,-0.9206297437297275,0,-3.5279671206186585,-0.4885819046593065,-0.6727915306464839,-0.40278394391795036,-1.7475094166133696,0,-1.2384322233687444,-0.6289983981324271,-2.1780764188120187,0,-0.5915113010158848,-0.7665098726259263,-0.6295241348854937,-0.4050737100665085,-1.0936796419842638,0,-1.085734594639919,-0.5363302369300256,-0.06849698211881705,-1.327063159610402,0,-0.6837670647466121,-0.3916496578887671,0,-0.6158063841619956,-0.8510478175201088,-0.6364151902935395,-0.47146129928801467,-1.536548084642603,-0.7812539307109096,0,-0.9154122758040204,-0.657150165373791,0,-0.18483465026059775,-0.5880632948274904,-0.12639236729079517,-0.20214292578380458],"activity":[[0]],"dinucleotide":[],"positionBias":[],"modifications":[]}]},"modelFittingConstraints":{"enrichmentModel":[{}],"nShifts":0,"addBindingModesSequentially":true,"bindingModeInteractions":[],"flankLengths":[0],"singleModeLengthSweep":false,"bindingModes":[{"maxFlankLength":-1,"positionBiasBinWidth":1,"optimizeSizeHeuristic":false,"maxSize":-1,"optimizeFlankLength":false,"symmetryString":"null","roundSpecificActivity":true,"informationThreshold":0.1,"optimizeMotifShift":false,"fittingStages":[],"optimizeMotifShiftHeuristic":false,"experimentSpecificPositionBias":true,"minSize":-1,"experimentSpecificActivity":true,"optimizeSize":false}]}}
