{"modelSettings":{"letterOrder":"ACGTN","bindingModeInteractions":[],"bindingModes":[{"size":12,"fitLogActivity":true,"flankLength":0,"dinucleotideDistance":0,"componentName":"Binding mode 1","positionBias":false,"singleStrand":false,"modifications":[]}],"letterComplement":"C-G,A-T,N-N"},"coefficients":{"bindingModeInteractions":[],"bindingModes":[{"mononucleotide":[-0.010951195128114932,-0.5071359381520768,0,-0.1560008841440066,-0.14882346973974628,-0.07711507900491643,-0.12330100982846659,-0.2732857307019909,0,-0.11354497523396158,-0.6227130117502986,-0.36301097218284095,-0.09152095694799467,0,-0.24060513397796301,-2.0498562350502327,-0.23982881891472552,-2.819760763084496,0,-0.7056570308412314,0,-0.9473337555732848,-1.3304538801273749,-3.4171955063821278,-0.8645673152662915,0,-2.5460737952628048,-3.053107868164368,-3.941096885300743,-1.250865536833041,-4.511286117009557,-2.1630748826157995,-3.582196632343648,0,-1.2432595966018658,0,-2.046398380925757,-2.32790550131023,-0.4961449241918823,-0.7789379204902335,0,-1.3586000830204408,-0.9777255546269075,-0.6931410041022286,-0.6286762638037345,-0.5145373076150488,-0.43982345771288056,0,-1.273028060496621,-0.46127789694609916,-0.3927431789058371,0,-0.37271499353725757,-0.048519928355110764,-0.18732343909724133,-0.11937116886074772,-0.5564071937096187,0,-0.11676159253245677,-0.17717264444077307],"activity":[[0]],"dinucleotide":[],"positionBias":[],"modifications":[]}]},"modelFittingConstraints":{"enrichmentModel":[{}],"nShifts":0,"addBindingModesSequentially":true,"bindingModeInteractions":[],"flankLengths":[0],"singleModeLengthSweep":false,"bindingModes":[{"maxFlankLength":-1,"positionBiasBinWidth":1,"optimizeSizeHeuristic":false,"maxSize":-1,"optimizeFlankLength":false,"symmetryString":"null","roundSpecificActivity":true,"informationThreshold":0.1,"optimizeMotifShift":false,"fittingStages":[],"optimizeMotifShiftHeuristic":false,"experimentSpecificPositionBias":true,"minSize":-1,"experimentSpecificActivity":true,"optimizeSize":false}]}}
