{"modelSettings":{"letterOrder":"ACGTN","bindingModeInteractions":[],"bindingModes":[{"size":14,"fitLogActivity":true,"flankLength":0,"dinucleotideDistance":0,"componentName":"Binding mode 1","positionBias":false,"singleStrand":false,"modifications":[]}],"letterComplement":"C-G,A-T,N-N"},"coefficients":{"bindingModeInteractions":[],"bindingModes":[{"mononucleotide":[-0.6565627119318442,0,-0.9776708782200796,-0.7308805904400026,-0.5207488492102313,-1.6475471605329153,-1.5568386188650756,-1.8279745841116135,0,-0.939008206836823,0,-0.11562733440102324,-0.563674671925197,-1.4599464904906139,-0.3959468954815894,0,-2.358639984572481,-2.325562859676151,-1.6863477159735822,-1.0660445576724398,-2.5146893510503756,-2.4474866340554544,-3.4452901926407944,0,-1.2045610709922172,-0.8960983091146444,-1.9825796417591044,-2.455306446792536,0,-0.8966661341124813,-0.1830627656123669,-1.7477265996983231,-1.8644682112822455,0,-0.6153235751455525,-0.5543705599920852,-1.3340242624851255,0,-1.7862385475118385,-0.6904317915285514,-2.172161958646423,0,-2.2044634818641646,-1.5623630267743787,-1.0259097262198869,0,-3.1537563518057374,-1.2483762665697533,-1.9244506538064363,-0.9972176396990763,-1.6673085619304526,-1.769659294768453,-2.2069201023357894,0,-1.0015868955308451,0,-1.8777150912976377,-1.4453650469658017,-1.7551090336618635,-0.940655415172188,0,-0.7124402169013049,-1.1239504986187763,-0.12617331477346116,-0.3941908863545809,-0.24761193810320314,-0.4369793581981751,-0.3494427603590369,0,-0.24470928060274078],"activity":[[0]],"dinucleotide":[],"positionBias":[],"modifications":[]}]},"modelFittingConstraints":{"enrichmentModel":[{}],"nShifts":0,"addBindingModesSequentially":true,"bindingModeInteractions":[],"flankLengths":[0],"singleModeLengthSweep":false,"bindingModes":[{"maxFlankLength":-1,"positionBiasBinWidth":1,"optimizeSizeHeuristic":false,"maxSize":-1,"optimizeFlankLength":false,"symmetryString":"null","roundSpecificActivity":true,"informationThreshold":0.1,"optimizeMotifShift":false,"fittingStages":[],"optimizeMotifShiftHeuristic":false,"experimentSpecificPositionBias":true,"minSize":-1,"experimentSpecificActivity":true,"optimizeSize":false}]}}
