{"modelSettings":{"letterOrder":"ACGTN","bindingModeInteractions":[],"bindingModes":[{"size":12,"fitLogActivity":true,"flankLength":0,"dinucleotideDistance":0,"componentName":"Binding mode 1","positionBias":false,"singleStrand":false,"modifications":[]}],"letterComplement":"C-G,A-T,N-N"},"coefficients":{"bindingModeInteractions":[],"bindingModes":[{"mononucleotide":[-0.3767029001297879,-0.12093680388920092,0,-0.7513894263495269,-0.27314802692821766,-0.5855831481102762,0,-0.44545983153680924,-0.4203873641975471,-0.3375367156897487,-2.782367261834473,-2.4513327263877494,-3.7397910044726137,0,-1.2277281197986014,0,-2.6094290782993133,-2.3749748491634946,-1.9933218626338105,-1.1217513470556326,0,-2.6729396965445456,-3.161376927535511,-4.811566459234926,-1.273366279053095,-0.19287595779941036,-1.5733267305380028,-0.9931347160251831,0,-0.5098460202176786,-1.126100123769779,-0.08290546838354906,-0.6539932661635253,0,-0.3693626198610263,-1.0145875376314337,-1.8083363899891363,0,-1.0784033566672853,-0.7621668043249789,-0.38631921477952647,-0.15612443787369834,0,-0.4537693573434223,-0.23248847698503755,-0.44502091588372705,-0.07499168003449341,-0.42383048677504265,0,-0.21595169273317674,-0.18432651699745506,-0.05048034315516858,0,-0.29976228674436234,-0.12685908247888297,-0.12022109459784946,0,-0.15750523129775917,-0.008493964797482434,-0.06920573787673857],"activity":[[0]],"dinucleotide":[],"positionBias":[],"modifications":[]}]},"modelFittingConstraints":{"enrichmentModel":[{}],"nShifts":0,"addBindingModesSequentially":true,"bindingModeInteractions":[],"flankLengths":[0],"singleModeLengthSweep":false,"bindingModes":[{"maxFlankLength":-1,"positionBiasBinWidth":1,"optimizeSizeHeuristic":false,"maxSize":-1,"optimizeFlankLength":false,"symmetryString":"null","roundSpecificActivity":true,"informationThreshold":0.1,"optimizeMotifShift":false,"fittingStages":[],"optimizeMotifShiftHeuristic":false,"experimentSpecificPositionBias":true,"minSize":-1,"experimentSpecificActivity":true,"optimizeSize":false}]}}
