{"modelSettings":{"letterOrder":"ACGTN","bindingModeInteractions":[],"bindingModes":[{"size":12,"fitLogActivity":true,"flankLength":0,"dinucleotideDistance":0,"componentName":"Binding mode 1","positionBias":false,"singleStrand":false,"modifications":[]}],"letterComplement":"C-G,A-T,N-N"},"coefficients":{"bindingModeInteractions":[],"bindingModes":[{"mononucleotide":[-0.2171948597204505,0,-0.0887897631540211,-0.18555420735963235,-0.11921863300946005,-0.26517637922354176,-0.04367027616056518,0,-0.5012347283774172,-0.18328529984531583,-0.5382015375716938,0,-0.4382577871563518,-0.4673781258105798,-0.33701245619015,-1.6924537078987876,-1.6125439244754047,-4.033596280150155,0,-1.0489956043015405,0,-3.1465851954937767,-1.6438127935151168,-2.294391470729727,-1.0958187331884963,0,-4.528929668681569,-3.42053925407218,-4.949429281655286,-1.3369572291927774,-3.4752290536222485,-1.471797470989006,-1.8083558037650067,0,-1.032550181015999,-1.1774851426343793,-0.5038363263979573,-0.5509456082217206,0,-0.4745478422488607,-0.23097323116300572,-0.5541156471059168,0,-0.6859937816217054,-0.3313099425317463,0,-0.31412981092085346,-0.04445157723784199,-0.6713254761031524,-0.2237759728207715,0,-0.37270644875713543,-0.26040806622404666,-0.47422236997623823,-0.26072429655967677,-0.8184377258464233,-0.49495789878915275,-0.6177541926437113,0,-0.43468638875593874],"activity":[[0]],"dinucleotide":[],"positionBias":[],"modifications":[]}]},"modelFittingConstraints":{"enrichmentModel":[{}],"nShifts":0,"addBindingModesSequentially":true,"bindingModeInteractions":[],"flankLengths":[0],"singleModeLengthSweep":false,"bindingModes":[{"maxFlankLength":-1,"positionBiasBinWidth":1,"optimizeSizeHeuristic":false,"maxSize":-1,"optimizeFlankLength":false,"symmetryString":"null","roundSpecificActivity":true,"informationThreshold":0.1,"optimizeMotifShift":false,"fittingStages":[],"optimizeMotifShiftHeuristic":false,"experimentSpecificPositionBias":true,"minSize":-1,"experimentSpecificActivity":true,"optimizeSize":false}]}}
