{"modelSettings":{"letterOrder":"ACGTN","bindingModeInteractions":[],"bindingModes":[{"size":12,"fitLogActivity":true,"flankLength":0,"dinucleotideDistance":0,"componentName":"Binding mode 1","positionBias":false,"singleStrand":false,"modifications":[]}],"letterComplement":"C-G,A-T,N-N"},"coefficients":{"bindingModeInteractions":[],"bindingModes":[{"mononucleotide":[-0.010584941712529439,-0.09973558985884212,0,-0.0347748181148253,-0.03553120890792429,-0.18193793601024266,-0.09738151536929518,0,-0.02983199233273437,-0.07486593408280022,0,-0.2559726712835668,-0.040759848942835575,-0.12762434369741182,-0.10136662666733766,0,-0.5864450370948759,-0.5044994541023922,-1.3163515555124217,-0.4991355331536271,-3.1684069117883817,0,-2.6195917197105314,-2.8832754466585624,-1.228560659349564,0,-3.1614248283075566,-2.189520568091291,-1.799779016994984,-1.108911766787316,-2.0753516306870505,-0.4953101576499801,-1.302723942272643,0,-0.6898104528260977,-0.32186601913332247,-1.2931584835668437,0,-1.872416477473159,-0.6194555131602888,-1.4855714539074043,-0.49700107603795063,-1.7627269972775121,0,-0.6900013298015679,-1.2893719005470892,-0.9619678186498208,0,-1.3620279897911376,-0.7372429149830154,-1.0623393689866585,-0.7430298258981543,-0.4498798769158525,0,-0.48653083385745083,0,-0.2879753484812748,-0.1442263160548256,-0.12009692918248094,-0.1328726514784689],"activity":[[0]],"dinucleotide":[],"positionBias":[],"modifications":[]}]},"modelFittingConstraints":{"enrichmentModel":[{}],"nShifts":0,"addBindingModesSequentially":true,"bindingModeInteractions":[],"flankLengths":[0],"singleModeLengthSweep":false,"bindingModes":[{"maxFlankLength":-1,"positionBiasBinWidth":1,"optimizeSizeHeuristic":false,"maxSize":-1,"optimizeFlankLength":false,"symmetryString":"null","roundSpecificActivity":true,"informationThreshold":0.1,"optimizeMotifShift":false,"fittingStages":[],"optimizeMotifShiftHeuristic":false,"experimentSpecificPositionBias":true,"minSize":-1,"experimentSpecificActivity":true,"optimizeSize":false}]}}
