{"modelSettings":{"letterOrder":"ACGTN","bindingModeInteractions":[],"bindingModes":[{"size":12,"fitLogActivity":true,"flankLength":0,"dinucleotideDistance":0,"componentName":"Binding mode 1","positionBias":false,"singleStrand":false,"modifications":[]}],"letterComplement":"C-G,A-T,N-N"},"coefficients":{"bindingModeInteractions":[],"bindingModes":[{"mononucleotide":[-0.0443335695995426,0,-0.0400981414071957,-0.1728799285938165,-0.062256176204230844,-0.4197074547412334,-0.4289040885254525,-0.15567193795133205,0,-0.23436206838384566,0,-0.7615669019366198,-0.3004544104002318,-1.5969089041313542,-0.5066935724338717,-2.8917120087701025,-3.839308299607164,-2.6351815505650795,0,-1.2476673489348957,-3.1130982552215802,-3.3716539044762177,-2.0783468055630623,0,-1.2007009060235627,-0.5184772333177778,-2.6766331414354445,0,-0.63795613983363,-0.6012098745696753,-2.133169312850639,0,-2.265343625767672,-2.3190719202724503,-1.1081926946900333,0,-1.1922228871007423,-0.2922990618873924,-1.132072599670583,-0.5223688933134656,-0.6448698993971691,-0.46098115816973007,-0.6740746987794095,0,-0.406081625371487,-0.11016766210862095,0,-0.1786979010601768,-0.5726640319256937,-0.1935655318460345,0,-0.6681831628055361,-0.37217307184621395,-0.45057571094445237,-0.3427948529123152,-0.1844068051973906,0,-0.001183797855782931,-0.051337869118792234,-0.05647194512602926],"activity":[[0]],"dinucleotide":[],"positionBias":[],"modifications":[]}]},"modelFittingConstraints":{"enrichmentModel":[{}],"nShifts":0,"addBindingModesSequentially":true,"bindingModeInteractions":[],"flankLengths":[0],"singleModeLengthSweep":false,"bindingModes":[{"maxFlankLength":-1,"positionBiasBinWidth":1,"optimizeSizeHeuristic":false,"maxSize":-1,"optimizeFlankLength":false,"symmetryString":"null","roundSpecificActivity":true,"informationThreshold":0.1,"optimizeMotifShift":false,"fittingStages":[],"optimizeMotifShiftHeuristic":false,"experimentSpecificPositionBias":true,"minSize":-1,"experimentSpecificActivity":true,"optimizeSize":false}]}}
