{"modelSettings":{"letterOrder":"ACGTN","bindingModeInteractions":[],"bindingModes":[{"size":13,"fitLogActivity":true,"flankLength":0,"dinucleotideDistance":0,"componentName":"Binding mode 1","positionBias":false,"singleStrand":false,"modifications":[]}],"letterComplement":"C-G,A-T,N-N"},"coefficients":{"bindingModeInteractions":[],"bindingModes":[{"mononucleotide":[-0.4997599494914162,-0.37716705845642373,0,-0.812377909603704,-0.3796952974006639,0,-0.3077684163573746,-0.21914480822199423,-1.5485066079024183,-0.3743821847469389,-2.123965072395753,-1.6610951989212386,-2.347739275792643,0,-1.0462054580325324,-2.5186684872344327,-1.5142922828200907,0,-1.8790534239283176,-1.0124814568386356,0,-2.0790997142110252,-2.4163921940893425,-2.3807603066402385,-1.1187389922573667,-2.72000077950539,0,-1.96385472318534,-0.05870638166828357,-0.621210404413286,-2.5724517170773615,-2.5498820009604297,0,-2.1376033503839245,-1.1454082084047243,-0.24315234401177754,0,-1.7925053218024574,-0.23176119448614685,-0.3769396233371651,0,-0.8096444930454609,-2.355682112757631,-2.2477583244834354,-0.8882617366601043,0,-2.6424669061368964,-2.270259448398875,-2.3345801976563467,-1.1462370912582542,-1.3163131701839426,-0.14564023628624234,-0.46872388356421624,0,-0.37164681989464726,0,-0.17556324389466482,-0.24915927441569075,-0.38558331044740335,-0.1928283637947184,-0.33151908008543796,-0.1881382037920485,-0.06847885704728718,0,-0.13922015421887543],"activity":[[0]],"dinucleotide":[],"positionBias":[],"modifications":[]}]},"modelFittingConstraints":{"enrichmentModel":[{}],"nShifts":0,"addBindingModesSequentially":true,"bindingModeInteractions":[],"flankLengths":[0],"singleModeLengthSweep":false,"bindingModes":[{"maxFlankLength":-1,"positionBiasBinWidth":1,"optimizeSizeHeuristic":false,"maxSize":-1,"optimizeFlankLength":false,"symmetryString":"null","roundSpecificActivity":true,"informationThreshold":0.1,"optimizeMotifShift":false,"fittingStages":[],"optimizeMotifShiftHeuristic":false,"experimentSpecificPositionBias":true,"minSize":-1,"experimentSpecificActivity":true,"optimizeSize":false}]}}
