{"modelSettings":{"letterOrder":"ACGTN","bindingModeInteractions":[],"bindingModes":[{"size":13,"fitLogActivity":true,"flankLength":0,"dinucleotideDistance":0,"componentName":"Binding mode 1","positionBias":false,"singleStrand":false,"modifications":[]}],"letterComplement":"C-G,A-T,N-N"},"coefficients":{"bindingModeInteractions":[],"bindingModes":[{"mononucleotide":[0,-0.002912384996767159,-0.027448795438694162,-0.1576644750816074,-0.044957442761500224,-0.4825145674082787,-0.5790994557124876,-0.15773613377865914,0,-0.27716843669703656,0,-0.9609650039870727,-0.3201455895008518,-1.7693165884560762,-0.5625504444611564,-3.180867523248074,-2.950478449642205,-3.128644579824076,0,-1.2573372265091398,-2.9900424228916966,-3.079248027906479,-1.2994793334107912,0,-1.0722482483241633,-0.3134722307681761,-2.8653432216113153,0,-0.4326034797394511,-0.49565545723331067,-2.3393802684813623,0,-2.887266276336039,-3.0636012551593597,-1.2049442353231854,0,-1.8596415135996387,-0.11876076348027009,-2.475498455794544,-0.6311730141214501,-1.6597159143057971,-1.3759827711132342,-1.822170585048282,0,-0.9135079326873604,-0.7218249187794559,0,-1.069598287588656,-1.4954769620059345,-0.6669178027137462,0,-1.772737436337883,-1.0462023393741582,-1.4261380357831017,-0.8202016038542087,-0.9684719663788748,-0.22131366068840208,-0.16220073853006678,0,-0.27727030003009595,-0.49865592924930535,0,-0.44912394904673114,-0.20851793701104082,-0.26875568102799013],"activity":[[0]],"dinucleotide":[],"positionBias":[],"modifications":[]}]},"modelFittingConstraints":{"enrichmentModel":[{}],"nShifts":0,"addBindingModesSequentially":true,"bindingModeInteractions":[],"flankLengths":[0],"singleModeLengthSweep":false,"bindingModes":[{"maxFlankLength":-1,"positionBiasBinWidth":1,"optimizeSizeHeuristic":false,"maxSize":-1,"optimizeFlankLength":false,"symmetryString":"null","roundSpecificActivity":true,"informationThreshold":0.1,"optimizeMotifShift":false,"fittingStages":[],"optimizeMotifShiftHeuristic":false,"experimentSpecificPositionBias":true,"minSize":-1,"experimentSpecificActivity":true,"optimizeSize":false}]}}
