{"modelSettings":{"letterOrder":"ACGTN","bindingModeInteractions":[],"bindingModes":[{"size":14,"fitLogActivity":true,"flankLength":0,"dinucleotideDistance":0,"componentName":"Binding mode 1","positionBias":false,"singleStrand":false,"modifications":[]}],"letterComplement":"C-G,A-T,N-N"},"coefficients":{"bindingModeInteractions":[],"bindingModes":[{"mononucleotide":[-0.16378853445390362,0,-0.053263191429516965,-0.24105479491306703,-0.11013564071071995,-0.5520653204989987,-0.4029674797445839,-0.09737065578231885,0,-0.23847518093123696,0,-1.0204667263249974,-0.36896309943298533,-2.4914066520658853,-0.6279818114226432,-3.180473710820299,-3.1492898809986207,-3.1695165339905036,0,-1.2672033473552604,-3.388909655306841,-2.8422062764679104,-1.6392953809370994,0,-1.1346340039242004,-0.6162687304622025,-3.0160816597799793,0,-0.7617064357620329,-0.6656208887054039,-3.209712874152842,0,-3.340342653933685,-2.797710763718872,-1.258127688949261,-0.42734558361654607,-2.663772079743844,0,-2.929617924059897,-0.812302169134248,-2.5890694858593726,-2.4910909346339976,-2.6183095427685945,0,-1.1786011675632084,-1.2117156848535142,0,-0.480450574584423,-2.1815310870471896,-0.6787220554143841,0,-1.6176549300041483,-0.7527592952420603,-0.9649232067817293,-0.6682395967874901,-0.9696659260376554,0,-0.37261952489506545,-0.37076752846753713,-0.37166481149562447,-0.38949357519302374,0,-0.7536411263687874,-0.8332586082518407,-0.43746664145047104,0,-0.2447975225729282,-0.3805416220852891,-0.5069075123090299,-0.2650372045818064],"activity":[[0]],"dinucleotide":[],"positionBias":[],"modifications":[]}]},"modelFittingConstraints":{"enrichmentModel":[{}],"nShifts":0,"addBindingModesSequentially":true,"bindingModeInteractions":[],"flankLengths":[0],"singleModeLengthSweep":false,"bindingModes":[{"maxFlankLength":-1,"positionBiasBinWidth":1,"optimizeSizeHeuristic":false,"maxSize":-1,"optimizeFlankLength":false,"symmetryString":"null","roundSpecificActivity":true,"informationThreshold":0.1,"optimizeMotifShift":false,"fittingStages":[],"optimizeMotifShiftHeuristic":false,"experimentSpecificPositionBias":true,"minSize":-1,"experimentSpecificActivity":true,"optimizeSize":false}]}}
