{"modelSettings":{"letterOrder":"ACGTN","bindingModeInteractions":[],"bindingModes":[{"size":12,"fitLogActivity":true,"flankLength":0,"dinucleotideDistance":0,"componentName":"Binding mode 2","positionBias":false,"singleStrand":false,"modifications":[]}],"letterComplement":"C-G,A-T,N-N"},"coefficients":{"bindingModeInteractions":[],"bindingModes":[{"mononucleotide":[0,-0.22290422023793077,-0.09712748110948777,-0.3516931741517588,-0.15925140759621,-0.436543280488781,0,-0.32725516087886497,-0.19909488779435325,-0.22732778288094432,-0.6606409603811318,0,-0.41478987543208756,-0.28762290879069585,-0.31230146371294554,-0.6938683602014502,-0.6905101742138342,0,-0.6053915716803493,-0.45144867230246544,0,-1.53541874549102,-0.5560752139176479,-2.517412446076958,-0.7606292824248058,-3.0966917418330433,-2.6009070604174633,-3.0473557385207855,0,-1.2319530927107127,-2.6291576450678225,-2.636668396749874,0,-1.6342654066281206,-1.0944950873058283,0,-2.7715290475019554,-2.476877539146555,-2.835888717445526,-1.1996175117208805,-2.8097579678349343,0,-2.964613613042313,-1.7089118513631378,-1.1294354775755628,-1.744838000839227,-2.36338564601553,0,-3.0656623423987073,-1.1121555927151616,-2.2584270078347664,-2.4245617482236153,-2.423940876425654,0,-1.1381823034968428,-1.550077027296218,0,-0.8631886165731064,-2.076386233362779,-0.8213050065506251],"activity":[[0]],"dinucleotide":[],"positionBias":[],"modifications":[]}]},"modelFittingConstraints":{"enrichmentModel":[{}],"nShifts":0,"addBindingModesSequentially":true,"bindingModeInteractions":[],"flankLengths":[0],"singleModeLengthSweep":false,"bindingModes":[{"maxFlankLength":-1,"positionBiasBinWidth":1,"optimizeSizeHeuristic":false,"maxSize":-1,"optimizeFlankLength":false,"symmetryString":"null","roundSpecificActivity":true,"informationThreshold":0.1,"optimizeMotifShift":false,"fittingStages":[],"optimizeMotifShiftHeuristic":false,"experimentSpecificPositionBias":true,"minSize":-1,"experimentSpecificActivity":true,"optimizeSize":false}]}}
