{"modelSettings":{"letterOrder":"ACGTN","bindingModeInteractions":[],"bindingModes":[{"size":12,"fitLogActivity":true,"flankLength":0,"dinucleotideDistance":0,"componentName":"Binding mode 1","positionBias":false,"singleStrand":false,"modifications":[]}],"letterComplement":"C-G,A-T,N-N"},"coefficients":{"bindingModeInteractions":[],"bindingModes":[{"mononucleotide":[-0.8955167285020105,0,-0.5219836272584466,-0.13698877165484635,-0.33068737203602827,-0.916200637883529,-1.046050912118715,0,-0.9161223179392701,-0.6201635635332898,0,-2.3335445531931995,-1.0796094614804712,-2.5104176807143057,-0.9689573593426377,-2.6809654771085327,-2.403744254093807,-2.920380181819536,0,-1.1933716177760108,-2.1921690787496546,-2.489115612865074,0,-2.2530953408506056,-1.124136993885876,0,-2.6009698614380117,-2.471951424775728,-2.5508520827163697,-1.1738990058216727,-2.5600221931692664,0,-2.9373187714617846,-1.8090072111570903,-1.128457730673299,-2.027204738623406,-2.540838490865508,0,-2.468904262095074,-1.127643874028289,-1.9277849702123913,-1.8147521403444555,-2.32734798126702,0,-1.0456149467872393,-0.8621530255020327,-0.14241562137463326,0,-1.7942606560743046,-0.48785683911911903,0,-1.5663552477978415,-0.4771783843597337,-0.31056806343527477,-0.44536288320052286,-0.7488623498584523,0,-1.0187593813998372,-0.3501081313966994,-0.4546978742417082],"activity":[[0]],"dinucleotide":[],"positionBias":[],"modifications":[]}]},"modelFittingConstraints":{"enrichmentModel":[{}],"nShifts":0,"addBindingModesSequentially":true,"bindingModeInteractions":[],"flankLengths":[0],"singleModeLengthSweep":false,"bindingModes":[{"maxFlankLength":-1,"positionBiasBinWidth":1,"optimizeSizeHeuristic":false,"maxSize":-1,"optimizeFlankLength":false,"symmetryString":"null","roundSpecificActivity":true,"informationThreshold":0.1,"optimizeMotifShift":false,"fittingStages":[],"optimizeMotifShiftHeuristic":false,"experimentSpecificPositionBias":true,"minSize":-1,"experimentSpecificActivity":true,"optimizeSize":false}]}}
