{"modelSettings":{"letterOrder":"ACGTN","bindingModeInteractions":[],"bindingModes":[{"size":12,"fitLogActivity":true,"flankLength":0,"dinucleotideDistance":0,"componentName":"Binding mode 1","positionBias":false,"singleStrand":false,"modifications":[]}],"letterComplement":"C-G,A-T,N-N"},"coefficients":{"bindingModeInteractions":[],"bindingModes":[{"mononucleotide":[-0.6751538530782941,-0.6749093754351971,0,-0.7705474567739401,-0.4776164073803809,0,-1.4229353130929656,-0.5114342344172336,-2.631045606510819,-0.7378079757845362,-3.5092193100056037,-3.228638830985615,-3.5379035548092985,0,-1.2922523856931234,-3.9585086701481367,-3.3842075741580184,0,-2.075323325546901,-1.2220418186242257,0,-3.964781610056415,-3.0798206875090437,-3.255580680672337,-1.2878091344069402,-3.3076741103273988,0,-1.5677184543984932,-1.789863963640654,-1.0412132319508103,-1.2128793023114142,-1.8907357400303781,-0.023659500917988296,0,-0.5004963197247163,-0.8073471428966741,0,-1.4770288119665196,-0.10578968896541774,-0.4408454302225171,0,-0.6385771815426811,-1.3786825222554722,-1.974725913674925,-0.7346189850720873,0,-0.42135460537121894,-0.802256795631795,-0.30542320909732723,-0.3420379710727153,-0.3176196473642392,0,-0.3867665261320674,-0.24240396794387564,-0.22568792479464392,-0.10217996366144888,-0.01819707303004492,0,-0.36419555763804734,-0.11104613025500083],"activity":[[0]],"dinucleotide":[],"positionBias":[],"modifications":[]}]},"modelFittingConstraints":{"enrichmentModel":[{}],"nShifts":0,"addBindingModesSequentially":true,"bindingModeInteractions":[],"flankLengths":[0],"singleModeLengthSweep":false,"bindingModes":[{"maxFlankLength":-1,"positionBiasBinWidth":1,"optimizeSizeHeuristic":false,"maxSize":-1,"optimizeFlankLength":false,"symmetryString":"null","roundSpecificActivity":true,"informationThreshold":0.1,"optimizeMotifShift":false,"fittingStages":[],"optimizeMotifShiftHeuristic":false,"experimentSpecificPositionBias":true,"minSize":-1,"experimentSpecificActivity":true,"optimizeSize":false}]}}
