{"modelSettings":{"letterOrder":"ACGTN","bindingModeInteractions":[],"bindingModes":[{"size":12,"fitLogActivity":true,"flankLength":0,"dinucleotideDistance":0,"componentName":"Binding mode 1","positionBias":false,"singleStrand":false,"modifications":[]}],"letterComplement":"C-G,A-T,N-N"},"coefficients":{"bindingModeInteractions":[],"bindingModes":[{"mononucleotide":[-0.3562259487619617,-0.05943516729744314,0,-0.1339289928657763,-0.12861118546764636,-0.9501448012486797,-0.6759632104784812,0,-0.7247085510524149,-0.5192707653580851,0,-1.5998279995915663,-0.7057697971480614,-2.6477985025542,-0.8173131220396954,-3.0726586675524743,-2.6595478964498476,-3.133874743805384,0,-1.238023950950045,-3.1387902149520004,-2.8164458288947953,0,-2.2874805047757767,-1.2000843029200643,0,-3.7394025563802566,-2.656246103950445,-2.600076709810474,-1.2307896210825537,-2.806042161317314,0,-1.4777261953384837,-2.569470053815369,-1.0750111912992564,-1.8177378207073618,-2.641360845301394,-0.24178187692401476,0,-0.6837493012022293,-1.2238555184799207,0,-1.891284448842784,-0.15586471459359252,-0.5531040058603618,0,-0.9660017331905113,-0.6962016617922266,-2.2597729718539603,-0.7014560968338376,-0.28945745491810726,-0.31092425689213865,-0.2697252786346942,0,-0.20917030214344942,-0.7595943121900524,0,-0.7607427595614524,-0.7737622501330614,-0.5123059879507234],"activity":[[0]],"dinucleotide":[],"positionBias":[],"modifications":[]}]},"modelFittingConstraints":{"enrichmentModel":[{}],"nShifts":0,"addBindingModesSequentially":true,"bindingModeInteractions":[],"flankLengths":[0],"singleModeLengthSweep":false,"bindingModes":[{"maxFlankLength":-1,"positionBiasBinWidth":1,"optimizeSizeHeuristic":false,"maxSize":-1,"optimizeFlankLength":false,"symmetryString":"null","roundSpecificActivity":true,"informationThreshold":0.1,"optimizeMotifShift":false,"fittingStages":[],"optimizeMotifShiftHeuristic":false,"experimentSpecificPositionBias":true,"minSize":-1,"experimentSpecificActivity":true,"optimizeSize":false}]}}
