{"modelSettings":{"letterOrder":"ACGTN","bindingModeInteractions":[],"bindingModes":[{"size":12,"fitLogActivity":true,"flankLength":0,"dinucleotideDistance":0,"componentName":"Binding mode 1","positionBias":false,"singleStrand":false,"modifications":[]}],"letterComplement":"C-G,A-T,N-N"},"coefficients":{"bindingModeInteractions":[],"bindingModes":[{"mononucleotide":[-0.5688189563243231,-0.17453652863389557,-0.0014336603804068204,0,-0.16116476280480732,-0.08986995255450658,-0.5951407134846036,0,-0.7926182531195991,-0.3153297461631483,-0.7294211380881546,-1.8445263206257336,-1.0094001843375047,0,-0.6907871022806495,-2.99858893721167,-2.2633778343830793,-1.7958351338684406,0,-1.1087802503978714,-1.1603970211615202,-2.5623759825271533,0,-1.6202505944161372,-0.9236098629308007,-0.4353601336782216,0,-2.4309181644738596,-1.887346655660278,-0.7515918635659089,-0.6738447575835966,-1.3937789791565613,0,-3.9682634620592445,-0.8114876693711822,-2.007001994301229,-1.838075057707858,-2.1158283625770125,0,-1.0398379795257773,-0.9072692158256341,0,-1.6257955045845431,-2.4136254141297124,-0.861642584921087,0,-1.8380430727346937,-0.9608916377592402,-1.9062660248443364,-0.8613797491369446,-1.475945147122455,-0.27064054338455623,-0.8049620380153444,0,-0.4948874095495606,-0.6620149574658463,0,-0.35302795768601936,-0.5377947868095205,-0.3558170066205476],"activity":[[0]],"dinucleotide":[],"positionBias":[],"modifications":[]}]},"modelFittingConstraints":{"enrichmentModel":[{}],"nShifts":0,"addBindingModesSequentially":true,"bindingModeInteractions":[],"flankLengths":[0],"singleModeLengthSweep":false,"bindingModes":[{"maxFlankLength":-1,"positionBiasBinWidth":1,"optimizeSizeHeuristic":false,"maxSize":-1,"optimizeFlankLength":false,"symmetryString":"null","roundSpecificActivity":true,"informationThreshold":0.1,"optimizeMotifShift":false,"fittingStages":[],"optimizeMotifShiftHeuristic":false,"experimentSpecificPositionBias":true,"minSize":-1,"experimentSpecificActivity":true,"optimizeSize":false}]}}
