{"modelSettings":{"letterOrder":"ACGTN","bindingModeInteractions":[],"bindingModes":[{"size":12,"fitLogActivity":true,"flankLength":0,"dinucleotideDistance":0,"componentName":"Binding mode 2","positionBias":false,"singleStrand":false,"modifications":[]}],"letterComplement":"C-G,A-T,N-N"},"coefficients":{"bindingModeInteractions":[],"bindingModes":[{"mononucleotide":[-0.6957959928537303,-0.2741306382848663,0,-0.31314441309875285,-0.2910027739647498,0,-0.9865220143683202,-0.35739144421754254,-2.1967548936273107,-0.6053500535164437,-2.684182054984715,-1.9562289071196113,-2.8723622589259192,0,-1.150248184576262,-3.081786570039719,-2.511809336510282,0,-1.902472170690308,-1.1424091193656358,0,-2.069077899075381,-2.9886147125206617,-1.980795768557551,-1.1127476623898631,-2.921880920235621,-2.1317174626109616,0,-3.015262860156015,-1.1862158520851445,-0.5680572386884357,-0.42525289471763905,-2.584275758159861,0,-0.5552651070509574,0,-0.5633343263695956,-2.288448667672673,-2.691535990514605,-0.8332670439780719,0,-2.5591774360194175,-2.7654562100189284,-2.9021358198898466,-1.2079627903682484,-2.010550287941877,-0.5192029554762705,-1.1363904940988054,0,-0.6685106401908273,-0.14905440747719645,0,-0.5601964393080507,-0.7186239653292414,-0.31469649415170464,-0.3490963463636376,-0.15092280598945074,0,-0.3513091034134508,-0.20180857186310827],"activity":[[0]],"dinucleotide":[],"positionBias":[],"modifications":[]}]},"modelFittingConstraints":{"enrichmentModel":[{}],"nShifts":0,"addBindingModesSequentially":true,"bindingModeInteractions":[],"flankLengths":[0],"singleModeLengthSweep":false,"bindingModes":[{"maxFlankLength":-1,"positionBiasBinWidth":1,"optimizeSizeHeuristic":false,"maxSize":-1,"optimizeFlankLength":false,"symmetryString":"null","roundSpecificActivity":true,"informationThreshold":0.1,"optimizeMotifShift":false,"fittingStages":[],"optimizeMotifShiftHeuristic":false,"experimentSpecificPositionBias":true,"minSize":-1,"experimentSpecificActivity":true,"optimizeSize":false}]}}
