{"modelSettings":{"letterOrder":"ACGTN","bindingModeInteractions":[],"bindingModes":[{"size":12,"fitLogActivity":true,"flankLength":0,"dinucleotideDistance":0,"componentName":"Binding mode 1","positionBias":false,"singleStrand":false,"modifications":[]}],"letterComplement":"C-G,A-T,N-N"},"coefficients":{"bindingModeInteractions":[],"bindingModes":[{"mononucleotide":[-0.23305724155327212,-0.2056759809699571,0,-0.4179662296744624,-0.20316033093834135,-0.9525454073930248,0,-1.31195682384927,-0.00279629562677286,-0.4108829879180471,-0.06471911050617152,0,-0.12333462024722408,-0.7620262909973938,-0.19600932114790034,0,-2.3596795127154575,-2.8207984100835244,-2.666586269953587,-1.1845804752987381,-3.5843988533952054,-3.4429238345331825,-3.180755907336824,0,-1.2898224482421785,-1.9524334162710097,0,-2.6821941107807703,-1.6963984467177902,-1.0543438900819893,0,-0.6793253278805409,-0.9013586030963747,-1.4640227134831587,-0.6234902928323905,0,-2.003935298335877,-1.2146375816224921,-2.5676919655876187,-0.9752888241459398,-3.9900823223972797,-4.56536092011856,-3.7777469071573666,0,-1.3358118345356025,-2.772303943091263,0,-3.480000259649902,-1.9739082971920414,-1.1774622635905478,0,-2.49480643611475,-2.7417256486422836,-1.570550446601926,-1.082565134766541,-0.9009189866155918,-0.5918345796003912,-1.586454660114919,0,-0.6142632951797049],"activity":[[0]],"dinucleotide":[],"positionBias":[],"modifications":[]}]},"modelFittingConstraints":{"enrichmentModel":[{}],"nShifts":0,"addBindingModesSequentially":true,"bindingModeInteractions":[],"flankLengths":[0],"singleModeLengthSweep":false,"bindingModes":[{"maxFlankLength":-1,"positionBiasBinWidth":1,"optimizeSizeHeuristic":false,"maxSize":-1,"optimizeFlankLength":false,"symmetryString":"null","roundSpecificActivity":true,"informationThreshold":0.1,"optimizeMotifShift":false,"fittingStages":[],"optimizeMotifShiftHeuristic":false,"experimentSpecificPositionBias":true,"minSize":-1,"experimentSpecificActivity":true,"optimizeSize":false}]}}
