{"modelSettings":{"letterOrder":"ACGTN","bindingModeInteractions":[],"bindingModes":[{"size":12,"fitLogActivity":true,"flankLength":0,"dinucleotideDistance":0,"componentName":"Binding mode 1","positionBias":false,"singleStrand":false,"modifications":[]}],"letterComplement":"C-G,A-T,N-N"},"coefficients":{"bindingModeInteractions":[],"bindingModes":[{"mononucleotide":[-0.367069518194036,-0.9354996900889194,0,-0.434483443911299,-0.38098581251261165,-1.313100648751746,0,-1.515901866409509,-0.3144197936551709,-0.5893246084105704,-1.0850901325821383,0,-1.6858557225504445,-1.0582637591264188,-0.7602409605363244,0,-2.330430808430826,-0.6098158096158262,-3.11234655515406,-0.8644093872212192,-6.26226606164882,-3.5404852859462075,-5.177688206165628,0,-1.3503991687970807,0,-1.6419590240812223,-3.1877144509580564,-1.8030931648118695,-1.0500686812832263,0,-2.957749091711122,-3.080099610110789,-2.0036362158089283,-1.1770595408271338,0,-2.956433838775748,-3.111456495596393,-3.0174187425626933,-1.2504815691669677,-4.217780010758901,-4.88251813715239,-4.982168434909273,0,-1.3575432712962128,-3.630589888010233,0,-4.572878278233844,-2.3017487047881158,-1.257978184726623,0,-3.039500892595182,-3.5712871583802333,-2.168134812635879,-1.2120308630834362,-1.1565578837397705,-0.6955840385219823,-2.2774301270735986,0,-0.7361081524316174],"activity":[[0]],"dinucleotide":[],"positionBias":[],"modifications":[]}]},"modelFittingConstraints":{"enrichmentModel":[{}],"nShifts":0,"addBindingModesSequentially":true,"bindingModeInteractions":[],"flankLengths":[0],"singleModeLengthSweep":false,"bindingModes":[{"maxFlankLength":-1,"positionBiasBinWidth":1,"optimizeSizeHeuristic":false,"maxSize":-1,"optimizeFlankLength":false,"symmetryString":"null","roundSpecificActivity":true,"informationThreshold":0.1,"optimizeMotifShift":false,"fittingStages":[],"optimizeMotifShiftHeuristic":false,"experimentSpecificPositionBias":true,"minSize":-1,"experimentSpecificActivity":true,"optimizeSize":false}]}}
