{"modelSettings":{"letterOrder":"ACGTN","bindingModeInteractions":[],"bindingModes":[{"size":12,"fitLogActivity":true,"flankLength":0,"dinucleotideDistance":0,"componentName":"Binding mode 1","positionBias":false,"singleStrand":false,"modifications":[]}],"letterComplement":"C-G,A-T,N-N"},"coefficients":{"bindingModeInteractions":[],"bindingModes":[{"mononucleotide":[0,-0.5488038307378922,-0.19358096739108888,-0.40129807771190684,-0.2642605268149995,-0.9114332922505763,0,-0.22939599491866147,-0.4642474690154579,-0.3475844853354234,0,-0.057811136757006665,-0.35159287451512533,-0.34330506302326746,-0.17530132177328706,-1.0234437628424136,-0.20455769852141614,-1.544382717947661,0,-0.5159191681229378,-0.6279866097468645,-1.1698980245901112,0,-1.5046133738257073,-0.6605991915729456,-1.7107323484431447,-2.2120487429138795,-2.0287953158479004,0,-1.034438666978302,-2.0792241234739586,0,-2.071488168335265,-1.8928006662530121,-1.0486266857775162,0,-1.5162793693666927,-1.8087000923020842,-1.2329062668490156,-0.8705776244498299,0,-0.2646068558090118,-0.8463232411903387,-0.36918647559135565,-0.3258016639521819,-0.22430979262049444,-0.32068145658261127,-0.5792181260780831,0,-0.2597238303351197,-0.3980243291787726,0,-0.5802040764157992,-0.2683103625697223,-0.2889828440079222,0,-0.1740070271886216,-0.20362124313266605,-0.05062901454678581,-0.1035029198601352],"activity":[[0]],"dinucleotide":[],"positionBias":[],"modifications":[]}]},"modelFittingConstraints":{"enrichmentModel":[{}],"nShifts":0,"addBindingModesSequentially":true,"bindingModeInteractions":[],"flankLengths":[0],"singleModeLengthSweep":false,"bindingModes":[{"maxFlankLength":-1,"positionBiasBinWidth":1,"optimizeSizeHeuristic":false,"maxSize":-1,"optimizeFlankLength":false,"symmetryString":"null","roundSpecificActivity":true,"informationThreshold":0.1,"optimizeMotifShift":false,"fittingStages":[],"optimizeMotifShiftHeuristic":false,"experimentSpecificPositionBias":true,"minSize":-1,"experimentSpecificActivity":true,"optimizeSize":false}]}}
