{"modelSettings":{"letterOrder":"ACGTN","bindingModeInteractions":[],"bindingModes":[{"size":14,"fitLogActivity":true,"flankLength":0,"dinucleotideDistance":0,"componentName":"Binding mode 1","positionBias":false,"singleStrand":false,"modifications":[]}],"letterComplement":"C-G,A-T,N-N"},"coefficients":{"bindingModeInteractions":[],"bindingModes":[{"mononucleotide":[-0.25023726911610567,-0.18798811561049256,0,-0.579176422642826,-0.23332007864981483,-0.6083147495819183,0,-1.157627928998676,-0.3430491763559864,-0.4431275238234038,-0.21652073885900602,0,-1.007592043002079,-0.6728927651421843,-0.4002375366773925,0,-1.75418049370887,-1.8188168089431613,-2.1775055800137095,-1.015703397213131,-2.214854840589115,-2.257460635594804,-2.376765536164218,0,-1.1188387877741115,-0.17127450707494685,-0.06305529080081484,-1.5527350218431746,0,-0.28996799350310115,0,-1.0837732504489335,-1.6058045439253368,-0.6258014267512735,-0.656874469990381,0,-1.5307315731203577,-1.166211245973268,-1.351035778586188,-0.8058152909867189,-1.8292736502439082,-2.820661419582613,-2.0276101782813467,0,-1.0848969583116075,-1.7596677537327405,0,-3.2714575896508227,-1.55348389286058,-1.034537450088527,0,-2.066353687289656,-1.952388530143744,-1.0090396965073571,-0.8957835158970646,-0.733100699660711,-0.5782496792398044,-1.497752001484554,0,-0.5687511274647231,-0.08945008270056665,0,-0.3114452729091406,-0.10232083004635673,-0.11947029201221612,-0.2963521005119487,0,-0.3942163311872511,-0.09333220456219227,-0.18373516877563856],"activity":[[0]],"dinucleotide":[],"positionBias":[],"modifications":[]}]},"modelFittingConstraints":{"enrichmentModel":[{}],"nShifts":0,"addBindingModesSequentially":true,"bindingModeInteractions":[],"flankLengths":[0],"singleModeLengthSweep":false,"bindingModes":[{"maxFlankLength":-1,"positionBiasBinWidth":1,"optimizeSizeHeuristic":false,"maxSize":-1,"optimizeFlankLength":false,"symmetryString":"null","roundSpecificActivity":true,"informationThreshold":0.1,"optimizeMotifShift":false,"fittingStages":[],"optimizeMotifShiftHeuristic":false,"experimentSpecificPositionBias":true,"minSize":-1,"experimentSpecificActivity":true,"optimizeSize":false}]}}
