{"modelSettings":{"letterOrder":"ACGTN","bindingModeInteractions":[],"bindingModes":[{"size":12,"fitLogActivity":true,"flankLength":0,"dinucleotideDistance":0,"componentName":"Binding mode 1","positionBias":false,"singleStrand":false,"modifications":[]}],"letterComplement":"C-G,A-T,N-N"},"coefficients":{"bindingModeInteractions":[],"bindingModes":[{"mononucleotide":[-0.14367030572037365,-0.13033493754620196,-0.19242990223780687,0,-0.11402942960514223,-0.30380141007815276,-0.1402498019863252,-0.3633438950402006,0,-0.191615883421316,-0.4116409545627189,0,-0.20966968080253245,-0.11953810328485126,-0.17413187537915598,-6.18033062393053E-4,-2.243887146350226,0,-2.255883029167829,-0.5932074500753081,-0.6716479335248842,0,-1.657747522172507,-3.1934054970933294,-0.8309932073430798,0,-3.0395041046271785,-2.807315216222135,-3.0477583070287033,-1.241596212253909,-3.352015213643806,-3.360122886848295,-3.245920887428462,0,-1.2831265798826716,-1.0295498749439673,-2.4646694046925774,-2.2274427531768373,0,-0.9480340083805077,-2.5007957877780584,0,-2.7113742952850166,-2.488283604838838,-1.1780471914553805,-3.0069563916912374,0,-2.9721733067900162,-1.4495636611115277,-1.0971334866348545,-0.014807141062437523,-1.1695575475343247,-0.6594880773668805,0,-0.35207047864985097,-0.16972816396761203,-0.18440645143815448,-0.1407768868578163,0,-0.1209889441578825],"activity":[[0]],"dinucleotide":[],"positionBias":[],"modifications":[]}]},"modelFittingConstraints":{"enrichmentModel":[{}],"nShifts":0,"addBindingModesSequentially":true,"bindingModeInteractions":[],"flankLengths":[0],"singleModeLengthSweep":false,"bindingModes":[{"maxFlankLength":-1,"positionBiasBinWidth":1,"optimizeSizeHeuristic":false,"maxSize":-1,"optimizeFlankLength":false,"symmetryString":"null","roundSpecificActivity":true,"informationThreshold":0.1,"optimizeMotifShift":false,"fittingStages":[],"optimizeMotifShiftHeuristic":false,"experimentSpecificPositionBias":true,"minSize":-1,"experimentSpecificActivity":true,"optimizeSize":false}]}}
