{"modelSettings":{"letterOrder":"ACGTN","bindingModeInteractions":[],"bindingModes":[{"size":16,"fitLogActivity":true,"flankLength":0,"dinucleotideDistance":0,"componentName":"Binding mode 1","positionBias":false,"singleStrand":false,"modifications":[]}],"letterComplement":"C-G,A-T,N-N"},"coefficients":{"bindingModeInteractions":[],"bindingModes":[{"mononucleotide":[-1.647110018300145,-1.376248215129129,-1.2012169664025443,0,-0.8289910630910636,0,-1.2969904870055942,-0.002943797307324303,-1.0591093369974498,-0.42419761952302565,-2.1134926856662126,-3.0215474705527345,0,-1.4848714006274122,-1.0526314327188238,-1.5979110223781152,-2.363777374330196,0,-1.6958686417104438,-0.9943720319350596,-0.7822930591027255,-0.5094676775165912,-0.36315261959522793,0,-0.37336645168529237,-1.8755018158457553,0,-1.2618605035444457,-0.9436907537281147,-0.7843891724752153,0,-3.3534446339640045,-2.1955641162259543,-2.9707036521417844,-1.206036020756055,0,-2.8120502879473843,-1.3805174629459014,-1.5515754665057404,-0.9653208438246682,0,-3.781292823443941,-1.5509510572249905,-4.118991610289301,-1.162270942521045,-2.6958827922308597,-3.9618948412441224,0,-3.04473020286985,-1.2604382546317223,-3.011342915958819,-4.4835284551314665,0,-1.6694600950775023,-1.1640570191808584,-3.50387844644197,-2.448370456604133,-1.3142093070410645,0,-1.0604487450336237,-1.9675075904471697,0,-1.5215333780900195,-1.3207145271022522,-0.9007089212779745,0,-2.286421390184758,-1.1267894720552434,-2.3317888257287933,-0.96572825448453,-0.2555539437124068,0,-0.5862204563962887,-0.19544668980517876,-0.23781918286397166,-0.19570855093579986,0,-0.04832553784184235,-0.07757660945714306,-0.07784491816224853],"activity":[[0]],"dinucleotide":[],"positionBias":[],"modifications":[]}]},"modelFittingConstraints":{"enrichmentModel":[{}],"nShifts":0,"addBindingModesSequentially":true,"bindingModeInteractions":[],"flankLengths":[0],"singleModeLengthSweep":false,"bindingModes":[{"maxFlankLength":-1,"positionBiasBinWidth":1,"optimizeSizeHeuristic":false,"maxSize":-1,"optimizeFlankLength":false,"symmetryString":"null","roundSpecificActivity":true,"informationThreshold":0.1,"optimizeMotifShift":false,"fittingStages":[],"optimizeMotifShiftHeuristic":false,"experimentSpecificPositionBias":true,"minSize":-1,"experimentSpecificActivity":true,"optimizeSize":false}]}}
