{"modelSettings":{"letterOrder":"ACGTN","bindingModeInteractions":[],"bindingModes":[{"size":16,"fitLogActivity":true,"flankLength":0,"dinucleotideDistance":0,"componentName":"Binding mode 1","positionBias":false,"singleStrand":false,"modifications":[]}],"letterComplement":"C-G,A-T,N-N"},"coefficients":{"bindingModeInteractions":[],"bindingModes":[{"mononucleotide":[-1.7162772818543282,-1.4747850100989037,0,-1.0590824851624863,-0.8236342090782443,0,-1.0962041550461006,-0.3097985026080181,-2.612049249860039,-0.6249672763728612,-1.7755332830688477,0,-3.0983566134439293,-1.9067244823345018,-1.0765456018649138,-2.0839806601343636,0,-2.8334395950747044,-2.3470958982683783,-1.1403013429429374,-1.7638467194318057,0,-2.7998422132415968,-2.0408950854067722,-1.0772547228851783,-4.357848357169001,0,-4.8084812546912925,-4.616360966688877,-1.3559059308520005,-2.5988518972752015,0,-4.560677783740433,-4.099050256633687,-1.2897101805795708,-2.9484220952273663,0,-3.773712010788673,-0.8826037790497949,-0.9881269337181291,-0.8984989365084282,-2.288631074435294,0,-2.7535828865901184,-0.9337645049762704,-2.7699351357848805,0,-1.2411041859808094,-0.7314615206312229,-0.7803752459613306,-0.8173928911021839,-0.6576602715391342,0,-0.24076348926206315,-0.3762688874885312,-1.8706070361121103,-2.988789394567407,0,-2.5326235563928954,-1.13644750767703,0,-0.09311145861766512,-0.31367696274631207,-0.06737103828118762,-0.11185509619398351,-2.6310159241166957,-1.530729602069286,0,-1.172243725611942,-0.9175074987689068,0,-0.1193738515568814,-0.7696055258142032,-0.08233856108500426,-0.2010054761658621,-0.0862875573613362,0,-0.2313590018150613,-0.02739187396114673,-0.08235907408695983],"activity":[[0]],"dinucleotide":[],"positionBias":[],"modifications":[]}]},"modelFittingConstraints":{"enrichmentModel":[{}],"nShifts":0,"addBindingModesSequentially":true,"bindingModeInteractions":[],"flankLengths":[0],"singleModeLengthSweep":false,"bindingModes":[{"maxFlankLength":-1,"positionBiasBinWidth":1,"optimizeSizeHeuristic":false,"maxSize":-1,"optimizeFlankLength":false,"symmetryString":"null","roundSpecificActivity":true,"informationThreshold":0.1,"optimizeMotifShift":false,"fittingStages":[],"optimizeMotifShiftHeuristic":false,"experimentSpecificPositionBias":true,"minSize":-1,"experimentSpecificActivity":true,"optimizeSize":false}]}}
