{"modelSettings":{"letterOrder":"ACGTN","bindingModeInteractions":[],"bindingModes":[{"size":18,"fitLogActivity":true,"flankLength":0,"dinucleotideDistance":0,"componentName":"Binding mode 1","positionBias":false,"singleStrand":false,"modifications":[]}],"letterComplement":"C-G,A-T,N-N"},"coefficients":{"bindingModeInteractions":[],"bindingModes":[{"mononucleotide":[-0.2440658933946036,-0.21500651016762973,-0.0924639119289079,0,-0.13305884429364775,-0.23556752527094993,-0.6964646535674106,0,-0.17130048957939437,-0.24493084497361817,-0.6361587522071854,-1.2755549341795405,0,-0.6125927270220028,-0.5316485664323793,-0.7250975179086367,0,-1.3857711284885799,-1.3820013090619998,-0.7004317721750086,-0.11183957524161237,-0.695464779311493,0,-0.5263134275094163,-0.29309363942257927,-1.9801618385392317,-0.7009714473938207,-0.9558987643386505,0,-0.6838820000999093,-2.6534113631880327,-2.8241581855247215,-2.940187668900567,0,-1.2185578002538984,-2.7709851626263795,0,-3.2057750262225024,-1.61374439128514,-1.1221867413142808,-0.9505853009851606,0,-1.4330174746173299,-0.7335420211624637,-0.6418327243916335,0,-0.9044072267423964,-0.19238006918172879,-0.5376227037436969,-0.35171928715095424,-1.00348756462013,-1.3004718407706246,0,-0.6869791533033247,-0.6245098295657651,0,-1.2755650323341658,-0.25142961833816635,-0.17171133023332708,-0.3218651885416348,-0.6111978082319567,-1.0988595685667395,0,-0.5010499653781721,-0.47729192318024277,-1.7841674689340117,0,-0.1766914428270745,-1.0561474082332243,-0.5302767936733555,-2.3954150290312146,0,-2.61983969776902,-2.8205157640141696,-1.1845586595670798,-3.0039846546747775,-2.4376959102062408,-3.156442688862896,0,-1.2211800707908773,-3.038735230217892,0,-3.5127250306399187,-1.4400310828984715,-1.1127380559890274,-1.8915272717891032,0,-2.001144230370814,-1.1860967614312816,-0.9216596141982323],"activity":[[0]],"dinucleotide":[],"positionBias":[],"modifications":[]}]},"modelFittingConstraints":{"enrichmentModel":[{}],"nShifts":0,"addBindingModesSequentially":true,"bindingModeInteractions":[],"flankLengths":[0],"singleModeLengthSweep":false,"bindingModes":[{"maxFlankLength":-1,"positionBiasBinWidth":1,"optimizeSizeHeuristic":false,"maxSize":-1,"optimizeFlankLength":false,"symmetryString":"null","roundSpecificActivity":true,"informationThreshold":0.1,"optimizeMotifShift":false,"fittingStages":[],"optimizeMotifShiftHeuristic":false,"experimentSpecificPositionBias":true,"minSize":-1,"experimentSpecificActivity":true,"optimizeSize":false}]}}
