{"modelSettings":{"letterOrder":"ACGTN","bindingModeInteractions":[],"bindingModes":[{"size":12,"fitLogActivity":true,"flankLength":0,"dinucleotideDistance":0,"componentName":"Binding mode 1","positionBias":false,"singleStrand":false,"modifications":[]}],"letterComplement":"C-G,A-T,N-N"},"coefficients":{"bindingModeInteractions":[],"bindingModes":[{"mononucleotide":[-0.28574490217785353,-0.04528085468470522,0,-0.15227240992133417,-0.11486733350534593,-0.46880423622571143,-0.5798833973609625,0,-0.2178905676609979,-0.2910453318164121,0,-1.237104601032712,-0.6135584474147144,-1.723172403541838,-0.6880884413667697,-3.2606420823073687,-2.76366276939709,-3.588303351464198,0,-1.2649006770402407,-3.343144066365383,-3.464947863916848,0,-1.1860944224448922,-1.0700160129643839,0,-1.5371423007975515,-3.566186221017441,-2.3370591678115122,-1.0937222206846982,-1.8312626296491494,-2.532494787840747,0,-3.0043856334086794,-1.1322407757084698,-3.912534771777004,-3.628090940177511,-4.272266468062568,0,-1.327547500435868,-2.0946973412497343,0,-3.5496031261087033,-4.074675761354033,-1.2302814751410522,0,-4.257321169311474,-3.2062914993009812,-3.9396136031350206,-1.314790340839032,-2.1064587048354664,-0.4960994978400812,-1.332180486070735,0,-0.6959158491511958,-0.3872356929586829,0,-0.6220062366295167,-0.6202834036539571,-0.3733890873209426],"activity":[[0]],"dinucleotide":[],"positionBias":[],"modifications":[]}]},"modelFittingConstraints":{"enrichmentModel":[{}],"nShifts":0,"addBindingModesSequentially":true,"bindingModeInteractions":[],"flankLengths":[0],"singleModeLengthSweep":false,"bindingModes":[{"maxFlankLength":-1,"positionBiasBinWidth":1,"optimizeSizeHeuristic":false,"maxSize":-1,"optimizeFlankLength":false,"symmetryString":"null","roundSpecificActivity":true,"informationThreshold":0.1,"optimizeMotifShift":false,"fittingStages":[],"optimizeMotifShiftHeuristic":false,"experimentSpecificPositionBias":true,"minSize":-1,"experimentSpecificActivity":true,"optimizeSize":false}]}}
