{"modelSettings":{"letterOrder":"ACGTN","bindingModeInteractions":[],"bindingModes":[{"size":18,"fitLogActivity":true,"flankLength":0,"dinucleotideDistance":0,"componentName":"Binding mode 1","positionBias":false,"singleStrand":false,"modifications":[]}],"letterComplement":"C-G,A-T,N-N"},"coefficients":{"bindingModeInteractions":[],"bindingModes":[{"mononucleotide":[0,-0.5184778386955458,-0.8143364885776743,-0.05571773273259417,-0.29297425718579245,-0.12490162306203167,-0.695581238941493,-0.28691855431148205,0,-0.24464141067901143,-1.741949868724391,0,-1.7905343361974602,-0.6738744244794024,-0.7701473949438182,-2.224121717602668,0,-2.621418465995168,-1.4157982598174081,-1.0331098312642366,-2.883290764702699,0,-2.3121354217539993,-1.935771494501381,-1.1244588960620898,-2.202359818899784,-1.2963143836107536,0,-1.622965168973729,-0.9279883515742251,-2.4204055677907492,0,-0.2600343900859583,-0.5566177590709254,-0.497146719622132,-0.02118002568897559,-0.5415258336575643,0,-0.1533997768845765,-0.15703716441782334,-2.3191214787936953,-2.042494768584114,-2.895878910731297,0,-1.1368476890053323,-0.386703213665581,0,-0.3843098770426723,-0.46003457033137973,-0.29052782280112666,-0.480172460626898,-0.20178508109755455,0,-0.5697905445918572,-0.2871518315000761,0,-0.8903344556709998,-0.2368735262486661,-0.04498931665191552,-0.23711025645264772,0,-1.1858776086919898,-0.2439856507371756,-1.0670772556150627,-0.4971736710868847,-1.8878446189005276,0,-2.659203268960785,-2.1873626102880683,-1.0984017677241729,-1.3217576276761234,-2.2538262385345726,0,-2.658737155359442,-1.0204717255515872,0,-1.1344813897100945,-1.7214543626685206,-0.8320493626202605,-0.7259021420302583,0,-1.9021616033524618,-1.090115313512002,-1.1994587253367346,-0.8058788684299876,-0.40272743515668097,-0.6640370094002703,-0.32046064175704014,0,-0.3184581999509682],"activity":[[0]],"dinucleotide":[],"positionBias":[],"modifications":[]}]},"modelFittingConstraints":{"enrichmentModel":[{}],"nShifts":0,"addBindingModesSequentially":true,"bindingModeInteractions":[],"flankLengths":[0],"singleModeLengthSweep":false,"bindingModes":[{"maxFlankLength":-1,"positionBiasBinWidth":1,"optimizeSizeHeuristic":false,"maxSize":-1,"optimizeFlankLength":false,"symmetryString":"null","roundSpecificActivity":true,"informationThreshold":0.1,"optimizeMotifShift":false,"fittingStages":[],"optimizeMotifShiftHeuristic":false,"experimentSpecificPositionBias":true,"minSize":-1,"experimentSpecificActivity":true,"optimizeSize":false}]}}
