{"modelSettings":{"letterOrder":"ACGTN","bindingModeInteractions":[],"bindingModes":[{"size":12,"fitLogActivity":true,"flankLength":0,"dinucleotideDistance":0,"componentName":"Binding mode 1","positionBias":false,"singleStrand":false,"modifications":[]}],"letterComplement":"C-G,A-T,N-N"},"coefficients":{"bindingModeInteractions":[],"bindingModes":[{"mononucleotide":[-0.9651110506300198,-0.8529495275039398,0,-0.27796689469551694,-0.44456245656329463,-0.3936223481103518,-0.7149254235249227,0,-0.14345648250753573,-0.27766709949153917,-2.4085085803947752,0,-2.1151113037666702,-1.8090002969194987,-1.068286522620964,0,-2.207870012050045,-0.6919046591452878,-1.6620129573575582,-0.7983339175198384,-2.4574397464434536,0,-2.192947817111163,-1.4909919761400305,-1.0339554593256934,-2.2281871128615895,-2.4021246871303186,0,-2.457989617073663,-1.1364264400460733,-2.5026719218081235,-1.6412512029549455,-2.3266972122438156,0,-1.0691352291709155,-2.4710066173908922,-2.804701138323214,0,-2.280580525270092,-1.1653536665843887,-0.8910526169636599,0,-0.5347764807725817,-0.016952062592181072,-0.2946346036449535,-0.9923153022101603,0,-0.6964028668001232,-0.8349355511299201,-0.5520840751536535,-0.24688822947520617,0,-0.06873370327009631,-0.3411060770726877,-0.15496320860412197,-0.04099331429489128,-0.1360847739366413,0,-0.1184199937727568,-0.07232151081897593],"activity":[[0]],"dinucleotide":[],"positionBias":[],"modifications":[]}]},"modelFittingConstraints":{"enrichmentModel":[{}],"nShifts":0,"addBindingModesSequentially":true,"bindingModeInteractions":[],"flankLengths":[0],"singleModeLengthSweep":false,"bindingModes":[{"maxFlankLength":-1,"positionBiasBinWidth":1,"optimizeSizeHeuristic":false,"maxSize":-1,"optimizeFlankLength":false,"symmetryString":"null","roundSpecificActivity":true,"informationThreshold":0.1,"optimizeMotifShift":false,"fittingStages":[],"optimizeMotifShiftHeuristic":false,"experimentSpecificPositionBias":true,"minSize":-1,"experimentSpecificActivity":true,"optimizeSize":false}]}}
