{"modelSettings":{"letterOrder":"ACGTN","bindingModeInteractions":[],"bindingModes":[{"size":16,"fitLogActivity":true,"flankLength":0,"dinucleotideDistance":0,"componentName":"Binding mode 1","positionBias":false,"singleStrand":false,"modifications":[]}],"letterComplement":"C-G,A-T,N-N"},"coefficients":{"bindingModeInteractions":[],"bindingModes":[{"mononucleotide":[0,-0.15067360278392616,-0.14687915172865562,-0.03068873060140742,-0.0797728848020956,-0.22822747758887996,-0.7515072459849073,0,-0.010316603628009346,-0.20538506870933382,-0.7758843780582128,0,-1.3897558364491287,-2.0178094575124614,-0.7752366773642603,0,-0.47258197652697653,-0.20016238052271085,-0.2829976292184355,-0.22454766134609203,-1.9823011416385912,0,-1.9554074634660443,-1.396752469887816,-0.9632134670160006,0,-0.2658532157826814,-0.6906983248951564,-0.7613915780261653,-0.38023837580776876,-0.3933560545871684,-1.1403704948552855,0,-1.9652478619943365,-0.6280103318846999,-2.1520566597818473,0,-2.0391048013157986,-0.7854479952147351,-0.8543109062260307,-0.5318380227702155,-2.5315065735591666,0,-1.89802497729116,-0.7891474706857926,-2.8222861619708306,-3.203163999713603,0,-1.572287737373557,-1.1180451092543489,-3.0342314282166094,-3.0383116706493483,0,-2.897899198239065,-1.2455187769127358,-1.1228129137166336,-1.8523520513245946,0,-1.1261837999303976,-0.7949034052940807,-1.7559668014635967,-1.3646783392192097,0,-1.1676904629078209,-0.8328187772236848,-1.6104172114416846,-2.085257972160206,0,-1.1105869218203983,-0.8834334405146711,-0.5060197234861112,-0.5385608145477194,-1.010507227859054,0,-0.450000118728374,-0.2957441713820259,0,-1.1939275681822004,-1.1304689030937514,-0.5234515324944501],"activity":[[0]],"dinucleotide":[],"positionBias":[],"modifications":[]}]},"modelFittingConstraints":{"enrichmentModel":[{}],"nShifts":0,"addBindingModesSequentially":true,"bindingModeInteractions":[],"flankLengths":[0],"singleModeLengthSweep":false,"bindingModes":[{"maxFlankLength":-1,"positionBiasBinWidth":1,"optimizeSizeHeuristic":false,"maxSize":-1,"optimizeFlankLength":false,"symmetryString":"null","roundSpecificActivity":true,"informationThreshold":0.1,"optimizeMotifShift":false,"fittingStages":[],"optimizeMotifShiftHeuristic":false,"experimentSpecificPositionBias":true,"minSize":-1,"experimentSpecificActivity":true,"optimizeSize":false}]}}
