{"modelSettings":{"letterOrder":"ACGTN","bindingModeInteractions":[],"bindingModes":[{"size":18,"fitLogActivity":true,"flankLength":0,"dinucleotideDistance":0,"componentName":"Binding mode 1","positionBias":false,"singleStrand":false,"modifications":[]}],"letterComplement":"C-G,A-T,N-N"},"coefficients":{"bindingModeInteractions":[],"bindingModes":[{"mononucleotide":[-0.6200863862576362,0,-0.5323210545418027,-1.127197864518438,-0.4905827146976152,-0.48036815472479777,-0.051263084385293034,0,-0.5980636946790394,-0.24895518053026103,-0.47052990438877274,-1.6262649591538754,0,-1.3431084854707462,-0.6527891812343779,-1.9068419829449157,0,-1.6638252842277383,-0.3746424782324578,-0.6804793357978498,0,-1.3173738954740255,-0.35765952541442303,-1.1390076323792009,-0.5589286446536734,-0.43976124676354367,-1.1620748360414428,-1.1218037365619438,0,-0.5609273343980284,-2.4551901717219984,-2.418998587373399,0,-2.711177237688398,-1.1701221728272584,-1.3212200021378928,-0.665294558225141,-1.7844952871203708,0,-0.7190736695072295,-0.8818094357529755,0,-1.3539329588856504,-0.518271196349783,-0.5674819599082916,-0.7054310568770719,0,-0.41792898011306434,-0.36701190030208686,-0.34069402934967064,-0.08897165682634345,-0.15608727441254278,0,-0.2736441183681322,-0.1247249292015885,-0.47460448267630895,-1.2275103779619663,0,-0.9120385303349527,-0.5460829407402461,0,-1.8215987713016553,-0.6081068838283539,-1.3459409695025952,-0.7100685179312175,-2.864315583070878,0,-2.505348171030377,-2.487203203768595,-1.1859597806978486,0,-1.243818157942151,-1.3356034307767013,-0.412055847945922,-0.5916886121545786,-1.29427862063703,-0.752508993003401,-1.4401062583464936,0,-0.702096618453901,-2.689217719229447,-2.3310281256159824,0,-2.4536878211864366,-1.1622665883602739,-1.2782398699060442,-0.6533214237146137,-1.4693477129533399,0,-0.6787920390754117],"activity":[[0]],"dinucleotide":[],"positionBias":[],"modifications":[]}]},"modelFittingConstraints":{"enrichmentModel":[{}],"nShifts":0,"addBindingModesSequentially":true,"bindingModeInteractions":[],"flankLengths":[0],"singleModeLengthSweep":false,"bindingModes":[{"maxFlankLength":-1,"positionBiasBinWidth":1,"optimizeSizeHeuristic":false,"maxSize":-1,"optimizeFlankLength":false,"symmetryString":"null","roundSpecificActivity":true,"informationThreshold":0.1,"optimizeMotifShift":false,"fittingStages":[],"optimizeMotifShiftHeuristic":false,"experimentSpecificPositionBias":true,"minSize":-1,"experimentSpecificActivity":true,"optimizeSize":false}]}}
