{"modelSettings":{"letterOrder":"ACGTN","bindingModeInteractions":[],"bindingModes":[{"size":12,"fitLogActivity":true,"flankLength":0,"dinucleotideDistance":0,"componentName":"Binding mode 1","positionBias":false,"singleStrand":false,"modifications":[]}],"letterComplement":"C-G,A-T,N-N"},"coefficients":{"bindingModeInteractions":[],"bindingModes":[{"mononucleotide":[-0.3178980953214125,0,-0.13393395440504063,-0.31662510206553435,-0.183043230038364,-0.4138465739528025,-0.0114815543779061,0,-0.5269082297390342,-0.21068581647005552,-0.5775593393755534,-0.08351131177726767,-0.6296576926797671,0,-0.2830523459138396,-0.027834753816223134,0,-0.6437882415756172,-0.28856582401473574,-0.20850582177243104,0,-1.2042201876748582,-1.290971774576947,-2.1763442731891898,-0.8625220632356277,-2.1815270610033464,-1.2588634685915998,-2.440518722393438,0,-0.9915793060408393,-1.3160536219596872,-0.5590145622183262,-2.037634341312428,0,-0.7081082855362856,0,-1.321248750447369,-0.4335822884530595,-1.0814721800315414,-0.5735520876713145,0,-0.3216398531762074,-0.5598922809793927,-0.2041704392080368,-0.251172329184643,-0.1887214913532851,0,-0.12447802296856358,-0.11330545573575113,-0.10429091171308542,-0.32913349277684606,-0.00668058936027105,0,-0.07675102297283742,-0.09458295835140372,-0.3577774737059458,-0.04338219605030913,0,-0.14891351716670542,-0.1282830084941949],"activity":[[0]],"dinucleotide":[],"positionBias":[],"modifications":[]}]},"modelFittingConstraints":{"enrichmentModel":[{}],"nShifts":0,"addBindingModesSequentially":true,"bindingModeInteractions":[],"flankLengths":[0],"singleModeLengthSweep":false,"bindingModes":[{"maxFlankLength":-1,"positionBiasBinWidth":1,"optimizeSizeHeuristic":false,"maxSize":-1,"optimizeFlankLength":false,"symmetryString":"null","roundSpecificActivity":true,"informationThreshold":0.1,"optimizeMotifShift":false,"fittingStages":[],"optimizeMotifShiftHeuristic":false,"experimentSpecificPositionBias":true,"minSize":-1,"experimentSpecificActivity":true,"optimizeSize":false}]}}
