{"modelSettings":{"letterOrder":"ACGTN","bindingModeInteractions":[],"bindingModes":[{"size":12,"fitLogActivity":true,"flankLength":0,"dinucleotideDistance":0,"componentName":"Binding mode 1","positionBias":false,"singleStrand":false,"modifications":[]}],"letterComplement":"C-G,A-T,N-N"},"coefficients":{"bindingModeInteractions":[],"bindingModes":[{"mononucleotide":[-0.4873195757290887,0,-0.16538372897416576,-0.6443455309859845,-0.29207667104909896,0,-2.7874769608371976,-2.5865511261956025,-2.6187616883215403,-1.1958817334756238,0,-0.5722139589717221,-2.392957529719009,-1.1770829094869044,-0.7114077610418484,-2.238318395436986,-2.2650559462281965,-1.6166475618149256,0,-1.043396273532878,-2.760809909767419,-2.6153358416594337,0,-2.1994747178187515,-1.1653571418894089,-0.6213874089407927,-0.35252602188233784,0,-0.0751563475516912,-0.23328627402769575,-0.527279200581452,-1.4413376942732339,-1.8705033212578313,0,-0.702760355595697,0,-3.0479661996251197,-2.4048844525769235,-2.9917470263144157,-1.2140812840374362,-2.200344288072934,-2.984992239961925,-0.4682626905349876,0,-0.8055356977264052,-2.407083907294057,-2.5278492420643683,-2.5058713649408224,0,-1.1619414787762532,-1.0193613054904391,-0.3129575947481271,0,-0.8293852155611914,-0.4586982996427268,0,-0.8143069831537009,-0.5601424696631652,-0.16823958633382396,-0.3357436808252347],"activity":[[0]],"dinucleotide":[],"positionBias":[],"modifications":[]}]},"modelFittingConstraints":{"enrichmentModel":[{}],"nShifts":0,"addBindingModesSequentially":true,"bindingModeInteractions":[],"flankLengths":[0],"singleModeLengthSweep":false,"bindingModes":[{"maxFlankLength":-1,"positionBiasBinWidth":1,"optimizeSizeHeuristic":false,"maxSize":-1,"optimizeFlankLength":false,"symmetryString":"null","roundSpecificActivity":true,"informationThreshold":0.1,"optimizeMotifShift":false,"fittingStages":[],"optimizeMotifShiftHeuristic":false,"experimentSpecificPositionBias":true,"minSize":-1,"experimentSpecificActivity":true,"optimizeSize":false}]}}
