{"modelSettings":{"letterOrder":"ACGTN","bindingModeInteractions":[],"bindingModes":[{"size":12,"fitLogActivity":true,"flankLength":0,"dinucleotideDistance":0,"componentName":"Binding mode 1","positionBias":false,"singleStrand":false,"modifications":[]}],"letterComplement":"C-G,A-T,N-N"},"coefficients":{"bindingModeInteractions":[],"bindingModes":[{"mononucleotide":[-0.13835768582106045,-0.11951911620612776,-0.0723393608029319,0,-0.08111532660553963,-0.3818811062036751,0,-0.1556771363451812,-0.03328348508161483,-0.1319109970012887,-0.38909127020327894,0,-0.47055755036064095,-0.08183686770438214,-0.2157495261088674,0,-0.6562455035957813,-0.6935023690427613,-1.0003218399472613,-0.5165172078203754,0,-2.267595596649045,-1.669040458223813,-3.1167870982196013,-1.0963987885840376,-3.3188246997178377,-2.235183590696559,-2.6067422093323596,0,-1.1899529347457742,-3.754086583260396,-1.1896387209393506,-1.8080685311533307,0,-0.986362156289748,0,-2.543325273472327,-1.4652600272005942,-2.051263906533136,-1.0229056497991242,-0.005615161983118178,-0.4403566606437419,0,-0.552544893750353,-0.21887432298257778,-0.39939603579931404,0,-0.13062732560676604,-0.24700217611125197,-0.18349962147084606,-0.24318312510854767,-0.03664355520675944,0,-0.05020803596081702,-0.07818341576117156,-0.1769077251331268,0,-0.1461363465640666,-6.152862482542432E-4,-0.07761514650041682],"activity":[[0]],"dinucleotide":[],"positionBias":[],"modifications":[]}]},"modelFittingConstraints":{"enrichmentModel":[{}],"nShifts":0,"addBindingModesSequentially":true,"bindingModeInteractions":[],"flankLengths":[0],"singleModeLengthSweep":false,"bindingModes":[{"maxFlankLength":-1,"positionBiasBinWidth":1,"optimizeSizeHeuristic":false,"maxSize":-1,"optimizeFlankLength":false,"symmetryString":"null","roundSpecificActivity":true,"informationThreshold":0.1,"optimizeMotifShift":false,"fittingStages":[],"optimizeMotifShiftHeuristic":false,"experimentSpecificPositionBias":true,"minSize":-1,"experimentSpecificActivity":true,"optimizeSize":false}]}}
