{"modelSettings":{"letterOrder":"ACGTN","bindingModeInteractions":[],"bindingModes":[{"size":12,"fitLogActivity":true,"flankLength":0,"dinucleotideDistance":0,"componentName":"Binding mode 1","positionBias":false,"singleStrand":false,"modifications":[]}],"letterComplement":"C-G,A-T,N-N"},"coefficients":{"bindingModeInteractions":[],"bindingModes":[{"mononucleotide":[-0.18956473699254772,-0.5982100931029524,0,-0.8582778399998641,-0.35631591643335925,-0.7514481225047089,0,-0.4098419138666167,-0.20978003788510424,-0.30577790592554216,-0.049884233237185605,-1.1541156254780156,0,-1.3850647874291808,-0.4632332309588607,0,-1.9327371059425715,-1.2982964261708214,-1.4527591843797931,-0.8845063256308001,-1.4581731321570142,0,-1.6488606930276544,-1.5455757403233439,-0.8927458148778108,0,-2.1303758193840867,-1.654717417103218,-1.9674903346565409,-1.0149059997792913,-2.0331474667897456,-2.1807656720432416,0,-2.0312901503610354,-1.0678086336560892,-1.935030853294863,-2.1760714271052777,0,-1.9478438021756257,-1.049473983302523,-2.1128709646749475,-2.039748277476253,-1.8913169559880787,0,-1.048519525605136,-1.8453967130715547,-1.9075313442416721,0,-2.099246957511693,-1.0293490510108658,-1.1643353062770827,-0.20140139970977078,-0.8087498250289378,0,-0.44039480260703856,0,-0.7998036308997123,-0.8291442777301312,-0.7573103984886971,-0.5298531092555069],"activity":[[0]],"dinucleotide":[],"positionBias":[],"modifications":[]}]},"modelFittingConstraints":{"enrichmentModel":[{}],"nShifts":0,"addBindingModesSequentially":true,"bindingModeInteractions":[],"flankLengths":[0],"singleModeLengthSweep":false,"bindingModes":[{"maxFlankLength":-1,"positionBiasBinWidth":1,"optimizeSizeHeuristic":false,"maxSize":-1,"optimizeFlankLength":false,"symmetryString":"null","roundSpecificActivity":true,"informationThreshold":0.1,"optimizeMotifShift":false,"fittingStages":[],"optimizeMotifShiftHeuristic":false,"experimentSpecificPositionBias":true,"minSize":-1,"experimentSpecificActivity":true,"optimizeSize":false}]}}
