{"modelSettings":{"letterOrder":"ACGTN","bindingModeInteractions":[],"bindingModes":[{"size":12,"fitLogActivity":true,"flankLength":0,"dinucleotideDistance":0,"componentName":"Binding mode 1","positionBias":false,"singleStrand":false,"modifications":[]}],"letterComplement":"C-G,A-T,N-N"},"coefficients":{"bindingModeInteractions":[],"bindingModes":[{"mononucleotide":[-0.37954958345569434,-0.12287001692400956,0,-0.7894478595403704,-0.2801625613133901,-0.8593661851178593,0,-0.5924187680190371,-0.2749441625076834,-0.3797852903002107,-2.315170361042607,-2.112117322024743,-2.6928778863652405,0,-1.133656658754091,0,-2.1902038046589083,-1.4725157577811658,-2.9522634216323973,-1.0545022806255238,0,-3.3557271940635944,-2.6733516080117146,-4.03291875909371,-1.2715140267273384,-1.9802035653108683,-2.1938786448370577,-1.8367069966585228,0,-1.0435092976913833,-0.7193439366631766,-0.7726726542828457,-0.2548566400481409,0,-0.3842382948541095,-0.563577908545204,-1.975918240662979,0,-1.7990273894351128,-0.7586127050088748,-0.4658132025868911,-0.012319483570127687,0,-0.5831635699151709,-0.23145597582982563,-0.572897320774775,0,-0.2942778278713476,-0.07773451654711838,-0.21252241055245197,-0.39069866839555534,0,-0.06600224754064143,-0.16248587961698213,-0.14423393112094784,-0.1406999187787168,0,-0.11906835322624332,-0.014875849141700037,-0.06674593270956827],"activity":[[0]],"dinucleotide":[],"positionBias":[],"modifications":[]}]},"modelFittingConstraints":{"enrichmentModel":[{}],"nShifts":0,"addBindingModesSequentially":true,"bindingModeInteractions":[],"flankLengths":[0],"singleModeLengthSweep":false,"bindingModes":[{"maxFlankLength":-1,"positionBiasBinWidth":1,"optimizeSizeHeuristic":false,"maxSize":-1,"optimizeFlankLength":false,"symmetryString":"null","roundSpecificActivity":true,"informationThreshold":0.1,"optimizeMotifShift":false,"fittingStages":[],"optimizeMotifShiftHeuristic":false,"experimentSpecificPositionBias":true,"minSize":-1,"experimentSpecificActivity":true,"optimizeSize":false}]}}
