{"modelSettings":{"letterOrder":"ACGTN","bindingModeInteractions":[],"bindingModes":[{"size":12,"fitLogActivity":true,"flankLength":0,"dinucleotideDistance":0,"componentName":"Binding mode 1","positionBias":false,"singleStrand":false,"modifications":[]}],"letterComplement":"C-G,A-T,N-N"},"coefficients":{"bindingModeInteractions":[],"bindingModes":[{"mononucleotide":[0,-0.08320211102251651,-0.08523867295487175,-0.24507305690500658,-0.09951496815891317,-0.08770359127523086,0,-0.15215505610440605,-0.3589996681975576,-0.14120013980582521,-0.27969996395011254,-0.09066742655423798,0,-0.4498244513824394,-0.19023114299796143,-0.4369327358763262,0,-0.46369874697881563,-0.21273071423663747,-0.26028039287524773,-1.9638836723209514,-1.377880607676617,-2.122460841653233,0,-0.9727543702514954,0,-2.061347831379532,-1.4454832164260647,-2.8967507013923797,-1.0369645777553411,0,-2.3968275058273756,-1.8557552033272557,-3.143367670531386,-1.131281415477855,-2.7643386913032693,-1.595146346893531,-1.954041520882603,0,-1.0444104911629952,-1.0723556756274484,-0.7849463926764635,-0.8690263342300701,0,-0.5898213610658196,-0.060915947992014274,-0.41229311365422117,0,-0.3362298245273627,-0.18708547339733012,-0.12523616627196033,-0.20446806783121252,0,-0.539687391348088,-0.1983595608912831,-0.060282405595511346,-0.04400262368024066,0,-0.18390826533402382,-0.06976222549516034],"activity":[[0]],"dinucleotide":[],"positionBias":[],"modifications":[]}]},"modelFittingConstraints":{"enrichmentModel":[{}],"nShifts":0,"addBindingModesSequentially":true,"bindingModeInteractions":[],"flankLengths":[0],"singleModeLengthSweep":false,"bindingModes":[{"maxFlankLength":-1,"positionBiasBinWidth":1,"optimizeSizeHeuristic":false,"maxSize":-1,"optimizeFlankLength":false,"symmetryString":"null","roundSpecificActivity":true,"informationThreshold":0.1,"optimizeMotifShift":false,"fittingStages":[],"optimizeMotifShiftHeuristic":false,"experimentSpecificPositionBias":true,"minSize":-1,"experimentSpecificActivity":true,"optimizeSize":false}]}}
