{"modelSettings":{"letterOrder":"ACGTN","bindingModeInteractions":[],"bindingModes":[{"size":14,"fitLogActivity":true,"flankLength":0,"dinucleotideDistance":0,"componentName":"Binding mode 1","positionBias":false,"singleStrand":false,"modifications":[]}],"letterComplement":"C-G,A-T,N-N"},"coefficients":{"bindingModeInteractions":[],"bindingModes":[{"mononucleotide":[-0.1158722925547302,-0.9038768202881293,-0.8306132619201945,0,-0.38149199074530943,-0.8540144923115118,-0.9077165163483523,-1.4274378324033599,0,-0.6591952233107513,0,-1.758020120437025,-0.7074808429836192,-1.1013462625056416,-0.6943011609203709,0,-1.6421893907806098,-0.01954323562507909,-1.71161646160966,-0.5298487675462062,-2.007850291698044,-2.139735084656399,0,-1.8003108791237432,-1.0376038264009122,-2.280285014429624,-2.1121044927303965,0,-2.0871928273403704,-1.0882118239005916,-2.2210224537924734,-2.212916187989843,0,-2.659964521878316,-1.1333357079802449,-0.4860275924232038,-1.9531231102138686,-1.887367467589253,0,-0.740047350823428,-0.6462720162201352,-1.5998065080702322,0,-0.09991885061712935,-0.41899040561697204,-1.1160908791649709,-1.75037442141024,0,-1.3410735750576706,-0.8193731188962812,0,-0.7644388872487875,-0.007748556359780778,-0.24206477764235945,-0.20983197587989644,-0.3784417172910066,-1.3042799191338026,-1.3811678700587873,0,-0.5943971627130831,-0.31976542842306666,-0.3651495147170545,-0.6036459422176477,0,-0.29866664901744444,-0.28350306934759306,-0.28864521116495645,-0.29151886188346454,0,-0.20777884360253313],"activity":[[0]],"dinucleotide":[],"positionBias":[],"modifications":[]}]},"modelFittingConstraints":{"enrichmentModel":[{}],"nShifts":0,"addBindingModesSequentially":true,"bindingModeInteractions":[],"flankLengths":[0],"singleModeLengthSweep":false,"bindingModes":[{"maxFlankLength":-1,"positionBiasBinWidth":1,"optimizeSizeHeuristic":false,"maxSize":-1,"optimizeFlankLength":false,"symmetryString":"null","roundSpecificActivity":true,"informationThreshold":0.1,"optimizeMotifShift":false,"fittingStages":[],"optimizeMotifShiftHeuristic":false,"experimentSpecificPositionBias":true,"minSize":-1,"experimentSpecificActivity":true,"optimizeSize":false}]}}
