{"modelSettings":{"letterOrder":"ACGTN","bindingModeInteractions":[],"bindingModes":[{"size":18,"fitLogActivity":true,"flankLength":0,"dinucleotideDistance":0,"componentName":"Binding mode 1","positionBias":false,"singleStrand":false,"modifications":[]}],"letterComplement":"C-G,A-T,N-N"},"coefficients":{"bindingModeInteractions":[],"bindingModes":[{"mononucleotide":[-0.12844569696510444,0,-0.3472887987210296,-0.2570816603734105,-0.1745416147981367,0,-0.9322277160555981,-0.4775088367987834,-0.18204131668521306,-0.33982855933928274,0,-1.9463316175799052,-1.878701294019776,-1.0600586988898897,-0.8903666679000349,0,-2.462529446654469,-1.9189254957862012,-0.7497173790788016,-0.8530320705597808,-2.490580663459,0,-1.6238401584854758,-2.281737489396323,-1.062684002764935,-1.6594699042738172,0,-1.8416289642125347,-0.2728627777902064,-0.6396083277982975,-0.2819311222971903,-1.9842007807760655,0,-1.6668987369805048,-0.6536150400896495,-1.8456039677354044,-1.2784621944378136,0,-2.428081233450773,-0.9645616108157822,-0.6357933937732545,-0.8803337826175364,-1.8631565752539831,0,-0.6446705380361024,-0.6535216881938508,-1.0530293774615975,-1.193362881823548,0,-0.6105125841193919,-0.17103277298891228,-0.1494821792159131,-0.7345133707403377,0,-0.22825452963863743,0,-0.6746456974135047,-0.11048708943591024,-0.062021290440728905,-0.17894796933612397,0,-0.9431186569636125,-0.7945613022590816,-0.5949752290187904,-0.5138438767674227,0,-1.549755759659086,-0.7798818434785515,-0.574501273028762,-0.5826145556183774,-2.1233663857547693,0,-1.2286092512055822,-1.632475041693703,-0.9114444683552108,-1.3122467047781319,0,-1.6255744390831488,-0.42782868087045856,-0.6358522291716475,-0.35124170273884037,-1.5736703529598053,0,-1.2014691135989954,-0.5924657017617917,-1.3111322827142278,-1.1156738382459288,0,-1.8737265324156551,-0.8262446719069435],"activity":[[0]],"dinucleotide":[],"positionBias":[],"modifications":[]}]},"modelFittingConstraints":{"enrichmentModel":[{}],"nShifts":0,"addBindingModesSequentially":true,"bindingModeInteractions":[],"flankLengths":[0],"singleModeLengthSweep":false,"bindingModes":[{"maxFlankLength":-1,"positionBiasBinWidth":1,"optimizeSizeHeuristic":false,"maxSize":-1,"optimizeFlankLength":false,"symmetryString":"null","roundSpecificActivity":true,"informationThreshold":0.1,"optimizeMotifShift":false,"fittingStages":[],"optimizeMotifShiftHeuristic":false,"experimentSpecificPositionBias":true,"minSize":-1,"experimentSpecificActivity":true,"optimizeSize":false}]}}
