{"modelSettings":{"letterOrder":"ACGTN","bindingModeInteractions":[],"bindingModes":[{"size":12,"fitLogActivity":true,"flankLength":0,"dinucleotideDistance":0,"componentName":"Binding mode 1","positionBias":false,"singleStrand":false,"modifications":[]}],"letterComplement":"C-G,A-T,N-N"},"coefficients":{"bindingModeInteractions":[],"bindingModes":[{"mononucleotide":[-0.21671389128752772,0,-0.2300505452821886,-0.16734501832189874,-0.149207494418162,0,-0.13242849798296152,-0.056461428982262696,-0.08491924495607783,-0.06730100944590779,-1.939361937813958,-0.6840626716670126,-0.2691594497921219,0,-0.5056805311872217,-3.3621593294770826,-3.5612072869279587,-2.9571724130603427,0,-1.2774126080418173,-3.3280790656266284,-3.3281178323222047,-2.7901249957357255,0,-1.2613053496571043,-3.3549047954361857,-2.618808045068607,-2.9563718718589875,0,-1.238038463903837,-2.861700292933216,-3.631005811134367,-3.5852363009368537,0,-1.2806818772371384,-3.4824106664049137,-1.2349355506144812,-2.5962860692175234,0,-1.0525854538394523,0,-0.7373650061808306,-0.3089304997470599,-1.015745768935127,-0.44054703603202927,-0.7644105252662241,-0.1132549153632958,-0.550807385442492,0,-0.3095816256593093,-0.34946343991874773,-0.5253005429116246,0,-0.6176589592982262,-0.34402346791375116,-0.14530242682103367,0,-0.2050874864793144,-0.1577496221018917,-0.1240336763572714],"activity":[[0]],"dinucleotide":[],"positionBias":[],"modifications":[]}]},"modelFittingConstraints":{"enrichmentModel":[{}],"nShifts":0,"addBindingModesSequentially":true,"bindingModeInteractions":[],"flankLengths":[0],"singleModeLengthSweep":false,"bindingModes":[{"maxFlankLength":-1,"positionBiasBinWidth":1,"optimizeSizeHeuristic":false,"maxSize":-1,"optimizeFlankLength":false,"symmetryString":"null","roundSpecificActivity":true,"informationThreshold":0.1,"optimizeMotifShift":false,"fittingStages":[],"optimizeMotifShiftHeuristic":false,"experimentSpecificPositionBias":true,"minSize":-1,"experimentSpecificActivity":true,"optimizeSize":false}]}}
