{"modelSettings":{"letterOrder":"ACGTN","bindingModeInteractions":[],"bindingModes":[{"size":13,"fitLogActivity":true,"flankLength":0,"dinucleotideDistance":0,"componentName":"Binding mode 1","positionBias":false,"singleStrand":false,"modifications":[]}],"letterComplement":"C-G,A-T,N-N"},"coefficients":{"bindingModeInteractions":[],"bindingModes":[{"mononucleotide":[-0.4711799534662626,-0.11376558639880141,0,-0.8434424717952167,-0.3055204699390951,0,-0.31496784652332455,-0.21410617479450433,-1.692553398997485,-0.3852493373243489,-2.3031521267148096,-1.8542559842489807,-2.570711575899545,0,-1.0988669665283854,-2.6155940420688903,-1.7520746659737627,0,-2.067275564426765,-1.0692465876286388,0,-1.687607017082093,-2.5022946804888875,-2.643518475984826,-1.095141502548682,-3.185758212958934,-0.013893359782896297,-2.242248878278899,0,-0.6284044836145949,-2.7577392867038073,-2.5647213258166834,0,-2.343350090688739,-1.1741057110749118,-0.23047805995590842,0,-2.0413584672545393,-0.25910768505777426,-0.39461939975303006,0,-0.8440649950350387,-2.3831766283834073,-2.612009751827882,-0.9190425549982583,0,-2.9511470798635298,-2.5730909597717924,-2.762752165635532,-1.210916134111851,-1.294752805967203,-0.13456745150299732,-0.4300524406228705,0,-0.35719848129147896,0,-0.16866907450249613,-0.22811259182442,-0.3748759938921884,-0.1838634772111321,-0.24033991384345832,-0.06435943355771023,-0.005566602397358622,0,-0.0729801065063698],"activity":[[0]],"dinucleotide":[],"positionBias":[],"modifications":[]}]},"modelFittingConstraints":{"enrichmentModel":[{}],"nShifts":0,"addBindingModesSequentially":true,"bindingModeInteractions":[],"flankLengths":[0],"singleModeLengthSweep":false,"bindingModes":[{"maxFlankLength":-1,"positionBiasBinWidth":1,"optimizeSizeHeuristic":false,"maxSize":-1,"optimizeFlankLength":false,"symmetryString":"null","roundSpecificActivity":true,"informationThreshold":0.1,"optimizeMotifShift":false,"fittingStages":[],"optimizeMotifShiftHeuristic":false,"experimentSpecificPositionBias":true,"minSize":-1,"experimentSpecificActivity":true,"optimizeSize":false}]}}
