{"modelSettings":{"letterOrder":"ACGTN","bindingModeInteractions":[],"bindingModes":[{"size":12,"fitLogActivity":true,"flankLength":0,"dinucleotideDistance":0,"componentName":"Binding mode 2","positionBias":false,"singleStrand":false,"modifications":[]}],"letterComplement":"C-G,A-T,N-N"},"coefficients":{"bindingModeInteractions":[],"bindingModes":[{"mononucleotide":[0,-0.028126910681670836,-0.42590063321314986,-0.2670222605309358,-0.16513934834398253,0,-0.24815941537734032,-0.4883003194086726,-0.4788708784460409,-0.2832298089437194,0,-0.31841757156630823,-0.40567120956034985,-0.4483193283976772,-0.27689743571689696,-0.18685102160659772,-0.016610485422448917,0,-0.21859747591744938,-0.10072152510233758,-0.31555442869138073,0,-0.18435459092236162,-0.344590789553223,-0.20164644939095822,-1.0462303934227188,-0.5110001819422001,-0.0746766988030454,0,-0.32878253775222915,0,-1.1884519203617216,-0.2653400258982752,-2.467523788996067,-0.617839227027281,-3.0798908506040217,-2.681930490074963,-2.4999152680400396,0,-1.2069044734438577,-3.931111283229125,-3.047048526896778,-2.657404656782632,0,-1.2576806239430725,-0.9530856848643632,-2.8256279603235956,0,-1.913666601159953,-0.9210775731012819,-2.4255009773275567,0,-1.7766333394945941,-2.270902583437564,-1.078177779918774,0,-0.9103480367803689,-0.3764574175275377,-0.6382146201467327,-0.4243012069432159],"activity":[[0]],"dinucleotide":[],"positionBias":[],"modifications":[]}]},"modelFittingConstraints":{"enrichmentModel":[{}],"nShifts":0,"addBindingModesSequentially":true,"bindingModeInteractions":[],"flankLengths":[0],"singleModeLengthSweep":false,"bindingModes":[{"maxFlankLength":-1,"positionBiasBinWidth":1,"optimizeSizeHeuristic":false,"maxSize":-1,"optimizeFlankLength":false,"symmetryString":"null","roundSpecificActivity":true,"informationThreshold":0.1,"optimizeMotifShift":false,"fittingStages":[],"optimizeMotifShiftHeuristic":false,"experimentSpecificPositionBias":true,"minSize":-1,"experimentSpecificActivity":true,"optimizeSize":false}]}}
