{"modelSettings":{"letterOrder":"ACGTN","bindingModeInteractions":[],"bindingModes":[{"size":13,"fitLogActivity":true,"flankLength":0,"dinucleotideDistance":0,"componentName":"Binding mode 1","positionBias":false,"singleStrand":false,"modifications":[]}],"letterComplement":"C-G,A-T,N-N"},"coefficients":{"bindingModeInteractions":[],"bindingModes":[{"mononucleotide":[-0.051367978550105775,0,-0.02792484096251968,-0.22871912042346487,-0.0731239473467339,-0.29718690558553185,0,-0.14101942328613593,-0.2974863285092191,-0.1761227116134179,-0.7336140165475458,-0.44609145634223246,-0.05793357911466934,0,-0.26657038084174656,0,-1.13999180466375,-0.49192671711019464,-2.375474707607223,-0.6811004542931184,-2.706623699583755,-2.6639874335384874,-2.6680502661276773,0,-1.1991352920945733,-2.792962076042556,-2.6261949631776633,-1.8506122528820574,0,-1.1310835280387084,-0.7774305169311235,-2.31003222227653,0,-1.1024592790422938,-0.7492430879305859,-2.703736516611781,0,-2.7938463299515757,-2.5187646018405587,-1.1967494920151134,-0.4366902518898321,-2.1512998100189518,0,-2.502745689217,-0.7741596809100948,-2.0274507141388596,-1.7432215998451093,-1.906979036398576,0,-1.0111819215072735,-0.9865323212949875,-0.17886621607300146,0,-1.7808679401706198,-0.5202124409037346,-0.009870716837597548,-1.2203222269942202,0,-0.36001521298120664,-0.2933720288172324,-0.9777555458993676,0,-0.24458868631174369,-0.849758334552738,-0.43591174189975906],"activity":[[0]],"dinucleotide":[],"positionBias":[],"modifications":[]}]},"modelFittingConstraints":{"enrichmentModel":[{}],"nShifts":0,"addBindingModesSequentially":true,"bindingModeInteractions":[],"flankLengths":[0],"singleModeLengthSweep":false,"bindingModes":[{"maxFlankLength":-1,"positionBiasBinWidth":1,"optimizeSizeHeuristic":false,"maxSize":-1,"optimizeFlankLength":false,"symmetryString":"null","roundSpecificActivity":true,"informationThreshold":0.1,"optimizeMotifShift":false,"fittingStages":[],"optimizeMotifShiftHeuristic":false,"experimentSpecificPositionBias":true,"minSize":-1,"experimentSpecificActivity":true,"optimizeSize":false}]}}
