{"modelSettings":{"letterOrder":"ACGTN","bindingModeInteractions":[],"bindingModes":[{"size":12,"fitLogActivity":true,"flankLength":0,"dinucleotideDistance":0,"componentName":"Binding mode 1","positionBias":false,"singleStrand":false,"modifications":[]}],"letterComplement":"C-G,A-T,N-N"},"coefficients":{"bindingModeInteractions":[],"bindingModes":[{"mononucleotide":[-0.2946287510225387,-0.4866392656251799,0,-0.6359875534339632,-0.3254153749809359,-0.5535564843098162,-0.7464242632280498,0,-0.6056145028552797,-0.4328237888164842,0,-0.6476264980397759,-0.5195165772112165,-1.4908712035897573,-0.534746654329306,-1.9727764704179402,-2.1162305620584014,-2.366949953335882,0,-1.0837324853608366,-1.7981593826860052,-1.8172297422490282,0,-1.6471497507760833,-0.9671389106827485,0,-2.3902234284581025,-2.295456654030594,-1.8529926828330603,-1.086862652097369,-2.268466655503218,0,-2.1424412351993087,-1.091488626293923,-0.9438192828539456,-1.2594008104589438,-1.9825668662178098,0,-1.9168505126397641,-0.9361052790395704,-1.2137862770724195,-1.263911136825425,-1.5118428877755106,0,-0.798440820271144,-0.4294982495531219,0,-0.8724346487554375,-0.9042879568039464,-0.4806204289965166,0,-1.1874123684492073,-0.8137457130407828,-0.7911945529175832,-0.5971520782033638,-0.5018858461543729,0,-0.10059898696804348,-0.0021522769256199226,-0.13138126405847675],"activity":[[0]],"dinucleotide":[],"positionBias":[],"modifications":[]}]},"modelFittingConstraints":{"enrichmentModel":[{}],"nShifts":0,"addBindingModesSequentially":true,"bindingModeInteractions":[],"flankLengths":[0],"singleModeLengthSweep":false,"bindingModes":[{"maxFlankLength":-1,"positionBiasBinWidth":1,"optimizeSizeHeuristic":false,"maxSize":-1,"optimizeFlankLength":false,"symmetryString":"null","roundSpecificActivity":true,"informationThreshold":0.1,"optimizeMotifShift":false,"fittingStages":[],"optimizeMotifShiftHeuristic":false,"experimentSpecificPositionBias":true,"minSize":-1,"experimentSpecificActivity":true,"optimizeSize":false}]}}
