{"modelSettings":{"letterOrder":"ACGTN","bindingModeInteractions":[],"bindingModes":[{"size":12,"fitLogActivity":true,"flankLength":0,"dinucleotideDistance":0,"componentName":"Binding mode 1","positionBias":false,"singleStrand":false,"modifications":[]}],"letterComplement":"C-G,A-T,N-N"},"coefficients":{"bindingModeInteractions":[],"bindingModes":[{"mononucleotide":[0,-0.3961930160754834,-0.1662234247144756,-0.21424627269430108,-0.18425841330914972,-0.42321189996911635,-0.7380586706403416,0,-0.8103080555623308,-0.4393960825961336,-0.5176193462883272,-0.8803749529796785,0,-0.6132436459670765,-0.44935575737795386,0,-0.9564564103085842,-0.7010998696752031,-1.9301563133773427,-0.6805187337764618,-1.7893084891003332,-2.105989106553623,-1.7554253436072242,0,-1.006738967550094,-1.651736829234295,-2.1562399743127107,0,-1.595025790676567,-0.9739334184619717,0,-2.3631246525957508,-2.052312165924004,-1.6996725382337772,-1.0460388615331726,-2.076912986022906,0,-2.3713911937143037,-1.6401457415847327,-1.0408489259860985,-1.184744669680704,-2.157779315009233,0,-1.8736756721739178,-0.9320619743462913,-1.3210857720284817,-1.2297849096759892,-1.5777923423597633,0,-0.8177861210140949,-1.2738760264249622,-0.23004259767519342,0,-1.328394721550172,-0.5365079692735604,0,-0.8726600122757522,-0.14338972856949006,-0.5613093238667184,-0.3373217855186444],"activity":[[0]],"dinucleotide":[],"positionBias":[],"modifications":[]}]},"modelFittingConstraints":{"enrichmentModel":[{}],"nShifts":0,"addBindingModesSequentially":true,"bindingModeInteractions":[],"flankLengths":[0],"singleModeLengthSweep":false,"bindingModes":[{"maxFlankLength":-1,"positionBiasBinWidth":1,"optimizeSizeHeuristic":false,"maxSize":-1,"optimizeFlankLength":false,"symmetryString":"null","roundSpecificActivity":true,"informationThreshold":0.1,"optimizeMotifShift":false,"fittingStages":[],"optimizeMotifShiftHeuristic":false,"experimentSpecificPositionBias":true,"minSize":-1,"experimentSpecificActivity":true,"optimizeSize":false}]}}
