{"modelSettings":{"letterOrder":"ACGTN","bindingModeInteractions":[],"bindingModes":[{"size":12,"fitLogActivity":true,"flankLength":0,"dinucleotideDistance":0,"componentName":"Binding mode 1","positionBias":false,"singleStrand":false,"modifications":[]}],"letterComplement":"C-G,A-T,N-N"},"coefficients":{"bindingModeInteractions":[],"bindingModes":[{"mononucleotide":[-0.5386135269590486,-0.6301342474401732,-0.37611687253708137,0,-0.3557470970290116,-0.7691635633509701,-1.0307862832587515,0,-1.0870706190332902,-0.6174231460426284,-0.22596754943863218,-0.029771216878102358,-1.0706685159945009,0,-0.25128879620746236,-1.4232375019136327,0,-0.37530662898226375,-1.1233394167710609,-0.5739414557851333,0,-2.3705659511565527,-2.178489951434633,-1.7869209855022516,-1.0684843075241903,-2.12972368157046,0,-2.1349738182941422,-1.670634608422775,-1.031950308233512,-1.6192424596193096,-2.016978655823775,0,-2.332619430830584,-1.0299167278119101,-1.8455534187701854,-2.1040833135939243,-2.0366373994231175,0,-1.0424479576925223,-1.0294602897534624,0,-2.0892299949128796,-1.7710574372328187,-0.8848313868781119,0,-2.096412183531198,-2.103227776358274,-1.882518110976478,-1.0518493762980439,-1.7099084698700562,-0.8774429619096411,-0.3579614848750676,0,-0.5552011324380035,-0.7032779702478313,0,-0.6332630752659556,-0.5224622335044726,-0.4235493631926769],"activity":[[0]],"dinucleotide":[],"positionBias":[],"modifications":[]}]},"modelFittingConstraints":{"enrichmentModel":[{}],"nShifts":0,"addBindingModesSequentially":true,"bindingModeInteractions":[],"flankLengths":[0],"singleModeLengthSweep":false,"bindingModes":[{"maxFlankLength":-1,"positionBiasBinWidth":1,"optimizeSizeHeuristic":false,"maxSize":-1,"optimizeFlankLength":false,"symmetryString":"null","roundSpecificActivity":true,"informationThreshold":0.1,"optimizeMotifShift":false,"fittingStages":[],"optimizeMotifShiftHeuristic":false,"experimentSpecificPositionBias":true,"minSize":-1,"experimentSpecificActivity":true,"optimizeSize":false}]}}
