{"modelSettings":{"letterOrder":"ACGTN","bindingModeInteractions":[],"bindingModes":[{"size":12,"fitLogActivity":true,"flankLength":0,"dinucleotideDistance":0,"componentName":"Binding mode 1","positionBias":false,"singleStrand":false,"modifications":[]}],"letterComplement":"C-G,A-T,N-N"},"coefficients":{"bindingModeInteractions":[],"bindingModes":[{"mononucleotide":[0,-1.0696178861169088,-0.3007889481664421,-2.153026205827947,-0.5980616712846722,-3.1102549607635233,-2.7950060644590926,-3.0645555622680325,0,-1.2444661460861253,-3.2273006681521643,-2.6456260204973368,-1.3807732649510225,0,-1.0773332297228846,-0.575676102965275,-2.847218141438565,0,-0.6660692810007909,-0.6282709371113278,-2.921030414260652,0,-3.255555501272812,-2.5920418525917213,-1.2315970707373105,-0.395144367606715,-2.3535189838052353,0,-2.9000612223127535,-0.7854616177609085,-2.6588763552778008,-2.483846710590013,-2.9095792827238465,0,-1.1973719505845282,-1.3307596022926145,0,-0.92302425133966,-2.409157912965394,-0.8258314813709704,0,-1.8983296125533897,-1.0651842832423144,-1.2656178223521302,-0.8116222197431002,-1.0289294256759511,0,-0.30612294675512075,-0.19844283491358805,-0.3168733207197479,-0.5219689718900336,0,-0.8237797152934876,-0.8725865471273808,-0.4902102111427785,0,-0.26683889262242655,-0.22570656359494645,-0.5499015547634345,-0.24183106029279483],"activity":[[0]],"dinucleotide":[],"positionBias":[],"modifications":[]}]},"modelFittingConstraints":{"enrichmentModel":[{}],"nShifts":0,"addBindingModesSequentially":true,"bindingModeInteractions":[],"flankLengths":[0],"singleModeLengthSweep":false,"bindingModes":[{"maxFlankLength":-1,"positionBiasBinWidth":1,"optimizeSizeHeuristic":false,"maxSize":-1,"optimizeFlankLength":false,"symmetryString":"null","roundSpecificActivity":true,"informationThreshold":0.1,"optimizeMotifShift":false,"fittingStages":[],"optimizeMotifShiftHeuristic":false,"experimentSpecificPositionBias":true,"minSize":-1,"experimentSpecificActivity":true,"optimizeSize":false}]}}
