{"modelSettings":{"letterOrder":"ACGTN","bindingModeInteractions":[],"bindingModes":[{"size":13,"fitLogActivity":true,"flankLength":0,"dinucleotideDistance":0,"componentName":"Binding mode 1","positionBias":false,"singleStrand":false,"modifications":[]}],"letterComplement":"C-G,A-T,N-N"},"coefficients":{"bindingModeInteractions":[],"bindingModes":[{"mononucleotide":[-0.22240644286839473,0,-0.07406327698110005,-0.29019296848410825,-0.14003189618386655,-0.7296201520640402,-0.5221850811131548,0,-0.1303361973662014,-0.3034337361686909,0,-1.1220925956026324,-0.4472359386548259,-2.382095205509633,-0.6648767623848273,-2.5767117646236493,-2.445200648971806,-2.6008823915651558,0,-1.1736534655035842,-2.6432976126813656,-2.4609068721117477,-0.9735664828782342,0,-0.9582740151284584,-0.4391161698586199,-2.264267090344175,0,-0.27173067251894256,-0.46578393310464333,-2.4807855144596944,0,-1.9463835555876505,-2.5989001179018105,-1.1232977469346666,-1.9812630629267938,-2.3666229611361445,-2.481777811324191,0,-1.112239937124373,-2.4294117739258434,0,-2.3246402561927706,-2.354966992017258,-1.1388064337848456,0,-2.369054784744562,-2.0676471484921137,-2.3359879924480316,-1.1111148432563485,-2.1768510746049534,-0.22997669665259757,-1.3330105722570647,0,-0.6108152184107398,-0.542361171067343,0,-0.546545642632819,-0.9078593526302896,-0.4448401171929897,-0.17245211760085155,-0.18942701336403545,0,-0.5127401523004664,-0.20215165792675313],"activity":[[0]],"dinucleotide":[],"positionBias":[],"modifications":[]}]},"modelFittingConstraints":{"enrichmentModel":[{}],"nShifts":0,"addBindingModesSequentially":true,"bindingModeInteractions":[],"flankLengths":[0],"singleModeLengthSweep":false,"bindingModes":[{"maxFlankLength":-1,"positionBiasBinWidth":1,"optimizeSizeHeuristic":false,"maxSize":-1,"optimizeFlankLength":false,"symmetryString":"null","roundSpecificActivity":true,"informationThreshold":0.1,"optimizeMotifShift":false,"fittingStages":[],"optimizeMotifShiftHeuristic":false,"experimentSpecificPositionBias":true,"minSize":-1,"experimentSpecificActivity":true,"optimizeSize":false}]}}
