{"modelSettings":{"letterOrder":"ACGTN","bindingModeInteractions":[],"bindingModes":[{"size":12,"fitLogActivity":true,"flankLength":0,"dinucleotideDistance":0,"componentName":"Binding mode 1","positionBias":false,"singleStrand":false,"modifications":[]}],"letterComplement":"C-G,A-T,N-N"},"coefficients":{"bindingModeInteractions":[],"bindingModes":[{"mononucleotide":[-0.2748183547365386,-0.3099085584601813,0,-0.3172613537184432,-0.21648931391197448,0,-0.799829743421375,-0.11055437639701537,-0.7956158950881616,-0.358087974166717,-1.074846884757516,-1.1818670650443561,-1.2758872080189416,0,-0.7302060839745946,-1.4062209392146094,-0.9495833639575384,0,-0.2035470698678381,-0.49110402483442683,0,-1.9032082818148295,-1.379638256042913,-1.7650569749371106,-0.9339862914562755,-2.592618035147172,0,-2.572400215022501,-1.549633502443832,-1.076238167375248,-1.7359810324690659,-2.410665130937774,0,-2.8226732319306973,-1.1045577117377714,-2.521235708511301,-2.8683274074856735,-3.036481548001126,0,-1.216418621231763,-2.0229219817185915,0,-2.950056964895523,-2.7097745044649595,-1.1622256773472202,0,-2.596074726252511,-2.68526130626578,-2.9545245744761006,-1.2082548835445508,-2.3776955159271065,-0.3964477117210974,-1.5798177951237942,0,-0.7075087223483665,-0.41753940936739475,0,-0.811707000152377,-0.45292666042657803,-0.3788732148414512],"activity":[[0]],"dinucleotide":[],"positionBias":[],"modifications":[]}]},"modelFittingConstraints":{"enrichmentModel":[{}],"nShifts":0,"addBindingModesSequentially":true,"bindingModeInteractions":[],"flankLengths":[0],"singleModeLengthSweep":false,"bindingModes":[{"maxFlankLength":-1,"positionBiasBinWidth":1,"optimizeSizeHeuristic":false,"maxSize":-1,"optimizeFlankLength":false,"symmetryString":"null","roundSpecificActivity":true,"informationThreshold":0.1,"optimizeMotifShift":false,"fittingStages":[],"optimizeMotifShiftHeuristic":false,"experimentSpecificPositionBias":true,"minSize":-1,"experimentSpecificActivity":true,"optimizeSize":false}]}}
