{"modelSettings":{"letterOrder":"ACGTN","bindingModeInteractions":[],"bindingModes":[{"size":12,"fitLogActivity":true,"flankLength":0,"dinucleotideDistance":0,"componentName":"Binding mode 1","positionBias":false,"singleStrand":false,"modifications":[]}],"letterComplement":"C-G,A-T,N-N"},"coefficients":{"bindingModeInteractions":[],"bindingModes":[{"mononucleotide":[-0.5593284089054604,0,-0.2879857090103597,-0.43069540843007825,-0.2972537345929873,-0.33192785529953994,-0.5886280620285236,0,-0.2235908007286156,-0.26387776407411584,0,-1.278400882693223,-0.5737155303999231,-1.6659084478960815,-0.6778009156307265,-1.844952927876422,-2.2478504508341866,-2.203486788713938,0,-1.068512657478131,-1.5778964144820278,-1.9906619533677308,0,-1.5044993778174471,-0.9383176285980428,0,-2.7737608030292287,-2.198642745524599,-2.064892713733738,-1.123766776473229,-2.185691512711841,0,-1.6210214936914813,-1.4868879158212547,-0.957000911353238,-0.9770903247137133,-1.9173293786800811,0,-1.2724189617229915,-0.7965336118699433,-0.9130223254236167,-0.9281576325818159,-1.3166187975273735,0,-0.6613429090599021,-0.4290303942303666,0,-0.3696907478284661,-1.001396159047117,-0.389547114003529,0,-1.3251236454377588,-0.6540142955508905,-0.6988910365751844,-0.5608649979026243,-0.610182410580181,-0.05062538007208639,0,-0.049515258502980775,-0.14920294314800325],"activity":[[0]],"dinucleotide":[],"positionBias":[],"modifications":[]}]},"modelFittingConstraints":{"enrichmentModel":[{}],"nShifts":0,"addBindingModesSequentially":true,"bindingModeInteractions":[],"flankLengths":[0],"singleModeLengthSweep":false,"bindingModes":[{"maxFlankLength":-1,"positionBiasBinWidth":1,"optimizeSizeHeuristic":false,"maxSize":-1,"optimizeFlankLength":false,"symmetryString":"null","roundSpecificActivity":true,"informationThreshold":0.1,"optimizeMotifShift":false,"fittingStages":[],"optimizeMotifShiftHeuristic":false,"experimentSpecificPositionBias":true,"minSize":-1,"experimentSpecificActivity":true,"optimizeSize":false}]}}
