{"modelSettings":{"letterOrder":"ACGTN","bindingModeInteractions":[],"bindingModes":[{"size":13,"fitLogActivity":true,"flankLength":0,"dinucleotideDistance":0,"componentName":"Binding mode 1","positionBias":false,"singleStrand":false,"modifications":[]}],"letterComplement":"C-G,A-T,N-N"},"coefficients":{"bindingModeInteractions":[],"bindingModes":[{"mononucleotide":[0,-0.04613231744825885,-0.02647995226119182,-0.1555211522014739,-0.05531396107031205,-0.5076894580756832,0,-0.11810770975469698,-0.17716123970460718,-0.18388386604016813,-0.618023154222306,-0.5105997260253892,0,-0.413150351478901,-0.3564223740667435,0,-0.7069199945797893,-0.09521685225129772,-1.543776999376457,-0.4246825358175597,-2.5248468285292707,-2.1637692547166716,-2.2082242896799245,0,-1.120200564626574,-3.117233772924436,-2.3472262853992505,0,-1.8613649066903801,-1.127495028690856,0,-3.516761275764881,-2.6370252586530154,-2.6768514085375474,-1.2292489946800693,-3.058050872610128,0,-2.0390271704200456,-1.5752418708936822,-1.0612500810781738,-1.9089679895249767,-2.4349501331197945,-0.7927116912288401,0,-0.8624827158154369,-1.1087083653210916,0,-2.6274024027977636,-2.5158726975669397,-0.9921981571604659,0,-2.7541645975275464,-2.3052330511470864,-2.940922445263276,-1.1905510134394874,-1.419552458787495,-0.3399066311123278,-1.0276387533228366,0,-0.5483933967668484,-0.2624216558870369,0,-0.3889608882692963,-0.5105763130665073,-0.2721050249928426],"activity":[[0]],"dinucleotide":[],"positionBias":[],"modifications":[]}]},"modelFittingConstraints":{"enrichmentModel":[{}],"nShifts":0,"addBindingModesSequentially":true,"bindingModeInteractions":[],"flankLengths":[0],"singleModeLengthSweep":false,"bindingModes":[{"maxFlankLength":-1,"positionBiasBinWidth":1,"optimizeSizeHeuristic":false,"maxSize":-1,"optimizeFlankLength":false,"symmetryString":"null","roundSpecificActivity":true,"informationThreshold":0.1,"optimizeMotifShift":false,"fittingStages":[],"optimizeMotifShiftHeuristic":false,"experimentSpecificPositionBias":true,"minSize":-1,"experimentSpecificActivity":true,"optimizeSize":false}]}}
