{"modelSettings":{"letterOrder":"ACGTN","bindingModeInteractions":[],"bindingModes":[{"size":12,"fitLogActivity":true,"flankLength":0,"dinucleotideDistance":0,"componentName":"Binding mode 1","positionBias":false,"singleStrand":false,"modifications":[]}],"letterComplement":"C-G,A-T,N-N"},"coefficients":{"bindingModeInteractions":[],"bindingModes":[{"mononucleotide":[-0.1317027198872358,-0.0586508190050643,0,-0.10245779053192416,-0.07196501543975084,-0.04720850417097955,-0.30946079405039084,0,-0.18361811211861312,-0.12783774661764685,-0.1518884015254529,-0.394258402179438,-0.1483979163377005,0,-0.1638869295343365,-0.983453221217018,-0.7146683623476955,-0.5707493461104169,0,-0.49903149122547674,-0.17774103855223933,-0.692849859449951,0,-0.370154878415319,-0.27841341642209944,-0.23803928782568873,0,-0.9584538897274495,-0.6121355576801593,-0.3879265074164629,-1.094087047472609,-1.242036386884192,0,-2.0705233160897527,-0.8268154691579745,-2.6407396347070122,-3.525809684447582,-3.3771582004795264,0,-1.2597667143462628,-1.5154265609940052,0,-2.5160292438995766,-2.7600621835322627,-1.0760326360369838,0,-2.3546024758168898,-2.387952382456383,-2.5891542464983432,-1.1537295293471042,-1.9255387384582932,-0.2152528495244188,-0.9866603064626083,0,-0.542593918279479,-0.3138467165627876,0,-0.5759166980319455,-0.43128579351037777,-0.30703701005032585],"activity":[[0]],"dinucleotide":[],"positionBias":[],"modifications":[]}]},"modelFittingConstraints":{"enrichmentModel":[{}],"nShifts":0,"addBindingModesSequentially":true,"bindingModeInteractions":[],"flankLengths":[0],"singleModeLengthSweep":false,"bindingModes":[{"maxFlankLength":-1,"positionBiasBinWidth":1,"optimizeSizeHeuristic":false,"maxSize":-1,"optimizeFlankLength":false,"symmetryString":"null","roundSpecificActivity":true,"informationThreshold":0.1,"optimizeMotifShift":false,"fittingStages":[],"optimizeMotifShiftHeuristic":false,"experimentSpecificPositionBias":true,"minSize":-1,"experimentSpecificActivity":true,"optimizeSize":false}]}}
