{"modelSettings":{"letterOrder":"ACGTN","bindingModeInteractions":[],"bindingModes":[{"size":16,"fitLogActivity":true,"flankLength":0,"dinucleotideDistance":0,"componentName":"Binding mode 1","positionBias":false,"singleStrand":false,"modifications":[]}],"letterComplement":"C-G,A-T,N-N"},"coefficients":{"bindingModeInteractions":[],"bindingModes":[{"mononucleotide":[0,-0.013315619737310769,-0.015034269527610888,-0.06895439073223741,-0.02398022315487754,-0.35667663749486067,-0.04875093900154859,0,-0.19463836720011862,-0.14054179365120215,-0.5691985401356074,-0.750275370807822,0,-0.8125584971894373,-0.4772551726971043,0,-1.645964186261395,-0.6994197993486644,-2.268757378558967,-0.8023256995600415,-2.7595621812924165,-2.456066616014011,-2.8113417180314917,0,-1.196322629685921,-2.3834254830951744,-2.5292343742107173,0,-1.9192687666111228,-1.109671976682468,0,-2.5136393168448707,-2.5903937545450066,-2.3930566622005784,-1.1653022802987425,-2.3634782678159763,0,-2.3186278803023654,-1.8559264659588077,-1.0870724116927126,-1.8964932009995978,-2.3558721883585765,0,-2.605810582131517,-1.1096114976149927,-2.185715277641182,-1.7161290209438027,-2.223258164697719,0,-1.0495266106785865,-0.2943206682745556,0,-1.690361740358851,-1.6883589590490367,-0.6375644676825969,0,-1.6452468871780308,-1.4989428567580703,-1.5154594388481861,-0.8940167116084624,-1.1716532843754868,-0.12620201937504927,-0.5701356255879162,0,-0.37224563104567937,-0.42803250265546744,0,-0.3389320561061986,-0.36518398273502406,-0.2684057170977673,-0.2011514838059636,-0.05710071302697095,0,-0.1886677004255093,-0.10804491900618293,-0.2633081482859847,0,-0.02805679129704508,-0.04967688575302276,-0.0800244726007793],"activity":[[0]],"dinucleotide":[],"positionBias":[],"modifications":[]}]},"modelFittingConstraints":{"enrichmentModel":[{}],"nShifts":0,"addBindingModesSequentially":true,"bindingModeInteractions":[],"flankLengths":[0],"singleModeLengthSweep":false,"bindingModes":[{"maxFlankLength":-1,"positionBiasBinWidth":1,"optimizeSizeHeuristic":false,"maxSize":-1,"optimizeFlankLength":false,"symmetryString":"null","roundSpecificActivity":true,"informationThreshold":0.1,"optimizeMotifShift":false,"fittingStages":[],"optimizeMotifShiftHeuristic":false,"experimentSpecificPositionBias":true,"minSize":-1,"experimentSpecificActivity":true,"optimizeSize":false}]}}
