{"modelSettings":{"letterOrder":"ACGTN","bindingModeInteractions":[],"bindingModes":[{"size":12,"fitLogActivity":true,"flankLength":0,"dinucleotideDistance":0,"componentName":"Binding mode 1","positionBias":false,"singleStrand":false,"modifications":[]}],"letterComplement":"C-G,A-T,N-N"},"coefficients":{"bindingModeInteractions":[],"bindingModes":[{"mononucleotide":[0,-0.8643226870564589,-0.5940336023838237,-0.7858290945266897,-0.49874292392144975,-0.7932464993743005,0,-0.12970154230336872,-0.2989919561637282,-0.26386896964710854,-0.5854152508035999,-0.0740486967684224,0,-0.6884571723294761,-0.29173977561257225,0,-1.3002068225704222,-0.47417171607563846,-1.7586817737152867,-0.6601246713529682,-1.9893181841861831,-1.6178532299761854,-1.9640725070774354,0,-0.9973661724011842,-2.1255625145473718,-1.8336570201529256,0,-1.4377887571422607,-0.9697930096460277,0,-1.5924766858283919,-2.0340229965672596,-1.7318728386512166,-0.9734021736726641,-1.1328405435606927,0,-0.04298666393698536,-1.2616319897181074,-0.44502515824684535,-2.2937895067489062,-2.19953261997033,-2.351013321092815,0,-1.1185515352844253,-1.6258947147278522,0,-1.6768908427840334,-1.7879793526117571,-0.9474023451770792,0,-1.7707984847262161,-1.8092582882857449,-1.5719932953826228,-0.9534712521637654,-1.5521237534098518,0,-0.9073165417717659,-0.39666324059636526,-0.5586320220355602],"activity":[[0]],"dinucleotide":[],"positionBias":[],"modifications":[]}]},"modelFittingConstraints":{"enrichmentModel":[{}],"nShifts":0,"addBindingModesSequentially":true,"bindingModeInteractions":[],"flankLengths":[0],"singleModeLengthSweep":false,"bindingModes":[{"maxFlankLength":-1,"positionBiasBinWidth":1,"optimizeSizeHeuristic":false,"maxSize":-1,"optimizeFlankLength":false,"symmetryString":"null","roundSpecificActivity":true,"informationThreshold":0.1,"optimizeMotifShift":false,"fittingStages":[],"optimizeMotifShiftHeuristic":false,"experimentSpecificPositionBias":true,"minSize":-1,"experimentSpecificActivity":true,"optimizeSize":false}]}}
