{"modelSettings":{"letterOrder":"ACGTN","bindingModeInteractions":[],"bindingModes":[{"size":12,"fitLogActivity":true,"flankLength":0,"dinucleotideDistance":0,"componentName":"Binding mode 1","positionBias":false,"singleStrand":false,"modifications":[]}],"letterComplement":"C-G,A-T,N-N"},"coefficients":{"bindingModeInteractions":[],"bindingModes":[{"mononucleotide":[-0.43315818158908925,-0.1022532448539124,0,-0.1478026462108577,-0.1584507046598764,-0.4815257387603067,-0.7355614779159101,0,-0.4949814239013097,-0.390579496777466,0,-1.2150886393541276,-0.3158918107100508,-0.23938115479312927,-0.3520652780991966,-2.8461020385242914,-2.205053115305846,-1.0213992427695038,0,-0.9620692354211463,-0.47754711950149265,-2.9486502465236306,0,-1.4740032359315896,-0.7435354451201354,0,-0.5912543628738662,-2.744005115461478,-2.1317644627962524,-0.8343810525627847,-2.3104824511848263,-1.513486811999738,0,-2.292027235608936,-1.0353447147935058,-3.0941589815980226,-2.956134363424646,-4.138997834469025,0,-1.2789913469981193,-2.511619902369158,0,-3.139363477129608,-3.7248819936245,-1.2477827631826666,0,-2.9964370987832964,-2.675132403487452,-3.020466700748404,-1.2313089514108093,-3.0356212167011933,-0.6129096513676107,-1.7928186502534968,0,-0.8230809139069941,-0.5770024112093006,0,-0.7614885189253764,-0.7047674290889558,-0.460935450910924],"activity":[[0]],"dinucleotide":[],"positionBias":[],"modifications":[]}]},"modelFittingConstraints":{"enrichmentModel":[{}],"nShifts":0,"addBindingModesSequentially":true,"bindingModeInteractions":[],"flankLengths":[0],"singleModeLengthSweep":false,"bindingModes":[{"maxFlankLength":-1,"positionBiasBinWidth":1,"optimizeSizeHeuristic":false,"maxSize":-1,"optimizeFlankLength":false,"symmetryString":"null","roundSpecificActivity":true,"informationThreshold":0.1,"optimizeMotifShift":false,"fittingStages":[],"optimizeMotifShiftHeuristic":false,"experimentSpecificPositionBias":true,"minSize":-1,"experimentSpecificActivity":true,"optimizeSize":false}]}}
