{"modelSettings":{"letterOrder":"ACGTN","bindingModeInteractions":[],"bindingModes":[{"size":12,"fitLogActivity":true,"flankLength":0,"dinucleotideDistance":0,"componentName":"Binding mode 2","positionBias":false,"singleStrand":false,"modifications":[]}],"letterComplement":"C-G,A-T,N-N"},"coefficients":{"bindingModeInteractions":[],"bindingModes":[{"mononucleotide":[-0.469642317680778,-0.861779001679758,0,-0.9046764840828718,-0.4892644994024457,0,-1.0702191206274216,-0.4851237020099992,-1.5423261131555352,-0.6104445934261555,-2.1297975065120833,-1.9440211119797337,-2.324506688265628,0,-1.0789417920963653,-2.2329703882629364,-2.0775802162855017,0,-2.2641688467224714,-1.0963457933983558,0,-2.7756896030947815,-3.0213349322384015,-2.225075904224607,-1.188179981051294,-2.438710570352865,0,-1.522238331741797,-0.5955789573131751,-0.7674723559449022,-2.2817532288471924,-2.229953906132377,0,-1.28867317805486,-0.990694633803305,-0.7363384213104389,0,-2.079271670207242,-0.36857746010586734,-0.5552988197909526,0,-1.1757878857593713,-2.004951637660581,-2.229534608691488,-0.9475098579481992,0,-1.669132692085466,-2.349327395984349,-1.1002947955600124,-0.9059588504615511,-1.1094578400079689,-0.13599730632211404,-0.6016853774066879,0,-0.3745225086982396,0,-0.09128708171580069,-0.152366824077645,-0.266593389800053,-0.12289859484042046],"activity":[[0]],"dinucleotide":[],"positionBias":[],"modifications":[]}]},"modelFittingConstraints":{"enrichmentModel":[{}],"nShifts":0,"addBindingModesSequentially":true,"bindingModeInteractions":[],"flankLengths":[0],"singleModeLengthSweep":false,"bindingModes":[{"maxFlankLength":-1,"positionBiasBinWidth":1,"optimizeSizeHeuristic":false,"maxSize":-1,"optimizeFlankLength":false,"symmetryString":"null","roundSpecificActivity":true,"informationThreshold":0.1,"optimizeMotifShift":false,"fittingStages":[],"optimizeMotifShiftHeuristic":false,"experimentSpecificPositionBias":true,"minSize":-1,"experimentSpecificActivity":true,"optimizeSize":false}]}}
