{"modelSettings":{"letterOrder":"ACGTN","bindingModeInteractions":[],"bindingModes":[{"size":12,"fitLogActivity":true,"flankLength":0,"dinucleotideDistance":0,"componentName":"Binding mode 1","positionBias":false,"singleStrand":false,"modifications":[]}],"letterComplement":"C-G,A-T,N-N"},"coefficients":{"bindingModeInteractions":[],"bindingModes":[{"mononucleotide":[-0.06714776796717992,0,-0.1319774008959147,-0.12953229370822328,-0.08068848940080814,-0.4117154694124654,0,-0.09022380226547,-0.18045348794723637,-0.15925047232215098,-0.8071957926294964,-0.6263004143093607,0,-0.7362574340264381,-0.48630538297369835,0,-1.4103688644059438,-0.6542917911455088,-2.4472062583712315,-0.7708934393108577,-3.3466288295049504,-3.0425762243953276,-3.759574700372882,0,-1.2853561495647745,-3.987220518705194,-3.4012762825306466,0,-1.8875110570403932,-1.2012014855330921,0,-3.367456078142095,-2.8217448561843033,-2.4487475750010868,-1.2204570990685741,-3.3276831498583874,0,-0.8845574002883225,-1.9403860258311707,-0.921038549696508,-1.8851820789317264,-2.425770444628923,-0.16793893524121017,0,-0.6512296971234961,-1.3916948152408124,-0.19371796444849743,-1.7966670878754774,0,-0.5805354944779825,0,-0.5737047431466902,-0.5368326056625943,-1.827333236753247,-0.549534797950616,0,-0.13100083057026168,-0.2866500822226694,-0.20749669293569006,-0.15064634510792452],"activity":[[0]],"dinucleotide":[],"positionBias":[],"modifications":[]}]},"modelFittingConstraints":{"enrichmentModel":[{}],"nShifts":0,"addBindingModesSequentially":true,"bindingModeInteractions":[],"flankLengths":[0],"singleModeLengthSweep":false,"bindingModes":[{"maxFlankLength":-1,"positionBiasBinWidth":1,"optimizeSizeHeuristic":false,"maxSize":-1,"optimizeFlankLength":false,"symmetryString":"null","roundSpecificActivity":true,"informationThreshold":0.1,"optimizeMotifShift":false,"fittingStages":[],"optimizeMotifShiftHeuristic":false,"experimentSpecificPositionBias":true,"minSize":-1,"experimentSpecificActivity":true,"optimizeSize":false}]}}
