{"modelSettings":{"letterOrder":"ACGTN","bindingModeInteractions":[],"bindingModes":[{"size":12,"fitLogActivity":true,"flankLength":0,"dinucleotideDistance":0,"componentName":"Binding mode 1","positionBias":false,"singleStrand":false,"modifications":[]}],"letterComplement":"C-G,A-T,N-N"},"coefficients":{"bindingModeInteractions":[],"bindingModes":[{"mononucleotide":[-1.3379315727845151,-1.0980208365369055,-1.4445700648174586,0,-0.7810139228790864,-1.6299447093816908,-1.5345206676002863,0,-0.7767915714283937,-0.759619017612437,0,-1.905338919990332,-1.3959401140289707,-1.8587607567717552,-0.9465965793773364,-2.056178504066157,0,-2.0259577145461947,-1.5487523242810979,-0.9994533338274699,-1.4573065005819066,-2.556609260416519,0,-2.8093514470631047,-1.0709917693033084,-2.250211523518036,-2.265232386784475,-2.478948120177473,0,-1.129318278507458,-1.7558516867896627,0,-2.151821921691406,-2.0737802152969707,-1.0393472912713488,0,-2.6981441859824833,-2.1548002571187483,-2.3875250084638187,-1.1432592133853032,-2.1820225632852885,-0.7153818035812725,-1.2297679008245783,0,-0.7475089005878197,-0.6805676466561792,0,-0.6988955599375988,-0.6305119652663276,-0.455791993714579,-0.4623453159812829,0,-0.38402787289821827,-0.3357962038873481,-0.2791565115062222,-0.21138936711543987,-0.1688746053628183,-0.19083814540981958,0,-0.13916438586830054],"activity":[[0]],"dinucleotide":[],"positionBias":[],"modifications":[]}]},"modelFittingConstraints":{"enrichmentModel":[{}],"nShifts":0,"addBindingModesSequentially":true,"bindingModeInteractions":[],"flankLengths":[0],"singleModeLengthSweep":false,"bindingModes":[{"maxFlankLength":-1,"positionBiasBinWidth":1,"optimizeSizeHeuristic":false,"maxSize":-1,"optimizeFlankLength":false,"symmetryString":"null","roundSpecificActivity":true,"informationThreshold":0.1,"optimizeMotifShift":false,"fittingStages":[],"optimizeMotifShiftHeuristic":false,"experimentSpecificPositionBias":true,"minSize":-1,"experimentSpecificActivity":true,"optimizeSize":false}]}}
