{"modelSettings":{"letterOrder":"ACGTN","bindingModeInteractions":[],"bindingModes":[{"size":13,"fitLogActivity":true,"flankLength":0,"dinucleotideDistance":0,"componentName":"Binding mode 2","positionBias":false,"singleStrand":false,"modifications":[]}],"letterComplement":"C-G,A-T,N-N"},"coefficients":{"bindingModeInteractions":[],"bindingModes":[{"mononucleotide":[0,-0.4508624327277122,-0.1931835464615972,-0.8949719048551543,-0.331972500989889,-1.334405638035487,-0.8268450454702414,-1.1586243042390088,0,-0.6858441393682412,-1.765103905663766,-1.2989757801803243,0,-0.5372496054469682,-0.679079932490661,0,-1.575808084394323,-1.3795045331123674,-1.8555525191315478,-0.9070150736277943,-1.8096183263119245,0,-1.1196688751391637,-0.15668159553567484,-0.5339745432671794,-2.6992456894884578,-2.516940435731626,0,-3.0818260914864313,-1.2091212111808998,-1.3125025601680083,0,-2.670072053518657,-0.5952360862915436,-0.7498099912591557,0,-1.5121906687014235,-2.413908484331321,-2.7354643434419104,-1.0680185468493155,0,-2.5396697050497368,-2.481708465148872,-2.6096402191225128,-1.1743705293484517,-2.056710095215717,-0.362523870275556,-0.9475742809728125,0,-0.5926360216867126,0,-0.23392058240145452,-0.2726353971512401,-1.0098947001675196,-0.3157207289978267,-0.9298840355665146,-0.8060301837959098,-0.4075673168280032,0,-0.4674095110999606,-0.9885164323293552,-0.8940859544051705,-0.5892444137647983,0,-0.5379159848110567],"activity":[[0]],"dinucleotide":[],"positionBias":[],"modifications":[]}]},"modelFittingConstraints":{"enrichmentModel":[{}],"nShifts":0,"addBindingModesSequentially":true,"bindingModeInteractions":[],"flankLengths":[0],"singleModeLengthSweep":false,"bindingModes":[{"maxFlankLength":-1,"positionBiasBinWidth":1,"optimizeSizeHeuristic":false,"maxSize":-1,"optimizeFlankLength":false,"symmetryString":"null","roundSpecificActivity":true,"informationThreshold":0.1,"optimizeMotifShift":false,"fittingStages":[],"optimizeMotifShiftHeuristic":false,"experimentSpecificPositionBias":true,"minSize":-1,"experimentSpecificActivity":true,"optimizeSize":false}]}}
