{"modelSettings":{"letterOrder":"ACGTN","bindingModeInteractions":[],"bindingModes":[{"size":12,"fitLogActivity":true,"flankLength":0,"dinucleotideDistance":0,"componentName":"Binding mode 1","positionBias":false,"singleStrand":false,"modifications":[]}],"letterComplement":"C-G,A-T,N-N"},"coefficients":{"bindingModeInteractions":[],"bindingModes":[{"mononucleotide":[-0.5085204439634801,-0.056534867690531954,0,-0.22742002503899172,-0.17942444888419307,-0.6292388578330712,-0.3863203379764446,0,-0.4920578022949069,-0.34816937476882726,0,-0.9202027530130312,-0.2650074569669254,-1.4333108757609612,-0.5090952934703906,-2.6673941988998364,-2.2160843806702295,-2.433794545919097,0,-1.1502965502281792,-2.4983594635214224,-2.3939445656129084,0,-1.2489718032304271,-1.007660506022342,0,-1.304814721365247,-2.6449396653788884,-1.9073167894707965,-0.987041394393101,-2.049099278683736,-1.9331079167248215,0,-2.4154973618028346,-1.0767004150312292,-2.6679097865097234,-2.353892118303581,-3.594133770076568,0,-1.2107622128290347,-2.165087257079074,0,-2.413495320282267,-2.9112522031165873,-1.1562551281349773,0,-2.701299745479487,-2.322817913971098,-2.573357095174041,-1.1700591717309532,-1.858476063096203,-0.11915093637541041,-1.0577178790904913,0,-0.5146532639580368,-0.27878455038948147,0,-0.4086088223254354,-0.5751574434135236,-0.293065421153],"activity":[[0]],"dinucleotide":[],"positionBias":[],"modifications":[]}]},"modelFittingConstraints":{"enrichmentModel":[{}],"nShifts":0,"addBindingModesSequentially":true,"bindingModeInteractions":[],"flankLengths":[0],"singleModeLengthSweep":false,"bindingModes":[{"maxFlankLength":-1,"positionBiasBinWidth":1,"optimizeSizeHeuristic":false,"maxSize":-1,"optimizeFlankLength":false,"symmetryString":"null","roundSpecificActivity":true,"informationThreshold":0.1,"optimizeMotifShift":false,"fittingStages":[],"optimizeMotifShiftHeuristic":false,"experimentSpecificPositionBias":true,"minSize":-1,"experimentSpecificActivity":true,"optimizeSize":false}]}}
