{"modelSettings":{"letterOrder":"ACGTN","bindingModeInteractions":[],"bindingModes":[{"size":12,"fitLogActivity":true,"flankLength":0,"dinucleotideDistance":0,"componentName":"Binding mode 1","positionBias":false,"singleStrand":false,"modifications":[]}],"letterComplement":"C-G,A-T,N-N"},"coefficients":{"bindingModeInteractions":[],"bindingModes":[{"mononucleotide":[-1.3728376525130845,0,-1.097456114511162,-1.58384578908738,-0.80280003700062,-0.7380044105105519,-1.6312371809689092,0,-0.2722484884185734,-0.49617542802796094,-0.49256882045542927,0,-1.3003921321105216,-2.014259781088858,-0.6847332976296944,-1.98543623382669,-2.7346467391557563,-0.5390776883353734,0,-0.8065826507511676,-2.4963453415415575,0,-0.2947071414370672,-1.649383312118832,-0.6835416705576308,0,-2.713167319770368,-0.6221785564250615,-0.8803084977806375,-0.6843087847550298,-2.7310872575526006,0,-1.3181085332023987,-2.347884934249914,-1.0297670336618219,-2.0904139851842216,-2.614134780112749,-0.911307654666996,0,-0.9170001900777565,-2.067484176333427,0,-2.936967917555844,-2.5311125963696894,-1.1558969038866858,0,-2.198058098187065,-0.4630337184542981,-0.6330418609971584,-0.5659137677029459,-1.315608988135434,0,-1.2629035102941537,-0.09552497751930122,-0.4861174977354108,-0.7958361230752722,0,-0.1773627061542573,-0.18494340988953084,-0.24851549395462855],"activity":[[0]],"dinucleotide":[],"positionBias":[],"modifications":[]}]},"modelFittingConstraints":{"enrichmentModel":[{}],"nShifts":0,"addBindingModesSequentially":true,"bindingModeInteractions":[],"flankLengths":[0],"singleModeLengthSweep":false,"bindingModes":[{"maxFlankLength":-1,"positionBiasBinWidth":1,"optimizeSizeHeuristic":false,"maxSize":-1,"optimizeFlankLength":false,"symmetryString":"null","roundSpecificActivity":true,"informationThreshold":0.1,"optimizeMotifShift":false,"fittingStages":[],"optimizeMotifShiftHeuristic":false,"experimentSpecificPositionBias":true,"minSize":-1,"experimentSpecificActivity":true,"optimizeSize":false}]}}
