{"modelSettings":{"letterOrder":"ACGTN","bindingModeInteractions":[],"bindingModes":[{"size":13,"fitLogActivity":true,"flankLength":0,"dinucleotideDistance":0,"componentName":"Binding mode 1","positionBias":false,"singleStrand":false,"modifications":[]}],"letterComplement":"C-G,A-T,N-N"},"coefficients":{"bindingModeInteractions":[],"bindingModes":[{"mononucleotide":[-0.4622052423511933,-0.3989771708116976,0,-0.32287167883461265,-0.2793945665130776,0,-1.0737359445269838,-0.3133616972414073,-1.485695811256238,-0.5537941438115253,-2.999821395486727,-2.5026177613040264,-2.9010222453259895,0,-1.2151741696831058,-2.4183495081768824,-2.4163615694534566,0,-1.2651646403705996,-1.0075106727456284,0,-1.3736985972139033,-2.6781924733751086,-2.2660417517454543,-1.0317170311362924,-1.9872085701721822,-1.6494810947890475,0,-2.719163658804257,-1.053287410514369,-2.6375911545310493,-2.7252950026280245,-3.221372720583275,0,-1.223359099202033,-2.359259995742461,0,-2.3625497740473276,-2.951981552791891,-1.1704526073232753,0,-2.540875309892821,-2.0070465727694717,-2.777692594976538,-1.1430625735026998,-1.6864237164026514,-0.22093269088613265,-1.0435549005673233,0,-0.5365060355588318,-0.5297282589118195,0,-0.5143688460279012,-0.7524806486730009,-0.408780975442752,-0.22559829834238165,-0.05702596475196753,0,-0.5493143628584267,-0.18634353054915911,-0.18733726874128198,-0.06916425156084838,-0.03255208567225587,0,-0.06980316536738289],"activity":[[0]],"dinucleotide":[],"positionBias":[],"modifications":[]}]},"modelFittingConstraints":{"enrichmentModel":[{}],"nShifts":0,"addBindingModesSequentially":true,"bindingModeInteractions":[],"flankLengths":[0],"singleModeLengthSweep":false,"bindingModes":[{"maxFlankLength":-1,"positionBiasBinWidth":1,"optimizeSizeHeuristic":false,"maxSize":-1,"optimizeFlankLength":false,"symmetryString":"null","roundSpecificActivity":true,"informationThreshold":0.1,"optimizeMotifShift":false,"fittingStages":[],"optimizeMotifShiftHeuristic":false,"experimentSpecificPositionBias":true,"minSize":-1,"experimentSpecificActivity":true,"optimizeSize":false}]}}
