{"modelSettings":{"letterOrder":"ACGTN","bindingModeInteractions":[],"bindingModes":[{"size":16,"fitLogActivity":true,"flankLength":0,"dinucleotideDistance":0,"componentName":"Binding mode 1","positionBias":false,"singleStrand":false,"modifications":[]}],"letterComplement":"C-G,A-T,N-N"},"coefficients":{"bindingModeInteractions":[],"bindingModes":[{"mononucleotide":[0,-0.3956387764785667,-0.40033034729778016,-0.4916108983458596,-0.3027995005620265,0,-0.9351547897746997,-0.650290805314933,-0.5236894012301452,-0.46730716737961925,0,-1.35269154913715,-0.9397536953501842,-0.30307002324786225,-0.5159156892547281,0,-0.810645220929791,-1.0525477577285898,-0.38359579371850216,-0.4800437612014461,-0.16180750708375768,-0.21874129853713598,-0.294938706670294,0,-0.16289790911601004,-1.3588131649071897,-0.6532631233633364,-1.8088605388098706,0,-0.7230130868855063,-2.6981625619386693,-1.8856023355550775,0,-2.4363764726589876,-1.118908876993093,-1.202613097884134,0,-2.2550266269864903,-1.9641221193328988,-0.9509094017376575,-2.415707963066132,-1.8853183464994707,-2.833261486957557,0,-1.1240027739438854,-2.27796160375666,-2.4737186017856443,0,-1.4352025996082727,-1.032241187691298,0,-2.610644735335416,-2.5221466366762937,-2.318849662094623,-1.1614235650232272,-2.368278324744055,0,-0.9883368613596986,-1.413750961984241,-0.8503472079065806,-0.7178151764099576,-0.8814338696330752,-0.06201907329559564,0,-0.34183192013010516,-0.6421387694431298,0,-1.016443734820581,-0.08583117206369106,-0.35460757298129875,0,-0.3813442321564109,-0.7276309996933259,-1.0628906559924545,-0.46543388002481156,0,-0.583410851184559,-0.040671770841445465,-0.45625278022518945,-0.238323892786813],"activity":[[0]],"dinucleotide":[],"positionBias":[],"modifications":[]}]},"modelFittingConstraints":{"enrichmentModel":[{}],"nShifts":0,"addBindingModesSequentially":true,"bindingModeInteractions":[],"flankLengths":[0],"singleModeLengthSweep":false,"bindingModes":[{"maxFlankLength":-1,"positionBiasBinWidth":1,"optimizeSizeHeuristic":false,"maxSize":-1,"optimizeFlankLength":false,"symmetryString":"null","roundSpecificActivity":true,"informationThreshold":0.1,"optimizeMotifShift":false,"fittingStages":[],"optimizeMotifShiftHeuristic":false,"experimentSpecificPositionBias":true,"minSize":-1,"experimentSpecificActivity":true,"optimizeSize":false}]}}
