{"modelSettings":{"letterOrder":"ACGTN","bindingModeInteractions":[],"bindingModes":[{"size":12,"fitLogActivity":true,"flankLength":0,"dinucleotideDistance":0,"componentName":"Binding mode 1","positionBias":false,"singleStrand":false,"modifications":[]}],"letterComplement":"C-G,A-T,N-N"},"coefficients":{"bindingModeInteractions":[],"bindingModes":[{"mononucleotide":[-0.333436649421774,-0.4233545235224305,0,-0.5485915300222857,-0.3048056075737752,-0.8131384447495371,0,-1.5818623764028406,-0.14278700360508623,-0.4636261492961011,-0.09490353087220527,0,-0.9160331605205219,-0.921671208935468,-0.39029920808797,0,-2.777753749208216,-2.5536470003439806,-3.4932979517747373,-1.2289693935797117,-4.715765458213214,-4.221131263867351,-4.507734579540029,0,-1.3522229978472762,-0.6572550263615575,-0.0889730901276451,-2.678802224694291,0,-0.4692888664847136,0,-1.5017059826683177,-2.002970349750667,-1.2337111426928224,-0.8861898656739106,0,-2.1902504454454395,-1.552652458742715,-2.8369570571790614,-1.0626337102248848,-4.513422668500091,-5.028221700324124,-4.575615681646337,0,-1.3588627857900915,-2.991581844391881,0,-4.240334981068134,-2.3334056393666334,-1.2365169367238034,0,-2.805251585901752,-3.2408312950159583,-1.6040592602703718,-1.1233906030285379,-0.965600131137009,-0.6226469859673642,-1.8443956577794296,0,-0.6561414818674358],"activity":[[0]],"dinucleotide":[],"positionBias":[],"modifications":[]}]},"modelFittingConstraints":{"enrichmentModel":[{}],"nShifts":0,"addBindingModesSequentially":true,"bindingModeInteractions":[],"flankLengths":[0],"singleModeLengthSweep":false,"bindingModes":[{"maxFlankLength":-1,"positionBiasBinWidth":1,"optimizeSizeHeuristic":false,"maxSize":-1,"optimizeFlankLength":false,"symmetryString":"null","roundSpecificActivity":true,"informationThreshold":0.1,"optimizeMotifShift":false,"fittingStages":[],"optimizeMotifShiftHeuristic":false,"experimentSpecificPositionBias":true,"minSize":-1,"experimentSpecificActivity":true,"optimizeSize":false}]}}
