{"modelSettings":{"letterOrder":"ACGTN","bindingModeInteractions":[],"bindingModes":[{"size":11,"fitLogActivity":true,"flankLength":0,"dinucleotideDistance":0,"componentName":"Binding mode 1","positionBias":false,"singleStrand":false,"modifications":[]}],"letterComplement":"C-G,A-T,N-N"},"coefficients":{"bindingModeInteractions":[],"bindingModes":[{"mononucleotide":[0,-1.266317422775293,-0.6699336893135843,-1.4705279323295137,-0.6815080017284924,-3.947950377328917,-2.924279435423891,-3.284942275928749,0,-1.2815377323644317,-3.14115248764859,-3.619108519831027,0,-1.264762038264383,-1.0844535187545616,0,-1.4015989748576096,-3.558392480145958,-2.2978870323310723,-1.0677253890001888,-1.7018507835889949,-2.374640771530702,0,-2.6309189936961133,-1.088113179644256,-4.050612406391048,-3.89864893132461,-4.2941801057971,0,-1.3362395271714353,-2.401797069706186,0,-4.2008567051569266,-4.124781596995682,-1.2714446600508829,0,-4.024725233510283,-3.8136358350764734,-4.567075837231554,-1.3371952698651715,-2.3924996623601604,-0.68715999300729,-1.531448193269739,0,-0.792621824936593,-0.3928844607217261,0,-0.7170213555043414,-0.5708965763511937,-0.38260478790881824,-0.2356890154810376,0,-0.12760091562429032,-0.3696901328243296,-0.1740024646939219],"activity":[[0]],"dinucleotide":[],"positionBias":[],"modifications":[]}]},"modelFittingConstraints":{"enrichmentModel":[{}],"nShifts":0,"addBindingModesSequentially":true,"bindingModeInteractions":[],"flankLengths":[0],"singleModeLengthSweep":false,"bindingModes":[{"maxFlankLength":-1,"positionBiasBinWidth":1,"optimizeSizeHeuristic":false,"maxSize":-1,"optimizeFlankLength":false,"symmetryString":"null","roundSpecificActivity":true,"informationThreshold":0.1,"optimizeMotifShift":false,"fittingStages":[],"optimizeMotifShiftHeuristic":false,"experimentSpecificPositionBias":true,"minSize":-1,"experimentSpecificActivity":true,"optimizeSize":false}]}}
