{"modelSettings":{"letterOrder":"ACGTN","bindingModeInteractions":[],"bindingModes":[{"size":14,"fitLogActivity":true,"flankLength":0,"dinucleotideDistance":0,"componentName":"Binding mode 2","positionBias":false,"singleStrand":false,"modifications":[]}],"letterComplement":"C-G,A-T,N-N"},"coefficients":{"bindingModeInteractions":[],"bindingModes":[{"mononucleotide":[-0.1929606658465124,-3.489793084674627,0,-0.43910038044212296,-0.47014857633585366,-1.7020544592238744,-0.8713980873706295,0,-1.13713697380421,-0.7332346505434675,-0.07666388575520511,-0.45701188073400445,-0.5955949953590678,0,-0.2514760224045112,0,-1.5902661035645007,-1.8448268645673707,-0.9748027043272587,-0.8328744043458176,-1.1979356104811747,0,-2.167176478629839,-1.6932277479952318,-0.916139497455575,0,-1.3936672619213146,-0.32326539570049917,-0.41713147259370276,-0.41897613135484013,-0.45713930907469713,0,-0.3647248029250614,-0.16388637919325566,-0.23057159649582462,-0.10040658772700617,0,-0.08427041376685107,-0.1951878532335254,-0.09257253150597647,-0.026229049991543185,-0.2783887221490775,0,-0.5008722416766602,-0.18118731225815563,-1.5032218758322768,-0.3838197117834725,-2.1339784591816473,0,-0.6821913646214338,-2.6498014387913202,-2.472647334533009,0,-4.271138860979629,-1.2301522289706588,-3.05676343950337,-2.0082472756254317,-2.170049442925018,0,-1.1274475112632927,-0.07537187683843793,-0.3215329833375935,-0.2580926175252185,0,-0.15520487802636915,-1.1679759683569513,0,-2.962823578658127,-1.3615776046559849,-0.9045321571500784],"activity":[[0]],"dinucleotide":[],"positionBias":[],"modifications":[]}]},"modelFittingConstraints":{"enrichmentModel":[{}],"nShifts":0,"addBindingModesSequentially":true,"bindingModeInteractions":[],"flankLengths":[0],"singleModeLengthSweep":false,"bindingModes":[{"maxFlankLength":-1,"positionBiasBinWidth":1,"optimizeSizeHeuristic":false,"maxSize":-1,"optimizeFlankLength":false,"symmetryString":"null","roundSpecificActivity":true,"informationThreshold":0.1,"optimizeMotifShift":false,"fittingStages":[],"optimizeMotifShiftHeuristic":false,"experimentSpecificPositionBias":true,"minSize":-1,"experimentSpecificActivity":true,"optimizeSize":false}]}}
