{"modelSettings":{"letterOrder":"ACGTN","bindingModeInteractions":[],"bindingModes":[{"size":14,"fitLogActivity":true,"flankLength":0,"dinucleotideDistance":0,"componentName":"Binding mode 1","positionBias":false,"singleStrand":false,"modifications":[]}],"letterComplement":"C-G,A-T,N-N"},"coefficients":{"bindingModeInteractions":[],"bindingModes":[{"mononucleotide":[-0.36576452017388306,-2.1945810846106664,0,-2.3465726495876975,-0.744036380824563,-2.5358667527014287,-2.4563650303804225,0,-1.7452424695062159,-1.0939667711143772,-0.2691286169471496,-0.46994885221472416,-0.8908895719877132,0,-0.35690003208653814,0,-2.3074495808507667,-2.425048339672802,-1.841668139410805,-1.0887550621871447,-2.795388546019062,0,-2.5631132239696655,-2.861117357963,-1.2078466421147032,0,-1.3948536900329795,-0.34965881968129775,-1.287792285169171,-0.5848862119126536,-0.7632618992406837,0,-0.6488927802552187,-0.3052900443544857,-0.38357746673186616,-0.4990264891755434,0,-0.01661407820639571,-0.29668362039538465,-0.18214445667637472,-0.5518992961713431,-0.8560648727240348,0,-0.8196011613295195,-0.493766559643953,-1.521167137113959,-0.8174831570581018,-2.1151070322087353,0,-0.8093334753933156,-2.5168325504987363,-2.579858949640885,0,-2.68156774604867,-1.1833900043081258,-2.4122183365442034,-2.377580857374066,-2.31825047572143,0,-1.1387808369212704,-0.25047056570187465,-0.7469780551235692,-0.8599467818680786,0,-0.402189788097364,-1.9327845237145134,0,-2.0896270600341285,-2.4418165076279994,-1.0821383340909771],"activity":[[0]],"dinucleotide":[],"positionBias":[],"modifications":[]}]},"modelFittingConstraints":{"enrichmentModel":[{}],"nShifts":0,"addBindingModesSequentially":true,"bindingModeInteractions":[],"flankLengths":[0],"singleModeLengthSweep":false,"bindingModes":[{"maxFlankLength":-1,"positionBiasBinWidth":1,"optimizeSizeHeuristic":false,"maxSize":-1,"optimizeFlankLength":false,"symmetryString":"null","roundSpecificActivity":true,"informationThreshold":0.1,"optimizeMotifShift":false,"fittingStages":[],"optimizeMotifShiftHeuristic":false,"experimentSpecificPositionBias":true,"minSize":-1,"experimentSpecificActivity":true,"optimizeSize":false}]}}
