{"modelSettings":{"letterOrder":"ACGTN","bindingModeInteractions":[],"bindingModes":[{"size":10,"fitLogActivity":true,"flankLength":0,"dinucleotideDistance":0,"componentName":"Binding mode 1","positionBias":false,"singleStrand":false,"modifications":[]}],"letterComplement":"C-G,A-T,N-N"},"coefficients":{"bindingModeInteractions":[],"bindingModes":[{"mononucleotide":[-0.20368707922895268,-0.2817040016726562,0,-0.3812049875570098,-0.20663911794140802,0,-2.643362329560492,-1.0214308911128671,-3.181585097875886,-0.9991827463961471,-2.995634079538749,-2.3920219058348913,-3.2048557137412272,0,-1.2190743706786096,-2.8671599233084866,-2.7561213081738223,0,-0.9753298100107082,-0.9825200874307474,0,-2.8738362594746736,-2.5338269101003177,-2.773640587380947,-1.2054147772973032,-2.734796080478717,0,-2.5381986439524535,-1.512738360520446,-1.0757102707730075,-1.8220944879373864,-3.1000568389484684,0,-2.8578906995953437,-1.1519157032136556,-2.582711105140782,-1.9621027082762148,-2.559195051793939,0,-1.1289438826290343,-0.17763478127899912,0,-2.266657420947856,-2.307130815459604,-0.6731226696833904,0,-2.228557392952557,-1.7596380340399893,-1.5634933143439431,-0.9880592644302212],"activity":[[0]],"dinucleotide":[],"positionBias":[],"modifications":[]}]},"modelFittingConstraints":{"enrichmentModel":[{}],"nShifts":0,"addBindingModesSequentially":true,"bindingModeInteractions":[],"flankLengths":[0],"singleModeLengthSweep":false,"bindingModes":[{"maxFlankLength":-1,"positionBiasBinWidth":1,"optimizeSizeHeuristic":false,"maxSize":-1,"optimizeFlankLength":false,"symmetryString":"null","roundSpecificActivity":true,"informationThreshold":0.1,"optimizeMotifShift":false,"fittingStages":[],"optimizeMotifShiftHeuristic":false,"experimentSpecificPositionBias":true,"minSize":-1,"experimentSpecificActivity":true,"optimizeSize":false}]}}
