{"modelSettings":{"letterOrder":"ACGTN","bindingModeInteractions":[],"bindingModes":[{"size":13,"fitLogActivity":true,"flankLength":0,"dinucleotideDistance":0,"componentName":"Binding mode 1","positionBias":false,"singleStrand":false,"modifications":[]}],"letterComplement":"C-G,A-T,N-N"},"coefficients":{"bindingModeInteractions":[],"bindingModes":[{"mononucleotide":[-0.12672626768974737,-0.004380538157807479,0,-0.2153849991840353,-0.08261157521603184,-0.2084033913811112,-0.023113607877016662,-0.46502441551452733,0,-0.15748728595471256,-1.4516966610742283,-1.9390361156669624,-2.355889018601452,0,-0.9991124760169425,0,-3.1436189888387105,-1.9378773471712951,-1.5382779932440727,-1.0484756502970662,0,-3.2891736203106987,-3.2880841437195594,-3.43944484691617,-1.284918587141242,-3.230630467245,-2.510239402252512,-3.2080418029715543,0,-1.2368257080866898,-2.093768831393331,-1.1291152087506884,-1.9386452994829955,0,-0.9222837701792986,0,-1.1273533546542023,-0.6146705226009157,-1.6248060336535048,-0.6627837166956775,0,-0.7268296855498431,-0.00831811359619472,-1.5378750607805198,-0.396755867782581,0,-1.6022777732329088,-0.9263624380492583,-1.4791892500809656,-0.7845768357321983,-1.9489097009754426,-2.3481480336659497,-1.7465344367567606,0,-1.0410376522190463,-1.333563317234578,-1.3079229430119685,-2.0073998219162617,0,-0.8745161223229339,0,-2.119845258579425,-1.938085707156227,-1.1871748895531606,-0.9357848596687983],"activity":[[0]],"dinucleotide":[],"positionBias":[],"modifications":[]}]},"modelFittingConstraints":{"enrichmentModel":[{}],"nShifts":0,"addBindingModesSequentially":true,"bindingModeInteractions":[],"flankLengths":[0],"singleModeLengthSweep":false,"bindingModes":[{"maxFlankLength":-1,"positionBiasBinWidth":1,"optimizeSizeHeuristic":false,"maxSize":-1,"optimizeFlankLength":false,"symmetryString":"null","roundSpecificActivity":true,"informationThreshold":0.1,"optimizeMotifShift":false,"fittingStages":[],"optimizeMotifShiftHeuristic":false,"experimentSpecificPositionBias":true,"minSize":-1,"experimentSpecificActivity":true,"optimizeSize":false}]}}
