{"modelSettings":{"letterOrder":"ACGTN","bindingModeInteractions":[],"bindingModes":[{"size":13,"fitLogActivity":true,"flankLength":0,"dinucleotideDistance":0,"componentName":"Binding mode 1","positionBias":false,"singleStrand":false,"modifications":[]}],"letterComplement":"C-G,A-T,N-N"},"coefficients":{"bindingModeInteractions":[],"bindingModes":[{"mononucleotide":[0,-0.020384406716209114,-0.05363886346437852,-0.19786423833315858,-0.0650513174264931,-0.3264400393537965,-0.06281548262817438,-0.40705797766072394,0,-0.18446085107311658,-1.6839859290339039,-4.492562163351329,-2.5003091769942474,0,-1.1403064318433407,-1.7045403221534299,-2.98372191636874,0,-3.425132120949373,-1.1512182219443279,0,-3.3451440919677937,-3.5213621196520632,-3.297695446359305,-1.2893649982559046,-3.269396987870178,-2.852654580575056,-2.9297901372845487,0,-1.2472904713989676,-2.1048990068163853,-1.7031661641858582,-1.8220131760201195,0,-1.003986043226054,0,-1.2507124969549892,-0.7657717038672907,-3.3268703297081164,-0.8056548393972983,0,-0.6298793589058231,-0.23986071048812185,-1.5796697582235621,-0.4598803921261655,0,-0.9000217579263996,-0.4399409650942294,-0.9875906822236882,-0.5012432346705654,-2.657898597098254,-2.593503241584032,-2.8075315576339275,0,-1.199643156806167,-2.5104676922279503,-0.2666680997976467,-2.1562639521167553,0,-0.7118641210705171,0,-1.3855536950579879,-0.44351171398253975,-0.7727536355680709,-0.5303041869364153],"activity":[[0]],"dinucleotide":[],"positionBias":[],"modifications":[]}]},"modelFittingConstraints":{"enrichmentModel":[{}],"nShifts":0,"addBindingModesSequentially":true,"bindingModeInteractions":[],"flankLengths":[0],"singleModeLengthSweep":false,"bindingModes":[{"maxFlankLength":-1,"positionBiasBinWidth":1,"optimizeSizeHeuristic":false,"maxSize":-1,"optimizeFlankLength":false,"symmetryString":"null","roundSpecificActivity":true,"informationThreshold":0.1,"optimizeMotifShift":false,"fittingStages":[],"optimizeMotifShiftHeuristic":false,"experimentSpecificPositionBias":true,"minSize":-1,"experimentSpecificActivity":true,"optimizeSize":false}]}}
