{"modelSettings":{"letterOrder":"ACGTN","bindingModeInteractions":[],"bindingModes":[{"size":13,"fitLogActivity":true,"flankLength":0,"dinucleotideDistance":0,"componentName":"Binding mode 1","positionBias":false,"singleStrand":false,"modifications":[]}],"letterComplement":"C-G,A-T,N-N"},"coefficients":{"bindingModeInteractions":[],"bindingModes":[{"mononucleotide":[-0.2934834226773795,-0.23133304769259944,-0.26557441717763375,0,-0.19058496862183705,0,-0.6616062190158303,-0.7796317003190936,-0.851427983864733,-0.5102417428007686,-2.5780767252374,0,-1.052112024155818,-0.4891113640257352,-0.6741829592655545,-1.4061335350315236,-2.905551355260288,-2.3802235425318345,0,-1.0553103102228143,-2.9339998729129606,-3.52903062620573,-3.948663102082797,0,-1.289351259823962,-1.788254134076304,0,-3.8722930479509112,-3.1117248572187464,-1.1771794724053437,-3.416851546389845,0,-2.521947933435862,-2.893969446491539,-1.230595169503712,-2.1970125605108617,-1.0251541356917127,0,-0.11564222705421567,-0.5273490087794874,-1.295500901806589,-0.23323922298078248,0,-0.2693691125646911,-0.3461639320994463,-0.21470741652785374,0,-0.007834687376683469,-0.18925050699069423,-0.09801187607546576,-0.6774836212199116,-1.0175545727210613,-1.0383895621945234,0,-0.5872587738039052,-0.2536865155851773,-0.3241193395015962,-0.3879456190812709,0,-0.23018447441037976,-0.23470693015506905,0,-0.17497358533268947,-0.18507037745802535,-0.1446421560440901],"activity":[[0]],"dinucleotide":[],"positionBias":[],"modifications":[]}]},"modelFittingConstraints":{"enrichmentModel":[{}],"nShifts":0,"addBindingModesSequentially":true,"bindingModeInteractions":[],"flankLengths":[0],"singleModeLengthSweep":false,"bindingModes":[{"maxFlankLength":-1,"positionBiasBinWidth":1,"optimizeSizeHeuristic":false,"maxSize":-1,"optimizeFlankLength":false,"symmetryString":"null","roundSpecificActivity":true,"informationThreshold":0.1,"optimizeMotifShift":false,"fittingStages":[],"optimizeMotifShiftHeuristic":false,"experimentSpecificPositionBias":true,"minSize":-1,"experimentSpecificActivity":true,"optimizeSize":false}]}}
