{"modelSettings":{"letterOrder":"ACGTN","bindingModeInteractions":[],"bindingModes":[{"size":13,"fitLogActivity":true,"flankLength":0,"dinucleotideDistance":0,"componentName":"Binding mode 1","positionBias":false,"singleStrand":false,"modifications":[]}],"letterComplement":"C-G,A-T,N-N"},"coefficients":{"bindingModeInteractions":[],"bindingModes":[{"mononucleotide":[-0.13669514785133252,-0.07952366890156526,-0.12125923155440255,0,-0.08294785785895956,-0.18267108938954557,-0.15293727956246794,-0.3713212368206613,0,-0.16810865160960234,0,-0.8747119356267019,-0.717408075495332,-0.627898508905004,-0.4948252106863439,-2.4810885443139474,0,-1.1656349906618493,-0.5739256536388084,-0.7140202617632655,-1.3669258314502004,-3.484134711102988,-1.7744946777111164,0,-1.011193112259052,-3.155717503832602,-3.7664186815819853,-3.828649177923889,0,-1.3024298445504165,-2.8716517722206336,0,-3.6420824320679808,-3.925996143387331,-1.2886908466896,-4.119952870868562,0,-3.6292758130601177,-3.336854633512121,-1.3108814904596342,-1.6377877574226636,-1.257724977263595,0,-0.21701348137050847,-0.5605285840571664,-1.227196866495916,-0.1372920436248517,0,-0.27433086808467877,-0.3130309170032388,-0.10713636802373294,-0.10350023781066042,0,-0.24942627033828213,-0.1111196532919693,-0.4940924480631419,-1.0496152151358635,-1.3491634092851936,0,-0.5889430193527297,-0.16516091645479758,-0.38316223192040866,-0.47761198238277025,0,-0.23898004084651048],"activity":[[0]],"dinucleotide":[],"positionBias":[],"modifications":[]}]},"modelFittingConstraints":{"enrichmentModel":[{}],"nShifts":0,"addBindingModesSequentially":true,"bindingModeInteractions":[],"flankLengths":[0],"singleModeLengthSweep":false,"bindingModes":[{"maxFlankLength":-1,"positionBiasBinWidth":1,"optimizeSizeHeuristic":false,"maxSize":-1,"optimizeFlankLength":false,"symmetryString":"null","roundSpecificActivity":true,"informationThreshold":0.1,"optimizeMotifShift":false,"fittingStages":[],"optimizeMotifShiftHeuristic":false,"experimentSpecificPositionBias":true,"minSize":-1,"experimentSpecificActivity":true,"optimizeSize":false}]}}
