{"modelSettings":{"letterOrder":"ACGTN","bindingModeInteractions":[],"bindingModes":[{"size":13,"fitLogActivity":true,"flankLength":0,"dinucleotideDistance":0,"componentName":"Binding mode 1","positionBias":false,"singleStrand":false,"modifications":[]}],"letterComplement":"C-G,A-T,N-N"},"coefficients":{"bindingModeInteractions":[],"bindingModes":[{"mononucleotide":[0,-0.23705699441442984,-0.09745607704137527,-0.24245890446550256,-0.13903666151245236,-0.010478550874311487,-0.2680952670526313,0,-0.23046110873343562,-0.11974729064583986,0,-1.5139240205805842,-0.4541360316027241,-0.8206099365041761,-0.5554725149946078,-1.7176044556213914,0,-1.6303664947352376,-1.6151150682629214,-0.9325336943753838,-1.5753026014294425,0,-3.663880275772167,-3.781530572154905,-1.1588675443412022,-3.9497354738163444,-3.5826473594290054,0,-3.7100846788125184,-1.3172000658169964,-4.099250005721982,-3.783411934171508,0,-1.9016424035952375,-1.2134734319734073,0,-2.9082683270528427,-3.7069620249456032,-3.417770213122479,-1.2802172602291624,0,-1.1493131426720145,-3.2947889442425815,-0.7149258389930719,-0.7748136363294896,-0.23300322580068933,-2.0801649443291708,0,-1.0014982549490177,-0.5601956362846766,-2.1397482462839243,-0.6230144974685086,-1.5141511084035364,0,-0.7582167379349305,-0.4107040543304503,-0.13034987326857017,0,-0.4646842842833294,-0.23278207806124296,-0.2951448903037317,0,-0.1731420469280991,-0.5624126285809607,-0.23721887308548498],"activity":[[0]],"dinucleotide":[],"positionBias":[],"modifications":[]}]},"modelFittingConstraints":{"enrichmentModel":[{}],"nShifts":0,"addBindingModesSequentially":true,"bindingModeInteractions":[],"flankLengths":[0],"singleModeLengthSweep":false,"bindingModes":[{"maxFlankLength":-1,"positionBiasBinWidth":1,"optimizeSizeHeuristic":false,"maxSize":-1,"optimizeFlankLength":false,"symmetryString":"null","roundSpecificActivity":true,"informationThreshold":0.1,"optimizeMotifShift":false,"fittingStages":[],"optimizeMotifShiftHeuristic":false,"experimentSpecificPositionBias":true,"minSize":-1,"experimentSpecificActivity":true,"optimizeSize":false}]}}
