{"modelSettings":{"letterOrder":"ACGTN","bindingModeInteractions":[],"bindingModes":[{"size":12,"fitLogActivity":true,"flankLength":0,"dinucleotideDistance":0,"componentName":"Binding mode 1","positionBias":false,"singleStrand":false,"modifications":[]}],"letterComplement":"C-G,A-T,N-N"},"coefficients":{"bindingModeInteractions":[],"bindingModes":[{"mononucleotide":[-0.308665872397766,-0.08658022113393304,-0.2267078829418736,0,-0.14831391496056184,-1.1544810436379436,-0.6112752251165183,-1.0538323724674195,0,-0.5948964555464129,-0.8262152741240145,0,-0.5134405839341811,-1.844942981402788,-0.6004904519793657,0,-1.5194327329926924,-1.3284657194827085,-2.5760544095478495,-0.9417412967179333,0,-3.1381708930503165,-2.948844975503319,-2.8377782222578447,-1.2427847952119395,-3.197932139316721,-3.4539106895844203,0,-2.6316731438619976,-1.2513909163570636,-3.712751865004236,-3.6583947080342982,0,-3.1492578648294525,-1.2973058923217624,-1.8998092299591258,-3.0786349337180794,-1.3352947990540924,0,-1.0087488699911977,-3.53176339484228,0,-2.6661966451602246,-1.7298677348044835,-1.142503627122218,0,-2.945898913867185,-1.5034887627073656,-2.516587792965317,-1.0820188603750605,0,-0.10727937891460204,-0.5100509423754414,-0.092209250504097,-0.15939030554493563,-0.15825641382742628,-0.4004559246109167,-0.14182315288464054,0,-0.1650456254356622],"activity":[[0]],"dinucleotide":[],"positionBias":[],"modifications":[]}]},"modelFittingConstraints":{"enrichmentModel":[{}],"nShifts":0,"addBindingModesSequentially":true,"bindingModeInteractions":[],"flankLengths":[0],"singleModeLengthSweep":false,"bindingModes":[{"maxFlankLength":-1,"positionBiasBinWidth":1,"optimizeSizeHeuristic":false,"maxSize":-1,"optimizeFlankLength":false,"symmetryString":"null","roundSpecificActivity":true,"informationThreshold":0.1,"optimizeMotifShift":false,"fittingStages":[],"optimizeMotifShiftHeuristic":false,"experimentSpecificPositionBias":true,"minSize":-1,"experimentSpecificActivity":true,"optimizeSize":false}]}}
