{"modelSettings":{"letterOrder":"ACGTN","bindingModeInteractions":[],"bindingModes":[{"size":12,"fitLogActivity":true,"flankLength":0,"dinucleotideDistance":0,"componentName":"Binding mode 1","positionBias":false,"singleStrand":false,"modifications":[]}],"letterComplement":"C-G,A-T,N-N"},"coefficients":{"bindingModeInteractions":[],"bindingModes":[{"mononucleotide":[0,-0.6178463588202066,-0.8249437301201983,-0.19144804846651287,-0.3555589948652999,-0.18911746629375603,0,-0.24576833319720848,-0.5207874957911276,-0.22194264251809287,-0.2396751640878989,-1.2485177418027416,-0.9787395948950417,0,-0.4903705727004625,-2.8028069998846092,-2.627645714970108,-3.0969280308538134,0,-1.2224119583830586,-1.3149105930603824,-2.7023126941678077,0,-3.6732274728763783,-1.0781165397339103,-3.3193427736765195,-2.7123018661134832,-3.6116402114263555,0,-1.2644591584347722,-2.2263390780556183,-3.0196890937531555,-0.9545276790461266,0,-0.9533871616435524,-1.691163672068182,-2.5559104360158122,-0.5263048446365035,0,-0.7696446920764128,0,-1.2712410229616724,-1.8468439935459484,-0.6220086440797807,-0.705684194350097,-1.9959293261598279,0,-1.8693241787800785,-0.5874211311198314,-0.7733415719601618,-0.34290216773787385,-0.35249532869722966,0,-0.12852043135980828,-0.19478841953274387,-0.16869734604691677,-0.49546139353135255,-0.4699162404379571,0,-0.26165413180420627],"activity":[[0]],"dinucleotide":[],"positionBias":[],"modifications":[]}]},"modelFittingConstraints":{"enrichmentModel":[{}],"nShifts":0,"addBindingModesSequentially":true,"bindingModeInteractions":[],"flankLengths":[0],"singleModeLengthSweep":false,"bindingModes":[{"maxFlankLength":-1,"positionBiasBinWidth":1,"optimizeSizeHeuristic":false,"maxSize":-1,"optimizeFlankLength":false,"symmetryString":"null","roundSpecificActivity":true,"informationThreshold":0.1,"optimizeMotifShift":false,"fittingStages":[],"optimizeMotifShiftHeuristic":false,"experimentSpecificPositionBias":true,"minSize":-1,"experimentSpecificActivity":true,"optimizeSize":false}]}}
