{"modelSettings":{"letterOrder":"ACGTN","bindingModeInteractions":[],"bindingModes":[{"size":14,"fitLogActivity":true,"flankLength":0,"dinucleotideDistance":0,"componentName":"Binding mode 1","positionBias":false,"singleStrand":false,"modifications":[]}],"letterComplement":"C-G,A-T,N-N"},"coefficients":{"bindingModeInteractions":[],"bindingModes":[{"mononucleotide":[-0.5138946898604111,-0.32149300012455484,-0.8918748557657588,0,-0.38085287350732927,-0.35237753911875913,-1.4008730437267154,-1.7169208812104042,0,-0.6306350293054259,0,-1.64074761296063,-0.6658277386988387,-1.0218773149141218,-0.6599050152996959,-0.1849920084681269,-0.4975867260733029,-0.5535566333614454,0,-0.28302342951979936,-0.2592416338878749,-1.495086647457585,0,-2.566999112674523,-0.6574754079780841,-1.0881772689805502,-1.381945984216757,-2.4539242540427173,0,-0.8711530883049681,0,-0.40186687752193606,-3.782846466080437,-1.4571719146300524,-0.7315130188458221,0,-2.3930059724509065,-3.72896415191563,-3.4207500026294904,-1.2482205624181033,0,-3.5092153783631224,-2.709997210324943,-1.8275171390043665,-1.1573518793847597,-4.038259400932176,0,-3.17668906282244,-0.23146439736977698,-0.7696381060091959,0,-3.008292084824391,-1.0468019709753906,-2.6218279519171337,-0.9989222875775569,0,-1.106606380796776,-1.0171523987890239,-0.2745178227055778,-0.48929208006339064,0,-0.4226000725806962,-0.7192270418758926,-0.16133372722924477,-0.28985866314313347,-0.05699322019687614,-0.2063917016534429,-0.1388194922057897,0,-0.09747503293824492],"activity":[[0]],"dinucleotide":[],"positionBias":[],"modifications":[]}]},"modelFittingConstraints":{"enrichmentModel":[{}],"nShifts":0,"addBindingModesSequentially":true,"bindingModeInteractions":[],"flankLengths":[0],"singleModeLengthSweep":false,"bindingModes":[{"maxFlankLength":-1,"positionBiasBinWidth":1,"optimizeSizeHeuristic":false,"maxSize":-1,"optimizeFlankLength":false,"symmetryString":"null","roundSpecificActivity":true,"informationThreshold":0.1,"optimizeMotifShift":false,"fittingStages":[],"optimizeMotifShiftHeuristic":false,"experimentSpecificPositionBias":true,"minSize":-1,"experimentSpecificActivity":true,"optimizeSize":false}]}}
