{"modelSettings":{"letterOrder":"ACGTN","bindingModeInteractions":[],"bindingModes":[{"size":12,"fitLogActivity":true,"flankLength":0,"dinucleotideDistance":0,"componentName":"Binding mode 2","positionBias":false,"singleStrand":false,"modifications":[]}],"letterComplement":"C-G,A-T,N-N"},"coefficients":{"bindingModeInteractions":[],"bindingModes":[{"mononucleotide":[-0.5220110234385107,0,-0.42808902126627224,-0.3779585383262116,-0.31117642976060694,-0.8519911792332309,-2.221784991271848,0,-2.6907985870559568,-0.9145379647659758,-1.3551382627819901,-2.2200054077635816,-2.1485346733801993,0,-0.992109217188773,0,-0.7065186114990905,-2.499380707358986,-2.2995014529238675,-0.8700016250651984,0,-1.5796913367969907,-2.773420142436567,-2.954694587936026,-1.1082223341596713,0,-2.412292941536287,-2.897132710137062,-2.8469137445086865,-1.2016306141888287,-3.716089854065414,0,-3.0668395320113344,-1.4712212943255611,-1.123513367254539,0,-2.622385227676734,-2.294902053527381,-2.4654620403806353,-1.1564769255893286,0,-0.6768775342249294,-0.7399344476391825,-0.09086889894571648,-0.3221065305836431,-0.5752316817870247,-0.41282468577651965,0,-0.5642956327290163,-0.35913746298312793,-0.4199649596180328,-0.7116789429187316,-0.5599900974580128,0,-0.3859919427427793,-0.42065317263223534,-0.696519788940595,-0.8949440137655147,0,-0.44489556858045587],"activity":[[0]],"dinucleotide":[],"positionBias":[],"modifications":[]}]},"modelFittingConstraints":{"enrichmentModel":[{}],"nShifts":0,"addBindingModesSequentially":true,"bindingModeInteractions":[],"flankLengths":[0],"singleModeLengthSweep":false,"bindingModes":[{"maxFlankLength":-1,"positionBiasBinWidth":1,"optimizeSizeHeuristic":false,"maxSize":-1,"optimizeFlankLength":false,"symmetryString":"null","roundSpecificActivity":true,"informationThreshold":0.1,"optimizeMotifShift":false,"fittingStages":[],"optimizeMotifShiftHeuristic":false,"experimentSpecificPositionBias":true,"minSize":-1,"experimentSpecificActivity":true,"optimizeSize":false}]}}
