{"modelSettings":{"letterOrder":"ACGTN","bindingModeInteractions":[],"bindingModes":[{"size":12,"fitLogActivity":true,"flankLength":0,"dinucleotideDistance":0,"componentName":"Binding mode 1","positionBias":false,"singleStrand":false,"modifications":[]}],"letterComplement":"C-G,A-T,N-N"},"coefficients":{"bindingModeInteractions":[],"bindingModes":[{"mononucleotide":[0,-0.5660070668276891,-0.8010386364494213,-0.07410607883035958,-0.30610956665331146,-0.25014974761457687,0,-0.41028160471419284,-0.04440391652182285,-0.16289692338028167,-0.7665414374252553,-2.7449318752301948,0,-3.3678754670873987,-0.9394745010413041,-1.1784978005147035,-2.492067688857173,-2.763649380304161,0,-1.0122919846916751,0,-0.30807897690597663,-3.0420097067284435,-2.9959687111672735,-0.7805671989899088,0,-2.2836997289842262,-3.496800628674472,-3.2134572186813166,-1.227226107809833,0,-3.6677181478929404,-2.9378995137114345,-3.5551696982727896,-1.2845611404062507,-3.2654915469971777,0,-3.7588737102988707,-1.0176136656720551,-1.0335659666705537,0,-3.5610557370955314,-3.669408542266581,-3.253131756841011,-1.2977769036292264,0,-1.2276763797062138,-1.0235359909782487,-0.1876826516552308,-0.4775631770971232,-0.3517390137384808,-0.032094066942607746,0,-0.03198899384180631,-0.09420177991604807,-0.30303497551138125,-0.7286678690860806,-0.7268406047987521,0,-0.39135564646051885],"activity":[[0]],"dinucleotide":[],"positionBias":[],"modifications":[]}]},"modelFittingConstraints":{"enrichmentModel":[{}],"nShifts":0,"addBindingModesSequentially":true,"bindingModeInteractions":[],"flankLengths":[0],"singleModeLengthSweep":false,"bindingModes":[{"maxFlankLength":-1,"positionBiasBinWidth":1,"optimizeSizeHeuristic":false,"maxSize":-1,"optimizeFlankLength":false,"symmetryString":"null","roundSpecificActivity":true,"informationThreshold":0.1,"optimizeMotifShift":false,"fittingStages":[],"optimizeMotifShiftHeuristic":false,"experimentSpecificPositionBias":true,"minSize":-1,"experimentSpecificActivity":true,"optimizeSize":false}]}}
