{"modelSettings":{"letterOrder":"ACGTN","bindingModeInteractions":[],"bindingModes":[{"size":14,"fitLogActivity":true,"flankLength":0,"dinucleotideDistance":0,"componentName":"Binding mode 1","positionBias":false,"singleStrand":false,"modifications":[]}],"letterComplement":"C-G,A-T,N-N"},"coefficients":{"bindingModeInteractions":[],"bindingModes":[{"mononucleotide":[0,-0.28798867013987994,-0.23690964964719363,-0.3337412142722558,-0.20608003514458692,0,-1.0185740067375963,-0.6202153451919017,-0.5936384679158841,-0.4896953786701016,0,-2.3091617906496045,-1.1962058662431811,-0.898924438802859,-0.7936910773360131,0,-2.1140449237000167,-1.8502320880515204,-1.1425787960073457,-0.9182021997023457,-4.290984846635399,0,-1.7720898575205353,-3.3141739292272576,-1.1874165363291787,-1.5606428200257785,0,-1.8678971946394594,-0.5889897779537288,-0.73431470813812,-1.0898237817267566,-1.093964917555962,0,-0.8873348321324235,-0.6525267322296743,-3.3126386203318026,-3.4668648070179846,0,-3.606225359211727,-1.2957328557893424,-1.3914454874989448,-1.5405127754026084,-2.671159341051991,0,-0.9596166955493408,-1.3600152331295883,-1.2385491810696818,-1.8713317061085157,0,-0.8554427320787571,-0.567832316094572,0,-1.2804127709152504,-0.49428532913455747,-0.4882971753925985,0,-0.996485829352705,-0.5921146493686047,-0.5321284357315639,-0.46613738637201124,0,-1.559400458939911,-1.6995874286691297,-0.005917809208569658,-0.5162064619199879,-0.5325541268715339,0,-2.0155226773735846,-1.191697354334385,-0.6811891709175718],"activity":[[0]],"dinucleotide":[],"positionBias":[],"modifications":[]}]},"modelFittingConstraints":{"enrichmentModel":[{}],"nShifts":0,"addBindingModesSequentially":true,"bindingModeInteractions":[],"flankLengths":[0],"singleModeLengthSweep":false,"bindingModes":[{"maxFlankLength":-1,"positionBiasBinWidth":1,"optimizeSizeHeuristic":false,"maxSize":-1,"optimizeFlankLength":false,"symmetryString":"null","roundSpecificActivity":true,"informationThreshold":0.1,"optimizeMotifShift":false,"fittingStages":[],"optimizeMotifShiftHeuristic":false,"experimentSpecificPositionBias":true,"minSize":-1,"experimentSpecificActivity":true,"optimizeSize":false}]}}
