{"modelSettings":{"letterOrder":"ACGTN","bindingModeInteractions":[],"bindingModes":[{"size":14,"fitLogActivity":true,"flankLength":0,"dinucleotideDistance":0,"componentName":"Binding mode 1","positionBias":false,"singleStrand":false,"modifications":[]}],"letterComplement":"C-G,A-T,N-N"},"coefficients":{"bindingModeInteractions":[],"bindingModes":[{"mononucleotide":[0,-1.030788738946062,-1.2847117021752528,-0.2349789358851293,-0.5008574128475698,-0.01015902942272362,-1.7819807522895115,-1.0360174705787797,0,-0.46479243950058546,-0.06567640333307789,-1.989527765738245,-0.6404343203534406,0,-0.43068396136268533,0,-0.8313380861932691,-0.4402485931868574,-0.1770905427829046,-0.3157227375725275,-0.18862981458807582,-1.2935357314485252,0,-0.10610642189836295,-0.28710852005318,-1.3556024748857558,0,-0.6217613933314912,-0.12180143791189124,-0.4004350983946783,-1.7706424106325809,0,-2.852306805716464,-0.20216055859833393,-0.6709462617833325,0,-2.8517389818854544,-2.6617806747097243,-3.045391780509209,-1.2249025922816033,0,-3.317864249106165,-3.342000460423563,-3.4647196457401317,-1.288371197918397,-3.706189223011239,-3.575623219345206,-3.547452786935018,0,-1.3080685166960535,-3.0070699583643163,-2.862454191911464,-3.273224938892008,0,-1.2513712746387367,0,-1.1429801385976557,-3.00692858363819,-3.1068009690044294,-1.0405406835010549,-0.09568234212182336,-0.46611133887718914,0,-0.10372827817023378,-0.15150327290974344,-0.5287479870228191,0,-0.05954838360115744,-0.14493791130402656,-0.16351698000470302],"activity":[[0]],"dinucleotide":[],"positionBias":[],"modifications":[]}]},"modelFittingConstraints":{"enrichmentModel":[{}],"nShifts":0,"addBindingModesSequentially":true,"bindingModeInteractions":[],"flankLengths":[0],"singleModeLengthSweep":false,"bindingModes":[{"maxFlankLength":-1,"positionBiasBinWidth":1,"optimizeSizeHeuristic":false,"maxSize":-1,"optimizeFlankLength":false,"symmetryString":"null","roundSpecificActivity":true,"informationThreshold":0.1,"optimizeMotifShift":false,"fittingStages":[],"optimizeMotifShiftHeuristic":false,"experimentSpecificPositionBias":true,"minSize":-1,"experimentSpecificActivity":true,"optimizeSize":false}]}}
