{"modelSettings":{"letterOrder":"ACGTN","bindingModeInteractions":[],"bindingModes":[{"size":10,"fitLogActivity":true,"flankLength":0,"dinucleotideDistance":0,"componentName":"Binding mode 1","positionBias":false,"singleStrand":false,"modifications":[]}],"letterComplement":"C-G,A-T,N-N"},"coefficients":{"bindingModeInteractions":[],"bindingModes":[{"mononucleotide":[0,-0.1698987982006992,-0.11341615816262163,-0.29893974458459427,-0.1397986076320822,-0.3584618747854318,-0.19588747480181024,0,-1.0021307003664959,-0.32574695564265843,-0.6796017443192788,-0.3176442246390079,-1.2497993582139755,0,-0.46154241421193937,0,-0.23842732320870708,-1.1575839846933749,-0.8801483229171498,-0.46329346319465714,0,-1.71580352473071,-0.9313110358256742,-1.8207605970882306,-0.8348498615712973,-2.7857316344951704,-2.8894581997281747,-2.573662786719035,0,-1.2093656536215938,0,-2.003471756344977,-1.7328588473619684,-0.29216674333023995,-0.6644195104398246,0,-2.2956404572498945,-2.4403944813085525,-1.6971174775969944,-1.0707289947195815,0,-1.1975031456727954,-1.8251983662501048,-1.2627140866550777,-0.8289565569776848,0,-0.7272552244785846,-0.7742691920927833,-0.6778340959299594,-0.48939458677036807],"activity":[[0]],"dinucleotide":[],"positionBias":[],"modifications":[]}]},"modelFittingConstraints":{"enrichmentModel":[{}],"nShifts":0,"addBindingModesSequentially":true,"bindingModeInteractions":[],"flankLengths":[0],"singleModeLengthSweep":false,"bindingModes":[{"maxFlankLength":-1,"positionBiasBinWidth":1,"optimizeSizeHeuristic":false,"maxSize":-1,"optimizeFlankLength":false,"symmetryString":"null","roundSpecificActivity":true,"informationThreshold":0.1,"optimizeMotifShift":false,"fittingStages":[],"optimizeMotifShiftHeuristic":false,"experimentSpecificPositionBias":true,"minSize":-1,"experimentSpecificActivity":true,"optimizeSize":false}]}}
