{"modelSettings":{"letterOrder":"ACGTN","bindingModeInteractions":[],"bindingModes":[{"size":14,"fitLogActivity":true,"flankLength":0,"dinucleotideDistance":0,"componentName":"Binding mode 1","positionBias":false,"singleStrand":false,"modifications":[]}],"letterComplement":"C-G,A-T,N-N"},"coefficients":{"bindingModeInteractions":[],"bindingModes":[{"mononucleotide":[-0.04432846241562416,-0.32519932784642913,-0.23404882386373993,0,-0.14203999883808419,-0.8481884761891831,-0.6115249609285196,-0.4229704992844945,0,-0.4209046455732631,-0.9104077114628839,-0.8445342727618237,0,-0.1573614375264034,-0.39805036626368945,-0.2105357759629829,-0.9123594088525793,0,-2.2924150232268214,-0.5478579802969806,-1.2947087152734524,0,-2.1350042098544533,-2.0423657150111376,-0.966306412244873,-1.8877154401070966,0,-2.556046260978402,-2.322636402018296,-1.10334108003558,0,-1.5372582626033608,-2.3632955302759955,-3.1006370935940035,-1.0831575067423513,-3.0723018366915955,0,-3.1697660414552624,-2.9947187489703166,-1.2566894340712038,-0.6725220398622311,-3.6261746361376757,0,-2.7300973292976134,-0.9148852142348812,-3.133700061221984,0,-2.8883738036936704,-2.7915560871948415,-1.2374014393444857,-2.9763610653295016,0,-0.15934364340519824,-2.7249236142604203,-0.7086504908140846,-0.9954682706374549,0,-2.16308197651778,-1.384405657517286,-0.8352908581635214,0,-0.47800773255361984,-1.5846086049709185,-0.1659630569083701,-0.40342109067933873,-0.1998073419679569,-0.3709633880409049,-0.4762469231801285,0,-0.24523969353038716],"activity":[[0]],"dinucleotide":[],"positionBias":[],"modifications":[]}]},"modelFittingConstraints":{"enrichmentModel":[{}],"nShifts":0,"addBindingModesSequentially":true,"bindingModeInteractions":[],"flankLengths":[0],"singleModeLengthSweep":false,"bindingModes":[{"maxFlankLength":-1,"positionBiasBinWidth":1,"optimizeSizeHeuristic":false,"maxSize":-1,"optimizeFlankLength":false,"symmetryString":"null","roundSpecificActivity":true,"informationThreshold":0.1,"optimizeMotifShift":false,"fittingStages":[],"optimizeMotifShiftHeuristic":false,"experimentSpecificPositionBias":true,"minSize":-1,"experimentSpecificActivity":true,"optimizeSize":false}]}}
