{"modelSettings":{"letterOrder":"ACGTN","bindingModeInteractions":[],"bindingModes":[{"size":10,"fitLogActivity":true,"flankLength":0,"dinucleotideDistance":0,"componentName":"Binding mode 1","positionBias":false,"singleStrand":false,"modifications":[]}],"letterComplement":"C-G,A-T,N-N"},"coefficients":{"bindingModeInteractions":[],"bindingModes":[{"mononucleotide":[0,-0.28695901237008936,-0.04679466985635816,-0.2676567089683086,-0.14214085536573062,-0.7112702984223747,-0.35016152403801737,0,-1.021613823205942,-0.4480042765295333,-1.8274714471311073,-0.7878501586907838,-2.0080380877100232,0,-0.8267396944504739,0,-0.03558297346837058,-1.6636510670941878,-2.382510120974941,-0.5767841529266992,0,-2.652444572742321,-2.1958981292732185,-4.708363531114044,-1.2117052648357538,-4.954310430035077,-4.736934057109329,-3.304513157128179,0,-1.3350923415986262,-3.5958526399804867,-0.6149101923520801,-4.140993746475554,0,-0.9263197508197535,0,-3.3464433190822054,-1.4556551596611578,-2.0633191351097944,-1.0530498323517399,0,-0.6807266485417061,-0.3823539476545683,-0.12346070101071849,-0.26384872413042726,-0.4493357481967353,0,-0.15632758991869222,-0.16703231517055084,-0.18047234712411767],"activity":[[0]],"dinucleotide":[],"positionBias":[],"modifications":[]}]},"modelFittingConstraints":{"enrichmentModel":[{}],"nShifts":0,"addBindingModesSequentially":true,"bindingModeInteractions":[],"flankLengths":[0],"singleModeLengthSweep":false,"bindingModes":[{"maxFlankLength":-1,"positionBiasBinWidth":1,"optimizeSizeHeuristic":false,"maxSize":-1,"optimizeFlankLength":false,"symmetryString":"null","roundSpecificActivity":true,"informationThreshold":0.1,"optimizeMotifShift":false,"fittingStages":[],"optimizeMotifShiftHeuristic":false,"experimentSpecificPositionBias":true,"minSize":-1,"experimentSpecificActivity":true,"optimizeSize":false}]}}
