{"modelSettings":{"letterOrder":"ACGTN","bindingModeInteractions":[],"bindingModes":[{"size":9,"fitLogActivity":true,"flankLength":0,"dinucleotideDistance":0,"componentName":"Binding mode 1","positionBias":false,"singleStrand":false,"modifications":[]}],"letterComplement":"C-G,A-T,N-N"},"coefficients":{"bindingModeInteractions":[],"bindingModes":[{"mononucleotide":[-0.1952547084464955,-0.26498434494357204,0,-0.271921627908132,-0.1768096649959848,-0.2311296905202327,-0.40564602237028624,-0.5716054808631035,0,-0.2794491140611871,-1.8350078156169196,-1.9041889234013587,-2.426508456104829,0,-1.052038574195042,0,-2.5578236433746078,-0.527023888803924,-2.1304226560821955,-0.8059690315942846,0,-2.6385773287036383,-2.9513909147252475,-2.9507815293773794,-1.2241511591889693,-2.6864336307502414,-2.1244190257529634,-2.4447360953166797,0,-1.1438386075878113,-1.2748626225315407,-1.1928003416253063,-0.09562570248904256,0,-0.47335162504038486,0,-1.9047652134239157,-0.4717229552951119,-0.979140605581065,-0.6215627385289528,-0.5892286072171817,0,-0.0466166552559506,-0.11671585393829775,-0.16279947853362636],"activity":[[0]],"dinucleotide":[],"positionBias":[],"modifications":[]}]},"modelFittingConstraints":{"enrichmentModel":[{}],"nShifts":0,"addBindingModesSequentially":true,"bindingModeInteractions":[],"flankLengths":[0],"singleModeLengthSweep":false,"bindingModes":[{"maxFlankLength":-1,"positionBiasBinWidth":1,"optimizeSizeHeuristic":false,"maxSize":-1,"optimizeFlankLength":false,"symmetryString":"null","roundSpecificActivity":true,"informationThreshold":0.1,"optimizeMotifShift":false,"fittingStages":[],"optimizeMotifShiftHeuristic":false,"experimentSpecificPositionBias":true,"minSize":-1,"experimentSpecificActivity":true,"optimizeSize":false}]}}
