{"modelSettings":{"letterOrder":"ACGTN","bindingModeInteractions":[],"bindingModes":[{"size":14,"fitLogActivity":true,"flankLength":0,"dinucleotideDistance":0,"componentName":"Binding mode 2","positionBias":false,"singleStrand":false,"modifications":[]}],"letterComplement":"C-G,A-T,N-N"},"coefficients":{"bindingModeInteractions":[],"bindingModes":[{"mononucleotide":[-2.2971637624698404,-1.2431823487850329,-1.4001545261529644,0,-0.8943046893052244,-3.0604625156683523,-2.311977887554643,0,-1.9939745764942312,-1.1378072253516343,-2.963415987717632,-3.0202954591684223,0,-2.3646571914051737,-1.2086415856250652,-1.1779547757130375,0,-2.1705724530080976,-2.6620941943055114,-0.9862961695436346,0,-1.045004406851982,-0.6230342279951122,-0.7196525215664469,-0.5213279320672837,-0.14144913205673681,0,-0.28112415035055527,-0.13299644816320288,-0.13395944457454484,-0.06036013498115356,-0.07552958301311463,0,-0.07672492944823883,-0.052656774773399535,-0.1841417958569247,-0.2023730978274365,0,-0.19515240785893706,-0.14176023206215127,-0.3952907198436577,-0.5607343381438534,-0.40160047954868183,0,-0.31693168761068374,-1.961737937370601,-2.0256472264793075,0,-0.8198424371151001,-0.8480345242503204,-2.2870076079166637,0,-2.5398470052140962,-1.9660226865690587,-1.108313415911627,-2.4578257012051945,0,-3.270633556214599,-3.2248237707158203,-1.2349767838880235,0,-1.5793086742211462,-3.819699161337514,-2.584398519285064,-1.1212464819393475,0,-1.2685694669998497,-0.7989285997171987,-2.7188012370171553,-0.8001768376577323],"activity":[[0]],"dinucleotide":[],"positionBias":[],"modifications":[]}]},"modelFittingConstraints":{"enrichmentModel":[{}],"nShifts":0,"addBindingModesSequentially":true,"bindingModeInteractions":[],"flankLengths":[0],"singleModeLengthSweep":false,"bindingModes":[{"maxFlankLength":-1,"positionBiasBinWidth":1,"optimizeSizeHeuristic":false,"maxSize":-1,"optimizeFlankLength":false,"symmetryString":"null","roundSpecificActivity":true,"informationThreshold":0.1,"optimizeMotifShift":false,"fittingStages":[],"optimizeMotifShiftHeuristic":false,"experimentSpecificPositionBias":true,"minSize":-1,"experimentSpecificActivity":true,"optimizeSize":false}]}}
