{"modelSettings":{"letterOrder":"ACGTN","bindingModeInteractions":[],"bindingModes":[{"size":14,"fitLogActivity":true,"flankLength":0,"dinucleotideDistance":0,"componentName":"Binding mode 1","positionBias":false,"singleStrand":false,"modifications":[]}],"letterComplement":"C-G,A-T,N-N"},"coefficients":{"bindingModeInteractions":[],"bindingModes":[{"mononucleotide":[0,-0.8109404252345378,-0.4290045359070316,-0.5233205259859393,-0.39744240732318686,0,-0.8382684710356507,-0.8353540739380563,-0.618268129452467,-0.5087209775170256,0,-1.0461881312058452,-1.2954535610642637,-0.49112306597538513,-0.5811646531008555,0,-3.0757429566974395,-1.3154331720653811,-2.476855455370549,-1.0508795752246032,0,-3.344641779190402,-2.4205819977727634,-3.1043367753467495,-1.2301482570407631,-4.226133261888802,-2.545972921633645,-3.7839274897461834,0,-1.276777626652425,-3.874599403777469,0,-4.490884518536112,-4.015630775938779,-1.3374994788123988,-0.2894735315054664,-2.687040702283606,0,-3.122186313567579,-0.7652876123383324,0,-3.1480800000145637,-3.401782072710585,-1.0731455305185502,-1.036920283681652,-3.339770388930159,-3.5050435898223844,-3.821772574877011,0,-1.302523664272136,-0.2047787118598805,0,-0.6015602919301068,-0.9092989473005364,-0.36904032423819344,-0.01502390688508548,-0.48079401881900097,-0.4675124295582025,0,-0.21383092656827077,-0.02105279775901625,-1.048716600685962,-0.62873808254027,0,-0.33448765352973325,-0.4914322498209609,0,-0.42856586973411304,-0.16550593326604357,-0.2514603704511394],"activity":[[0]],"dinucleotide":[],"positionBias":[],"modifications":[]}]},"modelFittingConstraints":{"enrichmentModel":[{}],"nShifts":0,"addBindingModesSequentially":true,"bindingModeInteractions":[],"flankLengths":[0],"singleModeLengthSweep":false,"bindingModes":[{"maxFlankLength":-1,"positionBiasBinWidth":1,"optimizeSizeHeuristic":false,"maxSize":-1,"optimizeFlankLength":false,"symmetryString":"null","roundSpecificActivity":true,"informationThreshold":0.1,"optimizeMotifShift":false,"fittingStages":[],"optimizeMotifShiftHeuristic":false,"experimentSpecificPositionBias":true,"minSize":-1,"experimentSpecificActivity":true,"optimizeSize":false}]}}
