{"modelSettings":{"letterOrder":"ACGTN","bindingModeInteractions":[],"bindingModes":[{"size":14,"fitLogActivity":true,"flankLength":0,"dinucleotideDistance":0,"componentName":"Binding mode 1","positionBias":false,"singleStrand":false,"modifications":[]}],"letterComplement":"C-G,A-T,N-N"},"coefficients":{"bindingModeInteractions":[],"bindingModes":[{"mononucleotide":[-0.545876503652293,-0.34849329754624847,0,-0.5506171679392633,-0.33488610309429445,0,-0.15006643028480404,-0.2535775704694654,-0.18286905139094856,-0.1422701617292724,-1.9066847046511497,-2.180230901882141,-0.9044537331660134,0,-0.8756584571848322,0,-3.0863535541972174,-3.09893203110007,-3.600116576002721,-1.2746760177246008,0,-3.664793274124225,-3.6123909149244775,-3.9072195598497195,-1.3161220424620024,-3.586018450300367,-3.4002115868558627,-3.8324330250112304,0,-1.3068073437358791,-3.309779370133119,0,-2.50207990011454,-0.29146431777948933,-0.7627077029063118,-0.6877233148433746,-1.9920794900855316,0,-1.8933272381793462,-0.8042459300988654,0,-0.9232924255964878,-0.7839240487525139,-1.63676403429066,-0.6692213962230669,-0.2848248150392525,-1.031034219953062,-1.1559366676773108,0,-0.5010623953930757,-0.9696270148421906,-1.56063446515576,-1.9176052956579102,0,-0.8346037751105878,0,-0.9728368558755385,-1.3148974054847744,-0.15942980175384314,-0.4703473502470945,0,-0.4846337326323926,-0.6316887772611954,-0.0700619350303473,-0.261380363983998,0,-0.23679797089503385,-0.399469893023392,-0.03704378425824739,-0.15564258836738415],"activity":[[0]],"dinucleotide":[],"positionBias":[],"modifications":[]}]},"modelFittingConstraints":{"enrichmentModel":[{}],"nShifts":0,"addBindingModesSequentially":true,"bindingModeInteractions":[],"flankLengths":[0],"singleModeLengthSweep":false,"bindingModes":[{"maxFlankLength":-1,"positionBiasBinWidth":1,"optimizeSizeHeuristic":false,"maxSize":-1,"optimizeFlankLength":false,"symmetryString":"null","roundSpecificActivity":true,"informationThreshold":0.1,"optimizeMotifShift":false,"fittingStages":[],"optimizeMotifShiftHeuristic":false,"experimentSpecificPositionBias":true,"minSize":-1,"experimentSpecificActivity":true,"optimizeSize":false}]}}
