{"modelSettings":{"letterOrder":"ACGTN","bindingModeInteractions":[],"bindingModes":[{"size":10,"fitLogActivity":true,"flankLength":0,"dinucleotideDistance":0,"componentName":"Binding mode 1","positionBias":false,"singleStrand":false,"modifications":[]}],"letterComplement":"C-G,A-T,N-N"},"coefficients":{"bindingModeInteractions":[],"bindingModes":[{"mononucleotide":[-0.43122668964430444,-0.19494411034568815,-0.07723853646289802,0,-0.1630304485582438,0,-0.016800431680497496,-0.5716075070835682,-0.11236372174280262,-0.15033576285252467,-2.7166981623263267,-2.321194779356595,-1.2320922826064478,0,-1.0106491319492432,0,-2.461671542142848,-3.1265577347599205,-3.364351554601157,-1.234650900098896,0,-2.9391884225398677,-3.127048865940659,-3.1625344004766776,-1.256078701520484,-3.191970206841613,-2.453109860215055,-2.620428555638413,0,-1.204066020765111,-2.5784141597665196,-2.281909504547644,0,-0.17784829825847037,-0.6856489901453447,0,-2.0114792701775803,-2.5872455312038594,-2.215964296499411,-1.1101289341238676,-1.752032301167668,-1.493340399359146,0,-1.760142753443057,-0.9351789186583693,-1.0198705967647628,0,-0.2206701045448498,-0.6244627406465422,-0.3937198944864758],"activity":[[0]],"dinucleotide":[],"positionBias":[],"modifications":[]}]},"modelFittingConstraints":{"enrichmentModel":[{}],"nShifts":0,"addBindingModesSequentially":true,"bindingModeInteractions":[],"flankLengths":[0],"singleModeLengthSweep":false,"bindingModes":[{"maxFlankLength":-1,"positionBiasBinWidth":1,"optimizeSizeHeuristic":false,"maxSize":-1,"optimizeFlankLength":false,"symmetryString":"null","roundSpecificActivity":true,"informationThreshold":0.1,"optimizeMotifShift":false,"fittingStages":[],"optimizeMotifShiftHeuristic":false,"experimentSpecificPositionBias":true,"minSize":-1,"experimentSpecificActivity":true,"optimizeSize":false}]}}
