{"modelSettings":{"letterOrder":"ACGTN","bindingModeInteractions":[],"bindingModes":[{"size":14,"fitLogActivity":true,"flankLength":0,"dinucleotideDistance":0,"componentName":"Binding mode 2","positionBias":false,"singleStrand":false,"modifications":[]}],"letterComplement":"C-G,A-T,N-N"},"coefficients":{"bindingModeInteractions":[],"bindingModes":[{"mononucleotide":[0,-0.29957520105101487,-0.4923426153017729,-1.0894658536148505,-0.39722835743746565,0,-3.2217900043763104,-3.59878019003245,-3.3933018205310237,-1.2902224392615043,0,-3.0942827330986775,-3.0208798288368204,-0.9066851473561535,-0.9822125123482156,-1.8493516235140053,-2.9001777033135347,-1.5351208467956496,0,-1.0301719969375434,-1.0691127292317244,-2.066563540099601,0,-0.1374873977475186,-0.5355117990984453,-0.6250434729897769,-0.6243701033604925,-0.07791654928365332,0,-0.28905685956444055,-1.9935113847589694,0,-2.4662300976492197,-0.08030589726971904,-0.6236422817422383,0,-3.619304219384749,-3.621475158748652,-4.103992587666892,-1.3185879061056949,-3.514982491808044,-3.12684677209064,-0.6420642340265648,0,-0.9164099374113199,-2.611856716542354,-3.634143585506269,-3.1228410100699664,0,-1.251906334331866,-0.8934135912278371,-0.029441806937381187,0,-1.290329038297374,-0.40969004465366826,0,-1.824313862066239,-1.5013404506416084,-0.18487764486022673,-0.5908769395744384,-0.6377323070015883,-0.5377754925448475,-0.31127319007944454,0,-0.34071397405805626,0,-0.4222703724541992,-0.17105603878311992,-0.1899365108506199,-0.1847216085417087],"activity":[[0]],"dinucleotide":[],"positionBias":[],"modifications":[]}]},"modelFittingConstraints":{"enrichmentModel":[{}],"nShifts":0,"addBindingModesSequentially":true,"bindingModeInteractions":[],"flankLengths":[0],"singleModeLengthSweep":false,"bindingModes":[{"maxFlankLength":-1,"positionBiasBinWidth":1,"optimizeSizeHeuristic":false,"maxSize":-1,"optimizeFlankLength":false,"symmetryString":"null","roundSpecificActivity":true,"informationThreshold":0.1,"optimizeMotifShift":false,"fittingStages":[],"optimizeMotifShiftHeuristic":false,"experimentSpecificPositionBias":true,"minSize":-1,"experimentSpecificActivity":true,"optimizeSize":false}]}}
