{"modelSettings":{"letterOrder":"ACGTN","bindingModeInteractions":[],"bindingModes":[{"size":14,"fitLogActivity":true,"flankLength":0,"dinucleotideDistance":0,"componentName":"Binding mode 1","positionBias":false,"singleStrand":false,"modifications":[]}],"letterComplement":"C-G,A-T,N-N"},"coefficients":{"bindingModeInteractions":[],"bindingModes":[{"mononucleotide":[-0.16990919748635136,-0.14095133660075376,-0.17992322412968598,0,-0.12002097196278391,0,-0.41975358163115395,-0.06873142698725765,-0.3772911413320079,-0.19951780862854163,0,-1.0264472227314894,-0.8185401427980938,-1.409229530938961,-0.6715402337798441,-0.16228480275403623,-3.0846273200928835,-2.4641001091219996,0,-0.7026766994077778,-0.5568562767053038,-0.03658342256193947,0,-1.375567383055183,-0.36033109918519673,0,-3.484947234578558,-3.396510336764973,-3.151600433918261,-1.284704927588178,-2.2457532224844727,0,-3.83315896213082,-3.701008103919693,-1.2446320147546877,-3.689316838190066,-3.2974382316267135,-3.22272634190029,0,-1.289337249235419,-0.3617019756618136,-2.5956668855145737,0,-2.5345976970586035,-0.7709035359591759,-0.10861076238735023,0,-0.6715923674437629,-0.7511001111405715,-0.3285661843430202,0,-0.216408788465972,-2.804813161491748,-2.574915466338866,-0.7225325669904811,0,-0.5394016675941682,-2.908653631327343,-1.2392704227716203,-0.7302046133474084,-0.577257478191922,-2.6503034240469874,-3.000592932356048,0,-0.8664158328026231,-3.3848701836012474,-3.3518402788436115,-3.4637678663506737,0,-1.2907901540670796],"activity":[[0]],"dinucleotide":[],"positionBias":[],"modifications":[]}]},"modelFittingConstraints":{"enrichmentModel":[{}],"nShifts":0,"addBindingModesSequentially":true,"bindingModeInteractions":[],"flankLengths":[0],"singleModeLengthSweep":false,"bindingModes":[{"maxFlankLength":-1,"positionBiasBinWidth":1,"optimizeSizeHeuristic":false,"maxSize":-1,"optimizeFlankLength":false,"symmetryString":"null","roundSpecificActivity":true,"informationThreshold":0.1,"optimizeMotifShift":false,"fittingStages":[],"optimizeMotifShiftHeuristic":false,"experimentSpecificPositionBias":true,"minSize":-1,"experimentSpecificActivity":true,"optimizeSize":false}]}}
