{"modelSettings":{"letterOrder":"ACGTN","bindingModeInteractions":[],"bindingModes":[{"size":14,"fitLogActivity":true,"flankLength":0,"dinucleotideDistance":0,"componentName":"Binding mode 2","positionBias":false,"singleStrand":false,"modifications":[]}],"letterComplement":"C-G,A-T,N-N"},"coefficients":{"bindingModeInteractions":[],"bindingModes":[{"mononucleotide":[-0.5228838273084557,0,-0.7738034843478063,-1.7878797753745954,-0.5881664517813565,0,-2.2149994790438465,-0.7878280168587137,-1.4265054572636697,-0.7962148593746224,-3.538116848366156,0,-3.9176172052046083,-3.8299110938931227,-1.3180116184065918,0,-2.2227384776037042,-2.7876096342700913,-3.481232746141555,-1.203431486285551,-2.1406357401755813,0,-2.471375457559819,-1.3330488879828306,-1.0039472309536128,-0.8460912273425185,0,-0.746539402715964,-0.6172234912986889,-0.4932587273289325,-0.7985564845908142,-1.0616389231000367,-1.506367096716097,0,-0.6843953454331902,0,-0.9490866554939057,-0.8591495564303235,-0.7990891762220249,-0.5707725099358236,-0.5706352077512467,0,-0.1944443421800175,-0.09153158632336122,-0.19207168971453664,-0.04775402519830951,-1.0913128238920748,0,-0.6368506370889264,-0.3502316998461051,-3.78364253030988,-0.8470938319089747,-3.1328271764936133,0,-0.9841728616817158,-2.900375349543529,-3.6768976827106554,0,-3.133529230536858,-1.2695183247515152,-1.4221528431281714,-0.12418581179902866,-2.2639052346951156,0,-0.5850313064502836,-1.962295540859479,-0.9824086336683839,0,-0.5307842126669549,-0.6428879986063835],"activity":[[0]],"dinucleotide":[],"positionBias":[],"modifications":[]}]},"modelFittingConstraints":{"enrichmentModel":[{}],"nShifts":0,"addBindingModesSequentially":true,"bindingModeInteractions":[],"flankLengths":[0],"singleModeLengthSweep":false,"bindingModes":[{"maxFlankLength":-1,"positionBiasBinWidth":1,"optimizeSizeHeuristic":false,"maxSize":-1,"optimizeFlankLength":false,"symmetryString":"null","roundSpecificActivity":true,"informationThreshold":0.1,"optimizeMotifShift":false,"fittingStages":[],"optimizeMotifShiftHeuristic":false,"experimentSpecificPositionBias":true,"minSize":-1,"experimentSpecificActivity":true,"optimizeSize":false}]}}
