{"modelSettings":{"letterOrder":"ACGTN","bindingModeInteractions":[],"bindingModes":[{"size":12,"fitLogActivity":true,"flankLength":0,"dinucleotideDistance":0,"componentName":"Binding mode 1","positionBias":false,"singleStrand":false,"modifications":[]}],"letterComplement":"C-G,A-T,N-N"},"coefficients":{"bindingModeInteractions":[],"bindingModes":[{"mononucleotide":[0,-0.45876033176758657,-0.38094522831771105,-0.09375757733053014,-0.21511787938888138,-0.35467198463355487,-0.5151568271840947,-0.37506173165124057,0,-0.29234049714102256,-0.6425127781048943,-0.9506011926191285,-0.9819249552887257,0,-0.5590241318523208,-3.403654694940855,-1.259662412583836,-2.7557631647287404,0,-1.0638038301832278,-0.6296572222467951,0,-1.1772628562673981,-1.6449500545380151,-0.6763305988080247,0,-2.1206125509589753,-0.9619107414743038,-1.4130066147255342,-0.8292358737430401,-3.792398507860734,0,-3.709937647278414,-3.175243348363282,-1.3012140967269563,0,-2.723072042096644,-1.3607469365082232,-3.2367801036512205,-1.077757247571986,-2.7126310384766597,0,-2.0025568508033227,-2.7021968159364795,-1.1485304455705727,-1.3839426789251488,0,-1.2422026694478303,-0.780301895454274,-0.6943460211058904,-1.824899173050333,-1.089739834656581,-1.990232566943241,0,-0.8951400459072358,-0.3785953950196008,-0.15372053869531666,-0.6619577456519288,0,-0.268476116920869],"activity":[[0]],"dinucleotide":[],"positionBias":[],"modifications":[]}]},"modelFittingConstraints":{"enrichmentModel":[{}],"nShifts":0,"addBindingModesSequentially":true,"bindingModeInteractions":[],"flankLengths":[0],"singleModeLengthSweep":false,"bindingModes":[{"maxFlankLength":-1,"positionBiasBinWidth":1,"optimizeSizeHeuristic":false,"maxSize":-1,"optimizeFlankLength":false,"symmetryString":"null","roundSpecificActivity":true,"informationThreshold":0.1,"optimizeMotifShift":false,"fittingStages":[],"optimizeMotifShiftHeuristic":false,"experimentSpecificPositionBias":true,"minSize":-1,"experimentSpecificActivity":true,"optimizeSize":false}]}}
