{"modelSettings":{"letterOrder":"ACGTN","bindingModeInteractions":[],"bindingModes":[{"size":11,"fitLogActivity":true,"flankLength":0,"dinucleotideDistance":0,"componentName":"Binding mode 1","positionBias":false,"singleStrand":false,"modifications":[]}],"letterComplement":"C-G,A-T,N-N"},"coefficients":{"bindingModeInteractions":[],"bindingModes":[{"mononucleotide":[-0.5966397976299476,-1.2027374683881238,-1.1326294787334383,0,-0.6100868847266856,-0.749595856845418,-1.8450608962553168,-1.2892661187832548,0,-0.7412633870526963,-2.9136920696943003,-2.1068205409328877,-3.060218401239643,0,-1.1851702851834338,-1.0345368555717744,0,-0.9422766027236857,-2.3072809365166917,-0.7739982987230208,0,-2.315849435862339,-1.4099434480139843,-1.7353128425550834,-0.9681207243077239,-3.6400081596029734,0,-2.59559654812947,-2.7435724769875915,-1.2334071320066669,0,-2.7278584084389124,-1.4838733511106694,-2.655148231242001,-1.0770426906896322,-2.317500809596882,0,-2.4915972514356755,-2.56310684790531,-1.1564834219469406,-2.1914135881206276,0,-1.7770452209635872,-1.6319221436630977,-0.9966543723799671,-1.5067672338605633,-1.377757639262493,-0.6390114014862638,0,-0.6923562124384705,-0.04434879971247252,-0.10342149930427658,-0.2207150916071159,0,-0.08874592587612287],"activity":[[0]],"dinucleotide":[],"positionBias":[],"modifications":[]}]},"modelFittingConstraints":{"enrichmentModel":[{}],"nShifts":0,"addBindingModesSequentially":true,"bindingModeInteractions":[],"flankLengths":[0],"singleModeLengthSweep":false,"bindingModes":[{"maxFlankLength":-1,"positionBiasBinWidth":1,"optimizeSizeHeuristic":false,"maxSize":-1,"optimizeFlankLength":false,"symmetryString":"null","roundSpecificActivity":true,"informationThreshold":0.1,"optimizeMotifShift":false,"fittingStages":[],"optimizeMotifShiftHeuristic":false,"experimentSpecificPositionBias":true,"minSize":-1,"experimentSpecificActivity":true,"optimizeSize":false}]}}
