{"modelSettings":{"letterOrder":"ACGTN","bindingModeInteractions":[],"bindingModes":[{"size":14,"fitLogActivity":true,"flankLength":0,"dinucleotideDistance":0,"componentName":"Binding mode 1","positionBias":false,"singleStrand":false,"modifications":[]}],"letterComplement":"C-G,A-T,N-N"},"coefficients":{"bindingModeInteractions":[],"bindingModes":[{"mononucleotide":[0,-0.41564840848813667,-0.7406672480444758,-0.4902729327037907,-0.37499635755007243,0,-1.152804996252934,-0.8115190987879082,-0.586291797643641,-0.5463149425082902,0,-2.0308279099622104,-1.7246255136443707,-2.0487748376525547,-1.0227912434649065,-0.410380582440558,-2.032459253759725,0,-1.8116191705697235,-0.71447295582513,-3.7072222974652425,-3.062798071705527,0,-3.4052594742845543,-1.286901166890213,-3.8750825293978344,-2.243263587412987,-2.8875182991021524,0,-1.218597080837978,-3.707517197811098,-3.6857154584787373,0,-3.978261650254745,-1.3201923005586773,-2.750528724536603,-1.426113242541243,-1.2854471892085346,0,-0.9284507195227435,-3.3846541831884034,-1.831415096940208,0,-1.633639043561642,-1.057498684745654,0,-1.3365172050746867,-3.656388900413818,-3.820889628727829,-1.1158908683211195,0,-1.5985975779477055,-1.577341804585024,-1.138143596743018,-0.8386837791875501,0,-1.392498460256511,-1.0993578521046325,-0.4952378155148711,-0.601952439130987,-0.049542831590533076,-0.11711435061066844,-0.8556291735228339,0,-0.20267828556902523,-0.305265211951637,-0.6583880580516253,-0.37244987042841693,0,-0.30664159391711715],"activity":[[0]],"dinucleotide":[],"positionBias":[],"modifications":[]}]},"modelFittingConstraints":{"enrichmentModel":[{}],"nShifts":0,"addBindingModesSequentially":true,"bindingModeInteractions":[],"flankLengths":[0],"singleModeLengthSweep":false,"bindingModes":[{"maxFlankLength":-1,"positionBiasBinWidth":1,"optimizeSizeHeuristic":false,"maxSize":-1,"optimizeFlankLength":false,"symmetryString":"null","roundSpecificActivity":true,"informationThreshold":0.1,"optimizeMotifShift":false,"fittingStages":[],"optimizeMotifShiftHeuristic":false,"experimentSpecificPositionBias":true,"minSize":-1,"experimentSpecificActivity":true,"optimizeSize":false}]}}
