{"modelSettings":{"letterOrder":"ACGTN","bindingModeInteractions":[],"bindingModes":[{"size":12,"fitLogActivity":true,"flankLength":0,"dinucleotideDistance":0,"componentName":"Binding mode 1","positionBias":false,"singleStrand":false,"modifications":[]}],"letterComplement":"C-G,A-T,N-N"},"coefficients":{"bindingModeInteractions":[],"bindingModes":[{"mononucleotide":[0,-0.015121289948612393,-0.25827632392130173,-0.17204324990106468,-0.105550256944176,0,-0.8350728056084025,-0.30358798739968407,-0.5178871218160603,-0.3682466903041955,0,-2.95358499891468,-1.9462850228653723,-2.3336938543217247,-1.1301857631145809,-1.513776283319543,-2.1202359577819054,0,-2.230189102239839,-1.016395126776647,-3.5005072655280935,-3.349402978241601,0,-3.459030400616551,-1.2939452639352875,-3.1791984841890875,-2.2112441893616293,-3.1875200499422975,0,-1.2102781857896858,-3.332190677904811,-3.488925599152882,0,-4.066537311820768,-1.3062039028789836,-2.0554292454758114,-1.8055554535725697,-3.212014730357274,0,-1.0990901211444444,-2.7307725844157043,-0.5855173558541509,0,-0.6118948110171063,-0.6141932502777111,0,-3.6111884164966934,-1.574831952054045,-2.7833578719888763,-1.1270946375568913,0,-0.05264021893887616,-0.3323179880716598,-0.09063492561692854,-0.11111828739106866,0,-1.413074515359543,-1.3845850533060684,-0.6504604206112741,-0.6853640590696597],"activity":[[0]],"dinucleotide":[],"positionBias":[],"modifications":[]}]},"modelFittingConstraints":{"enrichmentModel":[{}],"nShifts":0,"addBindingModesSequentially":true,"bindingModeInteractions":[],"flankLengths":[0],"singleModeLengthSweep":false,"bindingModes":[{"maxFlankLength":-1,"positionBiasBinWidth":1,"optimizeSizeHeuristic":false,"maxSize":-1,"optimizeFlankLength":false,"symmetryString":"null","roundSpecificActivity":true,"informationThreshold":0.1,"optimizeMotifShift":false,"fittingStages":[],"optimizeMotifShiftHeuristic":false,"experimentSpecificPositionBias":true,"minSize":-1,"experimentSpecificActivity":true,"optimizeSize":false}]}}
