{"modelSettings":{"letterOrder":"ACGTN","bindingModeInteractions":[],"bindingModes":[{"size":14,"fitLogActivity":true,"flankLength":0,"dinucleotideDistance":0,"componentName":"Binding mode 2","positionBias":false,"singleStrand":false,"modifications":[]}],"letterComplement":"C-G,A-T,N-N"},"coefficients":{"bindingModeInteractions":[],"bindingModes":[{"mononucleotide":[-0.054420115240554345,-1.1613957540353965,0,-1.749974989446295,-0.4968153173899182,-2.6734524459863436,-2.9143849766429195,0,-3.1171719302066143,-1.2314012563192507,-3.0716078218906615,-1.9378491051455198,-2.385978656332119,0,-1.1375931255704963,-3.7288114040994276,-3.6487380577745316,0,-3.321120974284063,-1.303647986764907,-1.8184513578804364,-1.6362878024979541,-2.35654066914901,0,-1.0135413347545632,-1.5773891912802624,-0.8494477784717054,0,-0.3243263139078154,-0.5288288548005402,0,-3.2269843324660794,-2.3645770665775676,-3.263156844189432,-1.2276394829385184,0,-1.0015851543844576,-0.20718491236325143,-0.6271543826032664,-0.3877692588799833,-0.9542546002409944,-0.2881020992096337,0,-1.364364361643771,-0.5148641033798158,-2.996252988787176,-0.8362204475091302,0,-0.5465588350219166,-0.6624929279576219,-2.7183992125532206,-0.45746013395319896,-2.2167265493063684,0,-0.794164603565567,-3.4458830414287744,-3.733911086491216,0,-2.961742977691219,-1.2841851120780654,-2.0384632346703753,-1.3907012535643704,-2.19270682689324,0,-0.9870192998745689,-1.909850498107998,-0.772034072149113,0,-0.7136202613991953,-0.6443368809014045],"activity":[[0]],"dinucleotide":[],"positionBias":[],"modifications":[]}]},"modelFittingConstraints":{"enrichmentModel":[{}],"nShifts":0,"addBindingModesSequentially":true,"bindingModeInteractions":[],"flankLengths":[0],"singleModeLengthSweep":false,"bindingModes":[{"maxFlankLength":-1,"positionBiasBinWidth":1,"optimizeSizeHeuristic":false,"maxSize":-1,"optimizeFlankLength":false,"symmetryString":"null","roundSpecificActivity":true,"informationThreshold":0.1,"optimizeMotifShift":false,"fittingStages":[],"optimizeMotifShiftHeuristic":false,"experimentSpecificPositionBias":true,"minSize":-1,"experimentSpecificActivity":true,"optimizeSize":false}]}}
