{"modelSettings":{"letterOrder":"ACGTN","bindingModeInteractions":[],"bindingModes":[{"size":9,"fitLogActivity":true,"flankLength":0,"dinucleotideDistance":0,"componentName":"Binding mode 1","positionBias":false,"singleStrand":false,"modifications":[]}],"letterComplement":"C-G,A-T,N-N"},"coefficients":{"bindingModeInteractions":[],"bindingModes":[{"mononucleotide":[-1.0994776839249791,0,-0.6450263237346981,-0.8222576134070566,-0.5546328962323832,-0.6415866119727273,-1.4385710166171966,0,-0.8517843301322449,-0.6022211388570171,0,-0.5532211096361691,-3.4399805672071064,-1.5285839232384852,-0.7852612601743127,-1.2741016984175855,0,-3.3955810042423673,-2.206421810897076,-1.0333183159414276,-4.292059095863461,0,-2.620390116713331,-3.8631275888418615,-1.2842312052108982,0,-0.6606187429319305,-2.72923100048735,-2.311385723175979,-0.8669501858249116,-1.4176895724040217,0,-2.7000002897771322,-1.080342694168967,-0.8861509171937576,-0.8812862973699619,0,-0.6891014941653589,-0.7828128857321569,-0.5219729244789054,-0.48346586074953946,-0.35275525903943694,0,-0.5823608217702025,-0.3292092613505609],"activity":[[0]],"dinucleotide":[],"positionBias":[],"modifications":[]}]},"modelFittingConstraints":{"enrichmentModel":[{}],"nShifts":0,"addBindingModesSequentially":true,"bindingModeInteractions":[],"flankLengths":[0],"singleModeLengthSweep":false,"bindingModes":[{"maxFlankLength":-1,"positionBiasBinWidth":1,"optimizeSizeHeuristic":false,"maxSize":-1,"optimizeFlankLength":false,"symmetryString":"null","roundSpecificActivity":true,"informationThreshold":0.1,"optimizeMotifShift":false,"fittingStages":[],"optimizeMotifShiftHeuristic":false,"experimentSpecificPositionBias":true,"minSize":-1,"experimentSpecificActivity":true,"optimizeSize":false}]}}
