{"modelSettings":{"letterOrder":"ACGTN","bindingModeInteractions":[],"bindingModes":[{"size":13,"fitLogActivity":true,"flankLength":0,"dinucleotideDistance":0,"componentName":"Binding mode 1","positionBias":false,"singleStrand":false,"modifications":[]}],"letterComplement":"C-G,A-T,N-N"},"coefficients":{"bindingModeInteractions":[],"bindingModes":[{"mononucleotide":[-0.4958095204691104,-0.7820324081790644,-1.237252282764461,0,-0.5290178562013603,-1.6876906049125426,-1.8109920616691313,0,-0.08259830692213566,-0.5668851148554613,0,-1.326717052797846,-0.12566900369536693,-1.5887063422936554,-0.5312650718144744,-1.7210181245097842,0,-0.15694117420726617,-0.33592278265478726,-0.3753057978921222,-0.8961895108404172,0,-1.50212306105376,-2.140871958490568,-0.8276326935047718,-2.99452370546314,-2.8501835391762675,-2.640596147064923,0,-1.2214471701954268,0,-2.768678707104553,-2.6308771078716497,-2.4429807486684942,-1.1860824966784926,-0.3462234925302319,-2.4899578770248207,0,-1.6205517024866576,-0.699136386061887,-2.306911697790125,0,-2.8397924013330456,-2.6247475769976187,-1.178902933422991,-2.314138490413846,0,-2.422716924358967,-2.0305125676904825,-1.1095722193035684,-2.5719097087643683,-1.3780251146663738,-2.6415344296021104,0,-1.0500241007867783,-1.0327643804235,0,-0.8662891723928636,-1.0687657160210042,-0.6348958841961427,-1.059321140003866,-0.8216221760428915,0,-0.9273126041423816,-0.606041328225342],"activity":[[0]],"dinucleotide":[],"positionBias":[],"modifications":[]}]},"modelFittingConstraints":{"enrichmentModel":[{}],"nShifts":0,"addBindingModesSequentially":true,"bindingModeInteractions":[],"flankLengths":[0],"singleModeLengthSweep":false,"bindingModes":[{"maxFlankLength":-1,"positionBiasBinWidth":1,"optimizeSizeHeuristic":false,"maxSize":-1,"optimizeFlankLength":false,"symmetryString":"null","roundSpecificActivity":true,"informationThreshold":0.1,"optimizeMotifShift":false,"fittingStages":[],"optimizeMotifShiftHeuristic":false,"experimentSpecificPositionBias":true,"minSize":-1,"experimentSpecificActivity":true,"optimizeSize":false}]}}
