{"modelSettings":{"letterOrder":"ACGTN","bindingModeInteractions":[],"bindingModes":[{"size":14,"fitLogActivity":true,"flankLength":0,"dinucleotideDistance":0,"componentName":"Binding mode 1","positionBias":false,"singleStrand":false,"modifications":[]}],"letterComplement":"C-G,A-T,N-N"},"coefficients":{"bindingModeInteractions":[],"bindingModes":[{"mononucleotide":[-1.7900144058241145,-2.626003622776564,0,-2.9329393390979273,-1.129665611481746,-2.626054695987674,-2.149553863584434,0,-2.2887735147810804,-1.1314271506549574,-1.784750876621422,-1.4370152420483682,-0.0025164028268687133,0,-0.509592377796423,-0.6190285008086227,-1.9597160520057035,0,-1.266864373567452,-0.712799369003731,0,-0.8923083485129681,-1.4074269729912987,-0.9076122459437559,-0.6645754235666632,-0.5419722746519611,-1.968521494965366,-1.6234921918713163,0,-0.7347653012861444,-1.8591891953000066,-1.231110458302092,-2.584414459744592,0,-0.9654761699244683,-1.9328460080741707,0,-1.9837375803781643,-1.2779236175750364,-0.9410285411512643,-2.37496999441232,0,-2.294101824238568,-2.411631555767148,-1.1366739628178233,-2.6802416960274953,0,-2.1508084720038645,-2.3849179690168305,-1.141754832640535,-3.120663441057981,0,-1.7709021405069794,-1.9454103226935762,-1.0808441996737939,-1.0289884012318828,-0.24025158741473263,-1.10795831193879,0,-0.4804456472870862,0,-0.32623496051647294,-0.127826522883427,-0.13122313317769763,-0.1396461358243113,-0.09368396203946094,0,-0.123033855234568,-0.3796993038269987,-0.13958646121723586],"activity":[[0]],"dinucleotide":[],"positionBias":[],"modifications":[]}]},"modelFittingConstraints":{"enrichmentModel":[{}],"nShifts":0,"addBindingModesSequentially":true,"bindingModeInteractions":[],"flankLengths":[0],"singleModeLengthSweep":false,"bindingModes":[{"maxFlankLength":-1,"positionBiasBinWidth":1,"optimizeSizeHeuristic":false,"maxSize":-1,"optimizeFlankLength":false,"symmetryString":"null","roundSpecificActivity":true,"informationThreshold":0.1,"optimizeMotifShift":false,"fittingStages":[],"optimizeMotifShiftHeuristic":false,"experimentSpecificPositionBias":true,"minSize":-1,"experimentSpecificActivity":true,"optimizeSize":false}]}}
