{"modelSettings":{"letterOrder":"ACGTN","bindingModeInteractions":[],"bindingModes":[{"size":14,"fitLogActivity":true,"flankLength":0,"dinucleotideDistance":0,"componentName":"Binding mode 1","positionBias":false,"singleStrand":false,"modifications":[]}],"letterComplement":"C-G,A-T,N-N"},"coefficients":{"bindingModeInteractions":[],"bindingModes":[{"mononucleotide":[-0.32714117206356885,-0.24715618812382711,-0.11220615184953164,0,-0.1637371361777621,-0.11293017694545249,-0.2774516941588496,-0.3803650129243321,0,-0.18196051389161882,0,-2.466831481587667,-1.680635516105128,-2.0123421656352054,-1.0464107491764019,-3.269302881945885,0,-1.5008782504045302,-2.4077967165241483,-1.0854636511784255,-2.9558713281116593,-3.490516763362909,-3.2927010713423988,0,-1.2732587749091697,-3.397103546496692,-2.8920215328244363,-3.4120822822420167,0,-1.2712648711973067,-3.5079583383519477,0,-3.737219624327417,-4.074379151064532,-1.3179060498613813,-3.510417160064075,0,-3.5177228802095337,-2.1105127921808946,-1.2201638657027336,-2.404700104035168,-0.935769268573174,0,-0.177172989505622,-0.5446360513313708,-2.5765303129568147,0,-1.452942561744532,-1.5517012032176982,-0.9663968091336164,-1.0528746831709448,-1.9670840832878511,-2.652422009073527,0,-0.9420717048234981,-1.2650919808446428,-2.314163581407604,-2.5096954643338494,0,-1.0062461036815764,-1.20277644381025,-1.7012758467465119,-2.3550326715192327,0,-0.9303261911676931,-1.326273019649432,-1.122457200786573,-1.5852588994402943,0,-0.8008222700217559],"activity":[[0]],"dinucleotide":[],"positionBias":[],"modifications":[]}]},"modelFittingConstraints":{"enrichmentModel":[{}],"nShifts":0,"addBindingModesSequentially":true,"bindingModeInteractions":[],"flankLengths":[0],"singleModeLengthSweep":false,"bindingModes":[{"maxFlankLength":-1,"positionBiasBinWidth":1,"optimizeSizeHeuristic":false,"maxSize":-1,"optimizeFlankLength":false,"symmetryString":"null","roundSpecificActivity":true,"informationThreshold":0.1,"optimizeMotifShift":false,"fittingStages":[],"optimizeMotifShiftHeuristic":false,"experimentSpecificPositionBias":true,"minSize":-1,"experimentSpecificActivity":true,"optimizeSize":false}]}}
