{"modelSettings":{"letterOrder":"ACGTN","bindingModeInteractions":[],"bindingModes":[{"size":14,"fitLogActivity":true,"flankLength":0,"dinucleotideDistance":0,"componentName":"Binding mode 1","positionBias":false,"singleStrand":false,"modifications":[]}],"letterComplement":"C-G,A-T,N-N"},"coefficients":{"bindingModeInteractions":[],"bindingModes":[{"mononucleotide":[-0.25055061592079575,-0.45891075503790724,0,-0.12118217624652683,-0.19351913119551542,-0.5224328628399988,-1.2660360083118847,0,-0.4988967169847154,-0.47713976367718086,-0.740562712294822,-2.270967866284917,0,-0.8147319482156075,-0.6818038882558369,-0.14912554275114864,0,-0.07824355654674875,-0.22401500231827676,-0.10939551375663675,-0.3178953503438997,0,-1.1205071764332355,-1.1907159046943216,-0.5285667206830891,-0.008510559813009522,-0.20172146312991224,0,-0.30713539960987024,-0.12092572071233776,-2.6518891901867256,0,-2.7816790920543397,-3.0989880944506503,-1.2228608125467364,0,-1.4630073529234355,-2.5752273870817532,-1.9807610110534726,-1.0177424932944557,-1.1286258345185227,-0.4436481191427797,0,-0.6436999316827157,-0.47380535646555877,-0.6746657829092388,0,-1.1884234361008779,-2.470589598805784,-0.7451971364063751,-1.747466030141556,-2.4624055093507935,-2.6976016652248993,0,-1.1035157329501672,-2.6303164063158038,-3.0774349869326305,0,-2.860598756769566,-1.2247135523657686,-0.2743518619135994,0,-0.27340919394177643,-0.9052947591314551,-0.31290803252942784,-0.8455376424272085,-0.8137518889195139,0,-0.07127018137320906,-0.35534409069791706],"activity":[[0]],"dinucleotide":[],"positionBias":[],"modifications":[]}]},"modelFittingConstraints":{"enrichmentModel":[{}],"nShifts":0,"addBindingModesSequentially":true,"bindingModeInteractions":[],"flankLengths":[0],"singleModeLengthSweep":false,"bindingModes":[{"maxFlankLength":-1,"positionBiasBinWidth":1,"optimizeSizeHeuristic":false,"maxSize":-1,"optimizeFlankLength":false,"symmetryString":"null","roundSpecificActivity":true,"informationThreshold":0.1,"optimizeMotifShift":false,"fittingStages":[],"optimizeMotifShiftHeuristic":false,"experimentSpecificPositionBias":true,"minSize":-1,"experimentSpecificActivity":true,"optimizeSize":false}]}}
