{"modelSettings":{"letterOrder":"ACGTN","bindingModeInteractions":[],"bindingModes":[{"size":11,"fitLogActivity":true,"flankLength":0,"dinucleotideDistance":0,"componentName":"Binding mode 1","positionBias":false,"singleStrand":false,"modifications":[]}],"letterComplement":"C-G,A-T,N-N"},"coefficients":{"bindingModeInteractions":[],"bindingModes":[{"mononucleotide":[-0.11128749536547922,-0.15901816929044443,-0.16998815047781335,0,-0.10776975732353497,-0.27135502559900715,-0.22784708047141145,-0.4958069315388913,0,-0.23329773350548158,-1.3236683407177026,-0.5903014225026197,-1.5547639621041678,0,-0.6774920568537941,-0.14447265294829315,0,-0.04632080775983738,-0.7899615146338288,-0.20025852605185837,0,-0.9955064802959903,-0.6609620968574728,-0.8155992428658294,-0.5411711327081468,-3.848551159982181,0,-3.9596271903857647,-2.9316422180684354,-1.2967368482442463,0,-3.308772633165138,-1.1103536893437722,-2.9144956281147105,-1.0354721390078399,-2.4999239139125686,0,-1.8237052330222063,-2.7419823361606577,-1.1178255087475168,-1.3251518214296913,0,-0.979841255449279,-0.8147469750241045,-0.6520605986095096,-1.5329715110295359,-0.9138750698494569,-1.9030052639069348,0,-0.8175883474089926,-0.3066767932880161,-0.1950454097660268,-0.5311862248091916,0,-0.2399741233354617],"activity":[[0]],"dinucleotide":[],"positionBias":[],"modifications":[]}]},"modelFittingConstraints":{"enrichmentModel":[{}],"nShifts":0,"addBindingModesSequentially":true,"bindingModeInteractions":[],"flankLengths":[0],"singleModeLengthSweep":false,"bindingModes":[{"maxFlankLength":-1,"positionBiasBinWidth":1,"optimizeSizeHeuristic":false,"maxSize":-1,"optimizeFlankLength":false,"symmetryString":"null","roundSpecificActivity":true,"informationThreshold":0.1,"optimizeMotifShift":false,"fittingStages":[],"optimizeMotifShiftHeuristic":false,"experimentSpecificPositionBias":true,"minSize":-1,"experimentSpecificActivity":true,"optimizeSize":false}]}}
