{"modelSettings":{"letterOrder":"ACGTN","bindingModeInteractions":[],"bindingModes":[{"size":14,"fitLogActivity":true,"flankLength":0,"dinucleotideDistance":0,"componentName":"Binding mode 1","positionBias":false,"singleStrand":false,"modifications":[]}],"letterComplement":"C-G,A-T,N-N"},"coefficients":{"bindingModeInteractions":[],"bindingModes":[{"mononucleotide":[-0.07190124975674905,0,-0.0943320101124332,-0.10316395170309711,-0.06651849060379092,-0.515238903156308,-0.30072962041266305,0,-0.4418082077879424,-0.29420037373889996,-0.33662391685760085,-0.34007107182785923,-0.3735715988578905,0,-0.25033207521404355,-0.05671621106389679,-1.0799262811353962,-0.6936453239625262,0,-0.36232166949822464,0,-1.597931504588579,-1.279848842121507,-1.9104398987572253,-0.8986907959163077,0,-1.0671364703277852,-0.9643917451948187,-0.7484548750503537,-0.598608149165474,-1.7894138883131276,-1.1288564030644617,-1.1205217082974448,0,-0.7893439456068776,-1.7381029025256831,0,-1.5928226506294507,-0.5690654282660743,-0.7208993757238127,-0.36905979174812487,-1.7349236824598204,0,-2.743548173885637,-0.7276664853689164,0,-3.9310241595581936,-3.0623756930100585,-4.366106412937454,-1.3101664479078867,-4.307376252495022,-3.6468050728736157,-3.999696306318433,0,-1.330042253741513,-3.1952708957752383,-2.3933797003452995,-2.6897225155836146,0,-1.2038263710168773,0,-1.598649239995547,-1.7640144915851037,-1.0163762236088294,-0.8350397058066908,-0.5719769667941392,-0.14566402039645077,-0.1035628267330937,0,-0.18317912902499262],"activity":[[0]],"dinucleotide":[],"positionBias":[],"modifications":[]}]},"modelFittingConstraints":{"enrichmentModel":[{}],"nShifts":0,"addBindingModesSequentially":true,"bindingModeInteractions":[],"flankLengths":[0],"singleModeLengthSweep":false,"bindingModes":[{"maxFlankLength":-1,"positionBiasBinWidth":1,"optimizeSizeHeuristic":false,"maxSize":-1,"optimizeFlankLength":false,"symmetryString":"null","roundSpecificActivity":true,"informationThreshold":0.1,"optimizeMotifShift":false,"fittingStages":[],"optimizeMotifShiftHeuristic":false,"experimentSpecificPositionBias":true,"minSize":-1,"experimentSpecificActivity":true,"optimizeSize":false}]}}
