{"modelSettings":{"letterOrder":"ACGTN","bindingModeInteractions":[],"bindingModes":[{"size":13,"fitLogActivity":true,"flankLength":0,"dinucleotideDistance":0,"componentName":"Binding mode 1","positionBias":false,"singleStrand":false,"modifications":[]}],"letterComplement":"C-G,A-T,N-N"},"coefficients":{"bindingModeInteractions":[],"bindingModes":[{"mononucleotide":[-0.1755906077357352,-0.3832094424272148,-0.3586614478576786,0,-0.21714833405293774,-0.1570277171110721,0,-0.44042826887481024,-0.06147180259970231,-0.15116582928035055,-1.5419443550682232,-0.8833394265951453,0,-2.0293589877598897,-0.8216714190514397,-4.049665251036542,0,-4.485787923565337,-4.139516424817344,-1.342634700557871,-3.8863122832197368,0,-3.8645499999060555,-0.8307330284990817,-0.9961303827507851,-1.2948588565163366,-0.41692516512979605,-0.3221285542740553,0,-0.4088664616226639,-0.5188469544299465,0,-0.049458039619833194,-0.6642988987117535,-0.26736135799205313,0,-0.9156397966090166,-0.4079639967598352,-1.9438072601354999,-0.5940165121414478,-1.1145658603663646,-3.439802744423757,0,-3.9200612274231386,-1.0642336436033641,-4.580054649124271,-4.390382148353023,0,-3.9373492031884156,-1.3450083173288498,-1.2502353372628514,-0.03612687580258811,0,-1.1859430201610062,-0.44768914680394656,-0.6398691222118602,0,-0.4340701297841436,-0.29101578335747913,-0.3137755184778404,0,-0.7946713571774842,-0.49748507632977024,-0.44295098622994056,-0.3923293958482666],"activity":[[0]],"dinucleotide":[],"positionBias":[],"modifications":[]}]},"modelFittingConstraints":{"enrichmentModel":[{}],"nShifts":0,"addBindingModesSequentially":true,"bindingModeInteractions":[],"flankLengths":[0],"singleModeLengthSweep":false,"bindingModes":[{"maxFlankLength":-1,"positionBiasBinWidth":1,"optimizeSizeHeuristic":false,"maxSize":-1,"optimizeFlankLength":false,"symmetryString":"null","roundSpecificActivity":true,"informationThreshold":0.1,"optimizeMotifShift":false,"fittingStages":[],"optimizeMotifShiftHeuristic":false,"experimentSpecificPositionBias":true,"minSize":-1,"experimentSpecificActivity":true,"optimizeSize":false}]}}
