{"modelSettings":{"letterOrder":"ACGTN","bindingModeInteractions":[],"bindingModes":[{"size":14,"fitLogActivity":true,"flankLength":0,"dinucleotideDistance":0,"componentName":"Binding mode 1","positionBias":false,"singleStrand":false,"modifications":[]}],"letterComplement":"C-G,A-T,N-N"},"coefficients":{"bindingModeInteractions":[],"bindingModes":[{"mononucleotide":[-0.1239419841847873,-0.4608907727404077,-0.19541594208549995,0,-0.1813285093320865,-0.2530813078657026,-1.0253871777048325,-0.7706518960343409,0,-0.43163956905437406,-1.1970056548705674,-1.2535300332690493,-0.5481249475051637,0,-0.613585224848361,0,-1.1407385608546683,-1.2639282036170094,-1.8648785636078218,-0.8226638511817473,-2.791981042827405,-2.5566146679467536,-3.2717247775760594,0,-1.2234891202401263,-1.9794966845075042,-0.24494590066761113,-2.3691523663925,0,-0.6859503263320262,0,-2.876201904003547,-2.608789596245643,-1.5160434463668722,-1.086522472892903,-2.831335040314294,0,-3.3164825885174296,-1.8052417041389237,-1.1554612115184937,-0.9868872050741109,0,-1.5823859952980284,-1.619282846277044,-0.8117843098534189,-0.9827258796062797,-1.4433637099131262,-2.221002552914471,0,-0.8445970939377191,-1.7737847898628596,-2.251040507429135,-1.8490295016298672,0,-1.0269646550897777,-0.06473024777327119,-1.8807088463770159,0,-0.9691006155825095,-0.4823894629822253,-0.7530194390034861,-2.3469688251019614,-2.2131690016367003,0,-0.8699114116325788,-0.6472117568164641,-1.2081432955541835,-0.2468597622298292,0,-0.4294357074099039],"activity":[[0]],"dinucleotide":[],"positionBias":[],"modifications":[]}]},"modelFittingConstraints":{"enrichmentModel":[{}],"nShifts":0,"addBindingModesSequentially":true,"bindingModeInteractions":[],"flankLengths":[0],"singleModeLengthSweep":false,"bindingModes":[{"maxFlankLength":-1,"positionBiasBinWidth":1,"optimizeSizeHeuristic":false,"maxSize":-1,"optimizeFlankLength":false,"symmetryString":"null","roundSpecificActivity":true,"informationThreshold":0.1,"optimizeMotifShift":false,"fittingStages":[],"optimizeMotifShiftHeuristic":false,"experimentSpecificPositionBias":true,"minSize":-1,"experimentSpecificActivity":true,"optimizeSize":false}]}}
