{"modelSettings":{"letterOrder":"ACGTN","bindingModeInteractions":[],"bindingModes":[{"size":13,"fitLogActivity":true,"flankLength":0,"dinucleotideDistance":0,"componentName":"Binding mode 1","positionBias":false,"singleStrand":false,"modifications":[]}],"letterComplement":"C-G,A-T,N-N"},"coefficients":{"bindingModeInteractions":[],"bindingModes":[{"mononucleotide":[-0.24859384822330277,-0.1350327541905756,0,-0.4199456307949365,-0.18914483137199092,-0.08078417662805748,0,-0.32718792411636954,-0.07023304116851747,-0.11218442630895356,-1.2680364271830475,-1.4924467187329666,-2.222847642732983,0,-0.9072654749525244,0,-2.8470639205967454,-1.7056643832302862,-1.372916887595684,-0.9854848041001959,0,-3.6954645374679047,-3.2802833268707743,-4.141966608093913,-1.3108668292288095,-2.711478063798664,-1.8330665687833516,-2.5260688357808916,0,-1.1190698307163425,-1.6541149110965776,-1.0717384269298176,-1.3828935789323964,0,-0.8071417251433051,0,-1.0615459241112601,-0.6212732801321046,-1.7138397994742691,-0.6619619419167916,-0.10455378780826852,-0.6083316997850536,0,-1.1239699105223124,-0.3674573273423179,0,-1.6581975637206208,-0.628730818001122,-1.4537726301298521,-0.7146582960406366,-2.812507573795538,-2.6706114763468456,-2.3898537950184373,0,-1.1867001829803236,-1.5560923550469212,-1.0848427631328201,-1.9249143311121886,0,-0.8587284472280076,0,-1.5605339074283826,-1.2567718039813771,-0.8502608406508356,-0.7329808281662303],"activity":[[0]],"dinucleotide":[],"positionBias":[],"modifications":[]}]},"modelFittingConstraints":{"enrichmentModel":[{}],"nShifts":0,"addBindingModesSequentially":true,"bindingModeInteractions":[],"flankLengths":[0],"singleModeLengthSweep":false,"bindingModes":[{"maxFlankLength":-1,"positionBiasBinWidth":1,"optimizeSizeHeuristic":false,"maxSize":-1,"optimizeFlankLength":false,"symmetryString":"null","roundSpecificActivity":true,"informationThreshold":0.1,"optimizeMotifShift":false,"fittingStages":[],"optimizeMotifShiftHeuristic":false,"experimentSpecificPositionBias":true,"minSize":-1,"experimentSpecificActivity":true,"optimizeSize":false}]}}
