{"modelSettings":{"letterOrder":"ACGTN","bindingModeInteractions":[],"bindingModes":[{"size":12,"fitLogActivity":true,"flankLength":0,"dinucleotideDistance":0,"componentName":"Binding mode 1","positionBias":false,"singleStrand":false,"modifications":[]}],"letterComplement":"C-G,A-T,N-N"},"coefficients":{"bindingModeInteractions":[],"bindingModes":[{"mononucleotide":[-0.028632070600375314,0,-0.5262280379827287,-0.3326019187866409,-0.1985549427934382,0,-0.1263176350095918,-0.5569237160969447,-0.06490637056928694,-0.16503413857809682,0,-2.6163238346152706,-0.4115948955396398,-2.6691247845982318,-0.7957467920731867,0,-3.7045432910553178,-1.850390378517707,-3.3011035299801765,-1.1885672979210922,-3.053865591314615,-2.622931953703561,-2.378931259644224,0,-1.1936797341399055,-2.754484085465192,0,-2.790758170099041,-3.421183886547076,-1.2398675144433946,-0.3636709852151201,-2.773848136699309,0,-3.0274426294702232,-0.7951906729479367,0,-1.9452130614048855,-2.388424429681127,-3.2036870004392046,-1.1430791060563692,-3.448895736812382,-2.4381605528510306,-2.5190896898793227,0,-1.204277082815213,0,-2.0061980668790254,-1.6027693162308623,-1.655644451059974,-0.9631162700376737,0,-0.3254334298342165,-0.6167186933901876,-0.3901385722943891,-0.30826246547717595,-0.34494531721417143,-0.24509840043922448,-0.4642205753470936,0,-0.24861794669491302],"activity":[[0]],"dinucleotide":[],"positionBias":[],"modifications":[]}]},"modelFittingConstraints":{"enrichmentModel":[{}],"nShifts":0,"addBindingModesSequentially":true,"bindingModeInteractions":[],"flankLengths":[0],"singleModeLengthSweep":false,"bindingModes":[{"maxFlankLength":-1,"positionBiasBinWidth":1,"optimizeSizeHeuristic":false,"maxSize":-1,"optimizeFlankLength":false,"symmetryString":"null","roundSpecificActivity":true,"informationThreshold":0.1,"optimizeMotifShift":false,"fittingStages":[],"optimizeMotifShiftHeuristic":false,"experimentSpecificPositionBias":true,"minSize":-1,"experimentSpecificActivity":true,"optimizeSize":false}]}}
