{"modelSettings":{"letterOrder":"ACGTN","bindingModeInteractions":[],"bindingModes":[{"size":13,"fitLogActivity":true,"flankLength":0,"dinucleotideDistance":0,"componentName":"Binding mode 1","positionBias":false,"singleStrand":false,"modifications":[]}],"letterComplement":"C-G,A-T,N-N"},"coefficients":{"bindingModeInteractions":[],"bindingModes":[{"mononucleotide":[-0.058004804088396256,-0.28740474034700725,0,-0.25996145844460106,-0.14360056100824203,-0.15669883738634738,-0.08673715593007625,0,-0.021023671174394742,-0.06425179997643869,-0.8475280096739057,-0.8664468175654196,-0.14772246491130225,0,-0.38876061482296814,0,-1.2670095957100678,-0.5462631730800132,-2.565227023385294,-0.724800809859475,-3.106686221172702,-2.829652923660591,-3.491887395512463,0,-1.260344148597952,-4.069318844235376,-2.5462057959561015,-3.1306007733475756,0,-1.2560040446112548,-0.8352242229903801,-3.943165989183715,0,-1.92854396879875,-0.9172138830327629,-2.6143549262975645,0,-2.7527609264763715,-2.4260476573693452,-1.1830661462738765,-0.6494662052462239,-2.2831731944454052,0,-2.2904936332949344,-0.8407768278501263,-0.6463689881431414,0,-2.748363052380463,-0.228615045759053,-0.5176773232558868,0,-0.5261969109252096,-2.313848029067941,-3.517660707254076,-0.8443209852613974,0,-2.7807097000706964,-2.946473120540655,-3.2796289540137584,-1.244654753822667,-1.6541325138995706,-0.20819789020800883,-0.9423784470383083,0,-0.5137448497787032],"activity":[[0]],"dinucleotide":[],"positionBias":[],"modifications":[]}]},"modelFittingConstraints":{"enrichmentModel":[{}],"nShifts":0,"addBindingModesSequentially":true,"bindingModeInteractions":[],"flankLengths":[0],"singleModeLengthSweep":false,"bindingModes":[{"maxFlankLength":-1,"positionBiasBinWidth":1,"optimizeSizeHeuristic":false,"maxSize":-1,"optimizeFlankLength":false,"symmetryString":"null","roundSpecificActivity":true,"informationThreshold":0.1,"optimizeMotifShift":false,"fittingStages":[],"optimizeMotifShiftHeuristic":false,"experimentSpecificPositionBias":true,"minSize":-1,"experimentSpecificActivity":true,"optimizeSize":false}]}}
