{"modelSettings":{"letterOrder":"ACGTN","bindingModeInteractions":[],"bindingModes":[{"size":10,"fitLogActivity":true,"flankLength":0,"dinucleotideDistance":0,"componentName":"Binding mode 1","positionBias":false,"singleStrand":false,"modifications":[]}],"letterComplement":"C-G,A-T,N-N"},"coefficients":{"bindingModeInteractions":[],"bindingModes":[{"mononucleotide":[-1.6229399075914097,-1.3928503870140299,0,-1.9007562366472133,-0.9193330696054433,-0.8502607675544978,-1.1175646199390306,-1.5864512297944788,0,-0.7138451884119176,-0.48723719661291653,-0.479934949898956,0,-1.5354623467117268,-0.49081834227740384,-2.0808255626872425,-1.6941563317267612,-1.8010979279517194,0,-0.9985189235002339,-2.8297945759577505,-2.4580720571620356,-2.7267848000042827,0,-1.195629274150956,0,-2.575149424805824,-2.8598686178764448,-3.3743046149142533,-1.2312920578106177,-3.3652709033392316,0,-2.3922850903316153,-3.4336081162101832,-1.2393897357407266,-1.7899145925077073,-2.321118410358551,0,-2.770239227747979,-1.1027820830764776,-2.120819568959602,0,-1.831395097197455,-0.8463249876654144,-0.8503205391071974,0,-0.6228635621151168,-0.2858308390802433,-0.7081978618230718,-0.3637258425633709],"activity":[[0]],"dinucleotide":[],"positionBias":[],"modifications":[]}]},"modelFittingConstraints":{"enrichmentModel":[{}],"nShifts":0,"addBindingModesSequentially":true,"bindingModeInteractions":[],"flankLengths":[0],"singleModeLengthSweep":false,"bindingModes":[{"maxFlankLength":-1,"positionBiasBinWidth":1,"optimizeSizeHeuristic":false,"maxSize":-1,"optimizeFlankLength":false,"symmetryString":"null","roundSpecificActivity":true,"informationThreshold":0.1,"optimizeMotifShift":false,"fittingStages":[],"optimizeMotifShiftHeuristic":false,"experimentSpecificPositionBias":true,"minSize":-1,"experimentSpecificActivity":true,"optimizeSize":false}]}}
