{"modelSettings":{"letterOrder":"ACGTN","bindingModeInteractions":[],"bindingModes":[{"size":9,"fitLogActivity":true,"flankLength":0,"dinucleotideDistance":0,"componentName":"Binding mode 1","positionBias":false,"singleStrand":false,"modifications":[]}],"letterComplement":"C-G,A-T,N-N"},"coefficients":{"bindingModeInteractions":[],"bindingModes":[{"mononucleotide":[-0.19101847386937187,0,-0.13727062368735066,-0.3159990386877034,-0.15463486711155433,-0.5512998686689938,0,-0.13367780192442247,-0.7699334417703447,-0.3167278028991342,-0.7726464159857116,0,-0.28087380182631705,-0.8832692293828837,-0.4191804499658937,-4.743988085481911,-0.7437736838364923,-4.867629298033059,0,-0.9863697233476902,0,-2.3006840467648657,-0.40563540836238143,-5.191120242222816,-0.8140110339895633,0,-0.8610712131360234,-3.199073764011083,-0.8077574181770508,-0.7395232048581859,-1.231479140875848,-0.5479192712952363,-1.0222935761141771,0,-0.5843910192437884,-0.6237205608901482,-0.2822902455078342,0,-0.24294250069378354,-0.2632112395415481,-0.19890224045831317,-0.2148921644665096,0,-0.16040448907251648,-0.13982038104068276],"activity":[[0]],"dinucleotide":[],"positionBias":[],"modifications":[]}]},"modelFittingConstraints":{"enrichmentModel":[{}],"nShifts":0,"addBindingModesSequentially":true,"bindingModeInteractions":[],"flankLengths":[0],"singleModeLengthSweep":false,"bindingModes":[{"maxFlankLength":-1,"positionBiasBinWidth":1,"optimizeSizeHeuristic":false,"maxSize":-1,"optimizeFlankLength":false,"symmetryString":"null","roundSpecificActivity":true,"informationThreshold":0.1,"optimizeMotifShift":false,"fittingStages":[],"optimizeMotifShiftHeuristic":false,"experimentSpecificPositionBias":true,"minSize":-1,"experimentSpecificActivity":true,"optimizeSize":false}]}}
