{"modelSettings":{"letterOrder":"ACGTN","bindingModeInteractions":[],"bindingModes":[{"size":14,"fitLogActivity":true,"flankLength":0,"dinucleotideDistance":0,"componentName":"Binding mode 2","positionBias":false,"singleStrand":false,"modifications":[]}],"letterComplement":"C-G,A-T,N-N"},"coefficients":{"bindingModeInteractions":[],"bindingModes":[{"mononucleotide":[-0.11468983649418085,0,-0.22903988818762322,-0.22035236773400158,-0.13662889006134224,-0.9128021532324251,-1.221692644503598,-1.8819483317207837,0,-0.7719621470352672,0,-2.3342849810281163,-1.2430584817242227,-1.0404386135220882,-0.833168209237167,0,-3.8439322071258872,-2.7692121437570765,-3.2139395169609135,-1.2691172126975714,-1.818498979473615,-1.3755288140287885,-1.7339231571548623,0,-0.9215763502707364,-1.3604385633157996,-0.20991164887042046,-1.0379064948075527,0,-0.501948673621073,0,-1.0031083259413158,-0.08030929555218513,-1.346371965613093,-0.45029861319193815,-0.11829953128469128,-0.24666404731490665,0,-0.9711976779611753,-0.27165704365208104,0,-1.4038384368030314,-0.31280767993201053,-1.693001207296085,-0.6157189502678061,-3.9254348961830803,-2.872920933001296,-4.620125574751189,0,-1.3036838764369225,-1.6956487451111713,-0.9467413445109365,-2.199078453330582,0,-0.8660796674973087,0,-2.242772743670567,-1.4946664568827934,-1.2340070033867665,-0.9028743549207148,-0.11717136386471871,-0.11940309357607148,0,-0.08032234038053154,-0.07804219245419655,-0.5611245618397849,0,-0.15934925377390652,-0.40661934337552363,-0.25839412106906906],"activity":[[0]],"dinucleotide":[],"positionBias":[],"modifications":[]}]},"modelFittingConstraints":{"enrichmentModel":[{}],"nShifts":0,"addBindingModesSequentially":true,"bindingModeInteractions":[],"flankLengths":[0],"singleModeLengthSweep":false,"bindingModes":[{"maxFlankLength":-1,"positionBiasBinWidth":1,"optimizeSizeHeuristic":false,"maxSize":-1,"optimizeFlankLength":false,"symmetryString":"null","roundSpecificActivity":true,"informationThreshold":0.1,"optimizeMotifShift":false,"fittingStages":[],"optimizeMotifShiftHeuristic":false,"experimentSpecificPositionBias":true,"minSize":-1,"experimentSpecificActivity":true,"optimizeSize":false}]}}
