{"modelSettings":{"letterOrder":"ACGTN","bindingModeInteractions":[],"bindingModes":[{"size":13,"fitLogActivity":true,"flankLength":0,"dinucleotideDistance":0,"componentName":"Binding mode 1","positionBias":false,"singleStrand":false,"modifications":[]}],"letterComplement":"C-G,A-T,N-N"},"coefficients":{"bindingModeInteractions":[],"bindingModes":[{"mononucleotide":[0,-0.246758097608069,-0.13903369353665518,-0.19462005268238514,-0.14079320002273688,0,-0.7549204749978422,-0.23684443828530988,-0.06740373129634492,-0.22502665505797811,-1.7821245405962518,-1.3578266643736043,-2.085779372781287,0,-0.9482267258700853,0,-2.7537424466095692,-3.0062140838061135,-3.6749659606437803,-1.2565669648552398,-3.4872279845132788,-2.389910148065887,-2.9263729580519136,0,-1.2243332461876661,-3.0708329256181126,-3.0336978845829807,0,-1.1865867634887834,-1.049978404336623,-2.3633627312823755,0,-1.4811607907433277,-0.821037119651006,-0.8201559151620962,0,-3.216250722229443,-2.6060147399447504,-0.6420045239724281,-0.8914945653712774,0,-3.105694341340232,-1.955476081092499,-2.811439197540277,-1.166027816225772,0,-2.256665163211661,-2.6917242348661783,-3.0882199367065613,-1.1890463617470863,-1.694391033363507,-2.3691443381372457,-1.930615951632145,0,-1.0339975398703234,-0.7704485275409585,-0.8018364636237596,-0.07661497027091979,0,-0.3433511007338885,0,-0.8962105793211581,-0.6662110740285216,-0.76235173819585,-0.5156990556448633],"activity":[[0]],"dinucleotide":[],"positionBias":[],"modifications":[]}]},"modelFittingConstraints":{"enrichmentModel":[{}],"nShifts":0,"addBindingModesSequentially":true,"bindingModeInteractions":[],"flankLengths":[0],"singleModeLengthSweep":false,"bindingModes":[{"maxFlankLength":-1,"positionBiasBinWidth":1,"optimizeSizeHeuristic":false,"maxSize":-1,"optimizeFlankLength":false,"symmetryString":"null","roundSpecificActivity":true,"informationThreshold":0.1,"optimizeMotifShift":false,"fittingStages":[],"optimizeMotifShiftHeuristic":false,"experimentSpecificPositionBias":true,"minSize":-1,"experimentSpecificActivity":true,"optimizeSize":false}]}}
