{"modelSettings":{"letterOrder":"ACGTN","bindingModeInteractions":[],"bindingModes":[{"size":12,"fitLogActivity":true,"flankLength":0,"dinucleotideDistance":0,"componentName":"Binding mode 1","positionBias":false,"singleStrand":false,"modifications":[]}],"letterComplement":"C-G,A-T,N-N"},"coefficients":{"bindingModeInteractions":[],"bindingModes":[{"mononucleotide":[-1.5912959761843197,-0.47446201530019216,-1.3652559810469764,0,-0.6533513813389787,-2.0309514565171716,-1.9269057120428696,-1.5851677453097732,0,-0.9930893944112852,-2.3358544511403463,-1.7980358017360771,0,-2.2661956052400707,-1.0743653943424756,-0.5853257417105144,-1.9755846199374316,-2.3297555817061695,0,-0.8024464635836424,-2.745460010181475,-1.9374329818524139,-2.300479043778022,0,-1.1174107064241114,-2.277264944190527,-2.1483482524956834,0,-2.4004256028438307,-1.1163279787966514,-2.3669006542696454,-2.517963322867729,-2.3896622749204144,0,-1.1503884494515246,-2.6629419397911462,-2.1242503394833516,-2.631567889162789,0,-1.1542062784960354,-2.0319511205224945,-1.9673177533797448,0,-0.6690136172398855,-0.8079271969324381,-2.388913250270449,-1.6117725271943364,-2.294545773068299,0,-1.055502433802575,0,-1.2398506642886202,-1.5925874882422795,-1.0178402363952523,-0.7688406706759492,0,-0.4107724738775751,-0.40620076315394904,-1.5032411897141706,-0.4495258065495938],"activity":[[0]],"dinucleotide":[],"positionBias":[],"modifications":[]}]},"modelFittingConstraints":{"enrichmentModel":[{}],"nShifts":0,"addBindingModesSequentially":true,"bindingModeInteractions":[],"flankLengths":[0],"singleModeLengthSweep":false,"bindingModes":[{"maxFlankLength":-1,"positionBiasBinWidth":1,"optimizeSizeHeuristic":false,"maxSize":-1,"optimizeFlankLength":false,"symmetryString":"null","roundSpecificActivity":true,"informationThreshold":0.1,"optimizeMotifShift":false,"fittingStages":[],"optimizeMotifShiftHeuristic":false,"experimentSpecificPositionBias":true,"minSize":-1,"experimentSpecificActivity":true,"optimizeSize":false}]}}
