{"modelSettings":{"letterOrder":"ACGTN","bindingModeInteractions":[],"bindingModes":[{"size":14,"fitLogActivity":true,"flankLength":0,"dinucleotideDistance":0,"componentName":"Binding mode 1","positionBias":false,"singleStrand":false,"modifications":[]}],"letterComplement":"C-G,A-T,N-N"},"coefficients":{"bindingModeInteractions":[],"bindingModes":[{"mononucleotide":[-0.5836452241182641,-0.34134388075682054,-0.5816823020523749,0,-0.3468544666704658,0,-0.8042881618061593,-0.8274027930232251,-2.654980614838593,-0.715960555932244,-2.1238198428521233,0,-1.6235874100183505,-1.3543596068616832,-0.9321174643635535,0,-2.8834105665698275,-2.0728325168794948,-1.3108513163729771,-1.0137912782006613,0,-2.3180567309772186,-1.831256132501366,-1.979406385936299,-1.052090296028076,-2.0188285107909856,0,-2.427458329513079,-1.754154515658545,-1.0540271440209852,0,-2.908343843631173,-1.9610660027500648,-1.9915287718778103,-1.099792250007135,0,-2.914173805495222,-2.2591729410966694,-2.052318511335219,-1.133885306450891,-2.785688201431148,0,-2.418408384383308,-2.3862609312998355,-1.1689895697076618,0,-3.0697472119546916,-2.4536482939783038,-2.4011635169978067,-1.1849673169162875,0,-1.1582939921018882,-1.8538246362217672,-1.930389821341759,-0.9064951068052696,-0.8302777273360658,0,-1.3070573084988508,-0.6185664489086173,-0.5774732186619173,0,-0.5952959641694155,-0.18123328180051068,-0.09237100708763002,-0.1931579939932128,0,-0.22814831264998858,-0.49238432471454363,-0.14831368803385647,-0.20170799012471516],"activity":[[0]],"dinucleotide":[],"positionBias":[],"modifications":[]}]},"modelFittingConstraints":{"enrichmentModel":[{}],"nShifts":0,"addBindingModesSequentially":true,"bindingModeInteractions":[],"flankLengths":[0],"singleModeLengthSweep":false,"bindingModes":[{"maxFlankLength":-1,"positionBiasBinWidth":1,"optimizeSizeHeuristic":false,"maxSize":-1,"optimizeFlankLength":false,"symmetryString":"null","roundSpecificActivity":true,"informationThreshold":0.1,"optimizeMotifShift":false,"fittingStages":[],"optimizeMotifShiftHeuristic":false,"experimentSpecificPositionBias":true,"minSize":-1,"experimentSpecificActivity":true,"optimizeSize":false}]}}
