{"modelSettings":{"letterOrder":"ACGTN","bindingModeInteractions":[],"bindingModes":[{"size":10,"fitLogActivity":true,"flankLength":0,"dinucleotideDistance":0,"componentName":"Binding mode 1","positionBias":false,"singleStrand":false,"modifications":[]}],"letterComplement":"C-G,A-T,N-N"},"coefficients":{"bindingModeInteractions":[],"bindingModes":[{"mononucleotide":[-0.3520976928389219,-0.033759656397259974,0,-0.4369265391536281,-0.18752482580070753,-0.8312371909837131,0,-0.3149096164783929,-0.8470107710427266,-0.4330703509241551,0,-2.7079099830793734,-1.7682265791605687,-1.1234886531310124,-0.9400361581651103,-2.959821542009263,-2.5260334025155684,-2.8817863974383715,0,-1.2141592084352386,-3.4183119838828993,-3.3250956338244118,-3.1676332889613215,0,-1.28117796036925,-3.076014347381353,-2.220855578807932,-2.9800033915226667,0,-1.199440020993613,-3.4083718987721094,-3.168198375226283,-2.9543271624104057,0,-1.2664795311402595,-3.5766518683707678,-3.495596516391934,-3.359593702543848,0,-1.297323129015425,-0.7717753824146856,-1.599629856015497,-2.716416473861057,0,-0.8380144237080405,-0.39259616540938236,-0.26102480704958,-1.1471811817267055,0,-0.36994337291035495],"activity":[[0]],"dinucleotide":[],"positionBias":[],"modifications":[]}]},"modelFittingConstraints":{"enrichmentModel":[{}],"nShifts":0,"addBindingModesSequentially":true,"bindingModeInteractions":[],"flankLengths":[0],"singleModeLengthSweep":false,"bindingModes":[{"maxFlankLength":-1,"positionBiasBinWidth":1,"optimizeSizeHeuristic":false,"maxSize":-1,"optimizeFlankLength":false,"symmetryString":"null","roundSpecificActivity":true,"informationThreshold":0.1,"optimizeMotifShift":false,"fittingStages":[],"optimizeMotifShiftHeuristic":false,"experimentSpecificPositionBias":true,"minSize":-1,"experimentSpecificActivity":true,"optimizeSize":false}]}}
