{"modelSettings":{"letterOrder":"ACGTN","bindingModeInteractions":[],"bindingModes":[{"size":14,"fitLogActivity":true,"flankLength":0,"dinucleotideDistance":0,"componentName":"Binding mode 1","positionBias":false,"singleStrand":false,"modifications":[]}],"letterComplement":"C-G,A-T,N-N"},"coefficients":{"bindingModeInteractions":[],"bindingModes":[{"mononucleotide":[0,-0.27194358633656535,-0.011418812927042055,-0.18198658199001372,-0.10977136769838808,-0.012198249044354625,-0.24489502733601753,-0.011492269256059728,0,-0.06207859782690058,-1.1108630934669286,-1.0860153005044157,-1.3143684789574497,0,-0.725940317934746,-0.3944507745613137,-1.4127230899275727,0,-1.5907285947128624,-0.6342621447248201,-2.8280595816387617,0,-2.856562243384664,-2.7600368054698503,-1.2208791745992345,0,-3.028293168322511,-3.032459279074642,-3.094419654758177,-1.2536039432222363,-2.8561749174234095,0,-3.451136000039414,-2.9844872060954355,-1.255473788833401,-2.978309354493467,0,-3.1204302256345144,-2.2905696555575226,-1.2071229730588693,-3.25648608660528,-3.1790842031737974,-3.401508578274628,0,-1.2788128739175633,-3.339198072708772,-3.632228936737839,0,-3.409741986005468,-1.2955653307008141,-2.826180295344315,-2.0357827069984484,-3.3666687882196893,0,-1.1839076935740562,-1.330056694942714,-0.08161457581335707,-2.0051462270352136,0,-0.544412577954285,-0.1380508340029607,-0.351165971809718,0,-0.8011265252213278,-0.2797984294425444,-0.5731230452113119,-0.04143594634525183,-0.37630231513171264,0,-0.2201581328951792],"activity":[[0]],"dinucleotide":[],"positionBias":[],"modifications":[]}]},"modelFittingConstraints":{"enrichmentModel":[{}],"nShifts":0,"addBindingModesSequentially":true,"bindingModeInteractions":[],"flankLengths":[0],"singleModeLengthSweep":false,"bindingModes":[{"maxFlankLength":-1,"positionBiasBinWidth":1,"optimizeSizeHeuristic":false,"maxSize":-1,"optimizeFlankLength":false,"symmetryString":"null","roundSpecificActivity":true,"informationThreshold":0.1,"optimizeMotifShift":false,"fittingStages":[],"optimizeMotifShiftHeuristic":false,"experimentSpecificPositionBias":true,"minSize":-1,"experimentSpecificActivity":true,"optimizeSize":false}]}}
