{"modelSettings":{"letterOrder":"ACGTN","bindingModeInteractions":[],"bindingModes":[{"size":13,"fitLogActivity":true,"flankLength":0,"dinucleotideDistance":0,"componentName":"Binding mode 1","positionBias":false,"singleStrand":false,"modifications":[]}],"letterComplement":"C-G,A-T,N-N"},"coefficients":{"bindingModeInteractions":[],"bindingModes":[{"mononucleotide":[-0.16188048606203242,0,-0.056267569649498306,-0.22473902795449252,-0.10687453378404004,-0.38676733474161384,-0.4080754917710223,-0.006863666550493086,0,-0.1811209890316061,0,-0.7629217515665774,-0.25672344055537355,-1.2747601868305054,-0.46228067648104404,-2.0520433083611733,-2.3487539952833743,-2.2152654514307084,0,-1.0987987533898367,-2.5109536522319384,-2.6898890905314996,-0.9675163217176568,0,-0.961611782787147,-0.22403352122132691,-2.123362891787573,0,-0.4666174733821018,-0.45175635657400015,-1.7114099292235379,0,-2.141875836225231,-1.8197583804886177,-1.0077824369751789,-0.38114190030124817,-1.481003119361442,0,-2.3864174967901803,-0.6919234572787974,-2.4227703251784325,-2.40013928516641,-2.073316938511347,0,-1.1199772581236127,-0.9108014971876024,0,-2.313078627377922,-2.849596291710801,-0.9422333875068449,0,-2.5387470436769055,-2.149076220332785,-2.761125327558384,-1.1561532098061753,-1.6646298146566538,-0.14051134769727636,-0.8421324279377975,0,-0.4744272293698877,-0.6301487915063664,0,-0.7605413196804278,-0.6136048093814743,-0.45361009293178467],"activity":[[0]],"dinucleotide":[],"positionBias":[],"modifications":[]}]},"modelFittingConstraints":{"enrichmentModel":[{}],"nShifts":0,"addBindingModesSequentially":true,"bindingModeInteractions":[],"flankLengths":[0],"singleModeLengthSweep":false,"bindingModes":[{"maxFlankLength":-1,"positionBiasBinWidth":1,"optimizeSizeHeuristic":false,"maxSize":-1,"optimizeFlankLength":false,"symmetryString":"null","roundSpecificActivity":true,"informationThreshold":0.1,"optimizeMotifShift":false,"fittingStages":[],"optimizeMotifShiftHeuristic":false,"experimentSpecificPositionBias":true,"minSize":-1,"experimentSpecificActivity":true,"optimizeSize":false}]}}
