{"modelSettings":{"letterOrder":"ACGTN","bindingModeInteractions":[],"bindingModes":[{"size":12,"fitLogActivity":true,"flankLength":0,"dinucleotideDistance":0,"componentName":"Binding mode 2","positionBias":false,"singleStrand":false,"modifications":[]}],"letterComplement":"C-G,A-T,N-N"},"coefficients":{"bindingModeInteractions":[],"bindingModes":[{"mononucleotide":[0,-0.44533938585498856,-0.09151588618219986,-1.0659888991556006,-0.32243199507280185,-1.8458672710413122,-1.8510352863652546,-2.0453042277297158,0,-1.0186670730190597,-2.009636601045562,-1.8243093122230363,-0.5223577051709078,0,-0.7505184328873157,-0.015403182966367446,-1.6718951865212164,0,-0.08658243385602127,-0.25823155167836775,-2.185816809487118,0,-1.7665594815315382,-2.076988491911913,-1.0436888729603742,-0.2059243262775734,-1.438197418753222,0,-2.5432092797968773,-0.6302364252715654,-2.5653478217359726,-2.9746978252994953,-1.9404031640455734,0,-1.1460173740273583,-1.478525151876335,0,-2.3437459480988503,-2.9652529115587276,-1.067485367551214,0,-2.840604870105083,-2.342798139438848,-2.7288803179396828,-1.1876556814699077,-1.8322640318336028,-0.18439709806695959,-0.9059241333366614,0,-0.5125669249383591,-1.0496590803267702,0,-0.712991046779468,-0.8337146143486454,-0.5644613657495601,-0.2804860203710353,-0.3238326353498424,0,-0.5071469160242055,-0.2610404359099115],"activity":[[0]],"dinucleotide":[],"positionBias":[],"modifications":[]}]},"modelFittingConstraints":{"enrichmentModel":[{}],"nShifts":0,"addBindingModesSequentially":true,"bindingModeInteractions":[],"flankLengths":[0],"singleModeLengthSweep":false,"bindingModes":[{"maxFlankLength":-1,"positionBiasBinWidth":1,"optimizeSizeHeuristic":false,"maxSize":-1,"optimizeFlankLength":false,"symmetryString":"null","roundSpecificActivity":true,"informationThreshold":0.1,"optimizeMotifShift":false,"fittingStages":[],"optimizeMotifShiftHeuristic":false,"experimentSpecificPositionBias":true,"minSize":-1,"experimentSpecificActivity":true,"optimizeSize":false}]}}
