{"modelSettings":{"letterOrder":"ACGTN","bindingModeInteractions":[],"bindingModes":[{"size":12,"fitLogActivity":true,"flankLength":0,"dinucleotideDistance":0,"componentName":"Binding mode 1","positionBias":false,"singleStrand":false,"modifications":[]}],"letterComplement":"C-G,A-T,N-N"},"coefficients":{"bindingModeInteractions":[],"bindingModes":[{"mononucleotide":[-0.2732693253935512,0,-0.061962967320331686,-0.30281309979092264,-0.15095584013319766,-0.8436032203220609,-0.5776808314384123,0,-0.023566887023394045,-0.29838420656702574,0,-1.475941743810795,-0.5495960689969799,-3.09628247371478,-0.7705881718384895,-3.173584465855451,-2.957034728146578,-3.2185610440444377,0,-1.26068540352767,-3.2335799173424427,-2.7432686541972897,-1.676080327755356,0,-1.1309688822427568,-0.9800076351146227,-2.681855983059968,0,-0.8005762375369292,-0.7482295539631412,-2.451440892140969,0,-0.7273904118222738,-2.8634738350457054,-0.8999206336517799,-2.369305358043464,-2.2328895860625204,-0.8022737945406382,0,-0.8860814777050394,-1.6779016717710942,0,-1.818477715835905,-0.36810507975219053,-0.6728140536070089,0,-2.1606621756188193,-0.07020000516940428,-2.1922721002242573,-0.616594145325995,-1.7182158254424023,-0.18162761732531152,0,-0.140445216135741,-0.32771652837557663,-0.5084228753900542,0,-1.175204848893605,-1.243497113134847,-0.5984858096418962],"activity":[[0]],"dinucleotide":[],"positionBias":[],"modifications":[]}]},"modelFittingConstraints":{"enrichmentModel":[{}],"nShifts":0,"addBindingModesSequentially":true,"bindingModeInteractions":[],"flankLengths":[0],"singleModeLengthSweep":false,"bindingModes":[{"maxFlankLength":-1,"positionBiasBinWidth":1,"optimizeSizeHeuristic":false,"maxSize":-1,"optimizeFlankLength":false,"symmetryString":"null","roundSpecificActivity":true,"informationThreshold":0.1,"optimizeMotifShift":false,"fittingStages":[],"optimizeMotifShiftHeuristic":false,"experimentSpecificPositionBias":true,"minSize":-1,"experimentSpecificActivity":true,"optimizeSize":false}]}}
