{"modelSettings":{"letterOrder":"ACGTN","bindingModeInteractions":[],"bindingModes":[{"size":12,"fitLogActivity":true,"flankLength":0,"dinucleotideDistance":0,"componentName":"Binding mode 1","positionBias":false,"singleStrand":false,"modifications":[]}],"letterComplement":"C-G,A-T,N-N"},"coefficients":{"bindingModeInteractions":[],"bindingModes":[{"mononucleotide":[0,-0.6340469024085742,-0.05232407795978222,-1.2428984415843294,-0.36816616638895555,-2.1304782340401953,-2.5164514037010575,-2.8174474000219227,0,-1.1557507418136503,-2.5943698361879735,-2.470024017936967,-0.9108623979211412,0,-0.9406775662194267,-0.35246476802974147,-2.2922409731853515,0,-0.30187934485300527,-0.45278457511566544,-2.315129025304917,0,-2.352831045287421,-2.5210171336198757,-1.1439516576676712,-0.3899328741878705,-1.8585689926681201,0,-2.8016118247275745,-0.7477564884591579,-2.7504573872539533,-3.2063125529194396,-2.524400806196992,0,-1.2169646451924636,-2.602923407698298,0,-2.3083833871652937,-2.8439581483295147,-1.177920565818554,0,-2.2681938682073923,-2.2973492310118457,-2.3578980834430716,-1.1249746429536946,-1.6992097564643673,-0.1342674277267415,-0.8132715346311121,0,-0.4697679660049038,-0.6168786166749145,0,-0.35614627026272405,-0.4181762361517736,-0.32218981728647794,-0.2818500203120964,-0.299993163273367,0,-0.4225475669231118,-0.2387061529554071],"activity":[[0]],"dinucleotide":[],"positionBias":[],"modifications":[]}]},"modelFittingConstraints":{"enrichmentModel":[{}],"nShifts":0,"addBindingModesSequentially":true,"bindingModeInteractions":[],"flankLengths":[0],"singleModeLengthSweep":false,"bindingModes":[{"maxFlankLength":-1,"positionBiasBinWidth":1,"optimizeSizeHeuristic":false,"maxSize":-1,"optimizeFlankLength":false,"symmetryString":"null","roundSpecificActivity":true,"informationThreshold":0.1,"optimizeMotifShift":false,"fittingStages":[],"optimizeMotifShiftHeuristic":false,"experimentSpecificPositionBias":true,"minSize":-1,"experimentSpecificActivity":true,"optimizeSize":false}]}}
