{"modelSettings":{"letterOrder":"ACGTN","bindingModeInteractions":[],"bindingModes":[{"size":14,"fitLogActivity":true,"flankLength":0,"dinucleotideDistance":0,"componentName":"Binding mode 1","positionBias":false,"singleStrand":false,"modifications":[]}],"letterComplement":"C-G,A-T,N-N"},"coefficients":{"bindingModeInteractions":[],"bindingModes":[{"mononucleotide":[-0.5358214497737919,-0.7764749745882451,-0.8669782621029327,0,-0.4839270838444442,-0.7038795945705019,-1.5148498328780633,-1.7128882670626737,0,-0.7471558216942346,0,-1.691815759170856,-1.1031376439983447,-0.8362138670816659,-0.7187926270692485,0,-2.152449907827485,-2.1602482083842585,-2.057377762536426,-1.07933608330019,-0.9923892321660741,-0.7125868454961974,-1.0187088809816007,0,-0.587830499991628,-1.1779965881720553,-0.004465788239443214,-0.832618914494569,0,-0.37893956610967106,-1.1574837693358297,-0.3554879512468663,-1.0755629926436914,0,-0.5292386804328236,0,-1.9377830398243088,-1.142527031328699,-2.2404685393581314,-0.9355733430848401,0,-4.703514320780406,-3.3586764247248846,-4.744981476784402,-1.3350882067005814,-6.675657234575492,-6.343768839796257,-6.714791310258407,0,-1.3820715419324057,-2.6015349240527357,-3.348591273909258,-5.075265846365502,0,-1.276953169444415,0,-5.025124749821803,-3.358447667335972,-2.35505683139871,-1.2585626650241892,-0.15019018227172065,-0.7984018445262118,0,-0.5422254029032691,-0.3243305724924624,-0.5949109857832857,0,-0.2197899728298882,-0.09629391306374391,-0.20380179085030292],"activity":[[0]],"dinucleotide":[],"positionBias":[],"modifications":[]}]},"modelFittingConstraints":{"enrichmentModel":[{}],"nShifts":0,"addBindingModesSequentially":true,"bindingModeInteractions":[],"flankLengths":[0],"singleModeLengthSweep":false,"bindingModes":[{"maxFlankLength":-1,"positionBiasBinWidth":1,"optimizeSizeHeuristic":false,"maxSize":-1,"optimizeFlankLength":false,"symmetryString":"null","roundSpecificActivity":true,"informationThreshold":0.1,"optimizeMotifShift":false,"fittingStages":[],"optimizeMotifShiftHeuristic":false,"experimentSpecificPositionBias":true,"minSize":-1,"experimentSpecificActivity":true,"optimizeSize":false}]}}
