{"modelSettings":{"letterOrder":"ACGTN","bindingModeInteractions":[],"bindingModes":[{"size":12,"fitLogActivity":true,"flankLength":0,"dinucleotideDistance":0,"componentName":"Binding mode 1","positionBias":false,"singleStrand":false,"modifications":[]}],"letterComplement":"C-G,A-T,N-N"},"coefficients":{"bindingModeInteractions":[],"bindingModes":[{"mononucleotide":[-0.2132095223696613,-0.33132401700687364,0,-0.3685861047819552,-0.2176365640273901,-0.4090633269574635,-0.40709451768513194,-0.9469765078081318,0,-0.3864843095304834,-0.8785960189961699,-0.04258562770897001,0,-0.041635914843785926,-0.18245365752523846,0,-1.5306812704877544,-0.8682016294137584,-1.5175659441867806,-0.768227068375417,-2.7915657738058686,0,-2.2335588026715687,-0.9860440067698653,-0.9535246967739214,-1.2658238229911367,-1.520003605333284,0,-4.585311114110636,-0.9735765834223895,-2.1538292377041435,-3.078913293256834,-2.8727920304500962,0,-1.1886007000022358,-1.6529867832240723,0,-1.8663960978785366,-3.637311363627643,-1.0696748308350605,0,-2.5885841535200775,-1.7719442185366716,-3.5403998812255333,-1.144030606930516,-1.4422562531457679,-0.29648483324499164,-0.6694468245130389,0,-0.4732840376761725,-0.5144738994653464,0,-0.5815305211416906,-0.5016574631856043,-0.3702005400314175,0,-0.2084183784473077,-0.1429121287039523,-0.31696023742191715,-0.16044541925880593],"activity":[[0]],"dinucleotide":[],"positionBias":[],"modifications":[]}]},"modelFittingConstraints":{"enrichmentModel":[{}],"nShifts":0,"addBindingModesSequentially":true,"bindingModeInteractions":[],"flankLengths":[0],"singleModeLengthSweep":false,"bindingModes":[{"maxFlankLength":-1,"positionBiasBinWidth":1,"optimizeSizeHeuristic":false,"maxSize":-1,"optimizeFlankLength":false,"symmetryString":"null","roundSpecificActivity":true,"informationThreshold":0.1,"optimizeMotifShift":false,"fittingStages":[],"optimizeMotifShiftHeuristic":false,"experimentSpecificPositionBias":true,"minSize":-1,"experimentSpecificActivity":true,"optimizeSize":false}]}}
