{"modelSettings":{"letterOrder":"ACGTN","bindingModeInteractions":[],"bindingModes":[{"size":12,"fitLogActivity":true,"flankLength":0,"dinucleotideDistance":0,"componentName":"Binding mode 1","positionBias":false,"singleStrand":false,"modifications":[]}],"letterComplement":"C-G,A-T,N-N"},"coefficients":{"bindingModeInteractions":[],"bindingModes":[{"mononucleotide":[0,-0.822215800684388,-0.47406703622715085,-0.767937357705069,-0.45970031758697355,-0.328019413646766,0,-0.3874499953778372,-0.38424745637670377,-0.26133310603030246,-1.5778054238112418,0,-3.1239408218414013,-1.400996920098791,-0.9829900078230128,-0.22636069855314211,-1.8312374237595872,0,-2.3894633103433502,-0.668784142982971,-0.35793389529408515,-0.9511004778665679,-2.625940369567915,0,-0.6172021113308863,-4.59413217877458,-4.670546149204426,-3.650276553230972,0,-1.3418353862460628,-2.6276078324567225,-2.960110740974849,-4.263557361888908,0,-1.2569021512924126,0,-4.087422200684131,-2.78636466349369,-1.804333057614027,-1.1687572688198908,-0.3114361670001271,-0.6314424960856337,0,-0.3858628059515956,-0.3064972239076475,-0.6816471400495949,0,-0.2428908704678241,-0.37941342606117523,-0.29625102196437475,-0.23759068816087847,-0.20053869662016055,0,-0.2664077496421333,-0.17050903670053677,-0.10483088580074673,0,-0.09144669387850346,-0.0800243677479835,-0.06823049929078144],"activity":[[0]],"dinucleotide":[],"positionBias":[],"modifications":[]}]},"modelFittingConstraints":{"enrichmentModel":[{}],"nShifts":0,"addBindingModesSequentially":true,"bindingModeInteractions":[],"flankLengths":[0],"singleModeLengthSweep":false,"bindingModes":[{"maxFlankLength":-1,"positionBiasBinWidth":1,"optimizeSizeHeuristic":false,"maxSize":-1,"optimizeFlankLength":false,"symmetryString":"null","roundSpecificActivity":true,"informationThreshold":0.1,"optimizeMotifShift":false,"fittingStages":[],"optimizeMotifShiftHeuristic":false,"experimentSpecificPositionBias":true,"minSize":-1,"experimentSpecificActivity":true,"optimizeSize":false}]}}
