{"modelSettings":{"letterOrder":"ACGTN","bindingModeInteractions":[],"bindingModes":[{"size":12,"fitLogActivity":true,"flankLength":0,"dinucleotideDistance":0,"componentName":"Binding mode 1","positionBias":false,"singleStrand":false,"modifications":[]}],"letterComplement":"C-G,A-T,N-N"},"coefficients":{"bindingModeInteractions":[],"bindingModes":[{"mononucleotide":[-0.23676906745240345,-0.3062211052115398,0,-0.27923323615326634,-0.19791425267546275,-1.1082675940765983,-1.8961536452260122,-0.39757513307024794,0,-0.6197931637356061,-2.4306191344162933,0,-4.46423880837707,-3.8879086698808867,-1.2729800081130405,0,-3.7880663091580877,-2.8763852678652526,-3.2476470767974694,-1.274893490750946,-4.570121788608622,0,-4.486134386160156,-3.7592558772107387,-1.3423522406738613,-3.6584331618794526,-4.353671594335152,0,-4.264390302956487,-1.3349428979472786,-3.17718708205725,-3.0159341012937686,-3.700914529957692,0,-1.27707789948539,-4.3241095933634455,-4.743117709983601,0,-3.7007210052639854,-1.3406878405754006,0,-1.2850865305863621,-2.955903820593849,-2.0703695280072028,-1.0114277010186035,-1.9058472133843454,0,-1.0411987794190267,-0.7345978319375659,-0.7024774864798459,-0.35905579693483514,0,-0.4753432780781175,-0.20244183699312313,-0.24311000344052805,-0.050613442318521606,-0.3526705463721731,-0.11787855419472226,0,-0.12152976831492068],"activity":[[0]],"dinucleotide":[],"positionBias":[],"modifications":[]}]},"modelFittingConstraints":{"enrichmentModel":[{}],"nShifts":0,"addBindingModesSequentially":true,"bindingModeInteractions":[],"flankLengths":[0],"singleModeLengthSweep":false,"bindingModes":[{"maxFlankLength":-1,"positionBiasBinWidth":1,"optimizeSizeHeuristic":false,"maxSize":-1,"optimizeFlankLength":false,"symmetryString":"null","roundSpecificActivity":true,"informationThreshold":0.1,"optimizeMotifShift":false,"fittingStages":[],"optimizeMotifShiftHeuristic":false,"experimentSpecificPositionBias":true,"minSize":-1,"experimentSpecificActivity":true,"optimizeSize":false}]}}
