{"modelSettings":{"letterOrder":"ACGTN","bindingModeInteractions":[],"bindingModes":[{"size":12,"fitLogActivity":true,"flankLength":0,"dinucleotideDistance":0,"componentName":"Binding mode 1","positionBias":false,"singleStrand":false,"modifications":[]}],"letterComplement":"C-G,A-T,N-N"},"coefficients":{"bindingModeInteractions":[],"bindingModes":[{"mononucleotide":[-0.04921051142001964,-0.13401366730055475,0,-0.05432170322502117,-0.058242070584907976,-0.09286084912716497,-0.21385492568942155,0,-0.15274910333484648,-0.11173331436471433,0,-0.3697423086383731,-0.10446929578369168,-1.2228754156230455,-0.32638919306754677,-2.503127605998455,0,-4.696567680434067,-3.644144167226377,-1.2755592202837431,0,-4.986568471124255,-4.130661375965876,-4.074392266848862,-1.3471661056065518,-3.9648922810670584,0,-2.5845148644506386,-0.6231471149367982,-0.8973114387980778,-1.6740436721382894,-2.6392775285582664,0,-3.539927685856328,-1.1332692145499146,-1.5045182350292337,-0.6237747678647176,-2.2140546463280177,0,-0.7618015300187754,-1.5057350434594163,-1.8342622148359686,0,-0.8053368836596944,-0.7827859320202745,-0.6473068717646342,-0.37167854988487736,-0.07885335840979124,0,-0.24296211173829182,-0.23263306352112068,0,-0.43535451378795287,-0.25201991024201753,-0.21793563499135965,0,-0.03150721732886996,-0.11933438551590614,-0.05140700600355652,-0.049613935988906184],"activity":[[0]],"dinucleotide":[],"positionBias":[],"modifications":[]}]},"modelFittingConstraints":{"enrichmentModel":[{}],"nShifts":0,"addBindingModesSequentially":true,"bindingModeInteractions":[],"flankLengths":[0],"singleModeLengthSweep":false,"bindingModes":[{"maxFlankLength":-1,"positionBiasBinWidth":1,"optimizeSizeHeuristic":false,"maxSize":-1,"optimizeFlankLength":false,"symmetryString":"null","roundSpecificActivity":true,"informationThreshold":0.1,"optimizeMotifShift":false,"fittingStages":[],"optimizeMotifShiftHeuristic":false,"experimentSpecificPositionBias":true,"minSize":-1,"experimentSpecificActivity":true,"optimizeSize":false}]}}
