{"modelSettings":{"letterOrder":"ACGTN","bindingModeInteractions":[],"bindingModes":[{"size":12,"fitLogActivity":true,"flankLength":0,"dinucleotideDistance":0,"componentName":"Binding mode 1","positionBias":false,"singleStrand":false,"modifications":[]}],"letterComplement":"C-G,A-T,N-N"},"coefficients":{"bindingModeInteractions":[],"bindingModes":[{"mononucleotide":[-0.9620633213457698,-1.254579108649561,-1.2039995469643507,0,-0.7096366343470215,-0.9650853735913639,-1.9152624587937477,-1.8410605061363423,0,-0.8634000990729246,-0.4150350997586898,-2.4063641059055065,-1.471151882931407,0,-0.7031367396703091,0,-4.614782954850098,-2.97354829894771,-4.650958951199287,-1.3180953320327287,-2.5750758319380727,-0.8167719255224172,-2.5867672975280858,0,-0.9205079267485887,-0.8304056041659146,-1.3732457824694166,-0.043655228691159564,0,-0.41307904918865573,-0.04316527181288787,-2.386850328703373,0,-2.218894740345486,-0.6169266699869017,-1.622511156859767,0,-1.1046830325529347,-0.5714506883074276,-0.6474934144417926,-0.30100628461809453,0,-0.25876392120247393,-0.2754506178088296,-0.20110436421843036,-0.3394174374645571,0,-0.14882273645614985,-0.024187060995230603,-0.1193439268247713,-0.3023573777737958,-0.29818848555431954,-0.29356642062011096,0,-0.21479257207635544,-0.08669730105271467,-0.19783639905861705,-0.25254570783498453,0,-0.12945986470983592],"activity":[[0]],"dinucleotide":[],"positionBias":[],"modifications":[]}]},"modelFittingConstraints":{"enrichmentModel":[{}],"nShifts":0,"addBindingModesSequentially":true,"bindingModeInteractions":[],"flankLengths":[0],"singleModeLengthSweep":false,"bindingModes":[{"maxFlankLength":-1,"positionBiasBinWidth":1,"optimizeSizeHeuristic":false,"maxSize":-1,"optimizeFlankLength":false,"symmetryString":"null","roundSpecificActivity":true,"informationThreshold":0.1,"optimizeMotifShift":false,"fittingStages":[],"optimizeMotifShiftHeuristic":false,"experimentSpecificPositionBias":true,"minSize":-1,"experimentSpecificActivity":true,"optimizeSize":false}]}}
