{"modelSettings":{"letterOrder":"ACGTN","bindingModeInteractions":[],"bindingModes":[{"size":12,"fitLogActivity":true,"flankLength":0,"dinucleotideDistance":0,"componentName":"Binding mode 1","positionBias":false,"singleStrand":false,"modifications":[]}],"letterComplement":"C-G,A-T,N-N"},"coefficients":{"bindingModeInteractions":[],"bindingModes":[{"mononucleotide":[-0.04427255252420759,0,-0.09122201631888105,-0.28754661703852635,-0.09992813120087138,-0.4301626573455537,-0.15494121885559187,0,-0.4577271592003149,-0.2422024940430697,0,-0.13221285292117235,-0.16610888795434287,-0.15012952557775572,-0.10989718267218693,-1.7020922753131256,-2.294738127571028,-3.316021418604805,0,-1.1091275522721675,0,-3.8011067085611385,-2.103159727823802,-4.26855710458971,-1.239238985380357,0,-4.601105811435748,-4.174607352407357,-4.97838372349582,-1.3544981237532165,-2.785729513804345,-2.4879029589722723,-2.1014308264460957,0,-1.1496034491104368,-1.4284277334218811,-1.3256544883018626,-1.1262883853001004,0,-0.7822248804269433,-0.3767367478551562,-1.9596482709992364,0,-1.512564540539501,-0.6697486677054677,-0.5089353737189968,0,-0.13431676093879874,-0.47112375238334403,-0.2549733464324711,-0.23947546538112752,0,-0.09687558310857147,-0.0017146077700598283,-0.07985620747826279,-0.2545402260894143,-0.013577585787991175,0,-0.1418751102072502,-0.09719487310574322],"activity":[[0]],"dinucleotide":[],"positionBias":[],"modifications":[]}]},"modelFittingConstraints":{"enrichmentModel":[{}],"nShifts":0,"addBindingModesSequentially":true,"bindingModeInteractions":[],"flankLengths":[0],"singleModeLengthSweep":false,"bindingModes":[{"maxFlankLength":-1,"positionBiasBinWidth":1,"optimizeSizeHeuristic":false,"maxSize":-1,"optimizeFlankLength":false,"symmetryString":"null","roundSpecificActivity":true,"informationThreshold":0.1,"optimizeMotifShift":false,"fittingStages":[],"optimizeMotifShiftHeuristic":false,"experimentSpecificPositionBias":true,"minSize":-1,"experimentSpecificActivity":true,"optimizeSize":false}]}}
