{"modelSettings":{"letterOrder":"ACGTN","bindingModeInteractions":[],"bindingModes":[{"size":12,"fitLogActivity":true,"flankLength":0,"dinucleotideDistance":0,"componentName":"Binding mode 1","positionBias":false,"singleStrand":false,"modifications":[]}],"letterComplement":"C-G,A-T,N-N"},"coefficients":{"bindingModeInteractions":[],"bindingModes":[{"mononucleotide":[-0.08220363123157615,-0.035608570676084916,0,-0.27654677553578466,-0.09307504818776319,-0.44859918835684276,-0.06223541929345977,0,-0.7344408786644543,-0.2685472313449713,-1.3351404057645615,0,-1.8086906900133242,-0.42470583414563023,-0.6534689228525332,0,-0.948232261686826,-1.1684629367510855,-1.4396694958618488,-0.7260445518021676,0,-2.3737185275689003,-2.5793228917379953,-3.015359582870163,-1.1890946251081693,-5.039210641429319,-4.0273215707185335,-4.678540054767948,0,-1.3532528614572823,-4.220507149803815,-2.0335203960885186,-4.217510037454975,0,-1.2376153704596475,0,-3.8080406078022198,-2.4085585840428148,-1.820665015445976,-1.1440900225335517,-0.07807684360885236,-0.06912960176923999,-0.05613428098001361,0,-0.05036970647622507,-0.40866771747112907,0,-0.05243109784046496,-0.48208591550374624,-0.21351854639039586,-0.40759654414564084,-0.08652577375410875,0,-0.10671734644473307,-0.13893487546467792,-0.2027241621637752,0,-0.026365050468195594,-0.03442931315242914,-0.06276954329212717],"activity":[[0]],"dinucleotide":[],"positionBias":[],"modifications":[]}]},"modelFittingConstraints":{"enrichmentModel":[{}],"nShifts":0,"addBindingModesSequentially":true,"bindingModeInteractions":[],"flankLengths":[0],"singleModeLengthSweep":false,"bindingModes":[{"maxFlankLength":-1,"positionBiasBinWidth":1,"optimizeSizeHeuristic":false,"maxSize":-1,"optimizeFlankLength":false,"symmetryString":"null","roundSpecificActivity":true,"informationThreshold":0.1,"optimizeMotifShift":false,"fittingStages":[],"optimizeMotifShiftHeuristic":false,"experimentSpecificPositionBias":true,"minSize":-1,"experimentSpecificActivity":true,"optimizeSize":false}]}}
