{"modelSettings":{"letterOrder":"ACGTN","bindingModeInteractions":[],"bindingModes":[{"size":13,"fitLogActivity":true,"flankLength":0,"dinucleotideDistance":0,"componentName":"Binding mode 1","positionBias":false,"singleStrand":false,"modifications":[]}],"letterComplement":"C-G,A-T,N-N"},"coefficients":{"bindingModeInteractions":[],"bindingModes":[{"mononucleotide":[-0.07448751741007875,-0.18612848622922762,0,-0.16049965253238518,-0.10255775174144975,0,-0.24109112662375942,-0.4430607598032914,-0.4808091131845966,-0.27242533691222354,-0.6866567231787091,-0.46712526178967373,0,-0.4862378969876353,-0.37651588986373763,0,-0.6946062491726313,-0.9559208876206622,-0.4568816331212471,-0.4632329109124707,-2.6799630923945963,-2.7812744883096303,-4.5781553345897965,0,-1.254565462024743,0,-3.792383844575859,-2.6344493267738707,-4.487953613031752,-1.2859569258038543,0,-4.9677201158992075,-4.517080418870444,-4.830631297531032,-1.3607617714943485,-3.314665648533484,-3.361914237890281,-2.842255325759461,0,-1.2646883530274053,-2.1103778000740347,-1.9142310540284444,-1.6934688073387645,0,-1.0129889325613828,0,-2.485637295518759,-0.014661671079256422,-1.663134527288459,-0.5716990147444766,-0.9901447641576482,0,-0.3837539301682469,-0.7960640695707966,-0.46843568540910124,-0.2950818307518057,-0.1248567322832228,-0.3124838657480229,0,-0.17473398264238568,-0.5432748294173342,0,-0.1419559317034933,-0.31881788561323354,-0.23082598564320717],"activity":[[0]],"dinucleotide":[],"positionBias":[],"modifications":[]}]},"modelFittingConstraints":{"enrichmentModel":[{}],"nShifts":0,"addBindingModesSequentially":true,"bindingModeInteractions":[],"flankLengths":[0],"singleModeLengthSweep":false,"bindingModes":[{"maxFlankLength":-1,"positionBiasBinWidth":1,"optimizeSizeHeuristic":false,"maxSize":-1,"optimizeFlankLength":false,"symmetryString":"null","roundSpecificActivity":true,"informationThreshold":0.1,"optimizeMotifShift":false,"fittingStages":[],"optimizeMotifShiftHeuristic":false,"experimentSpecificPositionBias":true,"minSize":-1,"experimentSpecificActivity":true,"optimizeSize":false}]}}
