{"modelSettings":{"letterOrder":"ACGTN","bindingModeInteractions":[],"bindingModes":[{"size":12,"fitLogActivity":true,"flankLength":0,"dinucleotideDistance":0,"componentName":"Binding mode 1","positionBias":false,"singleStrand":false,"modifications":[]}],"letterComplement":"C-G,A-T,N-N"},"coefficients":{"bindingModeInteractions":[],"bindingModes":[{"mononucleotide":[-0.19059259289133035,-0.14929182451951206,0,-0.5320287575754508,-0.19991573144359895,-0.44702108863723744,-0.7042040807483572,0,-0.5416464142461903,-0.387199683991976,-0.7063831507458032,-1.3828840098780546,0,-0.65625087843401,-0.5695710138745423,0,-0.7862467508409914,-2.7547123662370288,-2.0697017454642452,-0.8883095510251396,-4.418500959138207,-3.4345970643291936,-3.874529043419649,0,-1.323268109947061,-0.22920662014842197,-1.044606491439457,-0.42510719973375455,0,-0.3564270586386094,0,-5.083187499533181,-4.587609662539563,-5.289616731853024,-1.3650996015655912,-4.245674336890484,-5.107759667356751,-1.7763795919515095,0,-1.2126558233217037,-2.8341032633166376,0,-3.5274399511209444,-3.595295262960104,-1.2768985648921138,-2.019053757406913,0,-1.0732812530154714,-0.3946613556084433,-0.6214899349095026,-0.12639724308821432,-0.10323585058832752,0,-0.14743846958006257,-0.09263777610253862,-0.28467258920949634,-0.0825283776570176,-0.31981146560993023,0,-0.1627154858682203],"activity":[[0]],"dinucleotide":[],"positionBias":[],"modifications":[]}]},"modelFittingConstraints":{"enrichmentModel":[{}],"nShifts":0,"addBindingModesSequentially":true,"bindingModeInteractions":[],"flankLengths":[0],"singleModeLengthSweep":false,"bindingModes":[{"maxFlankLength":-1,"positionBiasBinWidth":1,"optimizeSizeHeuristic":false,"maxSize":-1,"optimizeFlankLength":false,"symmetryString":"null","roundSpecificActivity":true,"informationThreshold":0.1,"optimizeMotifShift":false,"fittingStages":[],"optimizeMotifShiftHeuristic":false,"experimentSpecificPositionBias":true,"minSize":-1,"experimentSpecificActivity":true,"optimizeSize":false}]}}
