{"modelSettings":{"letterOrder":"ACGTN","bindingModeInteractions":[],"bindingModes":[{"size":15,"fitLogActivity":true,"flankLength":0,"dinucleotideDistance":0,"componentName":"Binding mode 1","positionBias":false,"singleStrand":false,"modifications":[]}],"letterComplement":"C-G,A-T,N-N"},"coefficients":{"bindingModeInteractions":[],"bindingModes":[{"mononucleotide":[-0.012105716241148201,-0.5597956235984363,-0.38839944531585857,0,-0.21151316925353922,0,-0.7552491505538974,-0.3002279207846694,-0.09012386711950882,-0.24706460949518244,-0.723554739769984,-1.0424694515736785,-0.5700602857938488,0,-0.5095350751297419,-1.2720897218171325,-0.2511496744288646,0,-3.631178311404063,-0.6516999751514548,-3.4437867636326933,-2.3109423332747046,0,-3.990421211794531,-1.246877543118711,-4.31857713811127,0,-5.187876924539632,-3.437589903511377,-1.3365097129517758,-3.756878525609762,-5.195816814399187,0,-4.475317222950599,-1.3468017305625513,-4.219934178253952,0,-2.0968867612798663,-3.7071762847437206,-1.236078892145092,-2.9776413303469544,0,-0.28200777351586304,-1.130268378945562,-0.6310520298153219,0,-0.30864713472387884,-1.2999992882684541,-0.8157545496758782,-0.49050134757711117,-0.10730069727525304,-0.8401884681836425,-1.7841148697192608,0,-0.4708718677380573,-0.1047830581154372,-1.2220841168596754,-1.1995776276133174,0,-0.4714219024173746,-0.08487621663536249,-0.7258845940742171,-1.1150615106393325,0,-0.3818398606918787,-0.5722748598422873,-0.20943272702298277,-0.6548028325775919,0,-0.3233682851824297,-0.32144600221040065,-0.14836172667674008,-0.27830728236961244,0,-0.17904199750981706],"activity":[[0]],"dinucleotide":[],"positionBias":[],"modifications":[]}]},"modelFittingConstraints":{"enrichmentModel":[{}],"nShifts":0,"addBindingModesSequentially":true,"bindingModeInteractions":[],"flankLengths":[0],"singleModeLengthSweep":false,"bindingModes":[{"maxFlankLength":-1,"positionBiasBinWidth":1,"optimizeSizeHeuristic":false,"maxSize":-1,"optimizeFlankLength":false,"symmetryString":"null","roundSpecificActivity":true,"informationThreshold":0.1,"optimizeMotifShift":false,"fittingStages":[],"optimizeMotifShiftHeuristic":false,"experimentSpecificPositionBias":true,"minSize":-1,"experimentSpecificActivity":true,"optimizeSize":false}]}}
