{"modelSettings":{"letterOrder":"ACGTN","bindingModeInteractions":[],"bindingModes":[{"size":17,"fitLogActivity":true,"flankLength":0,"dinucleotideDistance":0,"componentName":"Binding mode 1","positionBias":false,"singleStrand":false,"modifications":[]}],"letterComplement":"C-G,A-T,N-N"},"coefficients":{"bindingModeInteractions":[],"bindingModes":[{"mononucleotide":[0,-0.2616055317505399,-0.12378079359672967,-0.23108165415799853,-0.14877185720592817,-0.04056513023582475,-0.42043549418445103,-0.28573785152568654,0,-0.17183663196829285,-0.8150736224929727,-1.4936229700414696,-1.008222150595028,0,-0.6772583606336697,-1.9518032910768497,-1.319010741487343,-2.6497175275645652,0,-0.9941924016868715,-2.404939498513242,-3.0161441493386327,-2.882521790708431,0,-1.207935570855606,-3.2258998412682995,0,-1.6161657172869202,-3.760607630582477,-1.1538751018930087,-3.980221939403986,0,-1.298108681743484,-4.382097399864759,-1.120682810707522,-3.915944080883791,0,-4.3862921921358495,-3.659256980849303,-1.329800455959067,-3.057561821571822,-4.710103447956151,0,-4.067828914137994,-1.3157235956380016,-4.222952504228485,0,-3.3160951984205003,-3.701248796566272,-1.3133764275698712,-3.4275134533603984,0,-1.0268637194594783,-2.5304628074175977,-1.0008835857297937,0,-0.7151772091983588,-1.770329583410435,-0.6526778097228068,-0.6069548069836787,0,-2.0814926232696624,-1.5524120953576874,-0.7610041009617312,-0.7964666780901399,0,-1.5875269487550918,-1.6781842905667235,-0.5824556026403194,-0.7186350521649985,0,-1.4810690999130145,-1.6418964393318793,-0.20210367737672996,-0.5807040709276017,-0.36591770421373404,-0.24289370588795745,-0.7702407330782783,0,-0.3076071391557645,-0.2858086673026712,-0.10956656245063012,-0.20146618382992898,0,-0.1435355242699965],"activity":[[0]],"dinucleotide":[],"positionBias":[],"modifications":[]}]},"modelFittingConstraints":{"enrichmentModel":[{}],"nShifts":0,"addBindingModesSequentially":true,"bindingModeInteractions":[],"flankLengths":[0],"singleModeLengthSweep":false,"bindingModes":[{"maxFlankLength":-1,"positionBiasBinWidth":1,"optimizeSizeHeuristic":false,"maxSize":-1,"optimizeFlankLength":false,"symmetryString":"null","roundSpecificActivity":true,"informationThreshold":0.1,"optimizeMotifShift":false,"fittingStages":[],"optimizeMotifShiftHeuristic":false,"experimentSpecificPositionBias":true,"minSize":-1,"experimentSpecificActivity":true,"optimizeSize":false}]}}
