{"modelSettings":{"letterOrder":"ACGTN","bindingModeInteractions":[],"bindingModes":[{"size":13,"fitLogActivity":true,"flankLength":0,"dinucleotideDistance":0,"componentName":"Binding mode 1","positionBias":false,"singleStrand":false,"modifications":[]}],"letterComplement":"C-G,A-T,N-N"},"coefficients":{"bindingModeInteractions":[],"bindingModes":[{"mononucleotide":[0,-0.19720609445878878,-0.15124660935154388,-0.04223489812092929,-0.09450255047431111,-0.3192071243744028,-0.7658207919178497,-0.4071572228852651,0,-0.33644639173439383,-1.5164471002645121,-0.9594643952714299,-1.972240986214286,0,-0.8314137459899622,-1.6376580902617248,-2.3897136323252215,-2.5663366535554046,0,-1.076674279948909,-2.0920141874669826,0,-1.5727679085383506,-3.5909687774090018,-1.0799279388131016,-4.327720195296684,0,-0.7936415186705932,-5.392437340252218,-1.0010703383147452,-5.37939462269464,0,-5.949045767810852,-4.828370110369258,-1.3711905111454987,-4.143179439920659,-5.8853616144894,0,-4.133487116823628,-1.3522030882163967,-5.257328675190583,0,-2.776184062332335,-4.315998681296782,-1.3085575991202956,-2.5912672084460424,-0.189569808381421,0,-1.265506681406166,-0.6049823212336586,0,-0.2891343062117171,-0.6581161387531762,-0.032137438734352486,-0.2122311139797857,-0.10967832590433524,-0.5269999319141081,-0.24224987760420813,0,-0.20108982650819796,0,-0.457378807664397,-0.4170256715730938,-0.21724751803569298,-0.2559653112008406],"activity":[[0]],"dinucleotide":[],"positionBias":[],"modifications":[]}]},"modelFittingConstraints":{"enrichmentModel":[{}],"nShifts":0,"addBindingModesSequentially":true,"bindingModeInteractions":[],"flankLengths":[0],"singleModeLengthSweep":false,"bindingModes":[{"maxFlankLength":-1,"positionBiasBinWidth":1,"optimizeSizeHeuristic":false,"maxSize":-1,"optimizeFlankLength":false,"symmetryString":"null","roundSpecificActivity":true,"informationThreshold":0.1,"optimizeMotifShift":false,"fittingStages":[],"optimizeMotifShiftHeuristic":false,"experimentSpecificPositionBias":true,"minSize":-1,"experimentSpecificActivity":true,"optimizeSize":false}]}}
