{"modelSettings":{"letterOrder":"ACGTN","bindingModeInteractions":[],"bindingModes":[{"size":14,"fitLogActivity":true,"flankLength":0,"dinucleotideDistance":0,"componentName":"Binding mode 1","positionBias":false,"singleStrand":false,"modifications":[]}],"letterComplement":"C-G,A-T,N-N"},"coefficients":{"bindingModeInteractions":[],"bindingModes":[{"mononucleotide":[-0.16172296053233204,-0.07957514602097149,-0.2883436350367852,0,-0.12678577995106455,0,-0.01611855659594319,-0.9472491279683499,-0.6024131120091027,-0.31494847717274405,-1.3208671667059262,0,-1.634626054513026,-1.1855897365573167,-0.8167310932635673,-1.1462163603243223,-2.0296759409982243,0,-1.2787526216373788,-0.8395614877259739,-2.120008918410422,0,-2.9731393770847063,-2.6518381806394737,-1.1698173634744407,-2.6424885540748795,0,-3.6067441006072034,-2.8965308321236325,-1.2434602654308828,-2.6214761403418274,0,-3.0571900147003506,-1.0455835927965378,-1.0002147816926334,0,-1.0030043922364165,-3.1257712589787277,-2.784658545783053,-0.9993808915072194,-2.6369088275824195,0,-3.373402196944056,-2.9420956492708505,-1.2390732697713231,-1.366559682073281,-1.5586961039122293,0,-2.0135735900639427,-0.91697619931339,-2.0057821397430757,0,-2.19483728298116,-1.4060097368773103,-0.9868130389052966,0,-0.9474860991695735,-0.8988079569238288,-1.1721748962014544,-0.6422346362984501,-0.27065788347977104,-0.2602992220404827,-0.6428422694301599,0,-0.2680447548366186,0,-0.31139482257224227,-0.44343035347759674,-0.0949335543304608,-0.19732689544313536],"activity":[[0]],"dinucleotide":[],"positionBias":[],"modifications":[]}]},"modelFittingConstraints":{"enrichmentModel":[{}],"nShifts":0,"addBindingModesSequentially":true,"bindingModeInteractions":[],"flankLengths":[0],"singleModeLengthSweep":false,"bindingModes":[{"maxFlankLength":-1,"positionBiasBinWidth":1,"optimizeSizeHeuristic":false,"maxSize":-1,"optimizeFlankLength":false,"symmetryString":"null","roundSpecificActivity":true,"informationThreshold":0.1,"optimizeMotifShift":false,"fittingStages":[],"optimizeMotifShiftHeuristic":false,"experimentSpecificPositionBias":true,"minSize":-1,"experimentSpecificActivity":true,"optimizeSize":false}]}}
