{"modelSettings":{"letterOrder":"ACGTN","bindingModeInteractions":[],"bindingModes":[{"size":13,"fitLogActivity":true,"flankLength":0,"dinucleotideDistance":0,"componentName":"Binding mode 1","positionBias":false,"singleStrand":false,"modifications":[]}],"letterComplement":"C-G,A-T,N-N"},"coefficients":{"bindingModeInteractions":[],"bindingModes":[{"mononucleotide":[0,-0.13485508652177103,-0.01619862793896054,-0.0453004724445929,-0.047750977794066486,-0.3657487832897006,0,-0.17223565356136028,-0.5002761678170291,-0.24149179224926012,0,-1.1935330581291879,-0.17621437670736473,-0.47960604029445353,-0.3708413267143198,-1.6228258281167907,0,-1.403158644686991,-1.8294287299333403,-0.9140028667792743,-2.7141383617992956,0,-4.5326200174660825,-4.805181150074352,-1.3045284858257031,-5.350469794589566,-5.017437864623217,0,-4.615575068355728,-1.3652534012892055,-4.662252825484247,-4.594508392879845,0,-2.614757702139232,-1.2976080089722084,0,-2.606030297550177,-4.679451542004385,-3.7842178439124066,-1.285691150315778,0,-2.6861289207934878,-3.290814484466866,-0.8823883452083379,-0.9681360278248495,-0.9473323244091618,-0.581017740381701,0,-1.559314559551545,-0.6173984100446512,-1.030517117776246,-0.3693666742365016,-1.006694684954941,0,-0.5052498835967896,-0.16078035763605758,-0.3745656755326774,0,-0.20239620523475654,-0.17559279286710097,-0.2064073629927936,-0.07001536520991891,-0.13507534465290583,0,-0.09994984746500432],"activity":[[0]],"dinucleotide":[],"positionBias":[],"modifications":[]}]},"modelFittingConstraints":{"enrichmentModel":[{}],"nShifts":0,"addBindingModesSequentially":true,"bindingModeInteractions":[],"flankLengths":[0],"singleModeLengthSweep":false,"bindingModes":[{"maxFlankLength":-1,"positionBiasBinWidth":1,"optimizeSizeHeuristic":false,"maxSize":-1,"optimizeFlankLength":false,"symmetryString":"null","roundSpecificActivity":true,"informationThreshold":0.1,"optimizeMotifShift":false,"fittingStages":[],"optimizeMotifShiftHeuristic":false,"experimentSpecificPositionBias":true,"minSize":-1,"experimentSpecificActivity":true,"optimizeSize":false}]}}
