{"modelSettings":{"letterOrder":"ACGTN","bindingModeInteractions":[],"bindingModes":[{"size":12,"fitLogActivity":true,"flankLength":0,"dinucleotideDistance":0,"componentName":"Binding mode 1","positionBias":false,"singleStrand":false,"modifications":[]}],"letterComplement":"C-G,A-T,N-N"},"coefficients":{"bindingModeInteractions":[],"bindingModes":[{"mononucleotide":[-0.11331268780280013,-0.12700439379845996,0,-0.29258850905674283,-0.12785314030842018,-0.039630022852414015,-0.13730560255528168,0,-0.40817695393201525,-0.1341858970010082,-0.7212965258838713,0,-0.14554657422081796,-0.668693735294422,-0.33440734499512115,-2.1461748511279777,-0.039912981761103694,-2.462935341181692,0,-0.6148036847019769,0,-1.3542041677931707,-2.1586427806344335,-1.537054574761005,-0.923411094410547,0,-2.485058524585885,-2.296732948359295,-4.657427477935291,-1.2094892798986772,-3.708263310032386,-4.240542365427794,-5.170547851892572,0,-1.3426590746005023,-2.4446369431501784,-0.779385037177728,-3.131845282067309,0,-0.9231373492073701,0,-2.1645280775242575,-1.6863182641933903,-1.3582448789058663,-0.943459051024384,-0.022851965754107084,-0.3524460971964887,0,-0.3884631844103108,-0.17480830922101834,-0.4452952676543349,-0.021371723556893762,0,-0.3075869570160692,-0.1759293142584733,-0.23533832440672198,-0.1382744958891382,0,-0.19376284186284787,-0.1378216392673081],"activity":[[0]],"dinucleotide":[],"positionBias":[],"modifications":[]}]},"modelFittingConstraints":{"enrichmentModel":[{}],"nShifts":0,"addBindingModesSequentially":true,"bindingModeInteractions":[],"flankLengths":[0],"singleModeLengthSweep":false,"bindingModes":[{"maxFlankLength":-1,"positionBiasBinWidth":1,"optimizeSizeHeuristic":false,"maxSize":-1,"optimizeFlankLength":false,"symmetryString":"null","roundSpecificActivity":true,"informationThreshold":0.1,"optimizeMotifShift":false,"fittingStages":[],"optimizeMotifShiftHeuristic":false,"experimentSpecificPositionBias":true,"minSize":-1,"experimentSpecificActivity":true,"optimizeSize":false}]}}
