{"modelSettings":{"letterOrder":"ACGTN","bindingModeInteractions":[],"bindingModes":[{"size":13,"fitLogActivity":true,"flankLength":0,"dinucleotideDistance":0,"componentName":"Binding mode 1","positionBias":false,"singleStrand":false,"modifications":[]}],"letterComplement":"C-G,A-T,N-N"},"coefficients":{"bindingModeInteractions":[],"bindingModes":[{"mononucleotide":[-0.30599722143067254,0,-0.09224055190732905,-0.09304639795266922,-0.11669516168058555,-0.42809890978092646,0,-0.41296078404282266,-0.09557357211737916,-0.2162031071435035,0,-1.2633468447374447,-0.5224516989730592,-1.3313928983982728,-0.6255445415676419,-2.588664895802081,0,-1.5502584542435929,-0.8651149814957515,-0.8507859589507998,-0.4052569920284217,-2.8842305608571053,-2.048175648807383,0,-0.7702047071424438,-3.5794283696986913,-4.4610405048874835,-3.4722798593938045,0,-1.3181796061481508,-5.281151284753325,0,-5.663735174076632,-4.905114577805213,-1.3704557577871497,-4.800847383326405,0,-4.584423577956047,-5.614969559492311,-1.364459163648822,-4.268886472414803,-3.1898372121414464,0,-1.397872914737969,-1.12216397281427,-2.544728202015995,-1.023431555215529,0,-1.487180594653362,-0.8771523465674693,-1.042302656478717,-0.47827226578592263,-1.4864869278112098,0,-0.598445849238588,-0.3112671931355626,0,-0.1991107446221383,-0.253525527307346,-0.18391166109869475,-0.11444939213525451,-0.029529788756640585,-0.04545318863166781,0,-0.046482945765802725],"activity":[[0]],"dinucleotide":[],"positionBias":[],"modifications":[]}]},"modelFittingConstraints":{"enrichmentModel":[{}],"nShifts":0,"addBindingModesSequentially":true,"bindingModeInteractions":[],"flankLengths":[0],"singleModeLengthSweep":false,"bindingModes":[{"maxFlankLength":-1,"positionBiasBinWidth":1,"optimizeSizeHeuristic":false,"maxSize":-1,"optimizeFlankLength":false,"symmetryString":"null","roundSpecificActivity":true,"informationThreshold":0.1,"optimizeMotifShift":false,"fittingStages":[],"optimizeMotifShiftHeuristic":false,"experimentSpecificPositionBias":true,"minSize":-1,"experimentSpecificActivity":true,"optimizeSize":false}]}}
