{"modelSettings":{"letterOrder":"ACGTN","bindingModeInteractions":[],"bindingModes":[{"size":15,"fitLogActivity":true,"flankLength":0,"dinucleotideDistance":0,"componentName":"Binding mode 1","positionBias":false,"singleStrand":false,"modifications":[]}],"letterComplement":"C-G,A-T,N-N"},"coefficients":{"bindingModeInteractions":[],"bindingModes":[{"mononucleotide":[0,-0.16956451880048462,-0.5033999307708665,-0.39738951455499016,-0.24827660437719973,0,-0.8806940092736157,-0.909578849496957,-0.6845737747651812,-0.5440833901629142,0,-0.8858950964388237,-1.0865902705223158,-0.40313185105459226,-0.5033810018822608,-3.909274868778199,-3.8292570982627008,-3.2752663608148653,0,-1.3097152580084532,0,-3.104715695143639,-0.31218423651215765,-4.173966080332441,-0.8029201703709478,-2.9188078084560933,-3.2113962902474817,-2.764721718488784,0,-1.2402116069275613,-1.576864545176769,-3.7463761139310052,-1.9194257652393665,0,-1.0664479735967973,-1.4955896213916713,-2.797022451073568,-0.5709214280912551,0,-0.7710479633362575,0,-2.6076725509672554,-0.09024113981517168,-3.725509558155993,-0.6874049317911795,-1.6757965514387907,0,-1.9118001103917637,-0.6693828779896647,-0.7727329779924252,0,-0.6749156124250622,-1.435545978215413,-0.04573309102475065,-0.3921238665313311,-1.5680297303080657,-0.4749453112212123,-1.7825592343742085,0,-0.6938565953359583,0,-2.939379113559842,-2.0559723239399856,-0.28955612484838955,-0.7290527970519334,0,-0.9197534594732959,-0.19605509978947921,-0.4873394538695104,-0.344307898972034,-0.5643522315915712,0,-0.0802691042558612,-0.24954483627708113,-0.20127451190799217],"activity":[[0]],"dinucleotide":[],"positionBias":[],"modifications":[]}]},"modelFittingConstraints":{"enrichmentModel":[{}],"nShifts":0,"addBindingModesSequentially":true,"bindingModeInteractions":[],"flankLengths":[0],"singleModeLengthSweep":false,"bindingModes":[{"maxFlankLength":-1,"positionBiasBinWidth":1,"optimizeSizeHeuristic":false,"maxSize":-1,"optimizeFlankLength":false,"symmetryString":"null","roundSpecificActivity":true,"informationThreshold":0.1,"optimizeMotifShift":false,"fittingStages":[],"optimizeMotifShiftHeuristic":false,"experimentSpecificPositionBias":true,"minSize":-1,"experimentSpecificActivity":true,"optimizeSize":false}]}}
