{"modelSettings":{"letterOrder":"ACGTN","bindingModeInteractions":[],"bindingModes":[{"size":16,"fitLogActivity":true,"flankLength":0,"dinucleotideDistance":0,"componentName":"Binding mode 1","positionBias":false,"singleStrand":false,"modifications":[]}],"letterComplement":"C-G,A-T,N-N"},"coefficients":{"bindingModeInteractions":[],"bindingModes":[{"mononucleotide":[-0.072910690234397,-0.4916748175861967,-0.5837360264501354,0,-0.2551840516432785,-0.30257367286816717,-0.39223335452575725,-0.44557272212991084,0,-0.2695416529996009,-2.0057782068266192,-2.1435372929212475,-1.5993470726003425,0,-1.0120974981305535,-0.13102978409074417,-1.502662695793484,0,-0.9070933444805123,-0.46863480823789305,-2.2311109052872675,-3.1927030244276606,-2.0082195147042237,0,-1.1373292914576791,-1.2215911450302936,-2.3145719542451806,-1.8460486552049025,0,-0.947117951908551,-0.637602880900431,-2.5680130750604873,-1.2097594174089572,0,-0.7425923316735238,0,-3.1210656746767205,-2.562479461934082,-3.0187923131519003,-1.2292191357425148,-2.483842455943382,0,-4.841222468712006,-2.6071736980593334,-1.2335199487003532,0,-2.789808533636619,-2.9195861791193876,-2.8194363954421204,-1.2250019310092586,0,-2.221358829015421,-3.5039600554003236,-2.19221451220651,-1.1629837467619533,-0.309983244400418,0,-2.546107656889829,-0.7056816127931329,-0.5509459015081939,0,-1.6354364914256152,-2.4834406414966264,-2.6161541954980185,-1.08514862744202,0,-0.8220582377858223,-0.8732816540225468,-0.6369720602902955,-0.5166775145121785,0,-0.6276702905724179,-0.7145142243757308,-0.1601022504435079,-0.33013021479795124,0,-0.09850525197046878,-0.040353706752228824,-0.2012160299289496,-0.0821930894425112],"activity":[[0]],"dinucleotide":[],"positionBias":[],"modifications":[]}]},"modelFittingConstraints":{"enrichmentModel":[{}],"nShifts":0,"addBindingModesSequentially":true,"bindingModeInteractions":[],"flankLengths":[0],"singleModeLengthSweep":false,"bindingModes":[{"maxFlankLength":-1,"positionBiasBinWidth":1,"optimizeSizeHeuristic":false,"maxSize":-1,"optimizeFlankLength":false,"symmetryString":"null","roundSpecificActivity":true,"informationThreshold":0.1,"optimizeMotifShift":false,"fittingStages":[],"optimizeMotifShiftHeuristic":false,"experimentSpecificPositionBias":true,"minSize":-1,"experimentSpecificActivity":true,"optimizeSize":false}]}}
