{"modelSettings":{"letterOrder":"ACGTN","bindingModeInteractions":[],"bindingModes":[{"size":12,"fitLogActivity":true,"flankLength":0,"dinucleotideDistance":0,"componentName":"Binding mode 1","positionBias":false,"singleStrand":false,"modifications":[]}],"letterComplement":"C-G,A-T,N-N"},"coefficients":{"bindingModeInteractions":[],"bindingModes":[{"mononucleotide":[-0.30684086796090426,-0.8294580364810606,-0.46605944721169656,0,-0.3568451975103155,0,-0.5543323065521992,-0.34553191563295726,-0.60651859189589,-0.34688543739662364,-0.7342571080912332,-0.3854630376950148,0,-0.7848442918263334,-0.42457599747592395,0,-0.8689748906332948,-2.883039740409547,-0.4822817019290184,-0.6478303034258082,-6.446400361995618,-6.485262999459023,0,-6.197411692625226,-1.381160888567,0,-6.376246793355726,-6.453974107433668,-5.297982253919506,-1.3780510047648344,-6.925996358046361,-4.838714503176516,-6.564392017382168,0,-1.376038304614761,0,-4.0201373895468455,-4.675666144826029,-1.2458754726628474,-1.1124890665778575,0,-1.7108305023272639,-1.1829690824506525,-1.3952028573246462,-0.8353640873048929,-0.5057610975133482,0,-0.022705663776708462,-0.4441689741310775,-0.21630646741635556,-0.11783805937929337,-0.1839779961382071,0,-0.3245657300658209,-0.1497666791817996,0,-0.005688579951671713,-0.008947841449142402,-0.04708748214475378,-0.015259948928535308],"activity":[[0]],"dinucleotide":[],"positionBias":[],"modifications":[]}]},"modelFittingConstraints":{"enrichmentModel":[{}],"nShifts":0,"addBindingModesSequentially":true,"bindingModeInteractions":[],"flankLengths":[0],"singleModeLengthSweep":false,"bindingModes":[{"maxFlankLength":-1,"positionBiasBinWidth":1,"optimizeSizeHeuristic":false,"maxSize":-1,"optimizeFlankLength":false,"symmetryString":"null","roundSpecificActivity":true,"informationThreshold":0.1,"optimizeMotifShift":false,"fittingStages":[],"optimizeMotifShiftHeuristic":false,"experimentSpecificPositionBias":true,"minSize":-1,"experimentSpecificActivity":true,"optimizeSize":false}]}}
