{"modelSettings":{"letterOrder":"ACGTN","bindingModeInteractions":[],"bindingModes":[{"size":12,"fitLogActivity":true,"flankLength":0,"dinucleotideDistance":0,"componentName":"Binding mode 1","positionBias":false,"singleStrand":false,"modifications":[]}],"letterComplement":"C-G,A-T,N-N"},"coefficients":{"bindingModeInteractions":[],"bindingModes":[{"mononucleotide":[0,-0.25163870049878234,-0.2723204356459181,-0.1907525853616452,-0.17272590488781403,-0.03895965878655261,-0.2759447086827951,0,-0.441385598156955,-0.1732263263367586,-0.48322890740733326,0,-0.19278389636604665,-0.48124178001095386,-0.2680545380908643,-0.07183019404650715,-0.7779186658269306,-2.577427519540658,0,-0.48368916970628223,-5.614562262983988,-5.365888758662782,0,-5.686588531732445,-1.374653527668932,0,-5.19439733416616,-4.810203890994645,-5.015391553332606,-1.366169441860815,-6.07456460797575,-4.781066295964406,-5.611234061369311,0,-1.3720520136361682,0,-4.306937924475403,-4.694615069586344,-1.7754422140224686,-1.2106385948144414,0,-1.960054726356955,-1.843902570656239,-2.193162336038806,-1.0422700423683016,-1.318396407905413,-0.3488751531390051,0,-1.2511016716408965,-0.5712682954638729,-0.14155703109109652,-0.3579704749060877,0,-0.8267439357629907,-0.2861596348886535,0,-0.08258937942498168,-0.037644436670309034,-0.21789451989659625,-0.08121148913439055],"activity":[[0]],"dinucleotide":[],"positionBias":[],"modifications":[]}]},"modelFittingConstraints":{"enrichmentModel":[{}],"nShifts":0,"addBindingModesSequentially":true,"bindingModeInteractions":[],"flankLengths":[0],"singleModeLengthSweep":false,"bindingModes":[{"maxFlankLength":-1,"positionBiasBinWidth":1,"optimizeSizeHeuristic":false,"maxSize":-1,"optimizeFlankLength":false,"symmetryString":"null","roundSpecificActivity":true,"informationThreshold":0.1,"optimizeMotifShift":false,"fittingStages":[],"optimizeMotifShiftHeuristic":false,"experimentSpecificPositionBias":true,"minSize":-1,"experimentSpecificActivity":true,"optimizeSize":false}]}}
