{"modelSettings":{"letterOrder":"ACGTN","bindingModeInteractions":[],"bindingModes":[{"size":16,"fitLogActivity":true,"flankLength":0,"dinucleotideDistance":0,"componentName":"Binding mode 2","positionBias":false,"singleStrand":false,"modifications":[]}],"letterComplement":"C-G,A-T,N-N"},"coefficients":{"bindingModeInteractions":[],"bindingModes":[{"mononucleotide":[-1.403477805970181,-0.9848353203059412,0,-0.808302236111925,-0.6612340942160477,0,-0.6799824858669332,-0.43538357649262327,-3.1756989407501797,-0.599926815959578,-1.8148610155777902,0,-3.280397139343475,-1.9448298807632938,-1.0910270730707552,-3.3331524235396213,0,-2.7526600828260257,-2.481854929599372,-1.2182183644812148,0,-1.0265039080245018,-1.1101014454631715,-1.0550364240347196,-0.6753256567340175,-2.193241911634824,0,-3.296740088052049,-2.7158324164987757,-1.1917906611914773,-0.36785330065787925,0,-2.6229736826650987,-3.287152540841787,-0.7973053673930599,-2.1141726009858512,0,-2.90210568783195,-1.718643633273663,-1.0825299443602412,0,-3.1408164931350546,-1.1657475655826604,-2.4501992998916,-1.0208089435829055,-0.9808706689959861,0,-1.2244942636273173,-1.0184751108619592,-0.6782408351616543,-0.7206022639053273,-0.7583018183909953,0,-1.0523012234697688,-0.5516242395813303,-0.06289928153730795,-0.8021075676119844,-0.17846270962901922,0,-0.21567889713691485,-0.26999872210444753,0,-0.4535896455901245,-0.08718773736359342,-0.18776769527233286,-1.7533246979235937,-1.2457425659265056,0,-1.452427619750659,-0.8586553613063277,-0.031500532416486315,0,-0.45080613054257856,-0.02584041865340314,-0.11076526853265029,-0.07209505511347647,-0.054165717382493206,-0.05454461849218095,0,-0.044831631815948327],"activity":[[0]],"dinucleotide":[],"positionBias":[],"modifications":[]}]},"modelFittingConstraints":{"enrichmentModel":[{}],"nShifts":0,"addBindingModesSequentially":true,"bindingModeInteractions":[],"flankLengths":[0],"singleModeLengthSweep":false,"bindingModes":[{"maxFlankLength":-1,"positionBiasBinWidth":1,"optimizeSizeHeuristic":false,"maxSize":-1,"optimizeFlankLength":false,"symmetryString":"null","roundSpecificActivity":true,"informationThreshold":0.1,"optimizeMotifShift":false,"fittingStages":[],"optimizeMotifShiftHeuristic":false,"experimentSpecificPositionBias":true,"minSize":-1,"experimentSpecificActivity":true,"optimizeSize":false}]}}
