{"modelSettings":{"letterOrder":"ACGTN","bindingModeInteractions":[],"bindingModes":[{"size":14,"fitLogActivity":true,"flankLength":0,"dinucleotideDistance":0,"componentName":"Binding mode 1","positionBias":false,"singleStrand":false,"modifications":[]}],"letterComplement":"C-G,A-T,N-N"},"coefficients":{"bindingModeInteractions":[],"bindingModes":[{"mononucleotide":[-0.06952449256906057,0,-0.0048119626746157,-0.23030380991899513,-0.07194477753188401,-0.45468359041960227,-0.0440977852270521,-0.5066992825649028,0,-0.22502342624267238,-0.9352066215130672,-1.2264291077582894,-1.9967355818795478,0,-0.786567738700363,0,-1.9328270651444224,-1.678206282570771,-1.4482769115169876,-0.9375004289900737,0,-4.642297009333789,-3.8269508090472355,-4.0132982300574085,-1.3379946616526834,-1.3491185615173813,-1.2819442074039107,-2.1412750145780577,0,-0.8828130069305216,-1.4548877237977922,-1.3285787213764055,-0.4173798128020483,0,-0.6175525085923432,0,-2.9054942741547363,-1.0887160308675443,-2.5038291829648,-0.99889717929728,-1.0241214512029786,-0.6626697341062795,0,-0.8657203223861294,-0.5554162069297695,0,-0.6303463844856272,-0.795569975095813,-0.568140765451203,-0.4500797815318474,0,-0.9134441081329618,-0.7943878890159257,-0.7578639849049016,-0.5440099989425266,-0.6507780036978015,-1.0500281556384405,-1.0316770153173063,0,-0.5852006163702335,-0.4993562419708648,0,-0.7646996613038879,-0.37496957141381326,-0.3711705180750902,-0.6644139009896497,-0.9866585223135784,0,-0.20441167467767674,-0.39210889476659566],"activity":[[0]],"dinucleotide":[],"positionBias":[],"modifications":[]}]},"modelFittingConstraints":{"enrichmentModel":[{}],"nShifts":0,"addBindingModesSequentially":true,"bindingModeInteractions":[],"flankLengths":[0],"singleModeLengthSweep":false,"bindingModes":[{"maxFlankLength":-1,"positionBiasBinWidth":1,"optimizeSizeHeuristic":false,"maxSize":-1,"optimizeFlankLength":false,"symmetryString":"null","roundSpecificActivity":true,"informationThreshold":0.1,"optimizeMotifShift":false,"fittingStages":[],"optimizeMotifShiftHeuristic":false,"experimentSpecificPositionBias":true,"minSize":-1,"experimentSpecificActivity":true,"optimizeSize":false}]}}
