{"modelSettings":{"letterOrder":"ACGTN","bindingModeInteractions":[],"bindingModes":[{"size":13,"fitLogActivity":true,"flankLength":0,"dinucleotideDistance":0,"componentName":"Binding mode 1","positionBias":false,"singleStrand":false,"modifications":[]}],"letterComplement":"C-G,A-T,N-N"},"coefficients":{"bindingModeInteractions":[],"bindingModes":[{"mononucleotide":[0,-0.28614789530687057,-0.05319856729048489,-0.08630203756707822,-0.10074331495955594,-0.23540946201470092,-0.061259900974210524,0,-0.08018018471883082,-0.09053321107950676,0,-0.9291118479098226,-0.3853967358635244,-1.6935089068486007,-0.5713906199986615,-1.5015763635937045,-1.926795648004306,-1.0374032804992623,0,-0.8423629608325686,-0.23910182277873382,-0.9595782122470093,0,-4.370983807431719,-0.6055814895174711,-0.749671329054928,0,-1.010280877022602,-1.342146750702426,-0.6453467065665545,-1.8263848633173203,-2.563950952946307,0,-1.4301292446920897,-0.996096916416564,-5.21072459323746,-5.854337340976704,0,-4.258751601987758,-1.3640778883114877,-4.560015525337894,-5.761610586606415,0,-4.64029146123503,-1.363297995850263,-1.415697001617164,-0.28572063554726457,-1.9656954585594373,0,-0.6281615771330324,0,-0.3121997636234517,-0.10410465390699741,-0.3621298577923091,-0.18357486350109298,-0.262221944906873,-0.038556371443414506,0,-0.24103962556692693,-0.12859269237145793,-0.15588321231970692,0,-0.04200424187952656,-0.025725717728075637,-0.05415865950854767],"activity":[[0]],"dinucleotide":[],"positionBias":[],"modifications":[]}]},"modelFittingConstraints":{"enrichmentModel":[{}],"nShifts":0,"addBindingModesSequentially":true,"bindingModeInteractions":[],"flankLengths":[0],"singleModeLengthSweep":false,"bindingModes":[{"maxFlankLength":-1,"positionBiasBinWidth":1,"optimizeSizeHeuristic":false,"maxSize":-1,"optimizeFlankLength":false,"symmetryString":"null","roundSpecificActivity":true,"informationThreshold":0.1,"optimizeMotifShift":false,"fittingStages":[],"optimizeMotifShiftHeuristic":false,"experimentSpecificPositionBias":true,"minSize":-1,"experimentSpecificActivity":true,"optimizeSize":false}]}}
