{"modelSettings":{"letterOrder":"ACGTN","bindingModeInteractions":[],"bindingModes":[{"size":12,"fitLogActivity":true,"flankLength":0,"dinucleotideDistance":0,"componentName":"Binding mode 1","positionBias":false,"singleStrand":false,"modifications":[]}],"letterComplement":"C-G,A-T,N-N"},"coefficients":{"bindingModeInteractions":[],"bindingModes":[{"mononucleotide":[-0.35354185744512456,-0.06342435594139406,0,-0.19285840992337278,-0.14348348433900893,-0.8715431072032871,0,-1.5533492394515076,-0.03796870696152954,-0.4336381723598298,0,-0.7361086723518895,-0.2789418710629583,-1.5437541911100008,-0.49055913220902436,0,-3.0742385988563528,-3.2598157537501558,-4.434300838223818,-1.2941859929098138,-4.533157899830485,-3.6709850330164175,-3.7672915124944804,0,-1.328674100344261,-3.236416005942451,-0.8796526086997245,-1.2155887488037767,0,-0.8262404309961289,0,-3.614039343207118,-1.8420699122527167,-2.566781020704229,-1.1534269344973342,-0.18026505153237604,-0.13532419702408038,-0.02944384399958988,0,-0.08352646851603698,-0.5759124341839144,0,-0.11899922589723566,-0.5026893542160176,-0.2695469015178928,-0.09702561889401551,-0.21013377875401673,-0.02091785567697535,0,-0.07868938053030795,-0.1099428963043243,-0.10364108536434857,-0.22785663734149475,0,-0.10711969735272205,0,-0.22190318105307716,-0.28584139713555734,-0.04155322753092605,-0.13020180967897146],"activity":[[0]],"dinucleotide":[],"positionBias":[],"modifications":[]}]},"modelFittingConstraints":{"enrichmentModel":[{}],"nShifts":0,"addBindingModesSequentially":true,"bindingModeInteractions":[],"flankLengths":[0],"singleModeLengthSweep":false,"bindingModes":[{"maxFlankLength":-1,"positionBiasBinWidth":1,"optimizeSizeHeuristic":false,"maxSize":-1,"optimizeFlankLength":false,"symmetryString":"null","roundSpecificActivity":true,"informationThreshold":0.1,"optimizeMotifShift":false,"fittingStages":[],"optimizeMotifShiftHeuristic":false,"experimentSpecificPositionBias":true,"minSize":-1,"experimentSpecificActivity":true,"optimizeSize":false}]}}
