{"modelSettings":{"letterOrder":"ACGTN","bindingModeInteractions":[],"bindingModes":[{"size":12,"fitLogActivity":true,"flankLength":0,"dinucleotideDistance":0,"componentName":"Binding mode 1","positionBias":false,"singleStrand":false,"modifications":[]}],"letterComplement":"C-G,A-T,N-N"},"coefficients":{"bindingModeInteractions":[],"bindingModes":[{"mononucleotide":[0,-0.2657814395448277,-0.020911242958977283,-0.1900419184013824,-0.11293440025814265,-0.3573052805178314,-0.25700524965120763,0,-0.4757280339662433,-0.2567147076575662,-0.8898512828217164,0,-1.6577082893006905,-0.005456872242046273,-0.4323803291175269,-0.15596205182743006,0,-1.3171452943174682,-1.4238138277637837,-0.5258188969987835,0,-2.728555938810221,-2.672367717199634,-3.5405929799993987,-1.2349492281944858,-5.841971616597991,-5.609518704966703,-6.307524751767243,0,-1.3779408650373866,-4.415400961309846,-2.321224612516264,-4.471714842090191,0,-1.2714750728647157,0,-4.565518818534445,-4.334927156803756,-2.3296352771341122,-1.2722172525543867,-0.1749402984922943,-0.9858480679100392,0,-0.8296798924422353,-0.4121805979371724,-0.8032803285778005,0,-0.26100294456450523,-0.4481127003724499,-0.33653316998604926,-0.2901931674141869,-0.3166955982873265,0,-0.3633132015886007,-0.23191940161466554,-0.12399675782542108,-0.03274103932861827,-0.06652552552524682,0,-0.05477015157723165],"activity":[[0]],"dinucleotide":[],"positionBias":[],"modifications":[]}]},"modelFittingConstraints":{"enrichmentModel":[{}],"nShifts":0,"addBindingModesSequentially":true,"bindingModeInteractions":[],"flankLengths":[0],"singleModeLengthSweep":false,"bindingModes":[{"maxFlankLength":-1,"positionBiasBinWidth":1,"optimizeSizeHeuristic":false,"maxSize":-1,"optimizeFlankLength":false,"symmetryString":"null","roundSpecificActivity":true,"informationThreshold":0.1,"optimizeMotifShift":false,"fittingStages":[],"optimizeMotifShiftHeuristic":false,"experimentSpecificPositionBias":true,"minSize":-1,"experimentSpecificActivity":true,"optimizeSize":false}]}}
