{"modelSettings":{"letterOrder":"ACGTN","bindingModeInteractions":[],"bindingModes":[{"size":12,"fitLogActivity":true,"flankLength":0,"dinucleotideDistance":0,"componentName":"Binding mode 1","positionBias":false,"singleStrand":false,"modifications":[]}],"letterComplement":"C-G,A-T,N-N"},"coefficients":{"bindingModeInteractions":[],"bindingModes":[{"mononucleotide":[0,-0.512445823732202,-0.042519798193668024,-0.2507350714835894,-0.18163319049366394,-0.4605707855388559,-1.2083616654688552,-0.6072352480686947,0,-0.4802702206027734,-2.2304864013759786,-3.971916185195986,-2.7971992040083533,0,-1.2146175410555213,-2.584071725301695,-5.557686475109835,-5.158141029387399,0,-1.3046441696076896,-0.8535450054442739,-4.129741842685275,-2.7531528946886885,0,-0.9770257765620102,0,-5.377410144185612,-4.974572143022818,-4.590173245267886,-1.3648437336870394,-3.7214619809278613,0,-3.0596351979965792,-0.3879665400512007,-0.8269423734140839,-1.6383842699018007,-2.031728671508927,0,-0.4091241304806621,-0.6983435723919311,0,-3.352147678933628,-0.7663293961735853,-2.793528358726742,-0.9410127599474853,-2.7568848021880266,0,-1.0164730454305726,-0.7097657465589604,-0.7354715478492521,-0.5972940767105959,0,-0.4490007663489326,-0.17694754001637047,-0.278924520515171,-0.2809277270675574,-0.3247195441216366,-0.5095684343573801,0,-0.2618299006477677],"activity":[[0]],"dinucleotide":[],"positionBias":[],"modifications":[]}]},"modelFittingConstraints":{"enrichmentModel":[{}],"nShifts":0,"addBindingModesSequentially":true,"bindingModeInteractions":[],"flankLengths":[0],"singleModeLengthSweep":false,"bindingModes":[{"maxFlankLength":-1,"positionBiasBinWidth":1,"optimizeSizeHeuristic":false,"maxSize":-1,"optimizeFlankLength":false,"symmetryString":"null","roundSpecificActivity":true,"informationThreshold":0.1,"optimizeMotifShift":false,"fittingStages":[],"optimizeMotifShiftHeuristic":false,"experimentSpecificPositionBias":true,"minSize":-1,"experimentSpecificActivity":true,"optimizeSize":false}]}}
