{"modelSettings":{"letterOrder":"ACGTN","bindingModeInteractions":[],"bindingModes":[{"size":12,"fitLogActivity":true,"flankLength":0,"dinucleotideDistance":0,"componentName":"Binding mode 1","positionBias":false,"singleStrand":false,"modifications":[]}],"letterComplement":"C-G,A-T,N-N"},"coefficients":{"bindingModeInteractions":[],"bindingModes":[{"mononucleotide":[0,-0.5375730574438347,-0.30739713589953066,-0.3726950545405012,-0.2848866358757803,-0.296332281200673,-0.4689699072830571,0,-0.5482524934194659,-0.3054572360564843,-0.6426222247804168,-0.767291437767148,0,-1.9156872903661384,-0.626694387453514,-1.5515807038079386,-0.5730422206854682,-2.2124008441337972,0,-0.7522827624062707,-0.8261010207806407,0,-2.5426759102414476,-2.2003786252794013,-0.8994522924166835,-0.35414115499257726,-2.2981636542546804,0,-3.129690213993088,-0.7733001124666268,-4.370157365580383,-4.0314303277625925,-5.103545055199417,0,-1.35047042356766,0,-2.7024357611364342,-2.932467175810502,-0.5304589957240067,-0.8505952588676523,0,-3.5175417317480604,-3.630887766401033,-1.9249005025380246,-1.2022615904944354,0,-1.8206742680939048,-2.6068649303521,-1.8432831400569984,-1.0541322270474625,0,-0.6386018094392742,-0.8929267576406028,-0.48241284760624303,-0.4483290388758451,-0.20592912103714145,0,-0.3468440879658292,-0.03230281509313304,-0.13667356799231073],"activity":[[0]],"dinucleotide":[],"positionBias":[],"modifications":[]}]},"modelFittingConstraints":{"enrichmentModel":[{}],"nShifts":0,"addBindingModesSequentially":true,"bindingModeInteractions":[],"flankLengths":[0],"singleModeLengthSweep":false,"bindingModes":[{"maxFlankLength":-1,"positionBiasBinWidth":1,"optimizeSizeHeuristic":false,"maxSize":-1,"optimizeFlankLength":false,"symmetryString":"null","roundSpecificActivity":true,"informationThreshold":0.1,"optimizeMotifShift":false,"fittingStages":[],"optimizeMotifShiftHeuristic":false,"experimentSpecificPositionBias":true,"minSize":-1,"experimentSpecificActivity":true,"optimizeSize":false}]}}
