{"modelSettings":{"letterOrder":"ACGTN","bindingModeInteractions":[],"bindingModes":[{"size":13,"fitLogActivity":true,"flankLength":0,"dinucleotideDistance":0,"componentName":"Binding mode 1","positionBias":false,"singleStrand":false,"modifications":[]}],"letterComplement":"C-G,A-T,N-N"},"coefficients":{"bindingModeInteractions":[],"bindingModes":[{"mononucleotide":[0,-0.5662029825966233,-0.7432203985369341,-0.6165613116396669,-0.4373218772438552,0,-0.3316199807247697,-0.2760612372340834,-0.17331614602519885,-0.18711355022994974,-0.3184101408408182,-0.45244547368937216,-0.5013134424284251,0,-0.2980322096875144,-1.3864642627901915,-1.8915227208821879,-1.2031912142659102,0,-0.8550580358206499,-1.9403908478413072,-3.2335174333279237,-3.2058551156841295,0,-1.1845046850710268,-0.40032571031196795,-2.3430982130526408,-1.8974388254784271,0,-0.7360110554353971,0,-5.278867553065887,-3.822648587267157,-4.168875569994928,-1.3447325003119033,-2.6160697040082157,0,-1.8881752154702873,-0.05468797316417007,-0.6110061438531889,-1.2167637845066919,-1.9245429286068063,0,-0.6270116678371105,-0.7050601928488129,0,-1.7884999683929923,-0.3909695725353366,-1.0732459349653842,-0.6044458460869312,-1.3753465538917968,0,-0.4197602654120631,-0.26625850391691497,-0.40189746612641064,-0.3241902229060507,0,-0.33085354068108597,-0.11398669290628671,-0.18221370142851978,-0.25635995462368477,-0.2762839151375207,-0.361578087160884,0,-0.21411038408462074],"activity":[[0]],"dinucleotide":[],"positionBias":[],"modifications":[]}]},"modelFittingConstraints":{"enrichmentModel":[{}],"nShifts":0,"addBindingModesSequentially":true,"bindingModeInteractions":[],"flankLengths":[0],"singleModeLengthSweep":false,"bindingModes":[{"maxFlankLength":-1,"positionBiasBinWidth":1,"optimizeSizeHeuristic":false,"maxSize":-1,"optimizeFlankLength":false,"symmetryString":"null","roundSpecificActivity":true,"informationThreshold":0.1,"optimizeMotifShift":false,"fittingStages":[],"optimizeMotifShiftHeuristic":false,"experimentSpecificPositionBias":true,"minSize":-1,"experimentSpecificActivity":true,"optimizeSize":false}]}}
