{"modelSettings":{"letterOrder":"ACGTN","bindingModeInteractions":[],"bindingModes":[{"size":13,"fitLogActivity":true,"flankLength":0,"dinucleotideDistance":0,"componentName":"Binding mode 1","positionBias":false,"singleStrand":false,"modifications":[]}],"letterComplement":"C-G,A-T,N-N"},"coefficients":{"bindingModeInteractions":[],"bindingModes":[{"mononucleotide":[0,-0.255946957461191,-0.21780846671319498,-0.47341020133280765,-0.22272581971587588,-0.24980292615304212,-0.3502147562458333,0,-0.5287467309662919,-0.2636940456592999,-0.46067054752839454,-0.6381580685657671,0,-1.1962441901000425,-0.48554269585845167,-1.4957852665979754,-0.4857188282546616,-2.263534050670361,0,-0.7219018056404517,-0.4907851763439446,0,-1.8278750956970518,-1.682841372736001,-0.7139901302289,0,-2.044168323725641,-0.11817626023791661,-3.5931953342990735,-0.6706337469569931,-5.28499804729413,-4.351092504225857,-5.795925893289004,0,-1.3655121391730787,0,-2.483328737620022,-3.168588449543569,-0.49032533817717905,-0.8335852404665418,0,-3.5694122009946208,-3.4299813806648656,-2.3212237024200357,-1.2389841493017815,0,-1.4902534783530372,-2.2325942800599474,-1.5482744147646361,-0.9511540106388623,0,-0.5543232271584211,-0.6793546525920195,-0.39560603149547724,-0.3729942238804907,-0.18827425003073817,0,-0.23114564481703592,-0.0014369488992356239,-0.09966138542539954,-0.17397620252204682,-0.015292887668726607,-0.03679403291073591,0,-0.05418827266063949],"activity":[[0]],"dinucleotide":[],"positionBias":[],"modifications":[]}]},"modelFittingConstraints":{"enrichmentModel":[{}],"nShifts":0,"addBindingModesSequentially":true,"bindingModeInteractions":[],"flankLengths":[0],"singleModeLengthSweep":false,"bindingModes":[{"maxFlankLength":-1,"positionBiasBinWidth":1,"optimizeSizeHeuristic":false,"maxSize":-1,"optimizeFlankLength":false,"symmetryString":"null","roundSpecificActivity":true,"informationThreshold":0.1,"optimizeMotifShift":false,"fittingStages":[],"optimizeMotifShiftHeuristic":false,"experimentSpecificPositionBias":true,"minSize":-1,"experimentSpecificActivity":true,"optimizeSize":false}]}}
