{"modelSettings":{"letterOrder":"ACGTN","bindingModeInteractions":[],"bindingModes":[{"size":18,"fitLogActivity":true,"flankLength":0,"dinucleotideDistance":0,"componentName":"Binding mode 1","positionBias":false,"singleStrand":false,"modifications":[]}],"letterComplement":"C-G,A-T,N-N"},"coefficients":{"bindingModeInteractions":[],"bindingModes":[{"mononucleotide":[-1.1776969564433006,-0.33383635314720017,0,-0.6755307787083833,-0.45687244380999886,-1.2826247538569566,-1.4298057076493889,-0.3254508736822661,0,-0.5803250703969094,-0.9785040164354326,-1.8055015368156928,-0.8249128088966007,0,-0.7039360871447379,-1.1431901406581426,-1.5130484841598912,-0.36778331671817455,0,-0.5837076953535876,-3.261636941520465,0,-3.9200855373266728,-1.6807393133494335,-1.1676398740223923,-0.6798048199140538,-0.9807781916765572,0,-1.402872745710785,-0.6312882139464061,-2.5319072910072435,-1.032496443737128,0,-2.904471051634221,-0.9872486036762136,-1.355149279314464,-3.407454780233857,-3.623745210648637,0,-1.1103938547631633,-1.5293738679502633,-2.9256018874090723,-3.5019335450869797,0,-1.123589583055284,-2.8636991264122926,-0.7934560851247845,-3.2766238519092394,0,-0.9499174547140327,-3.394893708244255,0,-3.254605733504547,-1.7833797844047776,-1.1710142029972288,-0.8987004649902319,0,-0.2998123493585325,-0.7723315988847528,-0.42694782999401193,-0.2690599499404005,-0.4580122697331026,0,-0.5035518448329475,-0.28734301659875416,-1.455895283915531,-0.2521164726442544,-0.49875880846685394,0,-0.424025162296049,-1.4621770714237945,-1.955098840955575,0,-0.03604158169959959,-0.5370490135960747,0,-1.1994333192709927,-1.070371966733906,-0.3289589115356515,-0.525973745670712,0,-0.3652822002740992,-2.4444773188031212,-1.0802873186757118,-0.6347508180932815,0,-0.30434090391176927,-1.1348277373279307,-1.4470253446190364,-0.5558421855302708],"activity":[[0]],"dinucleotide":[],"positionBias":[],"modifications":[]}]},"modelFittingConstraints":{"enrichmentModel":[{}],"nShifts":0,"addBindingModesSequentially":true,"bindingModeInteractions":[],"flankLengths":[0],"singleModeLengthSweep":false,"bindingModes":[{"maxFlankLength":-1,"positionBiasBinWidth":1,"optimizeSizeHeuristic":false,"maxSize":-1,"optimizeFlankLength":false,"symmetryString":"null","roundSpecificActivity":true,"informationThreshold":0.1,"optimizeMotifShift":false,"fittingStages":[],"optimizeMotifShiftHeuristic":false,"experimentSpecificPositionBias":true,"minSize":-1,"experimentSpecificActivity":true,"optimizeSize":false}]}}
