{"modelSettings":{"letterOrder":"ACGTN","bindingModeInteractions":[],"bindingModes":[{"size":12,"fitLogActivity":true,"flankLength":0,"dinucleotideDistance":0,"componentName":"Binding mode 1","positionBias":false,"singleStrand":false,"modifications":[]}],"letterComplement":"C-G,A-T,N-N"},"coefficients":{"bindingModeInteractions":[],"bindingModes":[{"mononucleotide":[-0.15171609114067586,0,-0.1146703825730171,-0.16640982326528242,-0.10602980681796026,-0.289214263582374,0,-0.11826085229556416,-0.37940736298144095,-0.18585294122467821,-0.5617892716152602,-0.5237744595421452,-0.38171105449972575,0,-0.3406747050207409,-1.6832122428045222,-2.1781431315036563,-1.9321569837575037,0,-1.0189719646097508,0,-3.218780245304383,-2.290651274437348,-1.1286645097662342,-1.0046648732693149,0,-4.7235475254102095,-3.437353690412383,-5.209150836296404,-1.340843507145305,-4.064115472167435,-1.0733927643091468,-2.330623151733845,0,-1.0104228178254833,-1.5869613230461315,-1.5175348100259674,0,-0.2821458671364896,-0.6079049651104076,-0.4253066792878508,-2.108714990848055,0,-1.0867093316224485,-0.6385227026051624,-0.9266869183276798,0,-0.5842249435161184,-0.5369037298268147,-0.4549352184528414,-0.4965780977641332,0,-0.4785454082598575,-0.06789386805881925,-0.23488298298814497,-0.23947380512707417,-0.27415736483539543,-0.21048758397604672,0,-0.17511455798341824],"activity":[[0]],"dinucleotide":[],"positionBias":[],"modifications":[]}]},"modelFittingConstraints":{"enrichmentModel":[{}],"nShifts":0,"addBindingModesSequentially":true,"bindingModeInteractions":[],"flankLengths":[0],"singleModeLengthSweep":false,"bindingModes":[{"maxFlankLength":-1,"positionBiasBinWidth":1,"optimizeSizeHeuristic":false,"maxSize":-1,"optimizeFlankLength":false,"symmetryString":"null","roundSpecificActivity":true,"informationThreshold":0.1,"optimizeMotifShift":false,"fittingStages":[],"optimizeMotifShiftHeuristic":false,"experimentSpecificPositionBias":true,"minSize":-1,"experimentSpecificActivity":true,"optimizeSize":false}]}}
