{"modelSettings":{"letterOrder":"ACGTN","bindingModeInteractions":[],"bindingModes":[{"size":18,"fitLogActivity":true,"flankLength":0,"dinucleotideDistance":0,"componentName":"Binding mode 1","positionBias":false,"singleStrand":false,"modifications":[]}],"letterComplement":"C-G,A-T,N-N"},"coefficients":{"bindingModeInteractions":[],"bindingModes":[{"mononucleotide":[-0.10849821906954826,0,-0.034614070747293724,-0.09557801211758843,-0.05868738077264702,0,-0.414771678362178,-0.047772797058784455,-0.4001022450953453,-0.19720386695364156,-0.9292060878128447,0,-0.8279233438650859,-1.0453996450051024,-0.6054229180449224,-0.23053379742103974,-1.6620092387237828,0,-1.2189345855413531,-0.562376933118281,-1.998869789636546,-1.9029353212274702,-3.4704887651609386,0,-1.111910025335125,-2.665148987364742,-2.870807178215824,-3.1275270738463825,0,-1.2292323185299021,-3.787002358486629,0,-3.713264347001532,-3.9194044574021514,-1.321523896367251,-3.6798066947269765,-1.2469130174659178,0,-0.980669617274291,-0.8629405530663138,0,-2.6795847802734865,-2.2992978846345173,-0.9508807643749533,-0.9446121254318663,0,-1.7768351000658966,-2.396616092261087,-0.5202319416174239,-0.7686356528728752,0,-0.7540678892330313,-0.8870214504247542,-0.24878737294285447,-0.40718831456405596,-0.7726528942079156,0,-0.8427238857396091,-0.8489751507676928,-0.5446514208844598,-0.36257403891384854,-1.1836666861759841,0,-0.43429380306177556,-0.4118257361309484,-1.3999333864622039,-1.350537810196189,-1.9161672709499178,0,-0.8837725917129992,-2.6501055502769177,-1.2884357225854801,-1.7574011142796686,0,-0.9683487617540423,-2.776315050825008,0,-1.1136923863829296,-2.6045875744911693,-1.0047494011046254,0,-0.7775708093473295,-0.13124420590025387,-0.6861147975027002,-0.342471617757948,0,-1.38284860108541,-1.3807519361636809,-0.5851358009476995,-0.6639366960275263],"activity":[[0]],"dinucleotide":[],"positionBias":[],"modifications":[]}]},"modelFittingConstraints":{"enrichmentModel":[{}],"nShifts":0,"addBindingModesSequentially":true,"bindingModeInteractions":[],"flankLengths":[0],"singleModeLengthSweep":false,"bindingModes":[{"maxFlankLength":-1,"positionBiasBinWidth":1,"optimizeSizeHeuristic":false,"maxSize":-1,"optimizeFlankLength":false,"symmetryString":"null","roundSpecificActivity":true,"informationThreshold":0.1,"optimizeMotifShift":false,"fittingStages":[],"optimizeMotifShiftHeuristic":false,"experimentSpecificPositionBias":true,"minSize":-1,"experimentSpecificActivity":true,"optimizeSize":false}]}}
