{"modelSettings":{"letterOrder":"ACGTN","bindingModeInteractions":[],"bindingModes":[{"size":17,"fitLogActivity":true,"flankLength":0,"dinucleotideDistance":0,"componentName":"Binding mode 1","positionBias":false,"singleStrand":false,"modifications":[]}],"letterComplement":"C-G,A-T,N-N"},"coefficients":{"bindingModeInteractions":[],"bindingModes":[{"mononucleotide":[-0.39754082454363715,-0.2779610045515746,-0.3764605398646381,0,-0.24987804806027575,0,-0.14838982166370673,-0.03334319311651157,-0.8577671000480809,-0.20659081724296202,-2.2727679262571643,-2.0466337615836574,0,-2.2206919155408613,-1.0930804269407515,0,-1.5908869513888937,-1.9747680469833897,-1.2311860983048595,-0.8949669475586635,0,-1.4300693333344752,-1.6494081184687053,-1.0274350054208075,-0.8044252813630214,-0.35666975843693827,-0.005157080957771676,-0.43368824645259174,0,-0.17943350132389935,-0.19953791132067078,-0.4244075001533947,0,-0.6122996866443362,-0.2825720863222097,-0.8538140726370322,-1.3100755188505788,-1.243885132419587,0,-0.7012551469553744,-1.066584122000041,-1.6637493190790238,-1.167533706224864,0,-0.7739544097172164,-2.5846851301783786,0,-2.3093292827832155,-3.106256201996743,-1.1878403690885697,-1.6357564483020743,-0.5532103456015225,-0.4037781888280314,0,-0.4952403097225383,0,-0.4748509280059947,-0.5073289447796814,-1.5086526362621901,-0.49213175086896616,-3.5531046163761486,-2.1159247168487956,0,-2.096646380369629,-1.145684102089058,0,-1.1444566779215126,-1.4393119522414892,-1.0183198886414022,-0.7356951510684263,0,-0.8908527056110067,-1.0720377963206564,-0.6398247338191076,-0.5621185541870717,-0.1465199326521951,0,-0.05075459406980798,-0.012228611501936548,-0.05074968599727,0,-0.1896583037075361,-0.0746102760050249,-0.21181375775886124,-0.11528116104902945],"activity":[[0]],"dinucleotide":[],"positionBias":[],"modifications":[]}]},"modelFittingConstraints":{"enrichmentModel":[{}],"nShifts":0,"addBindingModesSequentially":true,"bindingModeInteractions":[],"flankLengths":[0],"singleModeLengthSweep":false,"bindingModes":[{"maxFlankLength":-1,"positionBiasBinWidth":1,"optimizeSizeHeuristic":false,"maxSize":-1,"optimizeFlankLength":false,"symmetryString":"null","roundSpecificActivity":true,"informationThreshold":0.1,"optimizeMotifShift":false,"fittingStages":[],"optimizeMotifShiftHeuristic":false,"experimentSpecificPositionBias":true,"minSize":-1,"experimentSpecificActivity":true,"optimizeSize":false}]}}
