{"modelSettings":{"letterOrder":"ACGTN","bindingModeInteractions":[],"bindingModes":[{"size":16,"fitLogActivity":true,"flankLength":0,"dinucleotideDistance":0,"componentName":"Binding mode 1","positionBias":false,"singleStrand":false,"modifications":[]}],"letterComplement":"C-G,A-T,N-N"},"coefficients":{"bindingModeInteractions":[],"bindingModes":[{"mononucleotide":[-0.14914233309208136,0,-0.14190966434103114,-0.1962500254173456,-0.11907838029385474,-1.0550863081716364,-1.5306008301767373,-1.2067572326268876,0,-0.7637124579681048,-1.3914477872745787,-1.9154481444432956,-1.7286600203215268,0,-0.9329837246124736,-3.6565524506881357,0,-3.1740312359965857,-4.078393306657928,-1.3050917311622663,-3.217539283122835,-0.9555519262653029,-0.7417931075125428,0,-0.7439603385633309,0,-0.936320917877572,-1.0621317076958348,-2.175827158114623,-0.770406315131884,-3.6394718204856784,-2.9893980883014364,0,-3.1796484177610074,-1.2745882356663967,0,-1.640908298382072,-1.6682308705873443,-1.168213353650914,-0.8596113663370607,0,-1.7987098332838962,-1.3100397112813762,-1.2102940431863005,-0.836191541113499,-0.23109281097003276,-0.07461244671234635,-0.16085344626471176,0,-0.11283679684868901,-0.12929207181001257,-0.1256716289508919,0,-0.3062136531146704,-0.1344315188752386,-1.238842572637512,-1.8563360821562003,-1.7451311104927343,0,-0.9035068611154814,-1.9229795169197748,-2.25544141702253,-2.4473395102915227,0,-1.0954760637648637,-3.229581226917554,0,-3.149608202426619,-3.1364946605776685,-1.2677313875462872,-1.7328282778836672,-0.5615639515094184,-0.4940305007932517,0,-0.5287934578483785,0,-0.8517056805228242,-0.9403599732782264,-0.7461653745525831,-0.5571509526341205],"activity":[[0]],"dinucleotide":[],"positionBias":[],"modifications":[]}]},"modelFittingConstraints":{"enrichmentModel":[{}],"nShifts":0,"addBindingModesSequentially":true,"bindingModeInteractions":[],"flankLengths":[0],"singleModeLengthSweep":false,"bindingModes":[{"maxFlankLength":-1,"positionBiasBinWidth":1,"optimizeSizeHeuristic":false,"maxSize":-1,"optimizeFlankLength":false,"symmetryString":"null","roundSpecificActivity":true,"informationThreshold":0.1,"optimizeMotifShift":false,"fittingStages":[],"optimizeMotifShiftHeuristic":false,"experimentSpecificPositionBias":true,"minSize":-1,"experimentSpecificActivity":true,"optimizeSize":false}]}}
