{"modelSettings":{"letterOrder":"ACGTN","bindingModeInteractions":[],"bindingModes":[{"size":15,"fitLogActivity":true,"flankLength":0,"dinucleotideDistance":0,"componentName":"Binding mode 1","positionBias":false,"singleStrand":false,"modifications":[]}],"letterComplement":"C-G,A-T,N-N"},"coefficients":{"bindingModeInteractions":[],"bindingModes":[{"mononucleotide":[0,-0.11982744524341715,-0.11377188206042099,-0.13683310068198828,-0.09111502702251008,0,-0.22244323048659886,-0.21204489113838854,-0.05017548730446286,-0.11637895566820927,0,-0.3625397659469991,-0.30624961242942383,-0.17439710169022948,-0.20087070807028848,0,-0.3038296789360482,-0.35154781407079394,-0.35014134967937594,-0.24010748902763035,-0.28339911905979775,-0.3288913078869191,0,-0.501015933063699,-0.261736546763419,-0.6293790284593284,-0.7643820751797694,0,-2.1878052991414383,-0.639271478536244,-1.9074397800357406,-0.41552101924917917,-2.5723735110359622,0,-0.7524671214684899,-0.05189887268884252,0,-1.350379325066346,-1.3487002050847496,-0.4828278059581343,0,-1.5517418729305397,-0.3443138341948657,-1.7972000333984681,-0.6508794644307996,-4.400912605342679,-4.30045344563498,-5.171178489049892,0,-1.3552740817116962,0,-1.421870712161696,-2.8811565142012756,-0.20437150100218737,-0.6384262457052235,0,-2.821471981854024,-2.968077736208006,-1.7004533723871886,-1.1289263949127648,0,-1.3439209697551777,-1.9290804021590309,-1.2482943101083435,-0.8597351834799695,0,-0.32993706584706484,-0.5106584067646991,-0.13832714119907763,-0.22631009565785018,-0.3758624631945948,-0.02200077896285313,-0.2331783202575104,0,-0.1459080759764317],"activity":[[0]],"dinucleotide":[],"positionBias":[],"modifications":[]}]},"modelFittingConstraints":{"enrichmentModel":[{}],"nShifts":0,"addBindingModesSequentially":true,"bindingModeInteractions":[],"flankLengths":[0],"singleModeLengthSweep":false,"bindingModes":[{"maxFlankLength":-1,"positionBiasBinWidth":1,"optimizeSizeHeuristic":false,"maxSize":-1,"optimizeFlankLength":false,"symmetryString":"null","roundSpecificActivity":true,"informationThreshold":0.1,"optimizeMotifShift":false,"fittingStages":[],"optimizeMotifShiftHeuristic":false,"experimentSpecificPositionBias":true,"minSize":-1,"experimentSpecificActivity":true,"optimizeSize":false}]}}
