{"modelSettings":{"letterOrder":"ACGTN","bindingModeInteractions":[],"bindingModes":[{"size":16,"fitLogActivity":true,"flankLength":0,"dinucleotideDistance":0,"componentName":"Binding mode 2","positionBias":false,"singleStrand":false,"modifications":[]}],"letterComplement":"C-G,A-T,N-N"},"coefficients":{"bindingModeInteractions":[],"bindingModes":[{"mononucleotide":[-0.4737878245493965,-0.17205846776212574,-0.46341231904926783,0,-0.2569257775436855,0,-1.389756448581907,-0.4198424024119971,-1.0200758338285993,-0.5679014171012237,-1.4032851280350034,-0.7720292491933938,0,-1.2218825712899086,-0.6918792145032261,-1.5699432856833164,-3.0922982804660055,-2.1475309553847284,0,-1.0713182351269217,-0.8360806436072394,-1.0739654529372507,-2.573198449932428,0,-0.7703803176663765,-1.7337142798721343,-1.9834061106355252,-1.5747965461249374,0,-0.9667445240653298,-3.5600032950757248,0,-3.7769295651939245,-1.7250688830811223,-1.179692972205721,-0.2727273230575076,-2.413000356431197,0,-1.8783410769158717,-0.6913038704979294,-1.6873384629630177,-0.5226160956930599,0,-1.6040089191232445,-0.7036686915116704,-1.968656173611934,-3.690808807756312,-3.2110470093802546,0,-1.199889002502356,-1.3958241467152481,-2.2892706104133387,-3.747849263431042,0,-1.069633070378293,-2.791238702035405,-2.2780858007001923,-2.5170756674248365,0,-1.1675439601448394,-3.96651197197637,0,-3.5523810890194003,-2.232296442214924,-1.2423000964842106,-0.5815897025557293,-1.4396741896816243,0,-1.324952691551923,-0.6627006653258848,0,-0.32007151506489695,-0.43622939501231706,-0.30461742205570275,-0.2516806523681848,-0.6156282707144909,-0.7984817197077341,-0.9558211188016914,0,-0.5213772129674134],"activity":[[0]],"dinucleotide":[],"positionBias":[],"modifications":[]}]},"modelFittingConstraints":{"enrichmentModel":[{}],"nShifts":0,"addBindingModesSequentially":true,"bindingModeInteractions":[],"flankLengths":[0],"singleModeLengthSweep":false,"bindingModes":[{"maxFlankLength":-1,"positionBiasBinWidth":1,"optimizeSizeHeuristic":false,"maxSize":-1,"optimizeFlankLength":false,"symmetryString":"null","roundSpecificActivity":true,"informationThreshold":0.1,"optimizeMotifShift":false,"fittingStages":[],"optimizeMotifShiftHeuristic":false,"experimentSpecificPositionBias":true,"minSize":-1,"experimentSpecificActivity":true,"optimizeSize":false}]}}
