{"modelSettings":{"letterOrder":"ACGTN","bindingModeInteractions":[],"bindingModes":[{"size":12,"fitLogActivity":true,"flankLength":0,"dinucleotideDistance":0,"componentName":"Binding mode 1","positionBias":false,"singleStrand":false,"modifications":[]}],"letterComplement":"C-G,A-T,N-N"},"coefficients":{"bindingModeInteractions":[],"bindingModes":[{"mononucleotide":[0,-0.11831207044588865,-0.21793561572168585,-0.14886031808450984,-0.11814031795279821,-0.07284441453355495,-0.09939151645277278,-0.1621284094785489,0,-0.08189748124804924,-0.8576840433035944,0,-0.5208725452632601,-0.6465596859884348,-0.45334706627392396,0,-1.2513472662438136,-0.20863679396491985,-0.3179808507023294,-0.3476352917828221,-2.140459521491203,-1.9978489408700528,-2.561696241525837,0,-1.1008137911817484,-4.517101291660495,-5.8164881767719825,0,-6.42999662334877,-1.370902294086318,-3.041242334533103,-2.2929441113652453,-4.563512752914493,0,-1.2385904461206996,0,-0.5506449464977692,-1.9852034583314229,-0.23741766225800998,-0.46896723878019253,0,-0.08464368389476995,-0.31014251448429864,-0.4673314604424208,-0.19880026827308273,0,-0.15019128168566276,-0.04916065640390599,-0.011687406390256783,-0.05104276037057599,0,-0.13375618302164805,-0.1869696978935096,-0.1112090150839462,-0.1056316874367487,-0.14714442584101173,0,-0.24935038722111758,-0.1775532987081645,-0.13932168373697873],"activity":[[0]],"dinucleotide":[],"positionBias":[],"modifications":[]}]},"modelFittingConstraints":{"enrichmentModel":[{}],"nShifts":0,"addBindingModesSequentially":true,"bindingModeInteractions":[],"flankLengths":[0],"singleModeLengthSweep":false,"bindingModes":[{"maxFlankLength":-1,"positionBiasBinWidth":1,"optimizeSizeHeuristic":false,"maxSize":-1,"optimizeFlankLength":false,"symmetryString":"null","roundSpecificActivity":true,"informationThreshold":0.1,"optimizeMotifShift":false,"fittingStages":[],"optimizeMotifShiftHeuristic":false,"experimentSpecificPositionBias":true,"minSize":-1,"experimentSpecificActivity":true,"optimizeSize":false}]}}
