{"modelSettings":{"letterOrder":"ACGTN","bindingModeInteractions":[],"bindingModes":[{"size":13,"fitLogActivity":true,"flankLength":0,"dinucleotideDistance":0,"componentName":"Binding mode 1","positionBias":false,"singleStrand":false,"modifications":[]}],"letterComplement":"C-G,A-T,N-N"},"coefficients":{"bindingModeInteractions":[],"bindingModes":[{"mononucleotide":[-0.41856261471542844,-0.2921682554282672,-0.33925562510024854,0,-0.24944415908278672,-0.505118730324877,0,-0.5160391975237899,-0.11818565501214628,-0.25849712703793276,0,-0.941745271589665,-0.17887650723757886,-0.9452808638105643,-0.425134950812682,-2.587928146416357,-0.9451117126872286,0,-2.019053137292565,-0.9184224300068052,-3.602364197009688,-4.544170990310866,-3.342553824958748,0,-1.3156171384786695,-0.602120375067718,-0.9167581044545279,-2.6721314932395224,0,-0.6848977761802226,-2.946216162578955,-2.1051809138310538,-2.3558181762816273,0,-1.1479251842268923,-3.456281707951023,0,-4.649276079416365,-2.5532489250776993,-1.2739091859242884,-0.9612559562313332,-2.5231620407314415,0,-1.5935082442920177,-0.8759712671096426,-0.2840801971334166,-0.4383868984446577,0,-0.4834538566893438,-0.2828828331842786,-1.0356905665922107,-0.5322306303734838,-0.978642830108766,0,-0.5455484451165098,-0.3585669210840887,-0.24429691485430816,-0.36374928716316113,0,-0.23035784232463183,-0.17118293531142292,-0.2640971454489369,-0.2660393686498841,0,-0.1693139344267283],"activity":[[0]],"dinucleotide":[],"positionBias":[],"modifications":[]}]},"modelFittingConstraints":{"enrichmentModel":[{}],"nShifts":0,"addBindingModesSequentially":true,"bindingModeInteractions":[],"flankLengths":[0],"singleModeLengthSweep":false,"bindingModes":[{"maxFlankLength":-1,"positionBiasBinWidth":1,"optimizeSizeHeuristic":false,"maxSize":-1,"optimizeFlankLength":false,"symmetryString":"null","roundSpecificActivity":true,"informationThreshold":0.1,"optimizeMotifShift":false,"fittingStages":[],"optimizeMotifShiftHeuristic":false,"experimentSpecificPositionBias":true,"minSize":-1,"experimentSpecificActivity":true,"optimizeSize":false}]}}
