{"modelSettings":{"letterOrder":"ACGTN","bindingModeInteractions":[],"bindingModes":[{"size":13,"fitLogActivity":true,"flankLength":0,"dinucleotideDistance":0,"componentName":"Binding mode 1","positionBias":false,"singleStrand":false,"modifications":[]}],"letterComplement":"C-G,A-T,N-N"},"coefficients":{"bindingModeInteractions":[],"bindingModes":[{"mononucleotide":[0,-0.15171471939072578,-0.06698675835960088,-0.17693984122283268,-0.0964362503085718,-0.27906555205700734,-0.8315117154892606,0,-0.5120672832148543,-0.3598455433357115,-0.25357888017921404,-1.5742642141752468,-0.011152863339833452,0,-0.2970297759984407,-0.529280309113882,-3.4199712211574407,0,-2.556290945862342,-0.8560578853364972,-4.369095340640463,-4.458836893098265,0,-3.0975278879796124,-1.3191973497525427,-3.593873684257098,-3.6443723189737174,0,-3.341159720412844,-1.3010112617056393,-1.3124633418701581,0,-2.431492160623926,-0.9043652483264957,-0.8199239905326547,-2.260079556295426,-3.1200296616082563,0,-1.5546207312734315,-1.0789806043834482,-1.7604744071569152,-1.4830879959756942,-0.58764068033814,0,-0.7161416607292184,-0.3597811617457287,-2.047358480599555,0,-0.913877259697772,-0.5852479470662619,-0.049047584290692114,-0.47031588236769384,0,-0.19337272242544934,-0.16219091781184405,-0.6167528572001952,0,-0.7407150158539615,-0.2464863090098186,-0.357386263263355,-0.15606352911783183,0,-0.10595734490791431,-0.18723295534831763,-0.10975393353116089],"activity":[[0]],"dinucleotide":[],"positionBias":[],"modifications":[]}]},"modelFittingConstraints":{"enrichmentModel":[{}],"nShifts":0,"addBindingModesSequentially":true,"bindingModeInteractions":[],"flankLengths":[0],"singleModeLengthSweep":false,"bindingModes":[{"maxFlankLength":-1,"positionBiasBinWidth":1,"optimizeSizeHeuristic":false,"maxSize":-1,"optimizeFlankLength":false,"symmetryString":"null","roundSpecificActivity":true,"informationThreshold":0.1,"optimizeMotifShift":false,"fittingStages":[],"optimizeMotifShiftHeuristic":false,"experimentSpecificPositionBias":true,"minSize":-1,"experimentSpecificActivity":true,"optimizeSize":false}]}}
