{"modelSettings":{"letterOrder":"ACGTN","bindingModeInteractions":[],"bindingModes":[{"size":12,"fitLogActivity":true,"flankLength":0,"dinucleotideDistance":0,"componentName":"Binding mode 1","positionBias":false,"singleStrand":false,"modifications":[]}],"letterComplement":"C-G,A-T,N-N"},"coefficients":{"bindingModeInteractions":[],"bindingModes":[{"mononucleotide":[-0.30074638448010704,-0.4621761239658926,0,-0.5826585817286385,-0.3117737307960442,-0.27635178879372857,0,-0.5828585340592585,-0.40297422708750563,-0.29263581430197144,-0.6281054539143356,0,-1.4773633968739408,-0.655651229499401,-0.5617048177608986,0,-0.1776731832304974,-1.4189909566774532,-1.4115365711091932,-0.5434596762035485,-1.5918128323634444,0,-2.5578748846835992,-1.4757352891356041,-0.9744257786553211,-0.5748143330738205,-2.701039755393043,0,-0.9987141263454982,-0.6939986340073168,-2.1978955115173875,0,-3.221758243133895,-3.1875964606238134,-1.2105003916430155,-1.8245752961137778,0,-3.7555305719661707,-4.809820716932183,-1.2099711859393778,-1.6253185072915883,0,-2.735555402752611,-0.9507377614072343,-0.8866331794936454,-0.09496499811359538,0,-1.2119446419432798,-0.570195308283489,-0.366567385173286,-0.7638544828182297,0,-1.1866628449765257,-0.5630108385514672,-0.5358882036786051,-0.14799298569326869,-2.8784191979225326E-4,-0.31308369235185296,0,-0.10721276364183092],"activity":[[0]],"dinucleotide":[],"positionBias":[],"modifications":[]}]},"modelFittingConstraints":{"enrichmentModel":[{}],"nShifts":0,"addBindingModesSequentially":true,"bindingModeInteractions":[],"flankLengths":[0],"singleModeLengthSweep":false,"bindingModes":[{"maxFlankLength":-1,"positionBiasBinWidth":1,"optimizeSizeHeuristic":false,"maxSize":-1,"optimizeFlankLength":false,"symmetryString":"null","roundSpecificActivity":true,"informationThreshold":0.1,"optimizeMotifShift":false,"fittingStages":[],"optimizeMotifShiftHeuristic":false,"experimentSpecificPositionBias":true,"minSize":-1,"experimentSpecificActivity":true,"optimizeSize":false}]}}
