{"modelSettings":{"letterOrder":"ACGTN","bindingModeInteractions":[],"bindingModes":[{"size":12,"fitLogActivity":true,"flankLength":0,"dinucleotideDistance":0,"componentName":"Binding mode 1","positionBias":false,"singleStrand":false,"modifications":[]}],"letterComplement":"C-G,A-T,N-N"},"coefficients":{"bindingModeInteractions":[],"bindingModes":[{"mononucleotide":[0,-0.3996932157453852,-0.23634506774882436,-0.332595810556243,-0.23032745701323237,0,-0.6351595773155534,-0.5729851225291656,-0.34272668675852636,-0.3554175511734093,-0.06378312731958236,-0.48478755216008196,-0.40363632662991566,0,-0.21631584037756804,-1.2039528739170322,-0.5309582418192429,-0.7021723249777088,0,-0.5177013226807267,-3.2654348806683036,-1.0244579450379687,-3.8530672771711316,0,-1.0367748270820976,0,-1.9055100811164518,-2.981444460579829,-3.7636059067810343,-1.1852604758369587,0,-4.508645498351127,-4.522083975885975,-4.178524103365646,-1.3497687902657671,-4.6461159498626685,-4.296216188014571,-5.201649507583053,0,-1.357972944184447,-0.9185526869895657,-1.7675630446192958,-2.533225412373022,0,-0.8859753406800189,0,-2.395110625970971,-1.720707063550777,-1.0178560855647465,-0.8968122814394043,0,-0.5090928805227266,-0.34970880997038556,-0.4815119229575293,-0.3134162369105719,-0.056880084425012356,0,-0.05367410718106669,-0.0428868075480171,-0.03809963829355452],"activity":[[0]],"dinucleotide":[],"positionBias":[],"modifications":[]}]},"modelFittingConstraints":{"enrichmentModel":[{}],"nShifts":0,"addBindingModesSequentially":true,"bindingModeInteractions":[],"flankLengths":[0],"singleModeLengthSweep":false,"bindingModes":[{"maxFlankLength":-1,"positionBiasBinWidth":1,"optimizeSizeHeuristic":false,"maxSize":-1,"optimizeFlankLength":false,"symmetryString":"null","roundSpecificActivity":true,"informationThreshold":0.1,"optimizeMotifShift":false,"fittingStages":[],"optimizeMotifShiftHeuristic":false,"experimentSpecificPositionBias":true,"minSize":-1,"experimentSpecificActivity":true,"optimizeSize":false}]}}
