{"modelSettings":{"letterOrder":"ACGTN","bindingModeInteractions":[],"bindingModes":[{"size":18,"fitLogActivity":true,"flankLength":0,"dinucleotideDistance":0,"componentName":"Binding mode 1","positionBias":false,"singleStrand":false,"modifications":[]}],"letterComplement":"C-G,A-T,N-N"},"coefficients":{"bindingModeInteractions":[],"bindingModes":[{"mononucleotide":[-0.23265607082957196,0,-0.17635613583767906,-0.18427207824948155,-0.1443165084128608,-0.5915607965318426,-0.686157095302061,-0.6240753518396023,0,-0.43358428247312186,-0.5758305258781071,-0.9776326245746905,0,-0.9309961067011248,-0.5393111513788041,-0.5486479900291048,-0.7927244872564749,-0.4910417263943625,0,-0.414633673358622,-0.5819160487693367,-1.2354306156091623,-1.1569218547671873,0,-0.6143411868528692,0,-0.6106288077897855,-0.27771367354681153,-0.4375386552980949,-0.3057962924297048,-2.119998550485593,0,-4.720182705699768,-3.4344511631391255,-1.2368503512306204,-3.9489801576222927,0,-3.448198920731886,-0.5404274110360241,-0.8955226116132927,0,-0.9012273497141123,-0.5613650068428413,-0.48638344015861357,-0.4341165975539559,-0.038491316691965594,-0.9129275289795213,-0.9684291950260171,0,-0.3771449691969751,0,-2.922459274602942,-2.7675735223299194,-0.7280023607942976,-0.9166107315687415,-0.7668932733648184,-1.7596373971498425,-2.98600259238272,0,-0.86331299212768,-0.3414844055676589,-0.15019813648203595,-0.6590142020608258,0,-0.25857220491980937,-0.6295147393025466,-0.08621824407264533,-0.07427538156338187,0,-0.16881509317091867,-0.9924150019009961,-3.572656349377593,0,-2.6498199788784786,-1.001422846676759,-1.3601538193222322,-1.3170238381707438,0,-0.667077744838263,-0.6744437196017397,-0.05729206321255553,0,-0.6038204905250151,-0.3891200776856003,-0.23297609863186028,-0.026411286319858007,0,-0.6159270614664409,-0.20579679283842633,-0.18390095398652478],"activity":[[0]],"dinucleotide":[],"positionBias":[],"modifications":[]}]},"modelFittingConstraints":{"enrichmentModel":[{}],"nShifts":0,"addBindingModesSequentially":true,"bindingModeInteractions":[],"flankLengths":[0],"singleModeLengthSweep":false,"bindingModes":[{"maxFlankLength":-1,"positionBiasBinWidth":1,"optimizeSizeHeuristic":false,"maxSize":-1,"optimizeFlankLength":false,"symmetryString":"null","roundSpecificActivity":true,"informationThreshold":0.1,"optimizeMotifShift":false,"fittingStages":[],"optimizeMotifShiftHeuristic":false,"experimentSpecificPositionBias":true,"minSize":-1,"experimentSpecificActivity":true,"optimizeSize":false}]}}
