{"modelSettings":{"letterOrder":"ACGTN","bindingModeInteractions":[],"bindingModes":[{"size":14,"fitLogActivity":true,"flankLength":0,"dinucleotideDistance":0,"componentName":"Binding mode 1","positionBias":false,"singleStrand":false,"modifications":[]}],"letterComplement":"C-G,A-T,N-N"},"coefficients":{"bindingModeInteractions":[],"bindingModes":[{"mononucleotide":[-0.3997712540877085,-0.25003945581730136,0,-0.5670938135491852,-0.2822253860895649,-0.04109589005502734,-0.03225554096922778,-0.25676270007695123,0,-0.07754325797868707,-1.9114440701161595,-2.6919414645189406,-3.817748611377456,0,-1.1731258307138683,0,-4.151009437218577,-1.7905530133786982,-2.864098331283354,-1.17146454571936,0,-6.410511453130924,-6.12194519420819,-6.219318268509469,-1.3804823149587129,-3.3897893228497367,-1.9218480733486523,-4.65937166723365,0,-1.2127407443068337,-1.4661941621628607,-0.6477723457654747,-1.0200495374047218,0,-0.6374337519805473,0,-0.4171633997081621,-0.4793688324890848,-0.7363700827809492,-0.3721743477289252,-0.06560748227819246,-0.7673717229074839,0,-1.2165763497971511,-0.39416446016973006,0,-0.8949432971516966,-0.7196895731292532,-1.0417204458851863,-0.5760838464868993,-1.8588850162961563,-2.001763281150625,-1.824582683853266,0,-1.0131953662422084,-1.198580999169871,-0.7100866290535839,-1.3771297077444604,0,-0.6706397766718375,0,-1.1933844130317173,-1.1235737139291793,-0.7619142767180591,-0.6467020116421636,0,-0.27438751674114226,-0.31326115713876757,-0.15584793313514833,-0.1782939505687066],"activity":[[0]],"dinucleotide":[],"positionBias":[],"modifications":[]}]},"modelFittingConstraints":{"enrichmentModel":[{}],"nShifts":0,"addBindingModesSequentially":true,"bindingModeInteractions":[],"flankLengths":[0],"singleModeLengthSweep":false,"bindingModes":[{"maxFlankLength":-1,"positionBiasBinWidth":1,"optimizeSizeHeuristic":false,"maxSize":-1,"optimizeFlankLength":false,"symmetryString":"null","roundSpecificActivity":true,"informationThreshold":0.1,"optimizeMotifShift":false,"fittingStages":[],"optimizeMotifShiftHeuristic":false,"experimentSpecificPositionBias":true,"minSize":-1,"experimentSpecificActivity":true,"optimizeSize":false}]}}
