{"modelSettings":{"letterOrder":"ACGTN","bindingModeInteractions":[],"bindingModes":[{"size":12,"fitLogActivity":true,"flankLength":0,"dinucleotideDistance":0,"componentName":"Binding mode 1","positionBias":false,"singleStrand":false,"modifications":[]}],"letterComplement":"C-G,A-T,N-N"},"coefficients":{"bindingModeInteractions":[],"bindingModes":[{"mononucleotide":[0,-0.1849192167267919,-0.047883827444497484,-0.03814166225928517,-0.06534083814880394,-0.1569582232670097,-0.46502268398739455,-0.34362530000285396,0,-0.22562937700187496,-2.098468472683573,-2.1214715408985616,-2.3634202047629675,0,-1.0961674677382278,-4.034262670747133,-4.645317623661377,0,-4.222269603258922,-1.3451807048842235,0,-5.119044179106847,-2.245894133753714,-2.276451427715618,-1.1919928338205161,-4.343477019602896,0,-4.939636924070919,-3.136354475970769,-1.324644994415748,0,-4.614417191965614,-1.465466540555298,-3.416625308477189,-1.1443673830298338,-1.09697637696399,-0.9508721683865615,0,-0.7019666304923748,-0.590639052619483,-0.8067663648492229,-0.08932416660462827,0,-0.7765541401154592,-0.34926095937786134,-0.9283742251866776,-0.603908991563213,-1.1200973140845512,0,-0.5673455992396997,-0.36486025375917297,-0.13803086538687737,0,-0.0728235484144939,-0.13492369044135408,-0.24019674253235213,-0.30770569079043186,-0.06619796269377254,0,-0.14573402309988873],"activity":[[0]],"dinucleotide":[],"positionBias":[],"modifications":[]}]},"modelFittingConstraints":{"enrichmentModel":[{}],"nShifts":0,"addBindingModesSequentially":true,"bindingModeInteractions":[],"flankLengths":[0],"singleModeLengthSweep":false,"bindingModes":[{"maxFlankLength":-1,"positionBiasBinWidth":1,"optimizeSizeHeuristic":false,"maxSize":-1,"optimizeFlankLength":false,"symmetryString":"null","roundSpecificActivity":true,"informationThreshold":0.1,"optimizeMotifShift":false,"fittingStages":[],"optimizeMotifShiftHeuristic":false,"experimentSpecificPositionBias":true,"minSize":-1,"experimentSpecificActivity":true,"optimizeSize":false}]}}
