{"modelSettings":{"letterOrder":"ACGTN","bindingModeInteractions":[],"bindingModes":[{"size":12,"fitLogActivity":true,"flankLength":0,"dinucleotideDistance":0,"componentName":"Binding mode 1","positionBias":false,"singleStrand":false,"modifications":[]}],"letterComplement":"C-G,A-T,N-N"},"coefficients":{"bindingModeInteractions":[],"bindingModes":[{"mononucleotide":[0,-0.13658900552401754,-0.1652151115833389,-0.2442978915573164,-0.13259061205421813,-0.10768848256009411,-0.22357703417160213,-0.09339912846550646,0,-0.10303254828132438,-0.6441122333753704,-0.0015533810237076118,-0.36312018903198506,0,-0.21719900881881093,0,-1.8984428166459861,-0.5103130324147078,-1.568001795009922,-0.7140794115846776,0,-0.03554179219237419,-0.2689346850634253,-1.3028094089886078,-0.2873345388487856,-5.049779099815883,0,-3.839122750249062,-3.901628473056892,-1.3392846484771215,0,-4.397294118259399,-1.509213700728337,-2.239934500782477,-1.0937293562861583,-1.8022386198864253,-1.0916312339171834,-0.32424572681769437,0,-0.5871352439240736,0,-0.19882473578961735,-0.7823194698209237,-1.6511003504081505,-0.48253128126617445,-1.7824782376834702,-0.6802767387595785,-2.572921089207844,0,-0.82610167963421,-2.183987811277861,-1.9397549538572885,0,-1.1582298777427362,-0.9349815792202796,-1.0446554545478572,-0.6377268472697266,0,-0.293155564349449,-0.4207520428031083],"activity":[[0]],"dinucleotide":[],"positionBias":[],"modifications":[]}]},"modelFittingConstraints":{"enrichmentModel":[{}],"nShifts":0,"addBindingModesSequentially":true,"bindingModeInteractions":[],"flankLengths":[0],"singleModeLengthSweep":false,"bindingModes":[{"maxFlankLength":-1,"positionBiasBinWidth":1,"optimizeSizeHeuristic":false,"maxSize":-1,"optimizeFlankLength":false,"symmetryString":"null","roundSpecificActivity":true,"informationThreshold":0.1,"optimizeMotifShift":false,"fittingStages":[],"optimizeMotifShiftHeuristic":false,"experimentSpecificPositionBias":true,"minSize":-1,"experimentSpecificActivity":true,"optimizeSize":false}]}}
