{"modelSettings":{"letterOrder":"ACGTN","bindingModeInteractions":[],"bindingModes":[{"size":12,"fitLogActivity":true,"flankLength":0,"dinucleotideDistance":0,"componentName":"Binding mode 1","positionBias":false,"singleStrand":false,"modifications":[]}],"letterComplement":"C-G,A-T,N-N"},"coefficients":{"bindingModeInteractions":[],"bindingModes":[{"mononucleotide":[0,-0.07926258445061318,-0.0049661311671211905,-0.05348186553784284,-0.03387569984214239,0,-0.01620909195588993,-0.01588784787508768,-0.13788068086196237,-0.040988179326299015,-0.11223909635568763,-0.30122215880890746,0,-0.298228220681672,-0.16963956021013987,-0.3981876393316166,0,-0.12756057274717048,-0.17581318084730668,-0.1653019830707673,-0.01730888083545068,-1.273990212339744,0,-2.3791369518319,-0.5296755808341493,0,-1.112199875623911,-0.9200254564426991,-0.2620429150554049,-0.4712757715346734,-4.3317356435014265,0,-3.6993437761143824,-3.435039039702465,-1.3185342025710853,0,-3.5784135513099082,-3.6813355262909404,-3.6886762649813347,-1.3110808197356938,-1.2821918240250083,-0.7532854834438512,0,-0.8597057962474324,-0.6108613126151501,-0.3617354728881752,-0.19842966606110402,0,-0.1864980274578647,-0.17842588864581502,-2.097960729942714,-1.3717120485042478,-2.2851871623744957,0,-0.9955140767179407,-2.164281433930678,-2.910420924393213,0,-2.682193615534012,-1.173041043757401],"activity":[[0]],"dinucleotide":[],"positionBias":[],"modifications":[]}]},"modelFittingConstraints":{"enrichmentModel":[{}],"nShifts":0,"addBindingModesSequentially":true,"bindingModeInteractions":[],"flankLengths":[0],"singleModeLengthSweep":false,"bindingModes":[{"maxFlankLength":-1,"positionBiasBinWidth":1,"optimizeSizeHeuristic":false,"maxSize":-1,"optimizeFlankLength":false,"symmetryString":"null","roundSpecificActivity":true,"informationThreshold":0.1,"optimizeMotifShift":false,"fittingStages":[],"optimizeMotifShiftHeuristic":false,"experimentSpecificPositionBias":true,"minSize":-1,"experimentSpecificActivity":true,"optimizeSize":false}]}}
