{"modelSettings":{"letterOrder":"ACGTN","bindingModeInteractions":[],"bindingModes":[{"size":12,"fitLogActivity":true,"flankLength":0,"dinucleotideDistance":0,"componentName":"Binding mode 1","positionBias":false,"singleStrand":false,"modifications":[]}],"letterComplement":"C-G,A-T,N-N"},"coefficients":{"bindingModeInteractions":[],"bindingModes":[{"mononucleotide":[0,-0.7457973496438981,-0.28215863849537204,-0.32441281089201546,-0.30399382291177207,-0.0491933030745475,-0.25273499636476426,0,-0.12926476506676288,-0.10330373267586665,-0.40505392778829474,-0.002260813618727653,0,-0.6479211946617338,-0.22695871969050418,-1.6345250458886775,-0.46227634596143385,-2.034603785996901,0,-0.7155842614213925,0,-0.41634653634512553,-1.4036669818048597,-0.587462503196736,-0.48577464662137065,0,-3.8374487777946875,-3.994673495989862,-3.5293284430722665,-1.3193026955917686,-5.833757578359825,-5.300649192848986,-6.138338674252502,0,-1.3762708460962076,-1.0863210310049893,-1.5022099797257622,-2.7091034293306997,0,-0.8997472199094994,0,-3.42897035454916,-1.983865965380567,-1.8734061511267328,-1.105972013939121,0,-1.6674200222021829,-1.6567658496179767,-0.49592208738007315,-0.6989150989202821,-0.091611177747696,-0.40385162023495713,-0.5995439318695814,0,-0.2454961932605508,-0.27452378263303157,-0.3448644504813183,-0.20666926474591163,0,-0.19798187849794974],"activity":[[0]],"dinucleotide":[],"positionBias":[],"modifications":[]}]},"modelFittingConstraints":{"enrichmentModel":[{}],"nShifts":0,"addBindingModesSequentially":true,"bindingModeInteractions":[],"flankLengths":[0],"singleModeLengthSweep":false,"bindingModes":[{"maxFlankLength":-1,"positionBiasBinWidth":1,"optimizeSizeHeuristic":false,"maxSize":-1,"optimizeFlankLength":false,"symmetryString":"null","roundSpecificActivity":true,"informationThreshold":0.1,"optimizeMotifShift":false,"fittingStages":[],"optimizeMotifShiftHeuristic":false,"experimentSpecificPositionBias":true,"minSize":-1,"experimentSpecificActivity":true,"optimizeSize":false}]}}
