{"modelSettings":{"letterOrder":"ACGTN","bindingModeInteractions":[],"bindingModes":[{"size":12,"fitLogActivity":true,"flankLength":0,"dinucleotideDistance":0,"componentName":"Binding mode 1","positionBias":false,"singleStrand":false,"modifications":[]}],"letterComplement":"C-G,A-T,N-N"},"coefficients":{"bindingModeInteractions":[],"bindingModes":[{"mononucleotide":[-0.4004820630930399,-0.011878602621806067,0,-0.23327280516502924,-0.14788356372335976,-0.41935202315416253,-0.5793889060934077,-0.7635974593999548,0,-0.39909778418780617,-1.2477544766760067,-0.21912688094747246,-0.728201705937646,0,-0.4411654535124989,0,-4.043074084890687,-0.79887210241063,-2.040994433378464,-0.9179928191647061,0,-3.59944374747333,-5.792110294712993,-4.2309536427787195,-1.3423454390810405,-5.603874409273755,-3.9820395983705215,0,-1.656776272063186,-1.1931284368701096,-1.4293015756722793,-2.57882343427689,-1.446721671678751,0,-0.9476008955269725,-0.7415336692072176,-3.7790500095740556,0,-2.4224985805720722,-0.9238650689621366,-1.2234104012804217,-0.006413196152395884,0,-0.2632320021297936,-0.2690579428205986,-0.19531728884995303,0,-0.1051542738117277,-0.03192026740027565,-0.08030399457015747,-0.21956355592154786,-0.14733912922145542,-0.25552463991668084,0,-0.15071230274323705,-0.06988704852203576,0,-0.07129349740262025,-0.022285847243573187,-0.04039283155926407],"activity":[[0]],"dinucleotide":[],"positionBias":[],"modifications":[]}]},"modelFittingConstraints":{"enrichmentModel":[{}],"nShifts":0,"addBindingModesSequentially":true,"bindingModeInteractions":[],"flankLengths":[0],"singleModeLengthSweep":false,"bindingModes":[{"maxFlankLength":-1,"positionBiasBinWidth":1,"optimizeSizeHeuristic":false,"maxSize":-1,"optimizeFlankLength":false,"symmetryString":"null","roundSpecificActivity":true,"informationThreshold":0.1,"optimizeMotifShift":false,"fittingStages":[],"optimizeMotifShiftHeuristic":false,"experimentSpecificPositionBias":true,"minSize":-1,"experimentSpecificActivity":true,"optimizeSize":false}]}}
