{"modelSettings":{"letterOrder":"ACGTN","bindingModeInteractions":[],"bindingModes":[{"size":12,"fitLogActivity":true,"flankLength":0,"dinucleotideDistance":0,"componentName":"Binding mode 1","positionBias":false,"singleStrand":false,"modifications":[]}],"letterComplement":"C-G,A-T,N-N"},"coefficients":{"bindingModeInteractions":[],"bindingModes":[{"mononucleotide":[-0.09252326760636365,-0.14387962233009777,0,-0.12842807532955014,-0.08962475158307655,-0.025866330263422554,-0.08331858904861189,0,-0.16251638660872114,-0.06599946005252774,0,-1.1940218650765835,-0.712987709836264,-1.6115233118191563,-0.6967732275116643,0,-0.046181795285776595,-0.3525624213833032,-1.7928878333162857,-0.3480579764082135,-2.5170253020066253,0,-3.520977705192026,-4.13624182603736,-1.2673985041262608,0,-3.3665639518888972,-1.5486615101082317,-2.2288229187098723,-1.0827177769406209,-3.975420945289846,-2.4302494698712644,-1.494146464643337,0,-1.1001937674699043,0,-1.6326550112340432,-2.1239795639153747,-4.083624085340569,-1.0997544841075613,-1.7706157916573773,-1.644293213696995,-2.8252193315329723,0,-1.0337569973832195,-3.4393765345430864,-2.7586077571131735,0,-0.7652881421475914,-0.9411826702978059,-2.189817722332239,-1.0435309673234565,0,-0.5756399904384955,-0.6799887069923087,-0.4364717880468203,-0.22726125836119904,-0.9056904326125683,0,-0.33992739488014273],"activity":[[0]],"dinucleotide":[],"positionBias":[],"modifications":[]}]},"modelFittingConstraints":{"enrichmentModel":[{}],"nShifts":0,"addBindingModesSequentially":true,"bindingModeInteractions":[],"flankLengths":[0],"singleModeLengthSweep":false,"bindingModes":[{"maxFlankLength":-1,"positionBiasBinWidth":1,"optimizeSizeHeuristic":false,"maxSize":-1,"optimizeFlankLength":false,"symmetryString":"null","roundSpecificActivity":true,"informationThreshold":0.1,"optimizeMotifShift":false,"fittingStages":[],"optimizeMotifShiftHeuristic":false,"experimentSpecificPositionBias":true,"minSize":-1,"experimentSpecificActivity":true,"optimizeSize":false}]}}
