{"modelSettings":{"letterOrder":"ACGTN","bindingModeInteractions":[],"bindingModes":[{"size":13,"fitLogActivity":true,"flankLength":0,"dinucleotideDistance":0,"componentName":"Binding mode 1","positionBias":false,"singleStrand":false,"modifications":[]}],"letterComplement":"C-G,A-T,N-N"},"coefficients":{"bindingModeInteractions":[],"bindingModes":[{"mononucleotide":[-0.26416813074981604,-0.4616515556304783,-0.1617024864991503,0,-0.20801463629282899,-1.1806130375587003,-1.1378317685153654,-1.454580025174348,0,-0.7651255512770919,0,-4.859613095308918,-4.127978176107736,-3.240028759619503,-1.3251694593713086,-3.48251703855781,-4.406594881962979,-5.137055531406827,0,-1.3386462138422532,-3.958488674634112,0,-3.869615827380456,-0.9315095835802953,-1.0258845852483163,-5.171339284081349,-5.485964067196231,0,-4.980661065864568,-1.3697411072716636,0,-5.6106429848996635,-4.216075250881269,-5.196417113322581,-1.3626251719997007,-3.0958708040967693,-1.4223589488967807,-3.6190328435535974,0,-1.113836064093767,-2.9222655133295774,0,-2.641401554771477,-0.2856129504747589,-0.7568186595178239,-0.6167999806202538,-0.5242739186432193,0,-0.49717721527560066,-0.378373357806653,-0.15846696429730045,-0.3646391045472086,0,-0.20935958866648186,-0.17465048313214435,-0.34541766912042604,-0.22886672341402292,-0.447769712551759,0,-0.2413040260832849,-0.20326284661698413,-0.10593557051893843,-0.19337168638183933,0,-0.1222461976777005],"activity":[[0]],"dinucleotide":[],"positionBias":[],"modifications":[]}]},"modelFittingConstraints":{"enrichmentModel":[{}],"nShifts":0,"addBindingModesSequentially":true,"bindingModeInteractions":[],"flankLengths":[0],"singleModeLengthSweep":false,"bindingModes":[{"maxFlankLength":-1,"positionBiasBinWidth":1,"optimizeSizeHeuristic":false,"maxSize":-1,"optimizeFlankLength":false,"symmetryString":"null","roundSpecificActivity":true,"informationThreshold":0.1,"optimizeMotifShift":false,"fittingStages":[],"optimizeMotifShiftHeuristic":false,"experimentSpecificPositionBias":true,"minSize":-1,"experimentSpecificActivity":true,"optimizeSize":false}]}}
