{"modelSettings":{"letterOrder":"ACGTN","bindingModeInteractions":[],"bindingModes":[{"size":13,"fitLogActivity":true,"flankLength":0,"dinucleotideDistance":0,"componentName":"Binding mode 1","positionBias":false,"singleStrand":false,"modifications":[]}],"letterComplement":"C-G,A-T,N-N"},"coefficients":{"bindingModeInteractions":[],"bindingModes":[{"mononucleotide":[-0.3068780625357883,-0.3549550045308707,0,-0.6111681955293187,-0.2944845559972619,-0.3916529571200944,-0.1690381150999558,-0.3612818055030478,0,-0.21778357231409046,-1.1978569217560717,-1.8011355213217972,-3.597005983312525,0,-0.9845981237009641,0,-3.247423881522942,-2.0794862744012907,-4.305098626988643,-1.2230127643022826,0,-4.733034645322664,-4.288546262698804,-3.390685116755642,-1.3316071615418559,-3.570175849479578,-1.9528384698362182,-2.1189780137851515,0,-1.131515664975744,-1.4790496740764874,-0.9070975360580671,0,-0.34134227876072787,-0.5351337177900694,0,-2.5516004306687794,-1.3336242964730185,-1.7167473087806449,-0.9668429871087396,-1.1876237043368394,-0.8790071898629006,0,-0.5035003964388092,-0.5427673584900925,0,-0.34397366713544253,-0.4364727332255005,-0.7072948811151689,-0.3395946213977346,-0.6774370034263737,-0.9131273430043039,-1.105047272329208,0,-0.5796490007148714,-0.5551765259166896,-0.5488110975360567,0,-0.37286845450910944,-0.34236252962275815,-0.5570635048982631,0,-0.6595180433590238,-0.6271596902299859,-0.4215578850856293],"activity":[[0]],"dinucleotide":[],"positionBias":[],"modifications":[]}]},"modelFittingConstraints":{"enrichmentModel":[{}],"nShifts":0,"addBindingModesSequentially":true,"bindingModeInteractions":[],"flankLengths":[0],"singleModeLengthSweep":false,"bindingModes":[{"maxFlankLength":-1,"positionBiasBinWidth":1,"optimizeSizeHeuristic":false,"maxSize":-1,"optimizeFlankLength":false,"symmetryString":"null","roundSpecificActivity":true,"informationThreshold":0.1,"optimizeMotifShift":false,"fittingStages":[],"optimizeMotifShiftHeuristic":false,"experimentSpecificPositionBias":true,"minSize":-1,"experimentSpecificActivity":true,"optimizeSize":false}]}}
