{"modelSettings":{"letterOrder":"ACGTN","bindingModeInteractions":[],"bindingModes":[{"size":15,"fitLogActivity":true,"flankLength":0,"dinucleotideDistance":0,"componentName":"Binding mode 1","positionBias":false,"singleStrand":false,"modifications":[]}],"letterComplement":"C-G,A-T,N-N"},"coefficients":{"bindingModeInteractions":[],"bindingModes":[{"mononucleotide":[-0.28894837367943715,-0.13646177088850386,0,-0.5095724489933158,-0.21621668393864163,-0.29903592804663504,0,-0.3196662622420874,-0.09791654438772923,-0.1700031133659651,-1.4374979016454779,-1.6136531342524578,-2.2305369023371306,0,-0.9518202712681166,0,-3.6523201232208025,-2.2125411864519635,-2.0243347377961336,-1.1492993366553308,0,-5.806138911423501,-4.803599312083809,-6.150527751784778,-1.3730410152211618,-2.958059971014642,-1.9127655501906742,-2.734651046100662,0,-1.1516115402919784,-1.5269466719685059,-0.7443126003306464,-1.1331304868651157,0,-0.6860314759840078,0,-0.8809024227707241,-0.32306795634676355,-0.8280170232853479,-0.440348424588586,-0.0686426127328641,-0.5936763776709864,0,-0.8842591858100857,-0.32193767313819643,0,-1.435518151479064,-0.6179260044543646,-1.2183248064359518,-0.6574044050802886,-2.6625804132912747,-2.498929522350888,-2.7595480240827794,0,-1.1913352818383067,-1.2861813365170818,-1.2452976940628213,-2.145635351622927,0,-0.8668026904148233,0,-1.178757389876031,-1.0354753636417167,-0.6735177498373428,-0.6103559272871156,-0.023503205689799245,-0.1847494729246728,0,-0.11551892288785837,-0.07823534081217721,-0.21239982970369287,-0.0071952455749508815,0,-0.15307306848196234,-0.08895720136900705],"activity":[[0]],"dinucleotide":[],"positionBias":[],"modifications":[]}]},"modelFittingConstraints":{"enrichmentModel":[{}],"nShifts":0,"addBindingModesSequentially":true,"bindingModeInteractions":[],"flankLengths":[0],"singleModeLengthSweep":false,"bindingModes":[{"maxFlankLength":-1,"positionBiasBinWidth":1,"optimizeSizeHeuristic":false,"maxSize":-1,"optimizeFlankLength":false,"symmetryString":"null","roundSpecificActivity":true,"informationThreshold":0.1,"optimizeMotifShift":false,"fittingStages":[],"optimizeMotifShiftHeuristic":false,"experimentSpecificPositionBias":true,"minSize":-1,"experimentSpecificActivity":true,"optimizeSize":false}]}}
