{"modelSettings":{"letterOrder":"ACGTN","bindingModeInteractions":[],"bindingModes":[{"size":18,"fitLogActivity":true,"flankLength":0,"dinucleotideDistance":0,"componentName":"Binding mode 1","positionBias":false,"singleStrand":false,"modifications":[]}],"letterComplement":"C-G,A-T,N-N"},"coefficients":{"bindingModeInteractions":[],"bindingModes":[{"mononucleotide":[-0.9846161886372258,0,-0.21328387017690886,-0.5251622514113787,-0.3663758695321127,-1.3313563619499575,-0.5505819434720305,0,-0.5847536296305176,-0.5116692851498029,-1.8310727505953683,-2.3663539929617623,-0.2882506104598779,0,-0.6913300955921223,-0.5505308191042868,-1.230879328203324,-1.2914641517249557,0,-0.623832266591681,-0.059971415174912224,-1.2553394840906087,0,-0.5570491060214504,-0.35679364000341257,-1.7443375690653014,0,-0.916354050776631,-0.2920453111241521,-0.5440937163796249,-1.4959852247425989,0,-3.129683087142461,-1.5044194053024302,-0.9875815547376096,0,-0.875455294621629,-2.25475259922232,-1.1077073174048326,-0.7700891540940994,-2.177859471227317,-2.8738684064507845,-3.4658844276682097,0,-1.2031322134176472,-0.703431044846079,-3.2656099366483695,0,-3.3539920826719487,-0.9364917586758357,-1.0641857017047602,-4.295780634807061,0,-3.480842732403858,-1.057410795314082,-2.2141204688287695,0,-3.593690679123679,-0.8998932022208272,-0.952332953690238,0,-3.656509321280169,-2.441906221555627,-1.5738366428195505,-1.1086127227500817,0,-3.684086679326932,-3.534316246221659,-3.5132614035027285,-1.3055457098717338,-3.808783598787033,0,-3.761109115125589,-3.1246063631064147,-1.3006789339417288,-0.4927191348291746,-0.23401502761510162,0,-0.8516474314362004,-0.34636253518493126,-0.18683889066975645,-0.3041969300014564,0,-0.534420671717533,-0.23784431899868247,-0.06153540208917985,-0.07798884870640599,0,-0.14545869849425053,-0.06990757630103275],"activity":[[0]],"dinucleotide":[],"positionBias":[],"modifications":[]}]},"modelFittingConstraints":{"enrichmentModel":[{}],"nShifts":0,"addBindingModesSequentially":true,"bindingModeInteractions":[],"flankLengths":[0],"singleModeLengthSweep":false,"bindingModes":[{"maxFlankLength":-1,"positionBiasBinWidth":1,"optimizeSizeHeuristic":false,"maxSize":-1,"optimizeFlankLength":false,"symmetryString":"null","roundSpecificActivity":true,"informationThreshold":0.1,"optimizeMotifShift":false,"fittingStages":[],"optimizeMotifShiftHeuristic":false,"experimentSpecificPositionBias":true,"minSize":-1,"experimentSpecificActivity":true,"optimizeSize":false}]}}
