{"modelSettings":{"letterOrder":"ACGTN","bindingModeInteractions":[],"bindingModes":[{"size":12,"fitLogActivity":true,"flankLength":0,"dinucleotideDistance":0,"componentName":"Binding mode 1","positionBias":false,"singleStrand":false,"modifications":[]}],"letterComplement":"C-G,A-T,N-N"},"coefficients":{"bindingModeInteractions":[],"bindingModes":[{"mononucleotide":[-0.034470118253035587,-0.08849566347792326,0,-0.09584110459501538,-0.05391972285497669,-0.011335600798315859,0,-0.1340273965070029,-0.25284499378802616,-0.09434288939547596,-0.40529487117762875,-0.10218074412499334,0,-0.6237236980823018,-0.25309015289871634,-0.21694181858616846,0,-0.30579582665503446,-0.14734018161745244,-0.16119212227910887,-2.931726184001028,-2.3667961058830795,-4.734162291406615,0,-1.2414363280622873,0,-4.341693465132295,-2.055115996696698,-3.4959289308854653,-1.2280836335572691,0,-4.6065627504538735,-4.520947164773775,-4.674665286633075,-1.356547764923542,-3.0468150570259076,-1.8913303687403946,-3.103290215650591,0,-1.1685395542826489,-1.2374767827804254,-0.9687464787156115,-1.0387694913799632,0,-0.6814341850221237,-0.07177150279793576,-0.6805734585380816,0,-0.5592043072512682,-0.2847750196095958,-0.34901781400843923,-0.5327610807530774,0,-0.8494212882703431,-0.38565331046118584,-0.1732478778035751,0,-0.10500953598382168,-0.050598403521804336,-0.0801516530881316],"activity":[[0]],"dinucleotide":[],"positionBias":[],"modifications":[]}]},"modelFittingConstraints":{"enrichmentModel":[{}],"nShifts":0,"addBindingModesSequentially":true,"bindingModeInteractions":[],"flankLengths":[0],"singleModeLengthSweep":false,"bindingModes":[{"maxFlankLength":-1,"positionBiasBinWidth":1,"optimizeSizeHeuristic":false,"maxSize":-1,"optimizeFlankLength":false,"symmetryString":"null","roundSpecificActivity":true,"informationThreshold":0.1,"optimizeMotifShift":false,"fittingStages":[],"optimizeMotifShiftHeuristic":false,"experimentSpecificPositionBias":true,"minSize":-1,"experimentSpecificActivity":true,"optimizeSize":false}]}}
