{"modelSettings":{"letterOrder":"ACGTN","bindingModeInteractions":[],"bindingModes":[{"size":13,"fitLogActivity":true,"flankLength":0,"dinucleotideDistance":0,"componentName":"Binding mode 1","positionBias":false,"singleStrand":false,"modifications":[]}],"letterComplement":"C-G,A-T,N-N"},"coefficients":{"bindingModeInteractions":[],"bindingModes":[{"mononucleotide":[0,-0.26097219816612505,-0.29354330712250043,-0.41665530083038504,-0.23093400895546196,0,-0.10821357989167346,-0.13602975315741794,-0.16333239102844388,-0.09994150184860963,-0.06438377879087653,-0.7102963778882501,-1.099129969690873,0,-0.370229099892896,0,-1.3469053993171851,-0.5748992135323787,-0.9969383460857477,-0.601565388155699,0,-2.232753409633835,-1.9037490616012205,-2.965381501317802,-1.1179614084346816,-3.6710420162709534,0,-3.7046549319697615,-3.6098102527232037,-1.312007610467254,-3.560052128486914,0,-3.7741011798008635,-3.345002074203168,-1.3031900061236164,-0.4816571517969921,-4.4713247383184616,0,-2.5369119826799205,-0.8507948754725476,-3.180738743330892,0,-3.543665304385875,-2.8074790268628798,-1.2633521383803406,0,-2.0676297867796123,-1.3830677291434563,-1.6937270266841393,-0.9408868265096472,0,-0.9605423341366786,-0.48408483211413333,-0.6990796441022527,-0.47160941512760096,0,-0.33636220293544294,-0.37126771444355633,-0.22674701220236226,-0.2227230257840021,0,-0.3585925531052969,-0.436621493526852,-0.2508401220508514,-0.24749333056263148],"activity":[[0]],"dinucleotide":[],"positionBias":[],"modifications":[]}]},"modelFittingConstraints":{"enrichmentModel":[{}],"nShifts":0,"addBindingModesSequentially":true,"bindingModeInteractions":[],"flankLengths":[0],"singleModeLengthSweep":false,"bindingModes":[{"maxFlankLength":-1,"positionBiasBinWidth":1,"optimizeSizeHeuristic":false,"maxSize":-1,"optimizeFlankLength":false,"symmetryString":"null","roundSpecificActivity":true,"informationThreshold":0.1,"optimizeMotifShift":false,"fittingStages":[],"optimizeMotifShiftHeuristic":false,"experimentSpecificPositionBias":true,"minSize":-1,"experimentSpecificActivity":true,"optimizeSize":false}]}}
