{"modelSettings":{"letterOrder":"ACGTN","bindingModeInteractions":[],"bindingModes":[{"size":12,"fitLogActivity":true,"flankLength":0,"dinucleotideDistance":0,"componentName":"Binding mode 1","positionBias":false,"singleStrand":false,"modifications":[]}],"letterComplement":"C-G,A-T,N-N"},"coefficients":{"bindingModeInteractions":[],"bindingModes":[{"mononucleotide":[-0.33454987239273226,0,-0.057064052935983156,-0.3489928982899082,-0.17269052661884055,-0.37893268851209516,-0.12901459145282335,0,-0.1560642055467012,-0.1569295519704678,-0.4113344122662843,-0.42699887210911047,-0.5159927858623004,0,-0.31740710116980336,-0.5575513467392437,-1.8250181305556277,-1.4807372663450993,0,-0.7126898442941412,-0.4525799590064379,-2.288070504605053,0,-0.9012559051365132,-0.6238512617584349,0,-4.008730683622311,-4.365183439267043,-5.242718725133427,-1.3507779848337542,-3.566434772836214,-5.137049766631652,-0.4683221482398565,0,-0.8793663905578444,-2.780620512860123,0,-4.580758543235982,-3.0933929302912846,-1.2751153282785166,-2.257758636454387,0,-2.260286016362109,-1.158407105229668,-0.9656837232374057,0,-0.03370484714109523,-0.22558102159026028,-0.4160666334416012,-0.15532558532702814,-0.40383684702029976,-0.026327311761465744,-0.26393394362210243,0,-0.15964261135616267,-0.3214305041189953,-0.13904495217230295,-0.22755287342318864,0,-0.1649394333354658],"activity":[[0]],"dinucleotide":[],"positionBias":[],"modifications":[]}]},"modelFittingConstraints":{"enrichmentModel":[{}],"nShifts":0,"addBindingModesSequentially":true,"bindingModeInteractions":[],"flankLengths":[0],"singleModeLengthSweep":false,"bindingModes":[{"maxFlankLength":-1,"positionBiasBinWidth":1,"optimizeSizeHeuristic":false,"maxSize":-1,"optimizeFlankLength":false,"symmetryString":"null","roundSpecificActivity":true,"informationThreshold":0.1,"optimizeMotifShift":false,"fittingStages":[],"optimizeMotifShiftHeuristic":false,"experimentSpecificPositionBias":true,"minSize":-1,"experimentSpecificActivity":true,"optimizeSize":false}]}}
