{"modelSettings":{"letterOrder":"ACGTN","bindingModeInteractions":[],"bindingModes":[{"size":14,"fitLogActivity":true,"flankLength":0,"dinucleotideDistance":0,"componentName":"Binding mode 1","positionBias":false,"singleStrand":false,"modifications":[]}],"letterComplement":"C-G,A-T,N-N"},"coefficients":{"bindingModeInteractions":[],"bindingModes":[{"mononucleotide":[0,-0.3198441444295428,-0.7045248765085312,-0.5103087756688391,-0.34923277644222417,0,-0.7496745101517148,-0.6117449695313124,-0.4783592073280931,-0.4175161509143147,0,-0.2703228075647637,-0.09053056098639978,-0.17707072690340553,-0.12945398509435305,-0.2744156676547167,-0.24874683987365476,-0.2758033140494778,0,-0.19274904081905414,-0.4218500810437855,-0.04130166710019978,-0.08915153235395312,0,-0.12497412956168759,-0.5004325543498704,0,-0.2536880740071208,-0.12364301131314992,-0.20275977827687344,-0.780743911567193,0,-1.5147418109775086,-0.6798956176782638,-0.6048616405025502,0,-2.5220700355344463,-2.3560552110020434,-0.44051987058440245,-0.7881238268177874,-3.838162789617798,-2.82427874959236,-1.4548387431218859,0,-1.1129729773419492,-4.793653512814134,-3.8373200837932298,-4.261786859576726,0,-1.3433014321683518,-2.1826569509662934,-2.8842489692764897,0,-5.857258739326893,-1.2280115948338988,-2.1500908973664843,-3.414603412753675,-4.437635428746553,0,-1.2368517052406505,-1.1403523437027627,-0.31871521785078105,-0.5694985985655454,0,-0.4259492323877328,-0.4243078749465443,0,-0.4947614043544726,-0.04610910964521775,-0.21726195641585136],"activity":[[0]],"dinucleotide":[],"positionBias":[],"modifications":[]}]},"modelFittingConstraints":{"enrichmentModel":[{}],"nShifts":0,"addBindingModesSequentially":true,"bindingModeInteractions":[],"flankLengths":[0],"singleModeLengthSweep":false,"bindingModes":[{"maxFlankLength":-1,"positionBiasBinWidth":1,"optimizeSizeHeuristic":false,"maxSize":-1,"optimizeFlankLength":false,"symmetryString":"null","roundSpecificActivity":true,"informationThreshold":0.1,"optimizeMotifShift":false,"fittingStages":[],"optimizeMotifShiftHeuristic":false,"experimentSpecificPositionBias":true,"minSize":-1,"experimentSpecificActivity":true,"optimizeSize":false}]}}
