{"modelSettings":{"letterOrder":"ACGTN","bindingModeInteractions":[],"bindingModes":[{"size":14,"fitLogActivity":true,"flankLength":0,"dinucleotideDistance":0,"componentName":"Binding mode 1","positionBias":false,"singleStrand":false,"modifications":[]}],"letterComplement":"C-G,A-T,N-N"},"coefficients":{"bindingModeInteractions":[],"bindingModes":[{"mononucleotide":[-0.10794074269188059,-0.8159100763074516,0,-0.3403214215332877,-0.27067450938874915,0,-0.8859491444177365,-0.5473725012352553,-0.831446285963727,-0.49996421361698307,0,-4.931269971532476,-2.9747777589626945,-2.262071606149697,-1.2357983682529727,-5.855690489429679,0,-4.267763321135828,-5.023489687804327,-1.3631071076338666,0,-3.4853640825186463,-3.0563473723370316,-3.9604962699752555,-1.2939380598816876,0,-2.5163614792098863,-1.9836337472518477,-3.2408984585970164,-1.1572084552236108,-1.0920137147704985,-2.1516328430580027,-2.360823782968098,0,-0.9505091116044624,-0.5646953518646569,-1.2585281535067976,0,-1.3963276268302436,-0.6443049334755784,-0.41717667473530895,-0.33314878204628684,0,-1.0212340175731427,-0.3799003302722937,-0.03602285594403476,0,-0.058935130656498025,-0.3073952083511102,-0.09355654275834091,-0.17469962529190308,0,-0.178827224609992,-0.011584204230135065,-0.08761822971708859,-0.6396009690203321,0,-0.3737280289903593,-0.10038666829982468,-0.24841183077677512,-0.6686487313741605,0,-0.6872851875398736,-0.2088052534010263,-0.3471160006754552,0,-0.27034832853903445,-1.1506193516824186,-0.2366101388733668,-0.3323819584437053],"activity":[[0]],"dinucleotide":[],"positionBias":[],"modifications":[]}]},"modelFittingConstraints":{"enrichmentModel":[{}],"nShifts":0,"addBindingModesSequentially":true,"bindingModeInteractions":[],"flankLengths":[0],"singleModeLengthSweep":false,"bindingModes":[{"maxFlankLength":-1,"positionBiasBinWidth":1,"optimizeSizeHeuristic":false,"maxSize":-1,"optimizeFlankLength":false,"symmetryString":"null","roundSpecificActivity":true,"informationThreshold":0.1,"optimizeMotifShift":false,"fittingStages":[],"optimizeMotifShiftHeuristic":false,"experimentSpecificPositionBias":true,"minSize":-1,"experimentSpecificActivity":true,"optimizeSize":false}]}}
