{"modelSettings":{"letterOrder":"ACGTN","bindingModeInteractions":[],"bindingModes":[{"size":13,"fitLogActivity":true,"flankLength":0,"dinucleotideDistance":0,"componentName":"Binding mode 1","positionBias":false,"singleStrand":false,"modifications":[]}],"letterComplement":"C-G,A-T,N-N"},"coefficients":{"bindingModeInteractions":[],"bindingModes":[{"mononucleotide":[-0.04314829862303249,-0.832657065607803,0,-0.48391405750095196,-0.28467734849429427,0,-0.8792564885259733,-0.5716626092128294,-0.8100490524803314,-0.5006634178050815,0,-4.623029943932382,-3.557242267328551,-2.8740413533048157,-1.2957129844714907,-5.394923075373031,0,-3.0495706124432855,-2.2073951595777412,-1.2362329388872657,0,-4.234409602838102,-3.311716999796153,-4.2726344281023625,-1.3234257756048118,0,-2.1210621091136526,-1.6593927180288306,-3.9820679048699588,-1.1020137683075453,-0.9499311210327761,-2.065616410380941,-1.7774983191254181,0,-0.8659729497031474,-0.4569972446969679,-1.1290856017743023,0,-1.0837551580245899,-0.5556340521079121,-0.4341737588217036,-0.4185096487391915,0,-0.9182697762132603,-0.3911792768935712,-0.13234356207206766,-0.10306019751414475,0,-0.22941734515068113,-0.11285818785524912,-0.3185068462066267,-0.11842910761733894,-0.11186703947403309,0,-0.13076037107678634,-0.6249917698416851,0,-0.3138281636588163,-0.09761110313194088,-0.23164459307996008,-0.5222304160988749,0,-0.5050803653264344,-0.17953284944268155,-0.27696847737099245],"activity":[[0]],"dinucleotide":[],"positionBias":[],"modifications":[]}]},"modelFittingConstraints":{"enrichmentModel":[{}],"nShifts":0,"addBindingModesSequentially":true,"bindingModeInteractions":[],"flankLengths":[0],"singleModeLengthSweep":false,"bindingModes":[{"maxFlankLength":-1,"positionBiasBinWidth":1,"optimizeSizeHeuristic":false,"maxSize":-1,"optimizeFlankLength":false,"symmetryString":"null","roundSpecificActivity":true,"informationThreshold":0.1,"optimizeMotifShift":false,"fittingStages":[],"optimizeMotifShiftHeuristic":false,"experimentSpecificPositionBias":true,"minSize":-1,"experimentSpecificActivity":true,"optimizeSize":false}]}}
