{"modelSettings":{"letterOrder":"ACGTN","bindingModeInteractions":[],"bindingModes":[{"size":12,"fitLogActivity":true,"flankLength":0,"dinucleotideDistance":0,"componentName":"Binding mode 1","positionBias":false,"singleStrand":false,"modifications":[]}],"letterComplement":"C-G,A-T,N-N"},"coefficients":{"bindingModeInteractions":[],"bindingModes":[{"mononucleotide":[0,-0.6688556621076862,-0.08246153305565329,-0.17468097162207608,-0.20062824211035934,-0.5318206935851699,-1.4413338027225295,0,-0.8830658554289452,-0.580863941338907,-0.7907644457965852,-2.364713666149873,-0.08720781416853196,0,-0.4845242205534446,-1.158407191630027,-4.204944256810012,0,-4.188241612975395,-1.0905842537517574,-4.760844381925038,-4.631702186123659,0,-3.410325269403892,-1.3362411820828553,-4.547984238037154,-4.1742644043840205,0,-3.4407103269791217,-1.3298980074157094,-1.3234792209166368,0,-2.6437800164823306,-1.2217196306040066,-0.8964743531287999,-3.5349608988012795,-3.4141461742938595,0,-2.383832178048224,-1.2428340725913154,-3.3295477697221623,-3.0687709592562347,-0.14171201119683596,0,-0.7183836090079685,-0.568410240626934,-1.4827975993955786,0,-0.7010838030173194,-0.5579721170333711,-0.34229165327286015,-0.46217112991303555,0,-0.1885420022672344,-0.23312403136656892,-0.581340944998503,0,-0.7629894093516998,-0.42906376154833703,-0.4017705825713561],"activity":[[0]],"dinucleotide":[],"positionBias":[],"modifications":[]}]},"modelFittingConstraints":{"enrichmentModel":[{}],"nShifts":0,"addBindingModesSequentially":true,"bindingModeInteractions":[],"flankLengths":[0],"singleModeLengthSweep":false,"bindingModes":[{"maxFlankLength":-1,"positionBiasBinWidth":1,"optimizeSizeHeuristic":false,"maxSize":-1,"optimizeFlankLength":false,"symmetryString":"null","roundSpecificActivity":true,"informationThreshold":0.1,"optimizeMotifShift":false,"fittingStages":[],"optimizeMotifShiftHeuristic":false,"experimentSpecificPositionBias":true,"minSize":-1,"experimentSpecificActivity":true,"optimizeSize":false}]}}
