{"modelSettings":{"letterOrder":"ACGTN","bindingModeInteractions":[],"bindingModes":[{"size":12,"fitLogActivity":true,"flankLength":0,"dinucleotideDistance":0,"componentName":"Binding mode 1","positionBias":false,"singleStrand":false,"modifications":[]}],"letterComplement":"C-G,A-T,N-N"},"coefficients":{"bindingModeInteractions":[],"bindingModes":[{"mononucleotide":[0,-0.9327493308568089,-0.5622055619829167,-0.5524243969384086,-0.4545343751584689,-0.010425430626910703,-0.02637836217822187,0,-0.06098144088504398,-0.024181035280944636,-0.23685875851927563,0,-1.0802641194009217,-1.3555294816579666,-0.5165003068044538,-2.4599381976850356,-0.8155366255155414,-4.117436464478664,0,-0.9518348158270447,-3.039871319610376,-4.4045684768091995,0,-2.9397471390485297,-1.2792878306424151,-4.051678478852748,-2.9253569651859284,-4.552434901048476,0,-1.307871240665477,-4.431320260525896,0,-5.400592464088497,-3.8210053901192804,-1.3486918395870053,0,-3.6356955428979,-3.09195521620438,-2.4587682853909554,-1.2401883138521534,0,-0.43309491668970423,-0.6382344394818347,-0.257780789455202,-0.30466284643673275,-0.009801046953107573,-0.3154753692151404,-0.4799702472922851,0,-0.18077555240900717,-0.08038835937296795,-0.07345112061096515,-0.18552727176014194,0,-0.08267379994127544,-0.09149741042239512,-0.037152408605023,-0.08594781511161731,0,-0.052943320634845935],"activity":[[0]],"dinucleotide":[],"positionBias":[],"modifications":[]}]},"modelFittingConstraints":{"enrichmentModel":[{}],"nShifts":0,"addBindingModesSequentially":true,"bindingModeInteractions":[],"flankLengths":[0],"singleModeLengthSweep":false,"bindingModes":[{"maxFlankLength":-1,"positionBiasBinWidth":1,"optimizeSizeHeuristic":false,"maxSize":-1,"optimizeFlankLength":false,"symmetryString":"null","roundSpecificActivity":true,"informationThreshold":0.1,"optimizeMotifShift":false,"fittingStages":[],"optimizeMotifShiftHeuristic":false,"experimentSpecificPositionBias":true,"minSize":-1,"experimentSpecificActivity":true,"optimizeSize":false}]}}
