{"modelSettings":{"letterOrder":"ACGTN","bindingModeInteractions":[],"bindingModes":[{"size":12,"fitLogActivity":true,"flankLength":0,"dinucleotideDistance":0,"componentName":"Binding mode 1","positionBias":false,"singleStrand":false,"modifications":[]}],"letterComplement":"C-G,A-T,N-N"},"coefficients":{"bindingModeInteractions":[],"bindingModes":[{"mononucleotide":[-0.1655453484749536,0,-0.1726412116891325,-0.1439094884804799,-0.11798514522594128,0,-0.6966507276382341,-0.5114191857686539,-0.6149886647469849,-0.416067761723024,-0.5863470831765945,-0.2332920532996372,0,-0.521328908180779,-0.30720162377189963,-1.1741172340653474,0,-1.337209584874378,-1.6130222666559515,-0.8147762734881895,-2.522724790932778,-1.949105707547571,-3.9640633018179443,0,-1.1698710642628114,-3.710510610468363,-4.315334832357386,0,-4.389787889229368,-1.3372847329467121,-1.0683637912925015,-3.2385941379507623,-3.8703949096140344,0,-1.0472259709419478,-3.6425242363949577,0,-3.475080094492389,-3.3834257633929807,-1.299129509863026,0,-2.244572142376059,-1.9567902029001631,-1.5014710416330779,-1.0009732450864337,0,-0.04333913327542316,-0.2658235495219863,-0.062267986189602276,-0.08779568218383639,-0.16500036248895444,-0.15243697013784452,-0.25368655763826453,0,-0.13856076672994824,-0.12364629328823362,-0.11728902714270983,0,-0.11394326798845222,-0.08737624905174023],"activity":[[0]],"dinucleotide":[],"positionBias":[],"modifications":[]}]},"modelFittingConstraints":{"enrichmentModel":[{}],"nShifts":0,"addBindingModesSequentially":true,"bindingModeInteractions":[],"flankLengths":[0],"singleModeLengthSweep":false,"bindingModes":[{"maxFlankLength":-1,"positionBiasBinWidth":1,"optimizeSizeHeuristic":false,"maxSize":-1,"optimizeFlankLength":false,"symmetryString":"null","roundSpecificActivity":true,"informationThreshold":0.1,"optimizeMotifShift":false,"fittingStages":[],"optimizeMotifShiftHeuristic":false,"experimentSpecificPositionBias":true,"minSize":-1,"experimentSpecificActivity":true,"optimizeSize":false}]}}
