{"modelSettings":{"letterOrder":"ACGTN","bindingModeInteractions":[],"bindingModes":[{"size":12,"fitLogActivity":true,"flankLength":0,"dinucleotideDistance":0,"componentName":"Binding mode 1","positionBias":false,"singleStrand":false,"modifications":[]}],"letterComplement":"C-G,A-T,N-N"},"coefficients":{"bindingModeInteractions":[],"bindingModes":[{"mononucleotide":[-0.02012052117228169,-0.13808566777033793,0,-0.11584159200275579,-0.06674871957196939,-0.040280471273112184,-0.19013496783809103,0,-0.06982091551398018,-0.07258995543530433,-0.22542470392958514,-1.2902921721418252,0,-1.9788867967649857,-0.5925823993922891,-1.6406953413641405,-1.5503908506791246,-1.4378911126221956,0,-0.8895038628748672,-4.342790517889906,0,-4.2831143333735335,-5.654846668614527,-1.356444020297094,0,-3.234761072430633,-3.4414506073769267,-2.6718876593880583,-1.2548193212695757,-3.5727678878086313,0,-1.8465766982738154,-1.0963540410634405,-0.9676226314330992,-1.0141512517469895,-2.018480067933692,0,-3.50838536920577,-0.9639638630055751,-0.7539183741397371,-0.6969235560453506,-1.356398555079151,0,-0.5859886381329281,-3.752142877166162,-3.263069558555768,0,-2.3492941397290044,-1.2403129729578446,-0.026257144742888094,-0.06853116647206292,0,-0.15486344670583918,-0.06071090489185149,-0.3487723864686867,-0.2324878412516762,-0.3684627411311454,0,-0.2263016340387948],"activity":[[0]],"dinucleotide":[],"positionBias":[],"modifications":[]}]},"modelFittingConstraints":{"enrichmentModel":[{}],"nShifts":0,"addBindingModesSequentially":true,"bindingModeInteractions":[],"flankLengths":[0],"singleModeLengthSweep":false,"bindingModes":[{"maxFlankLength":-1,"positionBiasBinWidth":1,"optimizeSizeHeuristic":false,"maxSize":-1,"optimizeFlankLength":false,"symmetryString":"null","roundSpecificActivity":true,"informationThreshold":0.1,"optimizeMotifShift":false,"fittingStages":[],"optimizeMotifShiftHeuristic":false,"experimentSpecificPositionBias":true,"minSize":-1,"experimentSpecificActivity":true,"optimizeSize":false}]}}
