{"modelSettings":{"letterOrder":"ACGTN","bindingModeInteractions":[],"bindingModes":[{"size":12,"fitLogActivity":true,"flankLength":0,"dinucleotideDistance":0,"componentName":"Binding mode 1","positionBias":false,"singleStrand":false,"modifications":[]}],"letterComplement":"C-G,A-T,N-N"},"coefficients":{"bindingModeInteractions":[],"bindingModes":[{"mononucleotide":[-0.1227309220605699,-0.5018392159223564,-0.38894048109464485,0,-0.23329099297659073,-0.13232137373689667,0,-0.3794433056502964,-0.30162676717774417,-0.19239744268444706,-1.0636759123439847,-1.4854269700242013,0,-1.4420782206131926,-0.7940586410581172,-1.6986345837917263,-4.204338082154754,0,-3.841035993703625,-1.1879886142147407,-2.9672363669460893,-4.07750418057419,-0.319856111567157,0,-0.801485160395583,-4.353197306286953,-4.36740880048787,0,-3.9612508969723725,-1.342670893156179,-3.260358839235249,-3.627488261338023,0,-3.8004132638330974,-1.3025793058766053,-2.1693708399784484,-2.548719972850089,-0.4625189562011478,0,-0.786290068034892,-1.4051288657655534,0,-1.9510444403415148,-0.9434233035108197,-0.8115063271956157,-0.9792912398880227,-0.6913970905745965,0,-0.6620343310132015,-0.5140583574301737,-0.14452887757527932,0,-0.48713248408389553,-0.1595857182264666,-0.1826278712526687,-0.3085742334062753,0,-0.3928165325091193,-0.4779714223109752,-0.27783539481153435],"activity":[[0]],"dinucleotide":[],"positionBias":[],"modifications":[]}]},"modelFittingConstraints":{"enrichmentModel":[{}],"nShifts":0,"addBindingModesSequentially":true,"bindingModeInteractions":[],"flankLengths":[0],"singleModeLengthSweep":false,"bindingModes":[{"maxFlankLength":-1,"positionBiasBinWidth":1,"optimizeSizeHeuristic":false,"maxSize":-1,"optimizeFlankLength":false,"symmetryString":"null","roundSpecificActivity":true,"informationThreshold":0.1,"optimizeMotifShift":false,"fittingStages":[],"optimizeMotifShiftHeuristic":false,"experimentSpecificPositionBias":true,"minSize":-1,"experimentSpecificActivity":true,"optimizeSize":false}]}}
