{"modelSettings":{"letterOrder":"ACGTN","bindingModeInteractions":[],"bindingModes":[{"size":12,"fitLogActivity":true,"flankLength":0,"dinucleotideDistance":0,"componentName":"Binding mode 1","positionBias":false,"singleStrand":false,"modifications":[]}],"letterComplement":"C-G,A-T,N-N"},"coefficients":{"bindingModeInteractions":[],"bindingModes":[{"mononucleotide":[-0.4832899023382051,-0.38237839695153397,0,-0.37421570629790946,-0.29208629856943114,-0.16448266407656575,-0.43230611258988016,0,-0.17585932194735143,-0.1814981640270012,-0.8274867188039075,0,-0.6459208901050966,-1.08468579626516,-0.553674775897037,-1.338980319499861,-2.1595554033598146,0,-1.3694683578088376,-0.8966527635223056,0,-0.8745228518374439,-4.06113864581938,-2.6009916266970836,-0.975184995237468,-4.364057844150401,0,-4.525616836178498,-2.9795266487847485,-1.3145584698654917,-3.418599804666062,0,-4.784613420809994,-4.257784165358304,-1.332498409204619,-0.046110037039964524,0,-3.4011390564379043,-2.395130634832856,-0.6541991368281431,-2.073942451840097,0,-2.844700189947489,-0.7147522982871104,-0.8715837265002597,-0.8253719213438835,0,-1.1897080489206262,-0.3425966117254191,-0.4892652865829371,-0.12319197137725535,-0.026648889969808742,0,-0.2893945669707998,-0.10355278608977725,-0.2014298174936915,0,-0.5833515524598227,-0.4644594589164637,-0.2863294334220652],"activity":[[0]],"dinucleotide":[],"positionBias":[],"modifications":[]}]},"modelFittingConstraints":{"enrichmentModel":[{}],"nShifts":0,"addBindingModesSequentially":true,"bindingModeInteractions":[],"flankLengths":[0],"singleModeLengthSweep":false,"bindingModes":[{"maxFlankLength":-1,"positionBiasBinWidth":1,"optimizeSizeHeuristic":false,"maxSize":-1,"optimizeFlankLength":false,"symmetryString":"null","roundSpecificActivity":true,"informationThreshold":0.1,"optimizeMotifShift":false,"fittingStages":[],"optimizeMotifShiftHeuristic":false,"experimentSpecificPositionBias":true,"minSize":-1,"experimentSpecificActivity":true,"optimizeSize":false}]}}
