{"modelSettings":{"letterOrder":"ACGTN","bindingModeInteractions":[],"bindingModes":[{"size":14,"fitLogActivity":true,"flankLength":0,"dinucleotideDistance":0,"componentName":"Binding mode 1","positionBias":false,"singleStrand":false,"modifications":[]}],"letterComplement":"C-G,A-T,N-N"},"coefficients":{"bindingModeInteractions":[],"bindingModes":[{"mononucleotide":[-0.14636926947624573,-0.44201412301950693,0,-0.07537400597003696,-0.15257565091417585,-0.5187800878352808,-0.7534938415269159,-0.1386007074718325,0,-0.30906204208048155,-1.594611054109449,0,-2.4440520061948745,-1.5876982318787123,-0.9847091729442781,-2.146392836597712,0,-1.697773679935036,-2.3043960933786587,-1.0499543854812594,-2.517360484216082,-3.1237851924088242,0,-2.0320126119376174,-1.1585740494218493,-2.987079635105755,0,-3.1677944526648862,-2.7231304763021047,-1.2394275377582167,-3.0341125946096628,0,-3.40427664220412,-2.947000498390929,-1.260679737120065,0,-3.0893767775268683,-2.881761007634695,-3.304900772760494,-1.2567855237356012,-3.0945033035696685,-3.31582874191452,-3.149116793303757,0,-1.2689634753512384,-1.4595984051218567,-0.8120153600250979,-1.0139732782242334,0,-0.673802164998917,-1.5840977388182162,-2.462238504112298,-2.5491391912869017,0,-1.072560390795556,-2.958365173362452,-2.5282701899082225,-2.8237203338838697,0,-1.2114295060496574,-0.6584758109395787,-1.6863646457250656,0,-0.7310231031191905,-0.6050230072114517,0,-0.8714896019137077,-0.23753072680088305,-0.24528191897284923,-0.29122684334401133],"activity":[[0]],"dinucleotide":[],"positionBias":[],"modifications":[]}]},"modelFittingConstraints":{"enrichmentModel":[{}],"nShifts":0,"addBindingModesSequentially":true,"bindingModeInteractions":[],"flankLengths":[0],"singleModeLengthSweep":false,"bindingModes":[{"maxFlankLength":-1,"positionBiasBinWidth":1,"optimizeSizeHeuristic":false,"maxSize":-1,"optimizeFlankLength":false,"symmetryString":"null","roundSpecificActivity":true,"informationThreshold":0.1,"optimizeMotifShift":false,"fittingStages":[],"optimizeMotifShiftHeuristic":false,"experimentSpecificPositionBias":true,"minSize":-1,"experimentSpecificActivity":true,"optimizeSize":false}]}}
