{"modelSettings":{"letterOrder":"ACGTN","bindingModeInteractions":[],"bindingModes":[{"size":12,"fitLogActivity":true,"flankLength":0,"dinucleotideDistance":0,"componentName":"Binding mode 1","positionBias":false,"singleStrand":false,"modifications":[]}],"letterComplement":"C-G,A-T,N-N"},"coefficients":{"bindingModeInteractions":[],"bindingModes":[{"mononucleotide":[-0.2940921530370062,-0.2546647428009212,-0.1535778744631333,0,-0.1690051766212581,0,-0.5014978693033818,-0.13086860110347232,-0.1624459668085496,-0.1824161900456216,-0.4337273482940045,0,-1.451627809094418,-1.46562830682412,-0.6380859841907983,-2.8943130256089495,-1.677961112544478,0,-2.8401842225886793,-1.1235407185947672,-2.7871774550097226,-3.2043135065869586,0,-3.1262317261650208,-1.2499605260537112,-3.530574518449367,-3.3717582047226453,-3.593335325816167,0,-1.2990862369910823,0,-2.7920752343961275,-2.7072026851777244,-2.8158994881703814,-1.2141343132573552,-0.19071752721634816,-2.528331594883443,0,-2.6366091764544453,-0.7043286257975957,-3.3207796861145926,-2.9851678876675924,0,-3.4361793789436277,-1.2739991553424614,-3.496789469705551,-3.282410594103773,-3.6909093379672075,0,-1.297568123610232,0,-0.5538282641458032,-0.8421569867298326,-0.7731691282454718,-0.4832616526013965,-0.5282905744086444,0,-0.49177354754456637,-0.7254905846630675,-0.39852430133611105],"activity":[[0]],"dinucleotide":[],"positionBias":[],"modifications":[]}]},"modelFittingConstraints":{"enrichmentModel":[{}],"nShifts":0,"addBindingModesSequentially":true,"bindingModeInteractions":[],"flankLengths":[0],"singleModeLengthSweep":false,"bindingModes":[{"maxFlankLength":-1,"positionBiasBinWidth":1,"optimizeSizeHeuristic":false,"maxSize":-1,"optimizeFlankLength":false,"symmetryString":"null","roundSpecificActivity":true,"informationThreshold":0.1,"optimizeMotifShift":false,"fittingStages":[],"optimizeMotifShiftHeuristic":false,"experimentSpecificPositionBias":true,"minSize":-1,"experimentSpecificActivity":true,"optimizeSize":false}]}}
