{"modelSettings":{"letterOrder":"ACGTN","bindingModeInteractions":[],"bindingModes":[{"size":17,"fitLogActivity":true,"flankLength":0,"dinucleotideDistance":0,"componentName":"Binding mode 1","positionBias":false,"singleStrand":false,"modifications":[]}],"letterComplement":"C-G,A-T,N-N"},"coefficients":{"bindingModeInteractions":[],"bindingModes":[{"mononucleotide":[0,-0.35033017026558966,-0.2835893348806273,-0.18138015287064668,-0.19490555109007907,-0.4119862595391357,-0.33894800389183644,-0.5011385235914627,0,-0.29413841104873856,-1.4758755216589061,-1.1936832435862694,-1.5979590369289016,0,-0.8358690651382079,-1.0025241442341724,-1.094885477003407,-0.10557792020586199,0,-0.4302698515223006,-0.28663846877573285,-0.3731946367927481,-0.35321424500277665,0,-0.24151725515567213,-0.7249288341657305,0,-1.0251500749372493,-1.4057569755985013,-0.6499521397060736,0,-0.58302782075984,-1.3897134996215317,-1.1293370905500506,-0.6298908234773923,-1.711083206721685,-1.8036065836843895,0,-1.1952453475907827,-0.8867298198252596,-1.1057077063199188,0,-0.15573948438635732,-0.12324939119832123,-0.2643556500572567,-0.8263642040477652,-1.926737722602054,0,-1.8601591247697575,-0.8330370860555505,-3.0929828194905875,-2.6902648873945716,-2.5822344105375072,0,-1.2133211339007415,-2.751153697456958,-3.3086862805742343,0,-2.9902628665769417,-1.245930385061006,-3.0058398560970776,-3.078074501254297,-2.6009346750097673,0,-1.2295050013130648,-2.44544739587386,-3.071636472141724,0,-2.5115369650750843,-1.1922286860312301,-3.0543965533549198,0,-2.165674486217142,-0.604821387223442,-0.8509737832837431,0,-0.7128243201601325,-0.40245225702985366,-0.6373598304224961,-0.3976374752904578,-0.2526086565934218,0,-0.14891984406384218,-0.12784773199885802,-0.1282887742577082],"activity":[[0]],"dinucleotide":[],"positionBias":[],"modifications":[]}]},"modelFittingConstraints":{"enrichmentModel":[{}],"nShifts":0,"addBindingModesSequentially":true,"bindingModeInteractions":[],"flankLengths":[0],"singleModeLengthSweep":false,"bindingModes":[{"maxFlankLength":-1,"positionBiasBinWidth":1,"optimizeSizeHeuristic":false,"maxSize":-1,"optimizeFlankLength":false,"symmetryString":"null","roundSpecificActivity":true,"informationThreshold":0.1,"optimizeMotifShift":false,"fittingStages":[],"optimizeMotifShiftHeuristic":false,"experimentSpecificPositionBias":true,"minSize":-1,"experimentSpecificActivity":true,"optimizeSize":false}]}}
