{"modelSettings":{"letterOrder":"ACGTN","bindingModeInteractions":[],"bindingModes":[{"size":12,"fitLogActivity":true,"flankLength":0,"dinucleotideDistance":0,"componentName":"Binding mode 1","positionBias":false,"singleStrand":false,"modifications":[]}],"letterComplement":"C-G,A-T,N-N"},"coefficients":{"bindingModeInteractions":[],"bindingModes":[{"mononucleotide":[-0.12602757607420934,0,-0.02381453102915554,-0.013894549231488362,-0.03971352904620081,-0.30670498487030784,-0.014636447134311226,-0.41523114038376185,0,-0.16796743006807402,0,-1.5241166580368946,-0.8102218742673921,-1.2255723904462439,-0.7153097896003661,-2.4241801917109136,0,-1.4810372748749323,-0.9749065808692663,-0.859685964729955,-1.685833902668059,-3.2346554930819944,-1.4900623518344727,0,-1.014715477544231,-2.509000896815377,-4.565019703471033,-2.3419488922948117,0,-1.2141079601696227,-2.4689359309418473,0,-3.609004855380477,-1.1612072787329266,-1.0322196497636629,-3.0490614639680738,0,-1.6885636620477262,-4.133452590828639,-1.164579360018125,-2.9109573112324774,-1.8360128663420099,0,-1.246433842088365,-0.9798937818672208,-1.4536483901221704,-0.4936628499059461,0,-0.8530537810304546,-0.5664201398228762,-0.1810430096883051,-0.5045098194246211,0,-0.12312537336271934,-0.18562086802519207,-0.2640991570762514,-0.45846896007022675,-0.60398246919475,0,-0.3055817682116313],"activity":[[0]],"dinucleotide":[],"positionBias":[],"modifications":[]}]},"modelFittingConstraints":{"enrichmentModel":[{}],"nShifts":0,"addBindingModesSequentially":true,"bindingModeInteractions":[],"flankLengths":[0],"singleModeLengthSweep":false,"bindingModes":[{"maxFlankLength":-1,"positionBiasBinWidth":1,"optimizeSizeHeuristic":false,"maxSize":-1,"optimizeFlankLength":false,"symmetryString":"null","roundSpecificActivity":true,"informationThreshold":0.1,"optimizeMotifShift":false,"fittingStages":[],"optimizeMotifShiftHeuristic":false,"experimentSpecificPositionBias":true,"minSize":-1,"experimentSpecificActivity":true,"optimizeSize":false}]}}
