{"modelSettings":{"letterOrder":"ACGTN","bindingModeInteractions":[],"bindingModes":[{"size":14,"fitLogActivity":true,"flankLength":0,"dinucleotideDistance":0,"componentName":"Binding mode 1","positionBias":false,"singleStrand":false,"modifications":[]}],"letterComplement":"C-G,A-T,N-N"},"coefficients":{"bindingModeInteractions":[],"bindingModes":[{"mononucleotide":[0,-0.48335243053611965,-0.3383797862616964,-0.44374790704811673,-0.2973068879253612,0,-0.9757922484079806,-0.5364968036506301,-0.38456770790017725,-0.41459472815842696,0,-1.308822637075259,-0.9761879819324779,-0.18510904974850817,-0.47888450833113066,0,-0.8189882309024767,-1.0256601974585529,-0.0444501980280938,-0.3725283774958881,-0.16359553794880544,-0.2035888258536458,-0.19216741259793402,0,-0.13637777524082878,-1.292675206384525,-0.8576999270404393,-2.3234257688773474,0,-0.800393157990614,-2.121560805267191,-2.164636953393091,0,-4.185659196242043,-1.1632722530155615,-1.1765155786275319,0,-3.044764322934163,-1.9211696501894422,-0.9792342530854607,-1.8944640938952415,-1.686484489490303,-3.030252559384766,0,-1.0614092133334485,-1.7235629951767941,-2.433660713985225,0,-0.9432717422492374,-0.8821935146931696,0,-2.2926472468890933,-2.325541411626416,-1.6862789972780687,-1.0613622730492416,-1.6036381229757866,0,-0.8727240241670966,-0.8213363209233169,-0.6641619963136584,-0.3815541654582484,-0.6992177763396299,0,-0.16150869859738037,-0.27752304139946166,-0.4143274416202267,-0.0569479839721021,-0.5068188600509895,0,-0.22069759726717025],"activity":[[0]],"dinucleotide":[],"positionBias":[],"modifications":[]}]},"modelFittingConstraints":{"enrichmentModel":[{}],"nShifts":0,"addBindingModesSequentially":true,"bindingModeInteractions":[],"flankLengths":[0],"singleModeLengthSweep":false,"bindingModes":[{"maxFlankLength":-1,"positionBiasBinWidth":1,"optimizeSizeHeuristic":false,"maxSize":-1,"optimizeFlankLength":false,"symmetryString":"null","roundSpecificActivity":true,"informationThreshold":0.1,"optimizeMotifShift":false,"fittingStages":[],"optimizeMotifShiftHeuristic":false,"experimentSpecificPositionBias":true,"minSize":-1,"experimentSpecificActivity":true,"optimizeSize":false}]}}
