{"modelSettings":{"letterOrder":"ACGTN","bindingModeInteractions":[],"bindingModes":[{"size":12,"fitLogActivity":true,"flankLength":0,"dinucleotideDistance":0,"componentName":"Binding mode 1","positionBias":false,"singleStrand":false,"modifications":[]}],"letterComplement":"C-G,A-T,N-N"},"coefficients":{"bindingModeInteractions":[],"bindingModes":[{"mononucleotide":[0,-0.17446689328572162,-0.39049379969713804,-0.11862069622689653,-0.16111641339891866,-0.07711603559623192,0,-0.314087768340805,-0.5163341468787532,-0.2067347553602247,-3.4436797392710687,0,-5.480995870768694,-4.7043578225959335,-1.3421168954374314,0,-6.029561189593301,-4.888120499321692,-5.476238236562981,-1.3722660542286653,-3.7685227764936746,0,-1.104408057235311,-2.08660107585247,-0.9951977242314688,-3.4725808930534843,0,-1.1887267739796643,-4.424675955777502,-1.0879514901302048,-5.0136666217621295,-4.1026660109033095,-3.6181607527964115,0,-1.337497509819883,-4.7801443543260875,-5.249368358442318,0,-4.0660059188225,-1.355967548598799,-0.5655325879420641,-0.36777012672336973,-0.08951082524189857,0,-0.23107738122592647,-0.1315378324496166,-0.0918219053603071,-0.1566229474555083,0,-0.0932013779331335,0,-0.030456275254795884,-0.08452940487952976,-0.031935360288830594,-0.03627073549068415,-0.06225462887382571,0,-0.05802096393721268,-0.08649891578439783,-0.05118532544788106],"activity":[[0]],"dinucleotide":[],"positionBias":[],"modifications":[]}]},"modelFittingConstraints":{"enrichmentModel":[{}],"nShifts":0,"addBindingModesSequentially":true,"bindingModeInteractions":[],"flankLengths":[0],"singleModeLengthSweep":false,"bindingModes":[{"maxFlankLength":-1,"positionBiasBinWidth":1,"optimizeSizeHeuristic":false,"maxSize":-1,"optimizeFlankLength":false,"symmetryString":"null","roundSpecificActivity":true,"informationThreshold":0.1,"optimizeMotifShift":false,"fittingStages":[],"optimizeMotifShiftHeuristic":false,"experimentSpecificPositionBias":true,"minSize":-1,"experimentSpecificActivity":true,"optimizeSize":false}]}}
