{"modelSettings":{"letterOrder":"ACGTN","bindingModeInteractions":[],"bindingModes":[{"size":12,"fitLogActivity":true,"flankLength":0,"dinucleotideDistance":0,"componentName":"Binding mode 1","positionBias":false,"singleStrand":false,"modifications":[]}],"letterComplement":"C-G,A-T,N-N"},"coefficients":{"bindingModeInteractions":[],"bindingModes":[{"mononucleotide":[-0.0633270838381641,-7.149511391517649E-4,-0.09608261911435001,0,-0.03917993777516891,-0.07729779074285048,-0.026910189189566225,0,-0.050959631761193336,-0.03838229867077579,-0.4545127628160275,-0.4884399283325971,0,-0.46160907905661563,-0.3289872642169932,-0.2297759592095474,-0.2907269236183545,0,-0.9570699829367437,-0.3125050015451342,-2.8166208077688686,0,-2.9875141097472535,-2.768806183539405,-1.2267663130228827,0,-4.3806264708742795,-4.461424956279391,-2.3910346612004845,-1.2769034717178085,-4.5139785947289335,0,-3.5225551196453035,-3.2374958443741044,-1.3095733665826266,-1.7139541271865268,-3.2868774080798455,0,-2.9574751174892127,-1.1476930451989942,-1.0078887443623672,-0.01922121198187643,-1.553922001772711,0,-0.44731565639164034,-2.4515710411182656,-2.3022896688027554,0,-1.237694067430164,-0.9967960754267826,-0.40833478857644767,-0.05704139437777478,-0.6709067600369156,0,-0.2482831542659004,-0.41506841557607244,0,-0.5403240338849606,-0.33140893831703,-0.300846313788316],"activity":[[0]],"dinucleotide":[],"positionBias":[],"modifications":[]}]},"modelFittingConstraints":{"enrichmentModel":[{}],"nShifts":0,"addBindingModesSequentially":true,"bindingModeInteractions":[],"flankLengths":[0],"singleModeLengthSweep":false,"bindingModes":[{"maxFlankLength":-1,"positionBiasBinWidth":1,"optimizeSizeHeuristic":false,"maxSize":-1,"optimizeFlankLength":false,"symmetryString":"null","roundSpecificActivity":true,"informationThreshold":0.1,"optimizeMotifShift":false,"fittingStages":[],"optimizeMotifShiftHeuristic":false,"experimentSpecificPositionBias":true,"minSize":-1,"experimentSpecificActivity":true,"optimizeSize":false}]}}
