{"modelSettings":{"letterOrder":"ACGTN","bindingModeInteractions":[],"bindingModes":[{"size":12,"fitLogActivity":true,"flankLength":0,"dinucleotideDistance":0,"componentName":"Binding mode 2","positionBias":false,"singleStrand":false,"modifications":[]}],"letterComplement":"C-G,A-T,N-N"},"coefficients":{"bindingModeInteractions":[],"bindingModes":[{"mononucleotide":[-0.9910119647594504,0,-0.7134123618408523,-1.4671622947715868,-0.648293745638171,0,-2.2199753342747064,-1.1366544757963144,-2.1373127007349026,-0.949670433314392,0,-1.5853978019165051,-2.5365508933618752,-1.500383836523258,-0.9761404626906179,-2.2753162807547413,-2.114352432047893,0,-1.6804870468717628,-1.0428755512775618,-2.542130516187699,-2.536010731449843,0,-2.1762276355836505,-1.1462158434426646,-1.2277726343492947,-2.705879715805594,-1.6659994820434019,0,-0.9488413462582349,-1.5551570395408865,0,-1.6383027452249133,-1.3470811453695797,-0.8761907021622954,0,-1.9334271711671347,-0.25265508157668926,-2.0889077626694714,-0.6707940567659926,-0.2381665663509418,-0.2158872381690662,-0.3594303376623378,0,-0.19480774894169867,0,-0.15862834879073073,-0.12182252765876633,-0.11558042901366772,-0.09720832797996466,-0.1557911284443576,0,-0.126814380160849,-0.04231310403033639,-0.07925841393637247,-0.10502635280000527,0,-0.034823935101548464,-0.05944740798133674,-0.04909536260125062],"activity":[[0]],"dinucleotide":[],"positionBias":[],"modifications":[]}]},"modelFittingConstraints":{"enrichmentModel":[{}],"nShifts":0,"addBindingModesSequentially":true,"bindingModeInteractions":[],"flankLengths":[0],"singleModeLengthSweep":false,"bindingModes":[{"maxFlankLength":-1,"positionBiasBinWidth":1,"optimizeSizeHeuristic":false,"maxSize":-1,"optimizeFlankLength":false,"symmetryString":"null","roundSpecificActivity":true,"informationThreshold":0.1,"optimizeMotifShift":false,"fittingStages":[],"optimizeMotifShiftHeuristic":false,"experimentSpecificPositionBias":true,"minSize":-1,"experimentSpecificActivity":true,"optimizeSize":false}]}}
