{"modelSettings":{"letterOrder":"ACGTN","bindingModeInteractions":[],"bindingModes":[{"size":12,"fitLogActivity":true,"flankLength":0,"dinucleotideDistance":0,"componentName":"Binding mode 1","positionBias":false,"singleStrand":false,"modifications":[]}],"letterComplement":"C-G,A-T,N-N"},"coefficients":{"bindingModeInteractions":[],"bindingModes":[{"mononucleotide":[-0.4037827605614126,-1.0769152706971212,-0.49104628687018526,0,-0.42295989380671734,-2.125312838878873,-3.1708206528633793,-2.1659788355255447,0,-1.142562279064135,-2.430009817427898,-4.590795615121515,-4.29026071444639,0,-1.2802401917747765,-0.817057753709399,-2.5662323959466438,-3.5010828204500117,0,-0.9488665018835845,0,-6.099192874208662,-3.9170797198884837,-5.769705657112713,-1.3613437567992481,-2.7422645335046365,-0.056043499404424324,-3.475093265075967,0,-0.6729126645254293,-0.5144746738691683,-2.5102041734860556,0,-0.2886982669929239,-0.4991011048955141,0,-2.5044720752376683,-0.35779411839576625,-1.8573363737426296,-0.7251418028636518,-1.5566204549386446,-0.531103437892841,0,-0.907167225864435,-0.5967151863309555,-0.17988188627392176,0,-0.17725056544237017,-0.17370744524434834,-0.1296869255678997,-0.22456603937836128,-0.26920569575286013,-0.43717681219617077,0,-0.22042657837258056,-0.10561102719325888,-0.30870900560550574,-0.4907310766325752,0,-0.20876378363020898],"activity":[[0]],"dinucleotide":[],"positionBias":[],"modifications":[]}]},"modelFittingConstraints":{"enrichmentModel":[{}],"nShifts":0,"addBindingModesSequentially":true,"bindingModeInteractions":[],"flankLengths":[0],"singleModeLengthSweep":false,"bindingModes":[{"maxFlankLength":-1,"positionBiasBinWidth":1,"optimizeSizeHeuristic":false,"maxSize":-1,"optimizeFlankLength":false,"symmetryString":"null","roundSpecificActivity":true,"informationThreshold":0.1,"optimizeMotifShift":false,"fittingStages":[],"optimizeMotifShiftHeuristic":false,"experimentSpecificPositionBias":true,"minSize":-1,"experimentSpecificActivity":true,"optimizeSize":false}]}}
