{"modelSettings":{"letterOrder":"ACGTN","bindingModeInteractions":[],"bindingModes":[{"size":12,"fitLogActivity":true,"flankLength":0,"dinucleotideDistance":0,"componentName":"Binding mode 1","positionBias":false,"singleStrand":false,"modifications":[]}],"letterComplement":"C-G,A-T,N-N"},"coefficients":{"bindingModeInteractions":[],"bindingModes":[{"mononucleotide":[0,-0.16101264420510208,-0.034431937018935876,-0.013317612029188908,-0.05018704360142544,0,-0.5317638441150114,-0.08539730251353284,-0.29529358954108,-0.20763070639870776,-0.3063172308996194,-0.8742039832401554,0,-1.3222954075723246,-0.5025806018846345,-4.52115589740175,0,-3.995699383659333,-3.0696074693857787,-1.3133130791478012,0,-3.2376157326133996,-2.930507764519239,-2.6678778288138414,-1.2361287579887104,-2.2836416316803296,-0.7726927147519977,0,-1.670144539616292,-0.8255933083400501,-0.10068763839365813,0,-0.2813027030544748,-1.0034625586847399,-0.2791773102092718,-1.225205036793324,-0.9517086255602745,-1.455208259536256,0,-0.7375537019663887,-1.3723471457247294,-1.3615171522440639,0,-1.3347612919829055,-0.8136191273033796,-0.3249449413534924,-0.14586497582761826,0,-0.1300128287077782,-0.14360317300242367,-0.27626836474833105,0,-0.4474186817927235,-0.15139817520756038,-0.20536781895478795,-0.14270865216375883,-0.10709658724965587,0,-0.2910773918629883,-0.12985149966019735],"activity":[[0]],"dinucleotide":[],"positionBias":[],"modifications":[]}]},"modelFittingConstraints":{"enrichmentModel":[{}],"nShifts":0,"addBindingModesSequentially":true,"bindingModeInteractions":[],"flankLengths":[0],"singleModeLengthSweep":false,"bindingModes":[{"maxFlankLength":-1,"positionBiasBinWidth":1,"optimizeSizeHeuristic":false,"maxSize":-1,"optimizeFlankLength":false,"symmetryString":"null","roundSpecificActivity":true,"informationThreshold":0.1,"optimizeMotifShift":false,"fittingStages":[],"optimizeMotifShiftHeuristic":false,"experimentSpecificPositionBias":true,"minSize":-1,"experimentSpecificActivity":true,"optimizeSize":false}]}}
