{"modelSettings":{"letterOrder":"ACGTN","bindingModeInteractions":[],"bindingModes":[{"size":12,"fitLogActivity":true,"flankLength":0,"dinucleotideDistance":0,"componentName":"Binding mode 1","positionBias":false,"singleStrand":false,"modifications":[]}],"letterComplement":"C-G,A-T,N-N"},"coefficients":{"bindingModeInteractions":[],"bindingModes":[{"mononucleotide":[-0.0019610705601351697,-0.1742510074913559,0,-0.1689887498039786,-0.08266304686123442,-0.08046392597974084,-0.10004661486232092,0,-0.026392479940123614,-0.05091542214079123,0,-0.3625210874724756,-0.2569350714798162,-0.4610831383205074,-0.2549121480331806,-0.3851808814783384,-1.3078822176381824,0,-1.882008851950669,-0.6429277853872469,-4.21609374107881,0,-4.0350247920143625,-3.2512238529570063,-1.317544534282995,0,-4.012719783164826,-3.8039062756208253,-3.1201504238240902,-1.305158504184214,-2.4346843431407725,-0.8315798028473758,0,-1.275589082594271,-0.7972569402446675,-0.4925631204524237,0,-0.7429801411907331,-1.9363998255672432,-0.5838558413784279,-2.2241029767319143,-1.6400294871643295,-3.0682052935348256,0,-1.0871952624694299,-2.276835028212846,-2.528057929437031,0,-1.6037880385203844,-1.0616377309947629,-0.7968718190697204,-0.20130306947235033,0,-0.2569536379728006,-0.27384313990588044,-0.4856282561004859,0,-0.8682336274569225,-0.14702781833968936,-0.3221794247540473],"activity":[[0]],"dinucleotide":[],"positionBias":[],"modifications":[]}]},"modelFittingConstraints":{"enrichmentModel":[{}],"nShifts":0,"addBindingModesSequentially":true,"bindingModeInteractions":[],"flankLengths":[0],"singleModeLengthSweep":false,"bindingModes":[{"maxFlankLength":-1,"positionBiasBinWidth":1,"optimizeSizeHeuristic":false,"maxSize":-1,"optimizeFlankLength":false,"symmetryString":"null","roundSpecificActivity":true,"informationThreshold":0.1,"optimizeMotifShift":false,"fittingStages":[],"optimizeMotifShiftHeuristic":false,"experimentSpecificPositionBias":true,"minSize":-1,"experimentSpecificActivity":true,"optimizeSize":false}]}}
