{"modelSettings":{"letterOrder":"ACGTN","bindingModeInteractions":[],"bindingModes":[{"size":12,"fitLogActivity":true,"flankLength":0,"dinucleotideDistance":0,"componentName":"Binding mode 1","positionBias":false,"singleStrand":false,"modifications":[]}],"letterComplement":"C-G,A-T,N-N"},"coefficients":{"bindingModeInteractions":[],"bindingModes":[{"mononucleotide":[0,-0.06285547511853551,-0.11707693333195524,-0.08501730001246832,-0.06531419909853073,0,-0.032185766524142956,-0.025487423795495623,-0.06156462197904489,-0.02956952565483125,-0.11532649036436782,-0.12832066190521418,-0.14968350114881668,0,-0.09661363404677487,-0.2681393300324566,-0.7880837572743737,0,-0.09219156650477389,-0.2447991767299655,-2.8186679162770414,0,-3.626058501360205,-3.107362455404455,-1.2631700179016312,0,-3.7514859727624184,-2.666406718318978,-3.169213668383654,-1.2596432254173417,-3.98431941717469,0,-4.405324433823299,-3.7508871146953955,-1.3334039115390781,-3.596083537623328,-4.112066332357507,0,-3.758559522459004,-1.3213289113134408,-3.668072650524205,-3.4782956393059123,-3.990078971659528,0,-1.3140817655420647,-3.418506127319608,-3.617330004555966,0,-3.4461446934478044,-1.298756230044303,0,-0.5531714888418047,-2.960622179532818,-1.2345090879719702,-0.7350702095166363,-0.6951051275458222,0,-0.4674740817233505,-0.45598798548332775,-0.37127152732387647],"activity":[[0]],"dinucleotide":[],"positionBias":[],"modifications":[]}]},"modelFittingConstraints":{"enrichmentModel":[{}],"nShifts":0,"addBindingModesSequentially":true,"bindingModeInteractions":[],"flankLengths":[0],"singleModeLengthSweep":false,"bindingModes":[{"maxFlankLength":-1,"positionBiasBinWidth":1,"optimizeSizeHeuristic":false,"maxSize":-1,"optimizeFlankLength":false,"symmetryString":"null","roundSpecificActivity":true,"informationThreshold":0.1,"optimizeMotifShift":false,"fittingStages":[],"optimizeMotifShiftHeuristic":false,"experimentSpecificPositionBias":true,"minSize":-1,"experimentSpecificActivity":true,"optimizeSize":false}]}}
