{"modelSettings":{"letterOrder":"ACGTN","bindingModeInteractions":[],"bindingModes":[{"size":15,"fitLogActivity":true,"flankLength":0,"dinucleotideDistance":0,"componentName":"Binding mode 1","positionBias":false,"singleStrand":false,"modifications":[]}],"letterComplement":"C-G,A-T,N-N"},"coefficients":{"bindingModeInteractions":[],"bindingModes":[{"mononucleotide":[-0.01117497356808883,-0.06266738274296557,0,-0.35433326556155365,-0.09712117342099696,-0.4187595089229621,0,-0.6846269350556415,-0.12712748738353596,-0.27352867050279767,-2.8042318702894002,-2.0779340401885094,-3.8822986877805166,0,-1.1986990220540195,0,-2.7557904102174158,-3.3051994239264513,-3.352555603238195,-1.2594454665524122,0,-3.173737984549743,-3.3794071354631043,-3.1308623735805057,-1.2733276691234603,-3.295518650603845,-3.5288365791211715,-3.1195006748140415,0,-1.281423596035897,-2.5258314112811364,-2.3040842567041793,-2.9979313744733997,0,-1.1794979871759728,0,-1.3326775627225658,-0.6327603538945885,-1.7827772895881004,-0.711787751258065,-0.16714310356255524,-1.3533342893135867,0,-1.466891644149154,-0.5382408729162641,0,-0.02469943829628285,-0.5792593559061903,-0.06329572054555843,-0.14082013326158657,-0.5113844540921795,-0.3558802378414212,-0.15901299568915306,0,-0.2378744626868877,-0.31608886412847426,-0.335499448473465,-0.6479098636524014,0,-0.2987047220653109,0,-0.7564834715180293,-0.9791571783439901,-0.4308451606931163,-0.47204532045216036,0,-0.5705242427995958,-0.23625768614097087,-0.18601024453737303,-0.2278196806248784,-0.055493917874997134,-0.24150871978419275,-0.3067996193469811,0,-0.14293035101636373],"activity":[[0]],"dinucleotide":[],"positionBias":[],"modifications":[]}]},"modelFittingConstraints":{"enrichmentModel":[{}],"nShifts":0,"addBindingModesSequentially":true,"bindingModeInteractions":[],"flankLengths":[0],"singleModeLengthSweep":false,"bindingModes":[{"maxFlankLength":-1,"positionBiasBinWidth":1,"optimizeSizeHeuristic":false,"maxSize":-1,"optimizeFlankLength":false,"symmetryString":"null","roundSpecificActivity":true,"informationThreshold":0.1,"optimizeMotifShift":false,"fittingStages":[],"optimizeMotifShiftHeuristic":false,"experimentSpecificPositionBias":true,"minSize":-1,"experimentSpecificActivity":true,"optimizeSize":false}]}}
