{"modelSettings":{"letterOrder":"ACGTN","bindingModeInteractions":[],"bindingModes":[{"size":12,"fitLogActivity":true,"flankLength":0,"dinucleotideDistance":0,"componentName":"Binding mode 1","positionBias":false,"singleStrand":false,"modifications":[]}],"letterComplement":"C-G,A-T,N-N"},"coefficients":{"bindingModeInteractions":[],"bindingModes":[{"mononucleotide":[-0.2566845867611729,0,-0.07963376426388447,-0.22289458416231334,-0.13431287852610235,-0.32464380904420764,0,-0.227780741856475,-0.33222721908136155,-0.21183031688401366,0,-1.2168564777855242,-0.9001820052411533,-0.6952835771624377,-0.5971153065423105,0,-1.4321637243456682,-0.3027287495601376,-0.49253991355769156,-0.43515264065396475,0,-3.8289629297184806,-2.1286638691151225,-3.935565453963779,-1.237647679867687,-4.7292190386443735,-4.070346009769796,0,-4.653977374245059,-1.3514790154003462,-4.510572601929168,-4.545431661669744,-2.2264497508989285,0,-1.2645028236457923,-3.379184973572115,-3.1102171861194865,-2.4804278467254592,0,-1.2358299908511154,-4.601001989659087,0,-4.422005924284205,-1.4545422491291882,-1.1587133791782736,0,-4.003077578733899,-0.9778643933948581,-3.7411651708000866,-1.0369769273048661,-0.6914033335992666,-0.08412873981666813,-0.9710148318667111,0,-0.3570735561698665,-0.05251723380147233,-0.03111267938168094,0,-0.06336923492303104,-0.03645623750923407],"activity":[[0]],"dinucleotide":[],"positionBias":[],"modifications":[]}]},"modelFittingConstraints":{"enrichmentModel":[{}],"nShifts":0,"addBindingModesSequentially":true,"bindingModeInteractions":[],"flankLengths":[0],"singleModeLengthSweep":false,"bindingModes":[{"maxFlankLength":-1,"positionBiasBinWidth":1,"optimizeSizeHeuristic":false,"maxSize":-1,"optimizeFlankLength":false,"symmetryString":"null","roundSpecificActivity":true,"informationThreshold":0.1,"optimizeMotifShift":false,"fittingStages":[],"optimizeMotifShiftHeuristic":false,"experimentSpecificPositionBias":true,"minSize":-1,"experimentSpecificActivity":true,"optimizeSize":false}]}}
