{"modelSettings":{"letterOrder":"ACGTN","bindingModeInteractions":[],"bindingModes":[{"size":14,"fitLogActivity":true,"flankLength":0,"dinucleotideDistance":0,"componentName":"Binding mode 1","positionBias":false,"singleStrand":false,"modifications":[]}],"letterComplement":"C-G,A-T,N-N"},"coefficients":{"bindingModeInteractions":[],"bindingModes":[{"mononucleotide":[-0.36473763593781783,-0.33526913548169635,0,-0.2564796284706983,-0.22837748896449384,-0.02788831892112764,-0.5525760925717558,-0.08996491412321994,0,-0.14446937508524174,-0.7010627302910306,-0.8402454668745669,-0.6607034041886228,0,-0.4925968157277674,-1.3736634783841035,-1.2462258119288547,0,-0.7728588739252542,-0.6919193481803099,-2.0268661652002944,-2.4638837987670117,0,-2.4018000619302278,-1.1182490833407543,-0.4740445925164689,-1.4233212831499333,0,-1.688714491599991,-0.6693579418228457,-0.574301078281243,-0.0029257175023991167,-0.3581028647788509,0,-0.20481933867617805,0,-0.1116397260413331,-1.0458504022246826,-0.4221091545354545,-0.3210934855222132,0,-3.0997908389606845,-3.0390561032985612,-3.5830972601148803,-1.2723157250620214,-2.60588725475233,-2.7554454313714456,-1.8957518838608172,0,-1.1334959783972853,-4.025934846367502,0,-3.6645376419456923,-3.4325197093178716,-1.313259366330819,0,-2.9562447574420894,-3.231940216686155,-3.268201550958393,-1.2644577391298455,0,-1.025813600130327,-0.4043274959052914,-0.35746690912307955,-0.3836879544642085,-0.8303185673157554,-0.20407802142915044,-0.38899629208457576,0,-0.31161761209838523],"activity":[[0]],"dinucleotide":[],"positionBias":[],"modifications":[]}]},"modelFittingConstraints":{"enrichmentModel":[{}],"nShifts":0,"addBindingModesSequentially":true,"bindingModeInteractions":[],"flankLengths":[0],"singleModeLengthSweep":false,"bindingModes":[{"maxFlankLength":-1,"positionBiasBinWidth":1,"optimizeSizeHeuristic":false,"maxSize":-1,"optimizeFlankLength":false,"symmetryString":"null","roundSpecificActivity":true,"informationThreshold":0.1,"optimizeMotifShift":false,"fittingStages":[],"optimizeMotifShiftHeuristic":false,"experimentSpecificPositionBias":true,"minSize":-1,"experimentSpecificActivity":true,"optimizeSize":false}]}}
