{"modelSettings":{"letterOrder":"ACGTN","bindingModeInteractions":[],"bindingModes":[{"size":18,"fitLogActivity":true,"flankLength":0,"dinucleotideDistance":0,"componentName":"Binding mode 1","positionBias":false,"singleStrand":false,"modifications":[]}],"letterComplement":"C-G,A-T,N-N"},"coefficients":{"bindingModeInteractions":[],"bindingModes":[{"mononucleotide":[0,-0.6164533751825338,-0.48299907943341047,-0.23696904477036185,-0.305913317891049,0,-1.09084448177755,-0.25103506240539275,-0.641060651629072,-0.4152650114871493,-0.8201902110922479,-0.995462976895201,0,-0.6923561828738531,-0.5489187696612625,0,-0.8867916564439238,-1.2513109453939766,-2.0558071761053913,-0.7841149220631942,-2.6103221105165533,-2.396856512257412,-2.5248876150632356,0,-1.1674948356645825,-2.4015808711134454,-2.4374144512057567,0,-2.2520740691056087,-1.1369826029565373,0,-2.6125337108814906,-2.406327970532068,-2.3627752003783087,-1.1570472973959847,-2.321504326605396,0,-2.3750087957390225,-1.9439193806920976,-1.097901525919497,-2.013003630992559,-2.607829899429281,0,-2.523611936962795,-1.1336303490657191,-2.419105594336912,-2.422617754905234,-2.413930120155486,0,-1.1495214455532583,-2.0760964642029727,0,-1.9729704753655994,-2.184369473545548,-1.0663793500236451,0,-2.478604675312768,-2.2996986647765087,-2.4049536777551417,-1.1438040566438703,-2.094304947505192,-1.2292830195469726,-0.23557699973994772,0,-0.5952164117773758,-0.500620035655075,0,-0.7411998480869837,-0.8268948034618999,-0.4619950200480419,-1.033924762585717,0,-1.4290860545437782,-1.0546382604087174,-0.7218272079932245,0,-0.9940602662974412,-0.3668870177108179,-0.5616087030823387,-0.41807558540910367,-0.29246674619009916,-0.394198918575559,-0.410805147448829,0,-0.26014598673968653,-0.3419691923024093,-0.42942841000821996,-0.6713375873625518,0,-0.3311897204077356],"activity":[[0]],"dinucleotide":[],"positionBias":[],"modifications":[]}]},"modelFittingConstraints":{"enrichmentModel":[{}],"nShifts":0,"addBindingModesSequentially":true,"bindingModeInteractions":[],"flankLengths":[0],"singleModeLengthSweep":false,"bindingModes":[{"maxFlankLength":-1,"positionBiasBinWidth":1,"optimizeSizeHeuristic":false,"maxSize":-1,"optimizeFlankLength":false,"symmetryString":"null","roundSpecificActivity":true,"informationThreshold":0.1,"optimizeMotifShift":false,"fittingStages":[],"optimizeMotifShiftHeuristic":false,"experimentSpecificPositionBias":true,"minSize":-1,"experimentSpecificActivity":true,"optimizeSize":false}]}}
