{"modelSettings":{"letterOrder":"ACGTN","bindingModeInteractions":[],"bindingModes":[{"size":12,"fitLogActivity":true,"flankLength":0,"dinucleotideDistance":0,"componentName":"Binding mode 1","positionBias":false,"singleStrand":false,"modifications":[]}],"letterComplement":"C-G,A-T,N-N"},"coefficients":{"bindingModeInteractions":[],"bindingModes":[{"mononucleotide":[-0.5420585807809593,-0.7996422684493458,0,-0.33115641001172236,-0.37500898019361734,-0.4687787580116787,0,-0.6189142095689135,-0.616951405317403,-0.39160592512579573,-0.6902468540211544,0,-0.4284659470286165,-1.4676673513715408,-0.517756885049626,-1.5347321720067435,-3.0410381583379165,0,-1.285899436173398,-0.9547064278932346,-1.8209462306736168,0,-3.251601988422589,-2.8107756163743205,-1.1545931584135494,-3.938864762886813,0,-3.9628486425403513,-3.7872543889742127,-1.326953462675912,0,-3.7533698027867874,-3.3239435102818273,-3.8751801321731056,-1.3091483628410727,-3.561934005462759,-2.404618920338488,-3.5142662047804727,0,-1.2478781784005744,-0.708214135181489,-0.31347502832525187,-0.5945599792669487,0,-0.36556039544478924,-1.0819132777881215,-1.7530061858123522,-1.5310401006220293,0,-0.8390349987070017,-1.6567578551976805,-0.9782677239777202,-1.4791488956374632,0,-0.8015402020616853,-0.8206581386073584,-1.0645607009857443,0,-0.6537880636585385,-0.5511732575634998],"activity":[[0]],"dinucleotide":[],"positionBias":[],"modifications":[]}]},"modelFittingConstraints":{"enrichmentModel":[{}],"nShifts":0,"addBindingModesSequentially":true,"bindingModeInteractions":[],"flankLengths":[0],"singleModeLengthSweep":false,"bindingModes":[{"maxFlankLength":-1,"positionBiasBinWidth":1,"optimizeSizeHeuristic":false,"maxSize":-1,"optimizeFlankLength":false,"symmetryString":"null","roundSpecificActivity":true,"informationThreshold":0.1,"optimizeMotifShift":false,"fittingStages":[],"optimizeMotifShiftHeuristic":false,"experimentSpecificPositionBias":true,"minSize":-1,"experimentSpecificActivity":true,"optimizeSize":false}]}}
