{"modelSettings":{"letterOrder":"ACGTN","bindingModeInteractions":[],"bindingModes":[{"size":16,"fitLogActivity":true,"flankLength":0,"dinucleotideDistance":0,"componentName":"Binding mode 2","positionBias":false,"singleStrand":false,"modifications":[]}],"letterComplement":"C-G,A-T,N-N"},"coefficients":{"bindingModeInteractions":[],"bindingModes":[{"mononucleotide":[0,-1.48517986043126,-1.3518294501774841,-0.9312650277105385,-0.7554040734407308,-0.10761125783046754,-1.2426064233858192,0,-1.5889907085738368,-0.5146918010486233,-1.2207649138756755,-1.8022351238811352,0,-1.4061167820668583,-0.8527131491545237,-2.128159697675449,-1.7412017040084313,0,-0.9984121966216302,-0.8777734987614593,-0.8881798568648946,-1.1227617111593657,0,-1.670069659291248,-0.7313591540502282,-0.05194878935898828,-1.1594332430661085,-1.5938374718985413,0,-0.48362155854342614,-1.2533139101025537,-1.6184776345655756,0,-0.3419052748498528,-0.6004893261623968,-1.2950692996878699,-1.152139828444139,0,-0.36907452975475774,-0.5615871692183659,0,-1.7501067919212527,-1.7394350652408468,-1.9376558575525191,-0.9852281269293194,-1.7601125855971649,0,-1.0846677984275992,-2.0105658853410286,-0.889191003422068,-1.1267622342959003,-0.8989082200714575,-1.0278381039260793,0,-0.6496690758622788,-1.3413994215291503,-2.290686943347155,0,-0.38411222089558095,-0.6715171024516513,-1.1217671223737824,-0.2865534673968737,-0.5502546441960439,0,-0.4104700226130522,0,-0.7269200105854159,-0.3444999728524447,-0.7402311840701472,-0.40460032538131363,-0.3369313250301458,-0.5577290884858046,-0.6892947413456207,0,-0.3608280177983381,-0.6613444998729641,-0.28244710309434096,-0.13422182750290812,0,-0.2406428069785069],"activity":[[0]],"dinucleotide":[],"positionBias":[],"modifications":[]}]},"modelFittingConstraints":{"enrichmentModel":[{}],"nShifts":0,"addBindingModesSequentially":true,"bindingModeInteractions":[],"flankLengths":[0],"singleModeLengthSweep":false,"bindingModes":[{"maxFlankLength":-1,"positionBiasBinWidth":1,"optimizeSizeHeuristic":false,"maxSize":-1,"optimizeFlankLength":false,"symmetryString":"null","roundSpecificActivity":true,"informationThreshold":0.1,"optimizeMotifShift":false,"fittingStages":[],"optimizeMotifShiftHeuristic":false,"experimentSpecificPositionBias":true,"minSize":-1,"experimentSpecificActivity":true,"optimizeSize":false}]}}
