{"modelSettings":{"letterOrder":"ACGTN","bindingModeInteractions":[],"bindingModes":[{"size":12,"fitLogActivity":true,"flankLength":0,"dinucleotideDistance":0,"componentName":"Binding mode 1","positionBias":false,"singleStrand":false,"modifications":[]}],"letterComplement":"C-G,A-T,N-N"},"coefficients":{"bindingModeInteractions":[],"bindingModes":[{"mononucleotide":[-0.30930028767649986,-0.2856389843445686,0,-0.015479011467156134,-0.1421010379832263,-0.25436265487296605,-0.5944189409641978,0,-0.5645160204787918,-0.32298840966884657,-0.49768280145216526,-0.5136669355088581,-0.9436011588595603,0,-0.43253097143692404,-1.0972407463731146,-0.05332900008354624,0,-0.26123225164958086,-0.2705100538618228,0,-3.020567449022092,-1.3217341130217024,-2.027224575691072,-1.0167006512502001,-3.5196192874616354,0,-3.043411435008692,-2.3483160658739273,-1.2268895817134424,-2.2933651750564037,-3.0790197853191543,0,-3.8054329477383573,-1.22999158777597,-2.8194245328204124,-1.4315875878504265,-3.2815787279106736,0,-1.096510659288397,-1.2419192916626174,0,-1.6519028858467124,-2.6833321279224673,-0.9487821458727207,0,-3.1671653430700824,-2.0065032846959348,-3.241980665467274,-1.191001259005772,-1.726658247082687,-0.3990793679958342,-0.8182699809339167,0,-0.5577383692887484,-0.8069842817801711,0,-0.8475995449389528,-0.5889515516982482,-0.49858724194135584],"activity":[[0]],"dinucleotide":[],"positionBias":[],"modifications":[]}]},"modelFittingConstraints":{"enrichmentModel":[{}],"nShifts":0,"addBindingModesSequentially":true,"bindingModeInteractions":[],"flankLengths":[0],"singleModeLengthSweep":false,"bindingModes":[{"maxFlankLength":-1,"positionBiasBinWidth":1,"optimizeSizeHeuristic":false,"maxSize":-1,"optimizeFlankLength":false,"symmetryString":"null","roundSpecificActivity":true,"informationThreshold":0.1,"optimizeMotifShift":false,"fittingStages":[],"optimizeMotifShiftHeuristic":false,"experimentSpecificPositionBias":true,"minSize":-1,"experimentSpecificActivity":true,"optimizeSize":false}]}}
