{"modelSettings":{"letterOrder":"ACGTN","bindingModeInteractions":[],"bindingModes":[{"size":17,"fitLogActivity":true,"flankLength":0,"dinucleotideDistance":0,"componentName":"Binding mode 1","positionBias":false,"singleStrand":false,"modifications":[]}],"letterComplement":"C-G,A-T,N-N"},"coefficients":{"bindingModeInteractions":[],"bindingModes":[{"mononucleotide":[-0.229843709146885,0,-0.03798254187752015,-0.2677339478332952,-0.12712372215181528,0,-0.6916761527378208,-0.5041163860511197,-0.4617108740482694,-0.38017036429191203,0,-1.3007456117789857,-1.23137815498679,-0.34208018119435923,-0.564529739860113,0,-2.41950589187229,-1.7762297728477163,-1.161525296410689,-0.9344234512786956,-0.245677989857775,0,-0.03338241927069063,-0.25293597765395415,-0.12616990583513282,-0.8987433899247437,0,-0.49934630751624987,-0.9695276172455234,-0.5136336012116158,0,-1.6701457366841579,-0.7028558861466863,-2.4506920046847034,-0.8155280233653883,-3.5542386042176384,-3.0689996397813415,-3.5588082055628973,0,-1.2877679960044106,-3.2747460311190135,-3.4544561054213414,0,-2.422624788020289,-1.2394968033041,0,-1.8990583133858774,-2.930275590249571,-2.9514150554828253,-1.1588739274918531,-1.9402014804762517,0,-0.023109343731774423,-2.1498669559111665,-0.5810110419580103,-3.0061716395948794,-2.8818810513851667,-1.8971413181858479,0,-1.1587550322072986,-2.436254726655797,0,-3.385278134429673,-2.99543099822879,-1.2281193396306602,0,-3.7014787123845094,-2.994404785300463,-3.5879859354307255,-1.2887980415285392,-2.354685516429779,-0.7807628982545696,-1.4336327425075694,0,-0.8032852389118936,-0.8894997111788321,-0.29306880978926664,0,-0.8148132682258122,-0.4309544502737655,-0.014935087861118745,-0.12576892943349272,0,-0.2962475368096964,-0.10242100442288223],"activity":[[0]],"dinucleotide":[],"positionBias":[],"modifications":[]}]},"modelFittingConstraints":{"enrichmentModel":[{}],"nShifts":0,"addBindingModesSequentially":true,"bindingModeInteractions":[],"flankLengths":[0],"singleModeLengthSweep":false,"bindingModes":[{"maxFlankLength":-1,"positionBiasBinWidth":1,"optimizeSizeHeuristic":false,"maxSize":-1,"optimizeFlankLength":false,"symmetryString":"null","roundSpecificActivity":true,"informationThreshold":0.1,"optimizeMotifShift":false,"fittingStages":[],"optimizeMotifShiftHeuristic":false,"experimentSpecificPositionBias":true,"minSize":-1,"experimentSpecificActivity":true,"optimizeSize":false}]}}
