{"modelSettings":{"letterOrder":"ACGTN","bindingModeInteractions":[],"bindingModes":[{"size":12,"fitLogActivity":true,"flankLength":0,"dinucleotideDistance":0,"componentName":"Binding mode 1","positionBias":false,"singleStrand":false,"modifications":[]}],"letterComplement":"C-G,A-T,N-N"},"coefficients":{"bindingModeInteractions":[],"bindingModes":[{"mononucleotide":[-0.4850218707330587,-0.3159834949038576,-0.34141381835905626,0,-0.269344591659378,-0.638245486418219,-0.8499221921273978,0,-0.6020391749632754,-0.46866044343256286,0,-0.6198858759001258,-0.17046324558824288,-1.4732529698012753,-0.4267684171611779,-3.544572764484494,-2.1456769480867663,-2.767337781132324,0,-1.1967499349217419,-3.0630891282173645,-3.110211491075729,0,-1.4306600269525935,-1.1007503545090125,0,-3.405009909460029,-1.7246527568333825,-2.418394412275908,-1.123540998124996,-4.113077757583469,0,-2.5840079509817624,-1.9383082300636554,-1.1745956238440127,-2.0517760316845752,-2.812048742328765,0,-3.3066721979078286,-1.183168931591645,-1.7500722614473192,-1.1788223239743134,-2.2386426340281202,0,-0.9238156488242938,-0.39522622214178593,-0.21857779714409808,0,-0.9476932956885618,-0.3337878767535836,-0.08895688336501717,-0.792404426356494,0,-0.34024547501900315,-0.2616130054623954,-0.39511451091255667,0,-0.5571510105766242,-0.3657159621842343,-0.30783666427071277],"activity":[[0]],"dinucleotide":[],"positionBias":[],"modifications":[]}]},"modelFittingConstraints":{"enrichmentModel":[{}],"nShifts":0,"addBindingModesSequentially":true,"bindingModeInteractions":[],"flankLengths":[0],"singleModeLengthSweep":false,"bindingModes":[{"maxFlankLength":-1,"positionBiasBinWidth":1,"optimizeSizeHeuristic":false,"maxSize":-1,"optimizeFlankLength":false,"symmetryString":"null","roundSpecificActivity":true,"informationThreshold":0.1,"optimizeMotifShift":false,"fittingStages":[],"optimizeMotifShiftHeuristic":false,"experimentSpecificPositionBias":true,"minSize":-1,"experimentSpecificActivity":true,"optimizeSize":false}]}}
