{"modelSettings":{"letterOrder":"ACGTN","bindingModeInteractions":[],"bindingModes":[{"size":15,"fitLogActivity":true,"flankLength":0,"dinucleotideDistance":0,"componentName":"Binding mode 1","positionBias":false,"singleStrand":false,"modifications":[]}],"letterComplement":"C-G,A-T,N-N"},"coefficients":{"bindingModeInteractions":[],"bindingModes":[{"mononucleotide":[-0.3722805406522731,0,-0.23299982543575393,-0.10564686019679215,-0.16810600335235418,-0.289905973829673,-1.011191112994437,0,-0.8741493525188959,-0.4583374990242238,-1.2104580075812608,0,-0.7380531333847484,-1.0298424807089166,-0.6286863349246667,-1.2847737337796488,0,-1.35206434243155,-0.8956474306941935,-0.7216691016067039,-0.9244137774777075,-1.2789712857794269,0,-0.7984845754414751,-0.6324765287971047,-0.6753849586272294,-1.586872168184646,0,-2.1314310388464275,-0.7807811526713077,-2.7776552750515817,0,-2.415708332919275,-2.7090436926897548,-1.1890113968017806,-3.806960602076346,0,-3.9967497499368747,-3.8295031815149594,-1.3258473845552963,-3.6759153684924244,-4.059183808288777,0,-3.866760161706682,-1.3247145511992715,-2.962056330036897,-3.390805586098023,0,-3.807371789601609,-1.2840984262291462,-2.168756752291472,-0.025451698219488783,-2.077371295203907,0,-0.5912911214506192,0,-1.2267104108975138,-0.1585667034271836,-0.4619314830350483,-0.36503578733631636,-0.3970740218437818,-0.5032420933363264,-1.2460710801642068,0,-0.444536939571207,0,-0.025386847936755608,-0.23577783626828097,-0.12528823083596663,-0.0923534151646365,-0.10265110154085333,-0.14520014516811575,-0.2572891437833915,0,-0.12204459324198401],"activity":[[0]],"dinucleotide":[],"positionBias":[],"modifications":[]}]},"modelFittingConstraints":{"enrichmentModel":[{}],"nShifts":0,"addBindingModesSequentially":true,"bindingModeInteractions":[],"flankLengths":[0],"singleModeLengthSweep":false,"bindingModes":[{"maxFlankLength":-1,"positionBiasBinWidth":1,"optimizeSizeHeuristic":false,"maxSize":-1,"optimizeFlankLength":false,"symmetryString":"null","roundSpecificActivity":true,"informationThreshold":0.1,"optimizeMotifShift":false,"fittingStages":[],"optimizeMotifShiftHeuristic":false,"experimentSpecificPositionBias":true,"minSize":-1,"experimentSpecificActivity":true,"optimizeSize":false}]}}
