{"modelSettings":{"letterOrder":"ACGTN","bindingModeInteractions":[],"bindingModes":[{"size":12,"fitLogActivity":true,"flankLength":0,"dinucleotideDistance":0,"componentName":"Binding mode 1","positionBias":false,"singleStrand":false,"modifications":[]}],"letterComplement":"C-G,A-T,N-N"},"coefficients":{"bindingModeInteractions":[],"bindingModes":[{"mononucleotide":[0,-0.8259029891588869,-0.15011050407608728,-0.8807681130067766,-0.38827001223692004,-0.37602871942694627,0,-0.500201325564392,-1.425952289999953,-0.4567831206437481,-2.2878669422835376,0,-3.616599394745098,-3.5632714441487883,-1.2407210339956736,0,-3.1896228858229687,-1.592432967893966,-2.201286064176851,-1.082287598952799,-2.8973839384690514,-1.6481429007324588,-0.37004395989825944,0,-0.7244943001269655,0,-0.3427294117416153,-1.795857795112354,-3.5119781210390437,-0.7414695763260647,-3.7700719066242288,-3.4784223337583597,-4.974383750859796,0,-1.3272528868069968,-5.899526133281174,-6.135984904154981,0,-5.577792314453513,-1.3776466209908258,-1.9836279766011504,-0.4794064644623397,-0.5350228047495591,0,-0.5351285887966476,-1.839570362918733,-0.19466281452670486,-1.4644112966223113,0,-0.5918495543976203,-2.7020962841639573E-4,0,-0.04086196366832251,-0.5213743838198148,-0.11839074516517305,-0.009074100111211347,0,-0.34960004373074627,-0.09385448256687834,-0.10359757896385559],"activity":[[0]],"dinucleotide":[],"positionBias":[],"modifications":[]}]},"modelFittingConstraints":{"enrichmentModel":[{}],"nShifts":0,"addBindingModesSequentially":true,"bindingModeInteractions":[],"flankLengths":[0],"singleModeLengthSweep":false,"bindingModes":[{"maxFlankLength":-1,"positionBiasBinWidth":1,"optimizeSizeHeuristic":false,"maxSize":-1,"optimizeFlankLength":false,"symmetryString":"null","roundSpecificActivity":true,"informationThreshold":0.1,"optimizeMotifShift":false,"fittingStages":[],"optimizeMotifShiftHeuristic":false,"experimentSpecificPositionBias":true,"minSize":-1,"experimentSpecificActivity":true,"optimizeSize":false}]}}
