{"modelSettings":{"letterOrder":"ACGTN","bindingModeInteractions":[],"bindingModes":[{"size":13,"fitLogActivity":true,"flankLength":0,"dinucleotideDistance":0,"componentName":"Binding mode 1","positionBias":false,"singleStrand":false,"modifications":[]}],"letterComplement":"C-G,A-T,N-N"},"coefficients":{"bindingModeInteractions":[],"bindingModes":[{"mononucleotide":[-0.8086749873484043,-0.6879756467228151,0,-1.1032135976919828,-0.5621875823320631,-0.11281148390743923,0,-0.24773305690474245,-0.509292419161206,-0.2000351318034771,-2.863034469312209,0,-2.183238534832597,-2.278009972483969,-1.1455001158655485,0,-0.7362028265477787,-2.114010609228484,-3.405569150718648,-0.8959553594617564,-0.5411432841830872,0,-2.857669826412278,-1.6924539424909586,-0.7855080988368732,0,-1.2262583414915365,-0.32102609463558984,-0.9859064955003949,-0.514209063556081,-1.5180572516770403,-1.3976844071309684,-0.24595819128727214,0,-0.5761374382057873,-4.3450341454297075,-3.7957523332547143,0,-3.8293442722020736,-1.3307074247838793,0,-2.875356091055884,-0.09262366678946599,-1.4444404565850353,-0.5961064287713304,0,-2.3746145353964883,-0.6096250724720416,-2.3761388534351253,-0.8384541516698442,-1.0009938388234798,0,-0.9679127131443099,-0.5372228678253763,-0.5396718715933778,0,-0.8938558331466773,-0.026680319913830353,-0.11057538040371284,-0.1990405408303214,0,-0.39590748576772006,-0.5425031142969883,-0.13083576504323746,-0.24471128151023697],"activity":[[0]],"dinucleotide":[],"positionBias":[],"modifications":[]}]},"modelFittingConstraints":{"enrichmentModel":[{}],"nShifts":0,"addBindingModesSequentially":true,"bindingModeInteractions":[],"flankLengths":[0],"singleModeLengthSweep":false,"bindingModes":[{"maxFlankLength":-1,"positionBiasBinWidth":1,"optimizeSizeHeuristic":false,"maxSize":-1,"optimizeFlankLength":false,"symmetryString":"null","roundSpecificActivity":true,"informationThreshold":0.1,"optimizeMotifShift":false,"fittingStages":[],"optimizeMotifShiftHeuristic":false,"experimentSpecificPositionBias":true,"minSize":-1,"experimentSpecificActivity":true,"optimizeSize":false}]}}
