{"modelSettings":{"letterOrder":"ACGTN","bindingModeInteractions":[],"bindingModes":[{"size":13,"fitLogActivity":true,"flankLength":0,"dinucleotideDistance":0,"componentName":"Binding mode 1","positionBias":false,"singleStrand":false,"modifications":[]}],"letterComplement":"C-G,A-T,N-N"},"coefficients":{"bindingModeInteractions":[],"bindingModes":[{"mononucleotide":[0,-0.04829721529224873,-0.4131562436466396,-0.20071401880867956,-0.15298923859049707,0,-0.7874205086105652,-0.7869985349251776,-0.6622155063283515,-0.500077941422676,0,-0.2975483324034869,-0.8375824416840345,-0.2660495305962183,-0.30727499069820263,-0.8420893280362547,-2.2580665449851205,-2.49126198700936,0,-0.9050001372583293,-2.7153449952667104,-3.1225709640267114,0,-4.3470994591816705,-1.2701391314400161,-3.618305059371286,-4.101752350954252,-3.9627515916691767,0,-1.3257803315783512,0,-1.2053943901257256,-1.1795494426727648,-0.24646674090944387,-0.5156085442468006,-0.18209554278630158,-2.3133194746398766,-0.13725195652968214,0,-0.3551744425885369,-2.723947795214731,0,-2.6932952822922176,-2.2201445185182305,-1.169679079350088,0,-0.8191524060474498,-0.4716881438248155,-0.7758341141344021,-0.46002444879426563,0,-1.0840294210015609,-0.7816758050830552,-0.5119894213101785,-0.5128399475629374,-0.34971665572646415,-0.7159329343407581,-0.9358225827386537,0,-0.4362258590677525,-0.5860271832744788,-0.5856053283075995,-1.0267535667752505,0,-0.48148105123625456],"activity":[[0]],"dinucleotide":[],"positionBias":[],"modifications":[]}]},"modelFittingConstraints":{"enrichmentModel":[{}],"nShifts":0,"addBindingModesSequentially":true,"bindingModeInteractions":[],"flankLengths":[0],"singleModeLengthSweep":false,"bindingModes":[{"maxFlankLength":-1,"positionBiasBinWidth":1,"optimizeSizeHeuristic":false,"maxSize":-1,"optimizeFlankLength":false,"symmetryString":"null","roundSpecificActivity":true,"informationThreshold":0.1,"optimizeMotifShift":false,"fittingStages":[],"optimizeMotifShiftHeuristic":false,"experimentSpecificPositionBias":true,"minSize":-1,"experimentSpecificActivity":true,"optimizeSize":false}]}}
