{"modelSettings":{"letterOrder":"ACGTN","bindingModeInteractions":[],"bindingModes":[{"size":13,"fitLogActivity":true,"flankLength":0,"dinucleotideDistance":0,"componentName":"Binding mode 1","positionBias":false,"singleStrand":false,"modifications":[]}],"letterComplement":"C-G,A-T,N-N"},"coefficients":{"bindingModeInteractions":[],"bindingModes":[{"mononucleotide":[-0.06135232194909257,-0.21110975119861752,-0.3678352001327627,0,-0.150123054596312,-1.352962053863839,-0.6243325845047942,-0.28374571325591535,0,-0.45135838113268356,-0.3392949017814737,0,-0.9274317961986553,-2.7094081957309895,-0.6095338383387464,-2.47957946189318,-0.5282481673017707,-2.351810352475367,0,-0.8160992307822007,0,-3.939450507927484,-2.5821126722964904,-3.2416816101498718,-1.260392299707467,-3.782098128739631,-2.4003074575794994,-4.346084419609163,0,-1.2672477937021787,0,-2.7296296220855782,-0.655983803223867,-2.6185821338761537,-0.8812368032361049,-0.37363067582729226,-0.43533235007804816,0,-0.3635552974172169,-0.2775730370342332,-2.5727272165145143,-2.2842908985178028,0,-0.6348406746874615,-0.8508581083353797,-1.314849769614432,-0.3456704768288259,-0.2533208782491241,0,-0.37379236583348685,-0.3914467538881503,-1.17181523600882,0,-0.6372993131281186,-0.4641804125007156,-0.024726870393334988,0,-0.2789939055659074,-0.21410654772112592,-0.1223418816941376,-0.37459403606354336,0,-0.6634968821385607,-0.4024529717469454,-0.3315318203984151],"activity":[[0]],"dinucleotide":[],"positionBias":[],"modifications":[]}]},"modelFittingConstraints":{"enrichmentModel":[{}],"nShifts":0,"addBindingModesSequentially":true,"bindingModeInteractions":[],"flankLengths":[0],"singleModeLengthSweep":false,"bindingModes":[{"maxFlankLength":-1,"positionBiasBinWidth":1,"optimizeSizeHeuristic":false,"maxSize":-1,"optimizeFlankLength":false,"symmetryString":"null","roundSpecificActivity":true,"informationThreshold":0.1,"optimizeMotifShift":false,"fittingStages":[],"optimizeMotifShiftHeuristic":false,"experimentSpecificPositionBias":true,"minSize":-1,"experimentSpecificActivity":true,"optimizeSize":false}]}}
