{"modelSettings":{"letterOrder":"ACGTN","bindingModeInteractions":[],"bindingModes":[{"size":13,"fitLogActivity":true,"flankLength":0,"dinucleotideDistance":0,"componentName":"Binding mode 1","positionBias":false,"singleStrand":false,"modifications":[]}],"letterComplement":"C-G,A-T,N-N"},"coefficients":{"bindingModeInteractions":[],"bindingModes":[{"mononucleotide":[0,-1.0125678792466513,-0.6219824164164898,-0.6264359110249309,-0.49648832686292227,0,-0.8829831377260096,-0.6200373968016191,-0.29528191881951216,-0.39460178782676725,-0.9357023771769271,-0.8804637694954263,-1.3146382714618232,0,-0.65610563466183,-0.6255531345570677,-0.1863171102553256,-0.43012234847544484,0,-0.282560112764039,-2.590005009097408,-2.891134704738967,0,-2.609345440651751,-1.200549053446601,0,-0.27894383398307454,-2.5757829737162643,-0.5471097716427389,-0.506129851559393,-0.6258166855760834,-1.2257488747671612,-2.817482835872731,0,-0.7507135669349759,0,-4.66352041307587,-4.820333308012633,-3.9536989672792044,-1.3502701891344482,-4.001019923848725,0,-3.366035171642629,-2.6648558721925015,-1.2707960576339248,0,-2.4496950008297302,-1.9754150760662323,-0.8801684855446119,-0.8917586990512169,-0.503504687874277,-0.9252476302828914,-1.0870377306754104,0,-0.5369746096273805,-0.5759297199352842,-0.6010206080251717,-0.7754711687481679,0,-0.44203034845721756,-0.23775093317247098,-0.19674269220192908,0,-0.021019054492625422,-0.10842038780456868],"activity":[[0]],"dinucleotide":[],"positionBias":[],"modifications":[]}]},"modelFittingConstraints":{"enrichmentModel":[{}],"nShifts":0,"addBindingModesSequentially":true,"bindingModeInteractions":[],"flankLengths":[0],"singleModeLengthSweep":false,"bindingModes":[{"maxFlankLength":-1,"positionBiasBinWidth":1,"optimizeSizeHeuristic":false,"maxSize":-1,"optimizeFlankLength":false,"symmetryString":"null","roundSpecificActivity":true,"informationThreshold":0.1,"optimizeMotifShift":false,"fittingStages":[],"optimizeMotifShiftHeuristic":false,"experimentSpecificPositionBias":true,"minSize":-1,"experimentSpecificActivity":true,"optimizeSize":false}]}}
