{"modelSettings":{"letterOrder":"ACGTN","bindingModeInteractions":[],"bindingModes":[{"size":12,"fitLogActivity":true,"flankLength":0,"dinucleotideDistance":0,"componentName":"Binding mode 1","positionBias":false,"singleStrand":false,"modifications":[]}],"letterComplement":"C-G,A-T,N-N"},"coefficients":{"bindingModeInteractions":[],"bindingModes":[{"mononucleotide":[0,-0.726260205585739,-0.5137175353184804,-0.4108983138466731,-0.3765000563494487,0,-0.6353305350929035,-0.5163326959209438,-0.15077180321865358,-0.29218917121428106,-0.4245737744096201,-0.5842386329661164,-0.8419617072731085,0,-0.4145904373724111,-0.3578613547816576,-0.19882768822626806,-0.3970939391460635,0,-0.22591864878275972,-2.327071435736007,-2.391639046803562,0,-2.757262360481227,-1.1611320497367261,0,-0.11286682731924635,-2.3980911491215156,-0.2350227878929343,-0.3657467790955574,-0.45579309365666587,-1.0564385966013288,-2.000371463264226,0,-0.6363312660815922,0,-5.031950132595758,-3.899463984655296,-4.192539345346443,-1.3452611494241438,-3.7198552865518177,0,-2.5041942857437887,-2.3225018812010565,-1.20063925772454,0,-2.1193161205902142,-1.8599579278518665,-0.5305984363838809,-0.7635450978622427,-0.2523371536930603,-0.5839476432710362,-0.22357410501416064,0,-0.24387866851483692,-0.6512721490593867,-0.9187462254489795,-0.9632762559688319,0,-0.5524979927604022],"activity":[[0]],"dinucleotide":[],"positionBias":[],"modifications":[]}]},"modelFittingConstraints":{"enrichmentModel":[{}],"nShifts":0,"addBindingModesSequentially":true,"bindingModeInteractions":[],"flankLengths":[0],"singleModeLengthSweep":false,"bindingModes":[{"maxFlankLength":-1,"positionBiasBinWidth":1,"optimizeSizeHeuristic":false,"maxSize":-1,"optimizeFlankLength":false,"symmetryString":"null","roundSpecificActivity":true,"informationThreshold":0.1,"optimizeMotifShift":false,"fittingStages":[],"optimizeMotifShiftHeuristic":false,"experimentSpecificPositionBias":true,"minSize":-1,"experimentSpecificActivity":true,"optimizeSize":false}]}}
