{"modelSettings":{"letterOrder":"ACGTN","bindingModeInteractions":[],"bindingModes":[{"size":13,"fitLogActivity":true,"flankLength":0,"dinucleotideDistance":0,"componentName":"Binding mode 1","positionBias":false,"singleStrand":false,"modifications":[]}],"letterComplement":"C-G,A-T,N-N"},"coefficients":{"bindingModeInteractions":[],"bindingModes":[{"mononucleotide":[0,-0.4732896464490697,-0.37986436002148594,-0.3853450517862349,-0.29198475896169157,0,-0.6926773806363289,-0.6406963014747764,-0.4826275180495525,-0.4138804124550481,-0.928617110967997,-1.481944934862962,-2.0513328921018967,0,-0.8261881116813867,-2.762326081472489,-3.118918463199749,0,-3.839779223446019,-1.2650967026830344,-3.272123965411343,-2.1244750318738967,-4.0879878851563545,0,-1.2257120483472557,0,-1.252269825011774,-0.9992463201683583,-0.8181679893785345,-0.6466208640441503,-0.42338480451106975,-1.476833966893535,-0.2309725650845209,0,-0.4016172509243429,-1.7542752597832414,0,-1.9492321500809946,-1.402601913770348,-0.9407293539395085,0,-0.7370748324204963,-0.5099165351357504,-0.9683443870093886,-0.4866337581422152,0,-0.8483281115858063,-0.739238212728361,-0.38517741387267,-0.4362062270224055,-0.3821379175817894,-0.632357393152966,-0.9203284527642186,0,-0.4261295861861772,-0.4302524911268666,-0.48227780587720837,-0.764539405440221,0,-0.3807961400568516,-0.3789978940971177,-0.35761071362029195,-0.5478355550361051,0,-0.3003984976211037],"activity":[[0]],"dinucleotide":[],"positionBias":[],"modifications":[]}]},"modelFittingConstraints":{"enrichmentModel":[{}],"nShifts":0,"addBindingModesSequentially":true,"bindingModeInteractions":[],"flankLengths":[0],"singleModeLengthSweep":false,"bindingModes":[{"maxFlankLength":-1,"positionBiasBinWidth":1,"optimizeSizeHeuristic":false,"maxSize":-1,"optimizeFlankLength":false,"symmetryString":"null","roundSpecificActivity":true,"informationThreshold":0.1,"optimizeMotifShift":false,"fittingStages":[],"optimizeMotifShiftHeuristic":false,"experimentSpecificPositionBias":true,"minSize":-1,"experimentSpecificActivity":true,"optimizeSize":false}]}}
