{"modelSettings":{"letterOrder":"ACGTN","bindingModeInteractions":[],"bindingModes":[{"size":12,"fitLogActivity":true,"flankLength":0,"dinucleotideDistance":0,"componentName":"Binding mode 1","positionBias":false,"singleStrand":false,"modifications":[]}],"letterComplement":"C-G,A-T,N-N"},"coefficients":{"bindingModeInteractions":[],"bindingModes":[{"mononucleotide":[-0.14026415961517813,-0.013176528089555717,0,-0.07090083118328128,-0.054563692262234814,-0.1638138379930707,-0.16066095003576386,0,-0.20664815362173172,-0.1296001162185685,-0.0166052989580594,-0.4396339550621775,0,-0.5756504474836843,-0.2262286185502652,-1.204934744470745,-0.7870557342371598,-1.3388047286528162,0,-0.6846566309729294,-1.4331431760136522,-0.916217135654392,0,-0.6029946125009769,-0.6043316962100667,0,-4.672768590430241,-1.5058256644254986,-3.7803572941197423,-1.1599599431494545,-4.682245264600892,0,-3.2909546282867495,-1.7497592806749884,-1.1872039528425735,-1.6985626467470667,-2.1440762128053326,0,-3.360532502797364,-1.0974834556730726,-0.7565443676125381,-0.43335107293644315,-1.2435889123338815,0,-0.5083430203497261,0,-0.5558675367718129,-0.26955644096315634,-0.5500310891573341,-0.31669061600569837,-0.16827837101937027,-0.24226023662007323,-0.23124682566876853,0,-0.15562684511873154,-0.18465548691954004,0,-0.20968036351316233,-0.1641766220020342,-0.13615592863321285],"activity":[[0]],"dinucleotide":[],"positionBias":[],"modifications":[]}]},"modelFittingConstraints":{"enrichmentModel":[{}],"nShifts":0,"addBindingModesSequentially":true,"bindingModeInteractions":[],"flankLengths":[0],"singleModeLengthSweep":false,"bindingModes":[{"maxFlankLength":-1,"positionBiasBinWidth":1,"optimizeSizeHeuristic":false,"maxSize":-1,"optimizeFlankLength":false,"symmetryString":"null","roundSpecificActivity":true,"informationThreshold":0.1,"optimizeMotifShift":false,"fittingStages":[],"optimizeMotifShiftHeuristic":false,"experimentSpecificPositionBias":true,"minSize":-1,"experimentSpecificActivity":true,"optimizeSize":false}]}}
