{"modelSettings":{"letterOrder":"ACGTN","bindingModeInteractions":[],"bindingModes":[{"size":13,"fitLogActivity":true,"flankLength":0,"dinucleotideDistance":0,"componentName":"Binding mode 1","positionBias":false,"singleStrand":false,"modifications":[]}],"letterComplement":"C-G,A-T,N-N"},"coefficients":{"bindingModeInteractions":[],"bindingModes":[{"mononucleotide":[-0.42583390339603877,-0.6935795355481029,0,-0.165854061411288,-0.2876225539861541,-0.39408823210918964,-0.2846075705967168,-0.08693574383936031,0,-0.17932405870397902,0,-2.076885475351915,-0.12500311516476703,-0.2412786890059495,-0.3590217233555839,-2.3104519616319186,0,-2.2679867826412714,-3.011182657214019,-1.1615758930861109,-2.272106644195622,0,-2.5015862545057477,-4.109276521982803,-1.2027491276636286,-4.0764954994651355,-3.835600007035068,0,-3.996874896938211,-1.3309276131135093,-3.972378286349531,-3.4204280584586586,0,-1.3096778730624439,-1.1075768340269747,0,-3.9946330758055426,-3.7483607696728853,-3.8014377208173835,-1.3239684463339458,0,-2.5629330008016806,-1.7828919098898468,-0.7354473327148052,-0.8413453135305585,-0.7311662694554113,-0.9365465791356828,0,-3.26914846703466,-0.7384765805569539,-1.99558616243363,-0.8565400488319939,-1.4091472831752019,0,-0.7957812791983119,-0.2869033074506264,-0.2725423955447681,0,-0.06887590815555722,-0.14923463031727538,-0.15981552091728313,-0.294450581491033,0,-0.02979557808231581,-0.11432118177259236],"activity":[[0]],"dinucleotide":[],"positionBias":[],"modifications":[]}]},"modelFittingConstraints":{"enrichmentModel":[{}],"nShifts":0,"addBindingModesSequentially":true,"bindingModeInteractions":[],"flankLengths":[0],"singleModeLengthSweep":false,"bindingModes":[{"maxFlankLength":-1,"positionBiasBinWidth":1,"optimizeSizeHeuristic":false,"maxSize":-1,"optimizeFlankLength":false,"symmetryString":"null","roundSpecificActivity":true,"informationThreshold":0.1,"optimizeMotifShift":false,"fittingStages":[],"optimizeMotifShiftHeuristic":false,"experimentSpecificPositionBias":true,"minSize":-1,"experimentSpecificActivity":true,"optimizeSize":false}]}}
