{"modelSettings":{"letterOrder":"ACGTN","bindingModeInteractions":[],"bindingModes":[{"size":14,"fitLogActivity":true,"flankLength":0,"dinucleotideDistance":0,"componentName":"Binding mode 2","positionBias":false,"singleStrand":false,"modifications":[]}],"letterComplement":"C-G,A-T,N-N"},"coefficients":{"bindingModeInteractions":[],"bindingModes":[{"mononucleotide":[-0.21194447593701327,0,-0.09886657445794889,-0.025513492399868554,-0.0807539752053394,0,-0.33659848717791796,-0.17047434085434965,-0.29663060712627676,-0.1921359186617399,0,-0.5047989274500857,-0.26066601322546745,-0.4114632265078928,-0.27547519649158775,0,-1.9649753978656204,-1.0886843297494995,-1.412053481235267,-0.843702127381087,-1.269311144093166,0,-1.0205297207548263,-1.1438923510436254,-0.7133469743392095,-1.7151154416485639,0,-3.0838025350871394,-4.153360010312397,-1.1700229206132837,-5.619498390646833,-4.817966323341958,0,-5.122378444170499,-1.3687771915963123,-3.82914087973154,-4.270935078411536,0,-3.971607818442067,-1.3331896110550758,0,-4.4107637220904214,-4.617061104119294,-4.265512027002521,-1.3508573667014423,0,-2.6396428992766667,-3.703192331273872,-0.2891567690418917,-0.7738550429208926,-0.36015695747246923,-1.512560686242911,0,-0.9711259371262289,-0.5548783940165616,-0.5453596437276484,-0.553009042723895,-1.3886795959556304,0,-0.5090546764228931,0,-0.1222004382197115,-0.38835143419519547,-0.556222791383441,-0.24318184097394635,-0.5098635432242626,0,-0.1811171878311919,-0.8091541752519218,-0.32845212310977623],"activity":[[0]],"dinucleotide":[],"positionBias":[],"modifications":[]}]},"modelFittingConstraints":{"enrichmentModel":[{}],"nShifts":0,"addBindingModesSequentially":true,"bindingModeInteractions":[],"flankLengths":[0],"singleModeLengthSweep":false,"bindingModes":[{"maxFlankLength":-1,"positionBiasBinWidth":1,"optimizeSizeHeuristic":false,"maxSize":-1,"optimizeFlankLength":false,"symmetryString":"null","roundSpecificActivity":true,"informationThreshold":0.1,"optimizeMotifShift":false,"fittingStages":[],"optimizeMotifShiftHeuristic":false,"experimentSpecificPositionBias":true,"minSize":-1,"experimentSpecificActivity":true,"optimizeSize":false}]}}
