{"modelSettings":{"letterOrder":"ACGTN","bindingModeInteractions":[],"bindingModes":[{"size":12,"fitLogActivity":true,"flankLength":0,"dinucleotideDistance":0,"componentName":"Binding mode 1","positionBias":false,"singleStrand":false,"modifications":[]}],"letterComplement":"C-G,A-T,N-N"},"coefficients":{"bindingModeInteractions":[],"bindingModes":[{"mononucleotide":[-0.25712919836197123,0,-0.2032189846767567,-0.15700092466232185,-0.14964013615293748,-0.4401497319435723,0,-0.4254730853234596,-0.043655816067852626,-0.2061991878072928,0,-1.3113728392980848,-0.5659871396588669,-0.8360065986893432,-0.5662118321038963,-2.659769054470325,0,-1.6514623383743132,-0.11329353978631573,-0.6186789786480215,-1.618992311480947,-3.7370015598307402,-2.360214017439442,0,-1.111451606404276,-2.062760037018557,-3.3209789889624304,-3.33511357282803,0,-1.2049477171700276,-3.2575765184689907,0,-4.097822667400614,-3.648927865722394,-1.308306668413994,-4.577126356911596,0,-3.5627716649906693,-3.8502459735292645,-1.328101850843926,-1.5480520361442844,-0.26339565955613553,0,-0.6231830435802457,-0.46309376351301557,-1.4622152432093358,-0.7124254055156256,0,-0.9815790846620178,-0.6458369163085471,-0.9529603751943245,-0.8665951274977179,0,-0.6309659377722894,-0.5369746002076462,0,-0.7417910464336375,-1.2475915445591081,-0.3886205306053703,-0.4937033386912195],"activity":[[0]],"dinucleotide":[],"positionBias":[],"modifications":[]}]},"modelFittingConstraints":{"enrichmentModel":[{}],"nShifts":0,"addBindingModesSequentially":true,"bindingModeInteractions":[],"flankLengths":[0],"singleModeLengthSweep":false,"bindingModes":[{"maxFlankLength":-1,"positionBiasBinWidth":1,"optimizeSizeHeuristic":false,"maxSize":-1,"optimizeFlankLength":false,"symmetryString":"null","roundSpecificActivity":true,"informationThreshold":0.1,"optimizeMotifShift":false,"fittingStages":[],"optimizeMotifShiftHeuristic":false,"experimentSpecificPositionBias":true,"minSize":-1,"experimentSpecificActivity":true,"optimizeSize":false}]}}
