{"modelSettings":{"letterOrder":"ACGTN","bindingModeInteractions":[],"bindingModes":[{"size":18,"fitLogActivity":true,"flankLength":0,"dinucleotideDistance":0,"componentName":"Binding mode 1","positionBias":false,"singleStrand":false,"modifications":[]}],"letterComplement":"C-G,A-T,N-N"},"coefficients":{"bindingModeInteractions":[],"bindingModes":[{"mononucleotide":[-0.5821595370702575,-0.4808281500403506,0,-0.08306122922653358,-0.2557776398830202,-0.9440673312681973,-1.5549766713300865,0,-1.0129423420825994,-0.7116241041547547,-1.0596011022007588,0,-0.6495693614485525,-0.3119728525921879,-0.43044986522594864,-0.02451294533955739,-0.4105422350253978,0,-1.4214538780027972,-0.32835185640976444,-0.08537851402251384,0,-0.821126014527124,-0.9287125776969347,-0.37354404614129844,-1.589842402320702,0,-1.979180288157318,-3.1199442521908387,-1.0596561465762209,0,-1.8972107353663823,-1.1245350714977942,-1.7226657016754796,-0.8834731207369102,-1.8419049940365415,-0.9950888873509669,0,-0.3146281573754752,-0.5716970806081799,-0.2638882854918698,0,-1.0569632899059105,-3.387517191616301,-0.621123629835747,-3.359843272855835,-3.775089528875149,-3.4587649480848213,0,-1.3009019787368878,-4.94214264756619,-5.643375828605041,0,-5.281002912064057,-1.3706498709776893,-1.8057815066015142,-1.026782460447631,-0.6945579435001754,0,-0.6823068600665474,-2.6378929442891472,-0.4710133575662159,-0.8316062842685579,0,-0.629594868379626,0,-1.9926946406766053,-0.3641863283891489,-1.9164295261543085,-0.7040965774507436,-2.156320042113469,0,-2.741962278897722,-1.8237000600808138,-1.0924154680242628,-0.05773090989771745,0,-0.484620655069687,-0.7126967396887984,-0.27110199857687434,0,-0.030672086606913673,-0.46160922401735593,-0.17417543908393185,-0.1507613786754028,-0.06518864351960296,0,-0.07481590794843562,-0.114353691998752,-0.06274082388850208],"activity":[[0]],"dinucleotide":[],"positionBias":[],"modifications":[]}]},"modelFittingConstraints":{"enrichmentModel":[{}],"nShifts":0,"addBindingModesSequentially":true,"bindingModeInteractions":[],"flankLengths":[0],"singleModeLengthSweep":false,"bindingModes":[{"maxFlankLength":-1,"positionBiasBinWidth":1,"optimizeSizeHeuristic":false,"maxSize":-1,"optimizeFlankLength":false,"symmetryString":"null","roundSpecificActivity":true,"informationThreshold":0.1,"optimizeMotifShift":false,"fittingStages":[],"optimizeMotifShiftHeuristic":false,"experimentSpecificPositionBias":true,"minSize":-1,"experimentSpecificActivity":true,"optimizeSize":false}]}}
