{"modelSettings":{"letterOrder":"ACGTN","bindingModeInteractions":[],"bindingModes":[{"size":12,"fitLogActivity":true,"flankLength":0,"dinucleotideDistance":0,"componentName":"Binding mode 1","positionBias":false,"singleStrand":false,"modifications":[]}],"letterComplement":"C-G,A-T,N-N"},"coefficients":{"bindingModeInteractions":[],"bindingModes":[{"mononucleotide":[-0.07880999214789686,0,-0.09415470401008985,-0.047213769825769525,-0.0543925845981846,0,-0.6949767236438396,-0.2561819124806126,-0.7157856605301074,-0.37037727062156567,-1.6714476168667065,0,-0.9415822759439063,-0.23358824036217207,-0.5235425040869289,-0.3438274363451521,-1.8465815778467374,-1.0160340733117872,0,-0.5848064789173706,-2.338823493846669,-3.1677724844810404,-2.813852284522844,0,-1.2052137301062371,-1.1530916124889643,0,-3.559394665941037,-2.30717781508565,-1.019114752853601,-4.209414497928191,0,-2.3077824779500054,-4.592405678031033,-1.268986872748392,-3.21552124260258,-1.5932773652424566,0,-1.1164414021250808,-0.9346865666830322,-1.3012906906627917,-0.7627381349711113,0,-0.8267699466612868,-0.6087931937994003,-0.1278590248054865,-0.18140375602482006,-0.6938002938892547,0,-0.21885603905179354,-0.2705285095641212,-0.11672876666492105,0,-0.18889208877438257,-0.13906711576673825,0,-0.19700431506140514,-0.26831895033875774,-0.13902331570345128,-0.14616553087835432],"activity":[[0]],"dinucleotide":[],"positionBias":[],"modifications":[]}]},"modelFittingConstraints":{"enrichmentModel":[{}],"nShifts":0,"addBindingModesSequentially":true,"bindingModeInteractions":[],"flankLengths":[0],"singleModeLengthSweep":false,"bindingModes":[{"maxFlankLength":-1,"positionBiasBinWidth":1,"optimizeSizeHeuristic":false,"maxSize":-1,"optimizeFlankLength":false,"symmetryString":"null","roundSpecificActivity":true,"informationThreshold":0.1,"optimizeMotifShift":false,"fittingStages":[],"optimizeMotifShiftHeuristic":false,"experimentSpecificPositionBias":true,"minSize":-1,"experimentSpecificActivity":true,"optimizeSize":false}]}}
