{"modelSettings":{"letterOrder":"ACGTN","bindingModeInteractions":[],"bindingModes":[{"size":12,"fitLogActivity":true,"flankLength":0,"dinucleotideDistance":0,"componentName":"Binding mode 1","positionBias":false,"singleStrand":false,"modifications":[]}],"letterComplement":"C-G,A-T,N-N"},"coefficients":{"bindingModeInteractions":[],"bindingModes":[{"mononucleotide":[-0.0141566493476315,-0.6831710084767879,0,-0.5262377783581611,-0.26078709409393935,-1.7008822482626722,-1.1709512916775373,0,-0.5995558439126141,-0.6725362019606892,-2.1175522368660613,-3.5337909100499068,0,-1.4093568306564044,-1.0542460453396814,-2.1246571635236826,-3.0955256840500462,-1.2133404429743933,0,-1.0065382691830105,-1.9537347263022666,0,-0.8808627721569768,-1.5452699951107198,-0.8156407452883253,0,-2.5281594723277236,-0.10785601038227233,-2.1001097652134106,-0.6443543438944038,-0.4753591158285455,0,-0.31754276424488204,-0.1407911866484297,-0.21745103413887118,-0.7360238047549239,-0.07162210900037147,0,-0.4583366385466201,-0.2737029164371182,-0.38471918615648937,-0.3885507154324155,0,-0.3776876835384342,-0.27308081821234337,-0.6445764752923124,-0.3593845328574745,-0.5459269434114944,0,-0.35585556412917,-0.48617956294570375,-0.5182534849803333,0,-0.5900129551000779,-0.36930751817262697,0,-0.41680320848678276,-0.3315349952617268,-0.4328825786500836,-0.2791821959704999],"activity":[[0]],"dinucleotide":[],"positionBias":[],"modifications":[]}]},"modelFittingConstraints":{"enrichmentModel":[{}],"nShifts":0,"addBindingModesSequentially":true,"bindingModeInteractions":[],"flankLengths":[0],"singleModeLengthSweep":false,"bindingModes":[{"maxFlankLength":-1,"positionBiasBinWidth":1,"optimizeSizeHeuristic":false,"maxSize":-1,"optimizeFlankLength":false,"symmetryString":"null","roundSpecificActivity":true,"informationThreshold":0.1,"optimizeMotifShift":false,"fittingStages":[],"optimizeMotifShiftHeuristic":false,"experimentSpecificPositionBias":true,"minSize":-1,"experimentSpecificActivity":true,"optimizeSize":false}]}}
