{"modelSettings":{"letterOrder":"ACGTN","bindingModeInteractions":[],"bindingModes":[{"size":14,"fitLogActivity":true,"flankLength":0,"dinucleotideDistance":0,"componentName":"Binding mode 1","positionBias":false,"singleStrand":false,"modifications":[]}],"letterComplement":"C-G,A-T,N-N"},"coefficients":{"bindingModeInteractions":[],"bindingModes":[{"mononucleotide":[-0.07436401583602947,0,-0.0216497606309769,-0.18284191862006516,-0.06725783412238506,-0.2348999051692804,0,-0.32078181000528083,-0.08906323684642459,-0.1534369844778032,-0.16985930428248341,-0.7386331840655784,-1.2524691447562422,0,-0.427960648225337,0,-0.7608161728316509,-0.20975046634602634,-0.7427145050070307,-0.37327918852800335,-0.013925158360174272,-0.7424479610902499,-0.36132863742625254,0,-0.2360803980905636,-0.7476898169225668,-1.6912464869087946,0,-1.3231469560581672,-0.7318647795086867,-2.4851483219847537,-0.20493936762267229,-3.313974798615376,0,-0.7265068657660914,0,-0.6371501845216456,-3.2731499992191333,-1.9823478568257493,-0.853063852186755,0,-1.0508553501884976,-4.026037661427928,-2.1311397980064712,-0.9900816743860887,0,-3.3220638228145836,-2.534435961466509,-2.8988241328219355,-1.228886683383897,-5.9053254062573926,0,-2.7891360432005983,-0.17459335121058395,-0.7423386582461332,0,-2.4308762895860614,-1.9404131487503617,-1.8823541493417966,-1.061435282723919,-0.259004013309192,-0.4491038584264757,-0.49191865273778035,0,-0.28055028353206174,-0.2898421438565788,-0.5362611736916416,-0.4068524310783781,0,-0.28799704009321575],"activity":[[0]],"dinucleotide":[],"positionBias":[],"modifications":[]}]},"modelFittingConstraints":{"enrichmentModel":[{}],"nShifts":0,"addBindingModesSequentially":true,"bindingModeInteractions":[],"flankLengths":[0],"singleModeLengthSweep":false,"bindingModes":[{"maxFlankLength":-1,"positionBiasBinWidth":1,"optimizeSizeHeuristic":false,"maxSize":-1,"optimizeFlankLength":false,"symmetryString":"null","roundSpecificActivity":true,"informationThreshold":0.1,"optimizeMotifShift":false,"fittingStages":[],"optimizeMotifShiftHeuristic":false,"experimentSpecificPositionBias":true,"minSize":-1,"experimentSpecificActivity":true,"optimizeSize":false}]}}
