{"modelSettings":{"letterOrder":"ACGTN","bindingModeInteractions":[],"bindingModes":[{"size":17,"fitLogActivity":true,"flankLength":0,"dinucleotideDistance":0,"componentName":"Binding mode 1","positionBias":false,"singleStrand":false,"modifications":[]}],"letterComplement":"C-G,A-T,N-N"},"coefficients":{"bindingModeInteractions":[],"bindingModes":[{"mononucleotide":[-0.731981894948639,0,-0.35025223471986777,-0.3910480157301004,-0.3348390601166018,-0.21835189788475873,0,-0.16050419782257386,-0.44916186306345374,-0.19427686809046057,-1.0108018245317405,-0.15397928713267195,-0.9671723258962199,0,-0.4302548582262641,-0.606330547622135,-1.125937377875565,-2.5710326916949766,0,-0.7204396711660496,0,-1.991002237909196,-0.41826333251456926,-1.245725719187198,-0.6527351602262212,0,-1.7232104147474159,-0.9485911310217441,-0.1787836938309031,-0.5099654763695929,-1.3284198636156086,-4.1004946136909535,0,-3.2396746196606934,-1.1081804510245123,-3.9165947085740473,-0.4472183379090149,-3.298314153512375,0,-0.8578694411021526,0,-0.6638723719057769,-0.7869876155912987,-0.2665129825329622,-0.379755756213754,0,-0.45059893297714826,-3.243331719263005,-0.25986458272661483,-0.4912534130730806,0,-4.369025150201278,-3.752814569651973,-4.7180635839789975,-1.342231845169512,-4.326080871819337,0,-4.143252571569854,-0.09333435085671038,-0.7236170621367245,0,-3.220836798428807,-2.3092305797683315,-1.2955814467808295,-1.040580711013421,0,-1.307142397999156,-1.331407978855844,-0.241129879377187,-0.5445388695694207,-0.17656795350783572,-0.7050763697923239,-1.1430932064258421,0,-0.41134085633446366,-0.6397744048480662,-0.15511925612165367,-0.24839693665349216,0,-0.23452852292226764,-0.14839201463160911,0,-0.10665759328864954,-0.7058696265082531,-0.2062232744929995],"activity":[[0]],"dinucleotide":[],"positionBias":[],"modifications":[]}]},"modelFittingConstraints":{"enrichmentModel":[{}],"nShifts":0,"addBindingModesSequentially":true,"bindingModeInteractions":[],"flankLengths":[0],"singleModeLengthSweep":false,"bindingModes":[{"maxFlankLength":-1,"positionBiasBinWidth":1,"optimizeSizeHeuristic":false,"maxSize":-1,"optimizeFlankLength":false,"symmetryString":"null","roundSpecificActivity":true,"informationThreshold":0.1,"optimizeMotifShift":false,"fittingStages":[],"optimizeMotifShiftHeuristic":false,"experimentSpecificPositionBias":true,"minSize":-1,"experimentSpecificActivity":true,"optimizeSize":false}]}}
