{"modelSettings":{"letterOrder":"ACGTN","bindingModeInteractions":[],"bindingModes":[{"size":13,"fitLogActivity":true,"flankLength":0,"dinucleotideDistance":0,"componentName":"Binding mode 1","positionBias":false,"singleStrand":false,"modifications":[]}],"letterComplement":"C-G,A-T,N-N"},"coefficients":{"bindingModeInteractions":[],"bindingModes":[{"mononucleotide":[-0.4744730149021965,0,-0.06198213785304851,-0.05123366747712499,-0.13006051181735653,-0.4614977084681726,-0.1867425950464643,0,-0.5191968008148073,-0.26951660178025677,0,-1.9699405005027257,-1.051427126586777,-1.186791745883066,-0.8017893502744753,-1.1734114461432057,-0.2186626113911725,-1.6474888445630995,0,-0.5510247556952963,-0.33092149980032826,-0.5770922236392497,0,-0.7720137227098887,-0.37765347248381304,-0.5258231010100918,-0.5104678200887953,0,-2.391969532081836,-0.5609210528206647,-0.15710922249481918,-0.4508386163976521,-1.8106434464992356,0,-0.4097543326884678,0,-0.001135963550296104,-2.2177037930367094,-2.040624597948173,-0.5808587743952983,0,-1.0407359570274055,-2.3418681325914514,-2.3906266010495534,-0.9539181014316181,0,-2.220748269497,-1.8202703738500636,-2.4554722384243384,-1.0815100122878443,-4.926895417333987,0,-3.7954909391005645,-0.7984675350577861,-0.9944286962747882,0,-2.8722821306845594,-2.207256175360839,-2.2390166039299624,-1.144812008138373,0,-0.26740044489034576,-0.20512227768940594,-0.31933937769611553,-0.19039108661841395],"activity":[[0]],"dinucleotide":[],"positionBias":[],"modifications":[]}]},"modelFittingConstraints":{"enrichmentModel":[{}],"nShifts":0,"addBindingModesSequentially":true,"bindingModeInteractions":[],"flankLengths":[0],"singleModeLengthSweep":false,"bindingModes":[{"maxFlankLength":-1,"positionBiasBinWidth":1,"optimizeSizeHeuristic":false,"maxSize":-1,"optimizeFlankLength":false,"symmetryString":"null","roundSpecificActivity":true,"informationThreshold":0.1,"optimizeMotifShift":false,"fittingStages":[],"optimizeMotifShiftHeuristic":false,"experimentSpecificPositionBias":true,"minSize":-1,"experimentSpecificActivity":true,"optimizeSize":false}]}}
