{"modelSettings":{"letterOrder":"ACGTN","bindingModeInteractions":[],"bindingModes":[{"size":12,"fitLogActivity":true,"flankLength":0,"dinucleotideDistance":0,"componentName":"Binding mode 1","positionBias":false,"singleStrand":false,"modifications":[]}],"letterComplement":"C-G,A-T,N-N"},"coefficients":{"bindingModeInteractions":[],"bindingModes":[{"mononucleotide":[0,-0.17620454347996262,-0.03759104372775468,-0.1443884778520932,-0.08689193927263276,-0.19754659307007838,-0.2541937938401251,-0.311093195876869,0,-0.18364373519386168,-0.2009306883905575,-0.19170581127274033,0,-0.14811117427540665,-0.13186019994547277,0,-0.22372007173126196,-0.10073232179678282,-0.2628085414082504,-0.1413898931486371,-0.6703201033618562,0,-0.9288768976881885,-0.2406727574568892,-0.3957719698067608,-1.130419472439804,-2.800539987385207,0,-4.6903185001225145,-1.054936052097505,-2.9579986950487904,-1.99550955093058,-3.2757510468976347,0,-1.1828185010388943,-1.6901846431669156,0,-1.226359157038837,-2.5257053772930713,-0.9429902459383857,0,-1.7903453427628633,-1.6276538477853468,-2.4488224169961272,-1.0149462901479436,-1.8095181265508549,-0.6391667962070184,-1.5957362342687391,0,-0.7474850202276154,-0.5144912864796365,0,-0.6113934862562425,-0.3814913685567709,-0.3484087911525633,-0.14305503912504802,-0.11929734283595961,0,-0.40846694496186764,-0.15697004006790188],"activity":[[0]],"dinucleotide":[],"positionBias":[],"modifications":[]}]},"modelFittingConstraints":{"enrichmentModel":[{}],"nShifts":0,"addBindingModesSequentially":true,"bindingModeInteractions":[],"flankLengths":[0],"singleModeLengthSweep":false,"bindingModes":[{"maxFlankLength":-1,"positionBiasBinWidth":1,"optimizeSizeHeuristic":false,"maxSize":-1,"optimizeFlankLength":false,"symmetryString":"null","roundSpecificActivity":true,"informationThreshold":0.1,"optimizeMotifShift":false,"fittingStages":[],"optimizeMotifShiftHeuristic":false,"experimentSpecificPositionBias":true,"minSize":-1,"experimentSpecificActivity":true,"optimizeSize":false}]}}
