{"modelSettings":{"letterOrder":"ACGTN","bindingModeInteractions":[],"bindingModes":[{"size":14,"fitLogActivity":true,"flankLength":0,"dinucleotideDistance":0,"componentName":"Binding mode 1","positionBias":false,"singleStrand":false,"modifications":[]}],"letterComplement":"C-G,A-T,N-N"},"coefficients":{"bindingModeInteractions":[],"bindingModes":[{"mononucleotide":[0,-0.3599788344618471,-0.5529399401554143,-0.07958924681294821,-0.22425579664294765,-0.04040815722387414,-0.5007898862518925,-0.48979553186556757,0,-0.2296645184821084,-2.5739244152563443,-2.372816811525262,-2.9963954635723904,0,-1.187918691121313,-0.37802743425848817,-3.561124917874867,0,-5.197623737789481,-0.844465400913455,-3.425991262929702,-3.0274503287968337,-3.789058706024555,0,-1.2877413564651246,-2.633992862260429,-4.366102891661968,-1.4495790529307846,0,-1.1092984878160634,-3.0009015442850697,-4.166131757363324,-1.2946578512627247,0,-1.0941876320436528,0,-3.9965593471881,-0.42099887658332147,-3.0733833133899227,-0.8433691073518418,-2.104727133974134,0,-2.410283093922707,-0.8835756427452806,-0.9008042421606425,-0.14243862042329614,-0.3977907266462548,-1.005021057177188,0,-0.3198333244218466,-1.0085748160941121,-0.29522777450896864,-1.1126833293930596,0,-0.4952080974582314,0,-1.8061478597147165,-1.4533271278687367,-0.2724129078759132,-0.6163636267840006,0,-0.21373895253567987,-0.08178864856942081,-0.12633284613176343,-0.10249038461474201,-0.36787798980981945,0,-0.19348576084722735,-0.07729617211652506,-0.15027104378018907],"activity":[[0]],"dinucleotide":[],"positionBias":[],"modifications":[]}]},"modelFittingConstraints":{"enrichmentModel":[{}],"nShifts":0,"addBindingModesSequentially":true,"bindingModeInteractions":[],"flankLengths":[0],"singleModeLengthSweep":false,"bindingModes":[{"maxFlankLength":-1,"positionBiasBinWidth":1,"optimizeSizeHeuristic":false,"maxSize":-1,"optimizeFlankLength":false,"symmetryString":"null","roundSpecificActivity":true,"informationThreshold":0.1,"optimizeMotifShift":false,"fittingStages":[],"optimizeMotifShiftHeuristic":false,"experimentSpecificPositionBias":true,"minSize":-1,"experimentSpecificActivity":true,"optimizeSize":false}]}}
