{"modelSettings":{"letterOrder":"ACGTN","bindingModeInteractions":[],"bindingModes":[{"size":16,"fitLogActivity":true,"flankLength":0,"dinucleotideDistance":0,"componentName":"Binding mode 1","positionBias":false,"singleStrand":false,"modifications":[]}],"letterComplement":"C-G,A-T,N-N"},"coefficients":{"bindingModeInteractions":[],"bindingModes":[{"mononucleotide":[-0.15990358047567277,-0.022268727620172513,0,-0.11449033525133068,-0.07202678056055992,0,-0.1996911255634508,-0.18896761345510882,-0.041451890430614924,-0.10364185902077712,-0.6461854825239595,-0.739356456500234,-0.7116709154620029,0,-0.4730942491870081,-1.7672943853790843,-2.5277377543444413,-2.653343072544435,0,-1.10786800387265,-2.164469076504328,-5.4169505179287345,0,-6.167173989000305,-1.2717622072519035,-4.16247975707975,-2.2827190386670755,-4.6033864066729695,0,-1.2662088879842919,-2.000010431111411,-3.1061199542406968,-1.3276220630105229,0,-1.018036167103143,-0.5998512670458567,-3.121105683868107,-0.6136007356006168,0,-0.628108988438691,-0.15945173729405937,-1.8900260915995606,-0.6408380124331234,0,-0.45786570699985407,-1.731493474023376,-0.31740097830687297,-0.922186823457567,0,-0.5522089262841967,0,-0.9918078221341222,-1.0232500448294815,-0.08374958175597058,-0.41173775002859914,-1.985324055833499,-0.8390416764656266,-2.160653676178015,0,-0.8647007392110971,0,-3.1016243223484303,-1.768545167866471,-0.5496103021968217,-0.8025537857707946,-0.15190328536351672,-1.3870553113021704,0,-1.6657383501962424,-0.5542846786931164,-0.7330686181087378,-0.24324898372196646,0,-0.4572013127986647,-0.32242480027554327,-0.31540016192739273,-0.17556117122662585,0,-0.20837000452986754,-0.16830340832938265],"activity":[[0]],"dinucleotide":[],"positionBias":[],"modifications":[]}]},"modelFittingConstraints":{"enrichmentModel":[{}],"nShifts":0,"addBindingModesSequentially":true,"bindingModeInteractions":[],"flankLengths":[0],"singleModeLengthSweep":false,"bindingModes":[{"maxFlankLength":-1,"positionBiasBinWidth":1,"optimizeSizeHeuristic":false,"maxSize":-1,"optimizeFlankLength":false,"symmetryString":"null","roundSpecificActivity":true,"informationThreshold":0.1,"optimizeMotifShift":false,"fittingStages":[],"optimizeMotifShiftHeuristic":false,"experimentSpecificPositionBias":true,"minSize":-1,"experimentSpecificActivity":true,"optimizeSize":false}]}}
