{"modelSettings":{"letterOrder":"ACGTN","bindingModeInteractions":[],"bindingModes":[{"size":14,"fitLogActivity":true,"flankLength":0,"dinucleotideDistance":0,"componentName":"Binding mode 1","positionBias":false,"singleStrand":false,"modifications":[]}],"letterComplement":"C-G,A-T,N-N"},"coefficients":{"bindingModeInteractions":[],"bindingModes":[{"mononucleotide":[0,-0.29552204383832503,-0.0929519794949929,-0.1972468477217717,-0.14030622797332218,-0.7482097544889772,-0.3278055017054289,0,-0.15511625487234504,-0.27114236865301505,0,-0.670332993395804,-2.284209024477814,-2.0374576927327697,-0.8302549552784777,0,-3.3874716277757075,-3.6589402921984444,-3.656192087709721,-1.3043600630601018,0,-4.0890041335775535,-3.9170327723647214,-4.3276029706446755,-1.3376421917381773,-4.024579919876442,-3.8702086820396895,-4.099661564142122,0,-1.3324662117460884,-4.132521461318805,0,-1.4715120307402882,-4.272341117067457,-1.1555243179809633,0,-2.5548104210522133,-3.5394736032310714,-0.7849796817586556,-0.939773983091513,-1.3093613170585119,0,-0.01842074247400305,-3.2187299712928272,-0.5569803197617023,-0.1645693103344632,-2.9532815410891926,-0.3044320498001323,0,-0.41628493046414305,-1.4875885282358405,-2.891285026964787,0,-2.136461137876001,-1.0501839202328946,-1.9999453408381382,0,-2.39459293594743,-0.6257286819748273,-0.8201717794503925,0,-0.30955373353967275,-0.0775204125361908,-0.21707754286061665,-0.14385592725731472,-0.32264376962711516,-0.25978921418636425,-0.48083928244616647,0,-0.2504793533436693],"activity":[[0]],"dinucleotide":[],"positionBias":[],"modifications":[]}]},"modelFittingConstraints":{"enrichmentModel":[{}],"nShifts":0,"addBindingModesSequentially":true,"bindingModeInteractions":[],"flankLengths":[0],"singleModeLengthSweep":false,"bindingModes":[{"maxFlankLength":-1,"positionBiasBinWidth":1,"optimizeSizeHeuristic":false,"maxSize":-1,"optimizeFlankLength":false,"symmetryString":"null","roundSpecificActivity":true,"informationThreshold":0.1,"optimizeMotifShift":false,"fittingStages":[],"optimizeMotifShiftHeuristic":false,"experimentSpecificPositionBias":true,"minSize":-1,"experimentSpecificActivity":true,"optimizeSize":false}]}}
