{"modelSettings":{"letterOrder":"ACGTN","bindingModeInteractions":[],"bindingModes":[{"size":12,"fitLogActivity":true,"flankLength":0,"dinucleotideDistance":0,"componentName":"Binding mode 1","positionBias":false,"singleStrand":false,"modifications":[]}],"letterComplement":"C-G,A-T,N-N"},"coefficients":{"bindingModeInteractions":[],"bindingModes":[{"mononucleotide":[-0.08198218706847804,-0.14465438204890546,-0.08935429376317394,0,-0.077655861623046,-0.43987502924208144,0,-0.21618329384508783,-0.030787093048362024,-0.15683319921721284,-0.5489127818512944,0,-0.07696717884850734,-0.5688989058923095,-0.26473206901338564,-0.9649234150957327,-0.7447104033899414,-1.0948355452374958,0,-0.602174207482539,-0.9789137366959864,-2.0235362283557206,-1.2943886565453369,0,-0.8085739908216,0,-3.656047417572841,-3.52244554580966,-5.840068764859009,-1.3296586696310075,-4.064276478167592,-4.115936368573656,-3.979405868604536,0,-1.3354274820615004,-6.015578644964826,0,-6.08373802817853,-5.768789621086143,-1.3784813512757699,-0.15008559959945522,-1.5801986530133503,-0.14199763750042038,0,-0.30986231398606123,-0.21286170310141017,0,-0.017171149703822053,-0.19653085992044073,-0.10180591799606165,-0.09008388880230989,-0.11807488926657506,0,-0.032045278288751256,-0.058968263347299606,0,-0.13908434752258314,-0.04609175695385437,-0.04867628005241498,-0.05720590153816741],"activity":[[0]],"dinucleotide":[],"positionBias":[],"modifications":[]}]},"modelFittingConstraints":{"enrichmentModel":[{}],"nShifts":0,"addBindingModesSequentially":true,"bindingModeInteractions":[],"flankLengths":[0],"singleModeLengthSweep":false,"bindingModes":[{"maxFlankLength":-1,"positionBiasBinWidth":1,"optimizeSizeHeuristic":false,"maxSize":-1,"optimizeFlankLength":false,"symmetryString":"null","roundSpecificActivity":true,"informationThreshold":0.1,"optimizeMotifShift":false,"fittingStages":[],"optimizeMotifShiftHeuristic":false,"experimentSpecificPositionBias":true,"minSize":-1,"experimentSpecificActivity":true,"optimizeSize":false}]}}
