{"modelSettings":{"letterOrder":"ACGTN","bindingModeInteractions":[],"bindingModes":[{"size":12,"fitLogActivity":true,"flankLength":0,"dinucleotideDistance":0,"componentName":"Binding mode 1","positionBias":false,"singleStrand":false,"modifications":[]}],"letterComplement":"C-G,A-T,N-N"},"coefficients":{"bindingModeInteractions":[],"bindingModes":[{"mononucleotide":[-0.3559659125059431,-0.5840191678097604,0,-0.43768159309266164,-0.32031534356374025,-0.16620219480502652,-0.4116246611260621,0,-0.01616836864295479,-0.13541615632289297,-0.08742630484578484,-0.17373090351191767,-0.12188852493041136,0,-0.09374586921594413,-0.2744859413993197,-0.04422906207679578,0,-0.21088506027451803,-0.12597016054186702,0,-0.1891174054765239,-1.7078700121326165,-0.22020439769678912,-0.3526489332800833,-6.6253570103568595,-6.5340167139735055,0,-6.6475944452524285,-1.3822260452216069,0,-4.96818753957344,-5.1111639081797655,-4.370328611470529,-1.360985461303457,-6.730023192022586,-3.8484750774905856,-5.1781650179509455,0,-1.3585380954981678,0,-1.6621170001715528,-2.5259922146656204,-0.9303805099696563,-0.8769982628336557,0,-1.164660843736268,-0.6325247156239824,-0.840586539691011,-0.5644309278351741,-0.528327250805392,-0.13018404956183627,0,-0.48517337804520544,-0.26035401781662243,-0.08236876095063916,-0.2702599357805404,0,-0.48451064276578437,-0.19233796926574936],"activity":[[0]],"dinucleotide":[],"positionBias":[],"modifications":[]}]},"modelFittingConstraints":{"enrichmentModel":[{}],"nShifts":0,"addBindingModesSequentially":true,"bindingModeInteractions":[],"flankLengths":[0],"singleModeLengthSweep":false,"bindingModes":[{"maxFlankLength":-1,"positionBiasBinWidth":1,"optimizeSizeHeuristic":false,"maxSize":-1,"optimizeFlankLength":false,"symmetryString":"null","roundSpecificActivity":true,"informationThreshold":0.1,"optimizeMotifShift":false,"fittingStages":[],"optimizeMotifShiftHeuristic":false,"experimentSpecificPositionBias":true,"minSize":-1,"experimentSpecificActivity":true,"optimizeSize":false}]}}
