{"modelSettings":{"letterOrder":"ACGTN","bindingModeInteractions":[],"bindingModes":[{"size":12,"fitLogActivity":true,"flankLength":0,"dinucleotideDistance":0,"componentName":"Binding mode 1","positionBias":false,"singleStrand":false,"modifications":[]}],"letterComplement":"C-G,A-T,N-N"},"coefficients":{"bindingModeInteractions":[],"bindingModes":[{"mononucleotide":[-0.2025385585635271,0,-0.1901402381485986,-0.12875156953030364,-0.1270693110944445,-0.2816380649366752,-0.22325834523571553,0,-0.6375464425389628,-0.26037737614266865,-0.17086612490938302,-0.2655130022786323,0,-0.08958537417618295,-0.12668145293247138,-1.5448665920179043,-1.2487080004607218,-1.798190286536498,0,-0.8759805682333225,0,-1.0484243946363168,-0.7919017304640055,-0.5896803694630344,-0.528490497369224,0,-4.284103461508408,-3.1308498810536127,-5.033998433129356,-1.3242783768518323,-5.431665665551527,0,-4.083800872684024,-4.578358588203692,-1.3552891605277015,-2.585008200355787,-0.30156053671410854,-1.1854710334458876,0,-0.6345666670781617,0,-1.9390130861285022,-1.3708205362849273,-0.8488129097952348,-0.7843489627208133,-0.25857298461348277,-0.6259098303342179,0,-0.6242926774552067,-0.34158667102613405,-0.5098263413563435,-0.1495744791996576,-0.2245684116981046,0,-0.2044030393273842,-0.039877103007122106,-0.09368436438448846,-0.2957983461534117,0,-0.1010876903771801],"activity":[[0]],"dinucleotide":[],"positionBias":[],"modifications":[]}]},"modelFittingConstraints":{"enrichmentModel":[{}],"nShifts":0,"addBindingModesSequentially":true,"bindingModeInteractions":[],"flankLengths":[0],"singleModeLengthSweep":false,"bindingModes":[{"maxFlankLength":-1,"positionBiasBinWidth":1,"optimizeSizeHeuristic":false,"maxSize":-1,"optimizeFlankLength":false,"symmetryString":"null","roundSpecificActivity":true,"informationThreshold":0.1,"optimizeMotifShift":false,"fittingStages":[],"optimizeMotifShiftHeuristic":false,"experimentSpecificPositionBias":true,"minSize":-1,"experimentSpecificActivity":true,"optimizeSize":false}]}}
