{"modelSettings":{"letterOrder":"ACGTN","bindingModeInteractions":[],"bindingModes":[{"size":12,"fitLogActivity":true,"flankLength":0,"dinucleotideDistance":0,"componentName":"Binding mode 1","positionBias":false,"singleStrand":false,"modifications":[]}],"letterComplement":"C-G,A-T,N-N"},"coefficients":{"bindingModeInteractions":[],"bindingModes":[{"mononucleotide":[0,-0.1422779574709736,-0.0035105126613697024,-0.17089573182540985,-0.0761293755886126,-0.1543360914292391,-0.049758865370979066,-0.19085549147679082,0,-0.09576922776356754,-0.6019439593032967,-0.4550179110735666,0,-0.6217193578547082,-0.38595564047235925,-0.04695865789630105,-1.0248940956622965,0,-0.8925117275172347,-0.384711866763876,-4.380987045223389,0,-4.471772697064576,-3.3233435298305105,-1.3280516812969902,0,-4.6313158183954375,-2.4980601994200664,-2.6203141002817167,-1.2337738841304053,-3.95212852953695,0,-3.7631414365856406,-2.5465225398111015,-1.272271152357996,-1.761907580584265,-3.127039317273837,0,-2.3433954360399554,-1.115072876865555,-1.1445356816480983,-0.09901046543134928,-1.7218067692586227,0,-0.5096397242285843,-1.779035251047433,-1.5850804892138288,0,-1.084161929082807,-0.8486803864388746,-0.4327753764806088,0,-0.5294198199099389,-0.09402570034570346,-0.23955494591160725,-0.28320209741833224,0,-0.4808240930958263,-0.1593380576529575,-0.21556321996431677],"activity":[[0]],"dinucleotide":[],"positionBias":[],"modifications":[]}]},"modelFittingConstraints":{"enrichmentModel":[{}],"nShifts":0,"addBindingModesSequentially":true,"bindingModeInteractions":[],"flankLengths":[0],"singleModeLengthSweep":false,"bindingModes":[{"maxFlankLength":-1,"positionBiasBinWidth":1,"optimizeSizeHeuristic":false,"maxSize":-1,"optimizeFlankLength":false,"symmetryString":"null","roundSpecificActivity":true,"informationThreshold":0.1,"optimizeMotifShift":false,"fittingStages":[],"optimizeMotifShiftHeuristic":false,"experimentSpecificPositionBias":true,"minSize":-1,"experimentSpecificActivity":true,"optimizeSize":false}]}}
