{"modelSettings":{"letterOrder":"ACGTN","bindingModeInteractions":[],"bindingModes":[{"size":12,"fitLogActivity":true,"flankLength":0,"dinucleotideDistance":0,"componentName":"Binding mode 1","positionBias":false,"singleStrand":false,"modifications":[]}],"letterComplement":"C-G,A-T,N-N"},"coefficients":{"bindingModeInteractions":[],"bindingModes":[{"mononucleotide":[0,-0.21442907906382436,-0.12043573652096873,-0.19628203001973388,-0.1291647871207083,-0.21774080676062857,-0.3694090088669735,0,-0.4280435557712745,-0.23976225931573192,-0.8246706513631792,-1.1912238182163146,0,-0.9985943420315819,-0.639310037624798,-0.634486050570128,-0.5774390426835772,-0.4269910887502557,0,-0.3768735095446359,-2.1763232980483185,-3.2518994863215185,-0.13957460213860484,0,-0.6822632858536298,-4.902705179084057,-5.500570483909755,0,-4.956041770239398,-1.3679126956165606,-5.292302115167954,-5.392868613405983,0,-4.46397685975505,-1.3654182463473836,-5.408670445928336,0,-4.714737802625602,-1.1847135409451162,-1.1092130935115718,0,-4.125815904890164,-2.2635287836789546,-3.6133331327764227,-1.2490616623510067,-0.3425577844623935,0,-0.8097703009142267,-0.16712022371062174,-0.2873453825895195,-0.15329621535450721,0,-0.2840646574160801,-0.33623421056921776,-0.184809861341701,-0.12658988345646183,-0.18542189031229572,0,-0.3226305993596088,-0.15196016023385392],"activity":[[0]],"dinucleotide":[],"positionBias":[],"modifications":[]}]},"modelFittingConstraints":{"enrichmentModel":[{}],"nShifts":0,"addBindingModesSequentially":true,"bindingModeInteractions":[],"flankLengths":[0],"singleModeLengthSweep":false,"bindingModes":[{"maxFlankLength":-1,"positionBiasBinWidth":1,"optimizeSizeHeuristic":false,"maxSize":-1,"optimizeFlankLength":false,"symmetryString":"null","roundSpecificActivity":true,"informationThreshold":0.1,"optimizeMotifShift":false,"fittingStages":[],"optimizeMotifShiftHeuristic":false,"experimentSpecificPositionBias":true,"minSize":-1,"experimentSpecificActivity":true,"optimizeSize":false}]}}
