{"modelSettings":{"letterOrder":"ACGTN","bindingModeInteractions":[],"bindingModes":[{"size":15,"fitLogActivity":true,"flankLength":0,"dinucleotideDistance":0,"componentName":"Binding mode 1","positionBias":false,"singleStrand":false,"modifications":[]}],"letterComplement":"C-G,A-T,N-N"},"coefficients":{"bindingModeInteractions":[],"bindingModes":[{"mononucleotide":[-0.05023558394671568,-0.4062366351111155,0,-0.0953958990781345,-0.12608182226893705,-0.04636689107433156,-0.1533747987620515,-0.39662288390699807,0,-0.13780123612091352,-0.42310297763048155,0,-0.6731579220818587,-0.2900958707402861,-0.31700851853653256,-0.4754158381975513,-0.7474907885171973,0,-1.5319897047432105,-0.5484906843911778,-2.4571798901325055,0,-2.8329292119503777,-0.29612936616169705,-0.7506662964131586,0,-3.169906037757246,-0.5909919441901934,-2.620823002415678,-0.8743524340423919,-3.058380581359443,-1.6305986086445385,0,-1.2915278313849907,-0.9691467278992618,-2.613646496306684,-2.1930248345550343,0,-3.2786776729564737,-1.1853770605347376,-3.0826118761537744,-3.6221387698269654,-3.176928752048815,0,-1.2780873402216255,-3.1430482476510746,-3.1782319863791195,0,-3.3389028414248054,-1.2727102037355325,-2.2853622409235594,-0.22473565923260974,0,-0.21009624780199854,-0.38898757565763487,-0.7067692458064982,-1.2182591503639995,-0.9353157428075614,0,-0.6063083990225758,-0.687740680537253,0,-1.2343995937085748,-1.1989786417127977,-0.6466348463676569,-0.16385182653278552,0,-0.2981945813739957,-0.07263419970322005,-0.1275590771665241,-0.1590098443758965,-0.09733009029662298,-0.1660026058090298,0,-0.10333798765683119],"activity":[[0]],"dinucleotide":[],"positionBias":[],"modifications":[]}]},"modelFittingConstraints":{"enrichmentModel":[{}],"nShifts":0,"addBindingModesSequentially":true,"bindingModeInteractions":[],"flankLengths":[0],"singleModeLengthSweep":false,"bindingModes":[{"maxFlankLength":-1,"positionBiasBinWidth":1,"optimizeSizeHeuristic":false,"maxSize":-1,"optimizeFlankLength":false,"symmetryString":"null","roundSpecificActivity":true,"informationThreshold":0.1,"optimizeMotifShift":false,"fittingStages":[],"optimizeMotifShiftHeuristic":false,"experimentSpecificPositionBias":true,"minSize":-1,"experimentSpecificActivity":true,"optimizeSize":false}]}}
