{"modelSettings":{"letterOrder":"ACGTN","bindingModeInteractions":[],"bindingModes":[{"size":13,"fitLogActivity":true,"flankLength":0,"dinucleotideDistance":0,"componentName":"Binding mode 1","positionBias":false,"singleStrand":false,"modifications":[]}],"letterComplement":"C-G,A-T,N-N"},"coefficients":{"bindingModeInteractions":[],"bindingModes":[{"mononucleotide":[-0.5801201694286005,0,-0.18902266380483645,-0.15883709575660276,-0.21049446406075592,0,-0.3218360125663984,-0.48555833608959675,-1.1673496607344473,-0.41122120084643315,0,-1.1846091684937425,-2.7431788930919785,-2.275620893128364,-0.999017520597217,-2.5030357455364936,0,-2.482874002836665,-0.7319945418614284,-0.8877714014180361,0,-3.107782915091314,-2.8908902457670758,-2.743748558851987,-1.23395492501062,-2.6713941590775896,0,-2.7718780954972333,-2.431965416212143,-1.1878008224291214,-2.866304861504302,-2.826021471494439,0,-2.6884477162025506,-1.2172747831112722,-2.93730123638764,-3.4918507757459305,-3.0529976766700413,0,-1.2634837733787248,-2.629351283374188,-3.4315249134896924,0,-3.035635531006813,-1.2443548377654445,-2.309284771600457,0,-2.626742078340369,-2.4663276403623122,-1.1579308585529344,-1.2460866861405968,0,-0.941798126785486,-2.1865117985556988,-0.8041558038761875,-0.5022193468255467,-0.023144680692201547,0,-0.3005271397538589,-0.18550613349197728,-0.4881787713254311,-0.3587937975561819,-0.48625039048529217,0,-0.3122516707673986],"activity":[[0]],"dinucleotide":[],"positionBias":[],"modifications":[]}]},"modelFittingConstraints":{"enrichmentModel":[{}],"nShifts":0,"addBindingModesSequentially":true,"bindingModeInteractions":[],"flankLengths":[0],"singleModeLengthSweep":false,"bindingModes":[{"maxFlankLength":-1,"positionBiasBinWidth":1,"optimizeSizeHeuristic":false,"maxSize":-1,"optimizeFlankLength":false,"symmetryString":"null","roundSpecificActivity":true,"informationThreshold":0.1,"optimizeMotifShift":false,"fittingStages":[],"optimizeMotifShiftHeuristic":false,"experimentSpecificPositionBias":true,"minSize":-1,"experimentSpecificActivity":true,"optimizeSize":false}]}}
