{"modelSettings":{"letterOrder":"ACGTN","bindingModeInteractions":[],"bindingModes":[{"size":12,"fitLogActivity":true,"flankLength":0,"dinucleotideDistance":0,"componentName":"Binding mode 1","positionBias":false,"singleStrand":false,"modifications":[]}],"letterComplement":"C-G,A-T,N-N"},"coefficients":{"bindingModeInteractions":[],"bindingModes":[{"mononucleotide":[-0.10439496226013034,0,-0.23405548484117666,-0.24254569223358136,-0.14017765255704198,-0.3105010214951651,0,-0.0684294898995974,-0.5263304154129766,-0.2052705562654735,-0.545978523119123,0,-0.4158076241664874,-0.14975036848463041,-0.2548907255732161,-1.6304554891122554,-1.932673964203728,-2.052036861179368,0,-1.001662157614806,0,-2.5204107151791026,-1.4086911841710072,-2.17142366536447,-1.0224121061155536,0,-2.9971367001086984,-3.3697308160930324,-4.088502628386574,-1.28999100116156,-3.924950744455035,-1.7339720271648023,-2.2215458945663453,0,-1.1202705871831578,-1.2100804212590461,-0.9616285360375387,0,-0.19126793472135972,-0.4674650917530606,-0.14551231909456686,-1.5755390657805657,0,-1.122529002296422,-0.5121052312591772,-0.5291827584819586,0,-0.2971619280514064,-0.3733488024980671,-0.28089351105702237,-0.12208524590529901,0,-0.21304760491549235,-0.038705784514943886,-0.09013690315257966,-0.05131762879829216,-0.12830189123066615,-0.2083144924961986,0,-0.09389419322971394],"activity":[[0]],"dinucleotide":[],"positionBias":[],"modifications":[]}]},"modelFittingConstraints":{"enrichmentModel":[{}],"nShifts":0,"addBindingModesSequentially":true,"bindingModeInteractions":[],"flankLengths":[0],"singleModeLengthSweep":false,"bindingModes":[{"maxFlankLength":-1,"positionBiasBinWidth":1,"optimizeSizeHeuristic":false,"maxSize":-1,"optimizeFlankLength":false,"symmetryString":"null","roundSpecificActivity":true,"informationThreshold":0.1,"optimizeMotifShift":false,"fittingStages":[],"optimizeMotifShiftHeuristic":false,"experimentSpecificPositionBias":true,"minSize":-1,"experimentSpecificActivity":true,"optimizeSize":false}]}}
