{"modelSettings":{"letterOrder":"ACGTN","bindingModeInteractions":[],"bindingModes":[{"size":12,"fitLogActivity":true,"flankLength":0,"dinucleotideDistance":0,"componentName":"Binding mode 1","positionBias":false,"singleStrand":false,"modifications":[]}],"letterComplement":"C-G,A-T,N-N"},"coefficients":{"bindingModeInteractions":[],"bindingModes":[{"mononucleotide":[0,-0.06936346282653982,-0.2481012038410344,-0.013403070794478555,-0.07797374845676673,0,-0.28757092989628363,-0.2341246054142725,-0.20845186542574323,-0.17638321759516332,-0.12605711673766384,0,-0.17704212755043214,-0.23096771723809306,-0.1298029019597759,-0.31918138740477575,-0.05125229761935879,0,-0.560927280691645,-0.20842050020481723,-0.5868943073305379,-0.1048949963830843,-0.5615343156182906,0,-0.27878711125262856,-1.7745113290325052,-2.526532200264351,-2.567233349004973,0,-1.103939237844142,0,-3.3015853512780615,-1.921385571944374,-2.7580775878975663,-1.1658406100775984,0,-4.265433151887417,-3.800791554498803,-4.275724274116076,-1.337217733922037,-4.198389192296051,-1.8237099295014563,-2.7993302851585216,0,-1.1733657544283937,-1.5334494558453748,-1.2264723412256089,0,-0.4086018563163818,-0.6098661948381245,0,-2.1663766738235912,-0.19877598631295879,-1.3761371292510378,-0.6038194864373276,-0.3016812337248824,-0.06420109267740948,-0.4959446214301706,0,-0.1965060213977112],"activity":[[0]],"dinucleotide":[],"positionBias":[],"modifications":[]}]},"modelFittingConstraints":{"enrichmentModel":[{}],"nShifts":0,"addBindingModesSequentially":true,"bindingModeInteractions":[],"flankLengths":[0],"singleModeLengthSweep":false,"bindingModes":[{"maxFlankLength":-1,"positionBiasBinWidth":1,"optimizeSizeHeuristic":false,"maxSize":-1,"optimizeFlankLength":false,"symmetryString":"null","roundSpecificActivity":true,"informationThreshold":0.1,"optimizeMotifShift":false,"fittingStages":[],"optimizeMotifShiftHeuristic":false,"experimentSpecificPositionBias":true,"minSize":-1,"experimentSpecificActivity":true,"optimizeSize":false}]}}
