{"modelSettings":{"letterOrder":"ACGTN","bindingModeInteractions":[],"bindingModes":[{"size":12,"fitLogActivity":true,"flankLength":0,"dinucleotideDistance":0,"componentName":"Binding mode 1","positionBias":false,"singleStrand":false,"modifications":[]}],"letterComplement":"C-G,A-T,N-N"},"coefficients":{"bindingModeInteractions":[],"bindingModes":[{"mononucleotide":[0,-0.17457196241793227,-0.13183683946248959,-0.1019711723618677,-0.09999825384347671,-0.31759064495999745,-0.5131377194558322,0,-0.556772328951725,-0.3217316489654873,-0.5914889152373135,-0.7165911430963412,0,-1.2916810839844892,-0.5461396694710482,-1.0831275753198168,0,-1.919523826587529,-0.30638010557525774,-0.5881933634973344,0,-0.008987371629885388,-1.4266555235395253,-1.0561249680245712,-0.438906414279529,0,-1.7958245458598938,-0.8333462374162055,-2.959012454044081,-0.8840333619295371,-6.381008085638248,-5.66783940754806,-6.519978695551165,0,-1.379693754881516,-0.0656588805107523,-1.8478160415944571,-2.962825825272798,0,-0.6228267110943364,0,-3.236500758972829,-3.028469145417764,-1.7913322570156494,-1.1596140937966382,0,-0.9359259871567183,-1.5477867884262002,-0.9954985129820102,-0.7059893257613352,0,-0.1822571701919431,-0.20390409490479655,-0.21555767707542106,-0.1464663038008811,-0.22980392657780602,0,-0.16365392616466146,-0.01641124359753876,-0.09776502015507917],"activity":[[0]],"dinucleotide":[],"positionBias":[],"modifications":[]}]},"modelFittingConstraints":{"enrichmentModel":[{}],"nShifts":0,"addBindingModesSequentially":true,"bindingModeInteractions":[],"flankLengths":[0],"singleModeLengthSweep":false,"bindingModes":[{"maxFlankLength":-1,"positionBiasBinWidth":1,"optimizeSizeHeuristic":false,"maxSize":-1,"optimizeFlankLength":false,"symmetryString":"null","roundSpecificActivity":true,"informationThreshold":0.1,"optimizeMotifShift":false,"fittingStages":[],"optimizeMotifShiftHeuristic":false,"experimentSpecificPositionBias":true,"minSize":-1,"experimentSpecificActivity":true,"optimizeSize":false}]}}
