{"modelSettings":{"letterOrder":"ACGTN","bindingModeInteractions":[],"bindingModes":[{"size":12,"fitLogActivity":true,"flankLength":0,"dinucleotideDistance":0,"componentName":"Binding mode 1","positionBias":false,"singleStrand":false,"modifications":[]}],"letterComplement":"C-G,A-T,N-N"},"coefficients":{"bindingModeInteractions":[],"bindingModes":[{"mononucleotide":[-0.2655154897162184,0,-0.014900308473579926,-0.3194278794054721,-0.13966866789108728,-0.5605140740799079,-0.40063250723510624,-0.376624162472293,0,-0.31232127016248024,-1.3807460778452412,-2.239441904316779,-2.024253281458886,0,-0.9875173665887441,0,-2.797278491789239,-2.1747997578971576,-1.1992593294071656,-0.9969423285425295,0,-4.905248096521091,-4.103623743123617,-5.131734349925802,-1.3569038817829842,-4.4273262172969226,-1.3514953666461653,-2.50605448684618,0,-1.084421852576934,-1.1912163987277293,-1.2624265609559648,0,-0.04466965410416268,-0.4528982300540479,-0.18146288881536332,-1.9571126283105817,0,-1.2577431087380293,-0.5711021988938432,-1.0277608657693205,0,-0.5941768440146049,-0.5855048349893188,-0.48343393185479894,-0.3761927162032759,0,-0.2787529283169068,-0.10799969709777812,-0.18007665628490613,-0.10661652065528138,-0.0351308654072473,-0.12254149742445097,0,-0.06480027326625262,-0.16252369762466712,-0.2230250054279761,-0.26319855941955694,0,-0.15703983163228405],"activity":[[0]],"dinucleotide":[],"positionBias":[],"modifications":[]}]},"modelFittingConstraints":{"enrichmentModel":[{}],"nShifts":0,"addBindingModesSequentially":true,"bindingModeInteractions":[],"flankLengths":[0],"singleModeLengthSweep":false,"bindingModes":[{"maxFlankLength":-1,"positionBiasBinWidth":1,"optimizeSizeHeuristic":false,"maxSize":-1,"optimizeFlankLength":false,"symmetryString":"null","roundSpecificActivity":true,"informationThreshold":0.1,"optimizeMotifShift":false,"fittingStages":[],"optimizeMotifShiftHeuristic":false,"experimentSpecificPositionBias":true,"minSize":-1,"experimentSpecificActivity":true,"optimizeSize":false}]}}
