{"modelSettings":{"letterOrder":"ACGTN","bindingModeInteractions":[],"bindingModes":[{"size":12,"fitLogActivity":true,"flankLength":0,"dinucleotideDistance":0,"componentName":"Binding mode 1","positionBias":false,"singleStrand":false,"modifications":[]}],"letterComplement":"C-G,A-T,N-N"},"coefficients":{"bindingModeInteractions":[],"bindingModes":[{"mononucleotide":[-0.2511355522982499,0,-0.08264067817337661,-0.25634480666199133,-0.14142707871094057,-0.44342641250980686,0,-0.08677485435116417,-0.43456830813929637,-0.22118886485768968,-0.5145252805564406,-0.17684662768608694,-0.30836090160515317,0,-0.2324546631591771,-1.3444289145615764,-1.8136908266779757,-2.0063340569962764,0,-0.9427498686242223,0,-3.182413228930063,-2.061625563282459,-1.2840869209740973,-1.0177452214451677,0,-4.9547649106978255,-4.768940975567012,-4.902861519410848,-1.3635896663129379,-4.166358164138083,-1.1392935077506756,-2.4125551469391024,0,-1.03202445756772,-1.309518400510362,-1.343843628850494,0,-0.34832196215427347,-0.5813094404011185,-0.2885641414692022,-2.190639882019084,0,-1.2287688042013363,-0.6190436596245303,-0.8524175879927025,0,-0.5095401631418732,-0.5085428963655798,-0.4198711891921314,-0.45149492452608264,0,-0.3843955202128768,-0.28180473048431764,-0.26397898259022107,-0.10327061593343911,-0.02202786448509597,-0.1739330301480213,0,-0.07244999368097733],"activity":[[0]],"dinucleotide":[],"positionBias":[],"modifications":[]}]},"modelFittingConstraints":{"enrichmentModel":[{}],"nShifts":0,"addBindingModesSequentially":true,"bindingModeInteractions":[],"flankLengths":[0],"singleModeLengthSweep":false,"bindingModes":[{"maxFlankLength":-1,"positionBiasBinWidth":1,"optimizeSizeHeuristic":false,"maxSize":-1,"optimizeFlankLength":false,"symmetryString":"null","roundSpecificActivity":true,"informationThreshold":0.1,"optimizeMotifShift":false,"fittingStages":[],"optimizeMotifShiftHeuristic":false,"experimentSpecificPositionBias":true,"minSize":-1,"experimentSpecificActivity":true,"optimizeSize":false}]}}
