{"modelSettings":{"letterOrder":"ACGTN","bindingModeInteractions":[],"bindingModes":[{"size":12,"fitLogActivity":true,"flankLength":0,"dinucleotideDistance":0,"componentName":"Binding mode 1","positionBias":false,"singleStrand":false,"modifications":[]}],"letterComplement":"C-G,A-T,N-N"},"coefficients":{"bindingModeInteractions":[],"bindingModes":[{"mononucleotide":[0,-0.6710888038070761,-0.4436504624854001,-0.09234364519422744,-0.2663664824724637,0,-0.8491139306991933,-0.6903900672203758,-0.5563838213246228,-0.4690230401647248,0,-0.5386776923192338,-0.07393758326523425,-0.18007313865327923,-0.17809307405107738,-0.6266166991714783,0,-0.062395138344801815,-0.5462037724775479,-0.27015243394227145,-1.793498645298767,-0.3586977056711129,-2.50831166660921,0,-0.7203292293733132,0,-0.5245199027472065,-0.7790734195276334,-2.0099751462699444,-0.6048330526594108,0,-3.220350702401859,-2.9978191797355813,-4.907230940509978,-1.293505772985995,-5.536634548530694,-5.70625523863572,-5.91592495867263,0,-1.3763826157550607,-3.4010604158829496,-1.168462989398387,-3.4027252538203294,0,-1.0660497344973359,0,-3.1281057856686343,-2.2357033958945873,-2.078471265467652,-1.1426904157588167,0,-0.6200962483347645,-0.26849256365596075,-0.5358269557989863,-0.3258655579609581,-0.5741534418087793,0,-0.013751641171580342,-0.26087511213234205,-0.18635938647117145],"activity":[[0]],"dinucleotide":[],"positionBias":[],"modifications":[]}]},"modelFittingConstraints":{"enrichmentModel":[{}],"nShifts":0,"addBindingModesSequentially":true,"bindingModeInteractions":[],"flankLengths":[0],"singleModeLengthSweep":false,"bindingModes":[{"maxFlankLength":-1,"positionBiasBinWidth":1,"optimizeSizeHeuristic":false,"maxSize":-1,"optimizeFlankLength":false,"symmetryString":"null","roundSpecificActivity":true,"informationThreshold":0.1,"optimizeMotifShift":false,"fittingStages":[],"optimizeMotifShiftHeuristic":false,"experimentSpecificPositionBias":true,"minSize":-1,"experimentSpecificActivity":true,"optimizeSize":false}]}}
