{"modelSettings":{"letterOrder":"ACGTN","bindingModeInteractions":[],"bindingModes":[{"size":14,"fitLogActivity":true,"flankLength":0,"dinucleotideDistance":0,"componentName":"Binding mode 2","positionBias":false,"singleStrand":false,"modifications":[]}],"letterComplement":"C-G,A-T,N-N"},"coefficients":{"bindingModeInteractions":[],"bindingModes":[{"mononucleotide":[0,-0.3972679289439962,-0.3130945865788872,-0.3971977921609793,-0.2628152578605637,-0.2662891486421657,-0.6531457352268357,0,-0.638010568117966,-0.35134411930746323,-0.8610223505034722,-1.0857345516763597,0,-2.0625969702066818,-0.7510375779098233,-1.400237566267784,-0.05101595488421751,-2.3327638351093776,0,-0.5560718413503642,-0.2389418640400205,0,-2.0176504454140702,-1.8697261909871554,-0.656528869159091,0,-1.8678627970357486,-0.5326201990017476,-3.1154839912800645,-0.8063857761727521,-4.341516798432985,-3.6126423456141077,-4.027923187656877,0,-1.330095034084659,0,-1.9426320415628644,-2.7388393202302503,-0.35586490691933825,-0.7399564359943605,0,-2.691620452620049,-2.991468432555522,-2.6928811271357422,-1.215986071338375,0,-1.3916200059724804,-2.262334307016103,-1.9402861617929674,-0.9832039746581654,0,-0.6689252222403046,-0.791962854171294,-0.5371481494998549,-0.45034759325369556,-0.3101202991866625,-0.2741782177650034,-0.42284269072111913,0,-0.23929294034347787,-0.6511650873298178,-0.4971104716001613,-0.41487472168875605,0,-0.3602001874497859,-0.49111000163531404,-0.7211378205584422,-0.428594579836834,0,-0.3748500197261308],"activity":[[0]],"dinucleotide":[],"positionBias":[],"modifications":[]}]},"modelFittingConstraints":{"enrichmentModel":[{}],"nShifts":0,"addBindingModesSequentially":true,"bindingModeInteractions":[],"flankLengths":[0],"singleModeLengthSweep":false,"bindingModes":[{"maxFlankLength":-1,"positionBiasBinWidth":1,"optimizeSizeHeuristic":false,"maxSize":-1,"optimizeFlankLength":false,"symmetryString":"null","roundSpecificActivity":true,"informationThreshold":0.1,"optimizeMotifShift":false,"fittingStages":[],"optimizeMotifShiftHeuristic":false,"experimentSpecificPositionBias":true,"minSize":-1,"experimentSpecificActivity":true,"optimizeSize":false}]}}
