{"modelSettings":{"letterOrder":"ACGTN","bindingModeInteractions":[],"bindingModes":[{"size":12,"fitLogActivity":true,"flankLength":0,"dinucleotideDistance":0,"componentName":"Binding mode 1","positionBias":false,"singleStrand":false,"modifications":[]}],"letterComplement":"C-G,A-T,N-N"},"coefficients":{"bindingModeInteractions":[],"bindingModes":[{"mononucleotide":[0,-0.30703478733645184,-0.17459130272181156,-0.2436473882872292,-0.17459474525527424,-0.1651538862461548,0,-0.18974965793363463,-0.17338644568742279,-0.12904375113710173,-0.4266259601804654,-0.13954435832991408,0,-0.7257955295505338,-0.2855505077230471,-0.6665897599085611,0,-0.5866831137275792,-0.024380908778716126,-0.27261630372182044,-1.933451289860304,-2.6208838419462213,-2.732447708214604,0,-1.1375247749869082,0,-3.4232057965303886,-2.2169591060204037,-3.1398660201613366,-1.216689814623811,0,-3.2291934722122235,-3.619026243398588,-3.8709721896430445,-1.3026554022971863,-4.2951814428173805,-1.8640515047174402,-2.7548599388484116,0,-1.177415894020622,-1.5253820928263524,-1.1759574615583368,0,-0.28440242860725196,-0.5627659998261463,0,-2.3441714558087736,-0.2088134749510857,-1.4535800050896466,-0.6249254800548519,-0.2307746424253203,0,-0.4276901081562028,-0.008186368580966885,-0.1514687822846771,-0.3296357806223109,0,-0.24091932124233928,-0.023672588402197103,-0.13877481074470507],"activity":[[0]],"dinucleotide":[],"positionBias":[],"modifications":[]}]},"modelFittingConstraints":{"enrichmentModel":[{}],"nShifts":0,"addBindingModesSequentially":true,"bindingModeInteractions":[],"flankLengths":[0],"singleModeLengthSweep":false,"bindingModes":[{"maxFlankLength":-1,"positionBiasBinWidth":1,"optimizeSizeHeuristic":false,"maxSize":-1,"optimizeFlankLength":false,"symmetryString":"null","roundSpecificActivity":true,"informationThreshold":0.1,"optimizeMotifShift":false,"fittingStages":[],"optimizeMotifShiftHeuristic":false,"experimentSpecificPositionBias":true,"minSize":-1,"experimentSpecificActivity":true,"optimizeSize":false}]}}
