{"modelSettings":{"letterOrder":"ACGTN","bindingModeInteractions":[],"bindingModes":[{"size":12,"fitLogActivity":true,"flankLength":0,"dinucleotideDistance":0,"componentName":"Binding mode 1","positionBias":false,"singleStrand":false,"modifications":[]}],"letterComplement":"C-G,A-T,N-N"},"coefficients":{"bindingModeInteractions":[],"bindingModes":[{"mononucleotide":[-0.02461696471345398,-0.2270155425578393,0,-0.23624253060525469,-0.1159213327754955,-0.3424729081537805,-0.5563494878359077,-0.3849057062014589,0,-0.2998136175263003,-1.3844646249130066,-2.1202903895002847,-1.3843193435387362,0,-0.9032826594255193,-2.24475163323592,-3.6316473039869765,-3.521430654336332,0,-1.2361658925013967,-0.23764274150930476,-2.898574802017312,-2.063957980239368,0,-0.7079885026303356,0,-5.921963493431682,-4.348294595394992,-6.037899206343312,-1.3684590176472684,-3.48061031352768,-0.42186441589709034,-1.8944165694150086,0,-0.7781509588137673,-1.5161934576721783,-1.7337640929048734,0,-0.2592517359493325,-0.6125847107025008,-0.004082187627836298,-1.8076322526265982,0,-1.180575984987839,-0.48326314037004203,-1.188610599753074,0,-0.6650587182883925,-0.6388892321384851,-0.533256141081128,-0.5515434487240918,0,-0.42916379008899064,-0.33303338425285745,-0.3065728669336648,-0.2810656797172313,-0.15590503806450284,-0.17479762850416458,0,-0.14784879726447955],"activity":[[0]],"dinucleotide":[],"positionBias":[],"modifications":[]}]},"modelFittingConstraints":{"enrichmentModel":[{}],"nShifts":0,"addBindingModesSequentially":true,"bindingModeInteractions":[],"flankLengths":[0],"singleModeLengthSweep":false,"bindingModes":[{"maxFlankLength":-1,"positionBiasBinWidth":1,"optimizeSizeHeuristic":false,"maxSize":-1,"optimizeFlankLength":false,"symmetryString":"null","roundSpecificActivity":true,"informationThreshold":0.1,"optimizeMotifShift":false,"fittingStages":[],"optimizeMotifShiftHeuristic":false,"experimentSpecificPositionBias":true,"minSize":-1,"experimentSpecificActivity":true,"optimizeSize":false}]}}
