{"modelSettings":{"letterOrder":"ACGTN","bindingModeInteractions":[],"bindingModes":[{"size":12,"fitLogActivity":true,"flankLength":0,"dinucleotideDistance":0,"componentName":"Binding mode 1","positionBias":false,"singleStrand":false,"modifications":[]}],"letterComplement":"C-G,A-T,N-N"},"coefficients":{"bindingModeInteractions":[],"bindingModes":[{"mononucleotide":[-0.1074932216171085,0,-0.15816650666669752,-0.23703602311176475,-0.12195491685174248,-0.2246668733865551,0,-0.09898413272409279,-0.06799920624428868,-0.09464024887377892,-0.45313239177462883,-0.7790626303278372,-0.5221793621804789,0,-0.39760997787643354,-1.992517968792967,-2.3620957305847003,-2.9568300048753,0,-1.1374381064232104,0,-3.4133974354366807,-2.1341165384647907,-0.832456294441482,-0.9249167215922759,0,-5.20568938554415,-4.843147280884536,-5.734336265142497,-1.3698301406431383,-4.49423383185425,-1.5240825487670508,-2.641298360296167,0,-1.1237280246527206,-1.2887126274359,-1.9147532711822124,0,-0.21152435008133796,-0.583238107350983,-0.1566319700963259,-1.7674110820787328,0,-1.2338824690518861,-0.5460413262642263,-1.1602945289062143,0,-0.5273878510775756,-0.7278430399170475,-0.5164715581380225,-0.4746555849900531,0,-0.44833879840226265,-0.26092842848308617,-0.27736098773786416,-0.026020604490397226,-0.06683115230821768,-0.251795800879544,0,-0.08146182211512813],"activity":[[0]],"dinucleotide":[],"positionBias":[],"modifications":[]}]},"modelFittingConstraints":{"enrichmentModel":[{}],"nShifts":0,"addBindingModesSequentially":true,"bindingModeInteractions":[],"flankLengths":[0],"singleModeLengthSweep":false,"bindingModes":[{"maxFlankLength":-1,"positionBiasBinWidth":1,"optimizeSizeHeuristic":false,"maxSize":-1,"optimizeFlankLength":false,"symmetryString":"null","roundSpecificActivity":true,"informationThreshold":0.1,"optimizeMotifShift":false,"fittingStages":[],"optimizeMotifShiftHeuristic":false,"experimentSpecificPositionBias":true,"minSize":-1,"experimentSpecificActivity":true,"optimizeSize":false}]}}
