{"modelSettings":{"letterOrder":"ACGTN","bindingModeInteractions":[],"bindingModes":[{"size":12,"fitLogActivity":true,"flankLength":0,"dinucleotideDistance":0,"componentName":"Binding mode 1","positionBias":false,"singleStrand":false,"modifications":[]}],"letterComplement":"C-G,A-T,N-N"},"coefficients":{"bindingModeInteractions":[],"bindingModes":[{"mononucleotide":[-0.3726364404578124,-0.012785436792466243,0,-0.5693978453304691,-0.21007997945961066,-0.569325425557702,-0.048403302864063136,-0.5911167507589106,0,-0.26384670385576653,-1.7035662550402813,-2.4383614736055086,-2.930550924713089,0,-1.1066157807973178,0,-3.27179323421126,-1.9784270034887883,-2.9404307098300797,-1.1800382934800684,0,-4.424984102416341,-4.037890531205738,-4.595200634385932,-1.3473532748374124,-4.470022304430136,-1.920772620847956,-2.7556402413150924,0,-1.1862072976188833,-1.417767902766637,-1.0300194952987134,0,-0.2976948862376583,-0.5353821788366319,0,-1.7529382725902147,-0.06129519462077315,-1.2999479094856405,-0.5165269948363712,-0.23121670304219144,0,-0.43531847123238787,-0.09970355394418107,-0.17860893603158304,-0.2440065321839997,-0.06530695737842018,-0.36990270931692626,0,-0.15927011846785508,-0.23673757064887013,-0.1544251533869807,-0.2174145584366216,0,-0.14771657282807224,-0.2287303598191741,-0.30720087127736306,-0.3223213294650842,0,-0.20594504080866308],"activity":[[0]],"dinucleotide":[],"positionBias":[],"modifications":[]}]},"modelFittingConstraints":{"enrichmentModel":[{}],"nShifts":0,"addBindingModesSequentially":true,"bindingModeInteractions":[],"flankLengths":[0],"singleModeLengthSweep":false,"bindingModes":[{"maxFlankLength":-1,"positionBiasBinWidth":1,"optimizeSizeHeuristic":false,"maxSize":-1,"optimizeFlankLength":false,"symmetryString":"null","roundSpecificActivity":true,"informationThreshold":0.1,"optimizeMotifShift":false,"fittingStages":[],"optimizeMotifShiftHeuristic":false,"experimentSpecificPositionBias":true,"minSize":-1,"experimentSpecificActivity":true,"optimizeSize":false}]}}
