{"modelSettings":{"letterOrder":"ACGTN","bindingModeInteractions":[],"bindingModes":[{"size":12,"fitLogActivity":true,"flankLength":0,"dinucleotideDistance":0,"componentName":"Binding mode 1","positionBias":false,"singleStrand":false,"modifications":[]}],"letterComplement":"C-G,A-T,N-N"},"coefficients":{"bindingModeInteractions":[],"bindingModes":[{"mononucleotide":[0,-0.2655429641777536,-0.2629812808810241,-0.1572433388788852,-0.16545208384285343,0,-0.23358747708024463,-0.13896394041248783,-0.16665715883953602,-0.1311235736499522,-0.22266242414045756,-0.6162943517487016,0,-0.6960455236097185,-0.3428849327867631,-0.7038240437743171,-0.8257158651455208,0,-1.1736565600592557,-0.5789949541401332,-0.9111556850875977,-0.04083834938544584,-1.730854848119915,0,-0.4544545356326952,-0.30662348377898363,0,-1.7642972473496061,-1.3334862733501,-0.6112024698456836,0,-2.0489719316662485,-0.603440434445091,-3.4566041296501617,-0.8513631899059959,-5.876237708881496,-4.359555633441964,-5.699712959036644,0,-1.3675351082441503,0,-2.299062731754525,-2.8692607370545566,-0.33571351486425316,-0.7593288756412168,0,-4.177155916540556,-3.4765538595379435,-2.3408215883633834,-1.2530716927122003,0,-1.8641569494978993,-2.326191254962153,-1.4582608666022017,-0.9906544326190857,0,-0.76616282782319,-0.776312431409405,-0.5542174843501799,-0.47023792259600916],"activity":[[0]],"dinucleotide":[],"positionBias":[],"modifications":[]}]},"modelFittingConstraints":{"enrichmentModel":[{}],"nShifts":0,"addBindingModesSequentially":true,"bindingModeInteractions":[],"flankLengths":[0],"singleModeLengthSweep":false,"bindingModes":[{"maxFlankLength":-1,"positionBiasBinWidth":1,"optimizeSizeHeuristic":false,"maxSize":-1,"optimizeFlankLength":false,"symmetryString":"null","roundSpecificActivity":true,"informationThreshold":0.1,"optimizeMotifShift":false,"fittingStages":[],"optimizeMotifShiftHeuristic":false,"experimentSpecificPositionBias":true,"minSize":-1,"experimentSpecificActivity":true,"optimizeSize":false}]}}
