{"modelSettings":{"letterOrder":"ACGTN","bindingModeInteractions":[],"bindingModes":[{"size":15,"fitLogActivity":true,"flankLength":0,"dinucleotideDistance":0,"componentName":"Binding mode 1","positionBias":false,"singleStrand":false,"modifications":[]}],"letterComplement":"C-G,A-T,N-N"},"coefficients":{"bindingModeInteractions":[],"bindingModes":[{"mononucleotide":[-0.26513847761487064,-0.356632494839042,-0.40817075835349925,0,-0.2446242530756913,-0.5096161606953764,-0.22398088797064553,-0.40705127084225445,0,-0.26602933056656075,-0.9681382694341494,0,-1.0137890481327125,-0.2591463332651305,-0.4642835873518471,0,-0.8869309122320956,-0.2200733701519333,-0.797008924091223,-0.406070453923379,-1.5080056651032057,-0.005794660775263694,0,-0.9456054106454523,-0.4292389496580674,-2.8278328726025386,-3.679091146825084,-3.9186412894031664,0,-1.2871235872571607,-1.4612707352162038,-4.106304574106688,-3.6716091338050063,0,-1.1442541774125934,-3.0155641473700237,-2.0578141150114386,-2.2797366455482106,0,-1.1401672112418708,-4.0359968370840145,0,-3.7748524464805033,-1.6002325499284247,-1.169202599457658,-0.5332872241770268,-1.4231835170033142,0,-1.149485674526638,-0.6234258593200769,-0.23893366842886898,-0.11571481613732004,0,-0.21450770601815883,-0.13778760412115026,-0.7586031409779626,-1.3940678113929876,-1.7163482237801269,0,-0.7464922776158055,-0.3678001101013635,-0.876380388025856,-1.2114016763710693,0,-0.5081948688170915,-0.8268774824549592,-0.4327179572189248,-0.6909435801279269,0,-0.43569517677176,-0.38080024395265255,0,-0.24345780904741776,-0.22997752178222974,-0.2040217979411187],"activity":[[0]],"dinucleotide":[],"positionBias":[],"modifications":[]}]},"modelFittingConstraints":{"enrichmentModel":[{}],"nShifts":0,"addBindingModesSequentially":true,"bindingModeInteractions":[],"flankLengths":[0],"singleModeLengthSweep":false,"bindingModes":[{"maxFlankLength":-1,"positionBiasBinWidth":1,"optimizeSizeHeuristic":false,"maxSize":-1,"optimizeFlankLength":false,"symmetryString":"null","roundSpecificActivity":true,"informationThreshold":0.1,"optimizeMotifShift":false,"fittingStages":[],"optimizeMotifShiftHeuristic":false,"experimentSpecificPositionBias":true,"minSize":-1,"experimentSpecificActivity":true,"optimizeSize":false}]}}
