{"modelSettings":{"letterOrder":"ACGTN","bindingModeInteractions":[],"bindingModes":[{"size":12,"fitLogActivity":true,"flankLength":0,"dinucleotideDistance":0,"componentName":"Binding mode 1","positionBias":false,"singleStrand":false,"modifications":[]}],"letterComplement":"C-G,A-T,N-N"},"coefficients":{"bindingModeInteractions":[],"bindingModes":[{"mononucleotide":[0,-0.21701896437760482,-0.26186242930619485,-0.10496408371547794,-0.14073198129812217,0,-0.16805000871537246,-0.2312002882898163,-0.14431808593051088,-0.1322452397692013,-0.0017941216406693883,-0.0027162568526604147,-0.05486115332897601,0,-0.014577870430636302,-0.9810405333326451,0,-0.4207322851950188,-1.0947693711911148,-0.5250498945542128,0,-1.3758198693126984,-0.36205676053668157,-0.3172953282252493,-0.40160098725186516,-3.2364994211942197,-1.8779454336243886,-3.121221731277586,0,-1.1741645029981131,-4.725545970382036,-5.479458524271557,0,-5.938688466916218,-1.3707429694020161,-3.4875536257555906,-2.5879085830261745,-4.265036745833045,0,-1.2731406613777603,0,-0.41587001554839187,-1.3801165126244748,-0.2822879941651033,-0.4059508174274768,0,-0.12693922328685758,-0.44629900797676036,-0.517402872946434,-0.24947270929336668,-0.08266090576689944,-0.0823434157470544,-0.23781937454437418,0,-0.0970716321635856,-0.033913031449919195,-0.12443193879412373,-0.20403638985802708,0,-0.08744239057987667],"activity":[[0]],"dinucleotide":[],"positionBias":[],"modifications":[]}]},"modelFittingConstraints":{"enrichmentModel":[{}],"nShifts":0,"addBindingModesSequentially":true,"bindingModeInteractions":[],"flankLengths":[0],"singleModeLengthSweep":false,"bindingModes":[{"maxFlankLength":-1,"positionBiasBinWidth":1,"optimizeSizeHeuristic":false,"maxSize":-1,"optimizeFlankLength":false,"symmetryString":"null","roundSpecificActivity":true,"informationThreshold":0.1,"optimizeMotifShift":false,"fittingStages":[],"optimizeMotifShiftHeuristic":false,"experimentSpecificPositionBias":true,"minSize":-1,"experimentSpecificActivity":true,"optimizeSize":false}]}}
