{"modelSettings":{"letterOrder":"ACGTN","bindingModeInteractions":[],"bindingModes":[{"size":12,"fitLogActivity":true,"flankLength":0,"dinucleotideDistance":0,"componentName":"Binding mode 1","positionBias":false,"singleStrand":false,"modifications":[]}],"letterComplement":"C-G,A-T,N-N"},"coefficients":{"bindingModeInteractions":[],"bindingModes":[{"mononucleotide":[-0.2744714718939463,-0.1120075737046422,-0.2741506834962646,0,-0.15834275444346954,-0.3893497075563488,0,-0.4430512041384498,-0.10798956708359508,-0.21778027399779512,0,-1.2091575864549886,-0.47085347109793485,-1.712893730843329,-0.6428054409956381,-3.1749775999935133,-1.693795286867102,0,-2.640317385417065,-1.126275760091841,-3.9776797610951093,-3.9945884646594974,-3.8458832169016173,0,-1.3294306009102204,-0.02690881086907737,-2.2249952877820975,-2.909837915822983,0,-0.6273582725839439,-2.3062288605831265,-2.959828355108523,-3.051950251402482,0,-1.2050310713726637,-3.8851930937600088,0,-4.554050099882469,-3.343585198546991,-1.3220260413052667,-0.7695676410283196,-2.7250425817149933,0,-1.3490552119563126,-0.8050613385847525,-0.15316976051594455,-0.14467757147613813,0,-0.4339274498571992,-0.17101237725065932,-0.4848214463862295,-0.2640918696587038,-0.6276561657790163,0,-0.31554955444583427,-0.2195560850036551,0,-0.21293491127527542,-0.08153244213219679,-0.12420737517126582],"activity":[[0]],"dinucleotide":[],"positionBias":[],"modifications":[]}]},"modelFittingConstraints":{"enrichmentModel":[{}],"nShifts":0,"addBindingModesSequentially":true,"bindingModeInteractions":[],"flankLengths":[0],"singleModeLengthSweep":false,"bindingModes":[{"maxFlankLength":-1,"positionBiasBinWidth":1,"optimizeSizeHeuristic":false,"maxSize":-1,"optimizeFlankLength":false,"symmetryString":"null","roundSpecificActivity":true,"informationThreshold":0.1,"optimizeMotifShift":false,"fittingStages":[],"optimizeMotifShiftHeuristic":false,"experimentSpecificPositionBias":true,"minSize":-1,"experimentSpecificActivity":true,"optimizeSize":false}]}}
