{"modelSettings":{"letterOrder":"ACGTN","bindingModeInteractions":[],"bindingModes":[{"size":13,"fitLogActivity":true,"flankLength":0,"dinucleotideDistance":0,"componentName":"Binding mode 1","positionBias":false,"singleStrand":false,"modifications":[]}],"letterComplement":"C-G,A-T,N-N"},"coefficients":{"bindingModeInteractions":[],"bindingModes":[{"mononucleotide":[0,-0.19722104980381694,-0.23374008794950463,-0.29614242254866063,-0.17546765059029598,0,-0.3240168236729648,-0.0907997962995033,-0.13139874811195185,-0.12973670195931697,-0.5734599631218793,-0.7701989548904575,-0.6983369470824834,0,-0.4604870875263682,-1.4528084797762095,-2.468150796186261,-1.489055480927035,0,-0.9517628246267652,-2.5487490136242648,-4.60921219030789,-4.0778344673144264,0,-1.2863737468521974,-0.2207573209317566,-3.287453573444014,-2.412293264789903,0,-0.7293601989241185,0,-6.261709501034215,-4.817910542836611,-6.395073118831749,-1.3747004262332925,-3.8787947405634116,-1.2568341061818646,-2.271133932905789,0,-1.0438228027344452,-1.0077190097303959,-1.7840731759657378,-0.11996166835453259,0,-0.5025442617355039,-0.30811667276440424,-2.0481595856534764,0,-1.1513752738936076,-0.6069680016989235,-1.2615453336044413,0,-0.8378313667210606,-0.729538489274359,-0.5987486736410708,-0.6065050646538017,0,-0.5796728015849988,-0.23657046845472962,-0.3234249668564268,-0.186665885772741,-0.10571015004555351,-0.19926752888393828,0,-0.11970260542203803],"activity":[[0]],"dinucleotide":[],"positionBias":[],"modifications":[]}]},"modelFittingConstraints":{"enrichmentModel":[{}],"nShifts":0,"addBindingModesSequentially":true,"bindingModeInteractions":[],"flankLengths":[0],"singleModeLengthSweep":false,"bindingModes":[{"maxFlankLength":-1,"positionBiasBinWidth":1,"optimizeSizeHeuristic":false,"maxSize":-1,"optimizeFlankLength":false,"symmetryString":"null","roundSpecificActivity":true,"informationThreshold":0.1,"optimizeMotifShift":false,"fittingStages":[],"optimizeMotifShiftHeuristic":false,"experimentSpecificPositionBias":true,"minSize":-1,"experimentSpecificActivity":true,"optimizeSize":false}]}}
