{"modelSettings":{"letterOrder":"ACGTN","bindingModeInteractions":[],"bindingModes":[{"size":18,"fitLogActivity":true,"flankLength":0,"dinucleotideDistance":0,"componentName":"Binding mode 2","positionBias":false,"singleStrand":false,"modifications":[]}],"letterComplement":"C-G,A-T,N-N"},"coefficients":{"bindingModeInteractions":[],"bindingModes":[{"mononucleotide":[-0.5210023490636813,-1.3601234035070155,0,-1.1817853104145928,-0.6174440248784528,-0.371901045565199,-1.6762957383974828,0,-0.0905287314368648,-0.36027563878841323,-0.45031556401484973,-2.536624578578206,0,-2.904133937082575,-0.8145488622912512,-3.658334633331353,-3.714504256022241,0,-3.0750699203455407,-1.294326743666729,-3.040328532923588,-3.400275944062259,0,-3.609488289677739,-1.283513130219792,-0.9193041086081339,0,-2.84371380332648,-0.17484545706381116,-0.5548679396847542,-1.0495465924783214,-2.0483259367346727,0,-1.1188006615303903,-0.7953358467253464,-1.802265539687395,-0.6906685769157437,-0.6351747503065068,0,-0.5996529440819142,-1.2341870157231392,-1.7081652788727353,0,-1.0405528941226598,-0.7844247989961557,-0.08301413085389697,-0.6448539915482945,-0.04007135187286526,0,-0.16081503421648682,-0.5186828133016572,0,-0.5756881849264879,-0.7286616334927545,-0.4154486627637953,0,-0.3691504167331212,-0.009093486892598257,-0.6367300310112105,-0.21962206334375556,-0.38910551870659127,-1.1968153404232367,0,-0.2731963008236642,-0.37805870512237666,-0.5001607788753626,-1.9529187345497498,0,-1.0794349437772621,-0.6500493597292071,-1.3671995987053065,-2.3622361714902325,0,-2.055932077043543,-0.9962797486222182,-2.118469420967284,-2.237048148917711,0,-2.073601153434819,-1.0841763229817947,-0.755244009303718,-0.16619050843533678,-0.5060534733901711,0,-0.31483028794436224,-1.101004239386579,-0.9826393081043943,0,-0.6443567808891517,-0.5834595192464338],"activity":[[0]],"dinucleotide":[],"positionBias":[],"modifications":[]}]},"modelFittingConstraints":{"enrichmentModel":[{}],"nShifts":0,"addBindingModesSequentially":true,"bindingModeInteractions":[],"flankLengths":[0],"singleModeLengthSweep":false,"bindingModes":[{"maxFlankLength":-1,"positionBiasBinWidth":1,"optimizeSizeHeuristic":false,"maxSize":-1,"optimizeFlankLength":false,"symmetryString":"null","roundSpecificActivity":true,"informationThreshold":0.1,"optimizeMotifShift":false,"fittingStages":[],"optimizeMotifShiftHeuristic":false,"experimentSpecificPositionBias":true,"minSize":-1,"experimentSpecificActivity":true,"optimizeSize":false}]}}
