{"modelSettings":{"letterOrder":"ACGTN","bindingModeInteractions":[],"bindingModes":[{"size":12,"fitLogActivity":true,"flankLength":0,"dinucleotideDistance":0,"componentName":"Binding mode 1","positionBias":false,"singleStrand":false,"modifications":[]}],"letterComplement":"C-G,A-T,N-N"},"coefficients":{"bindingModeInteractions":[],"bindingModes":[{"mononucleotide":[-0.33760271250670204,0,-0.12054497437634204,-0.19217686445509408,-0.1551704601110656,-0.21654848131643334,-0.569871696257878,0,-0.4778537306131554,-0.29068511422015464,-0.1791957113731968,0,-0.40124335745826656,-0.30545248562200733,-0.2100362940067055,-0.6232118272125948,0,-1.1795491964905152,-0.6993192127005905,-0.5359040566675622,0,-0.8158420652957483,-1.5757646087597246,-2.511909267649682,-0.8380404117570706,-1.921654550696064,0,-3.0208614420933633,-1.6230032492810904,-1.055244626425294,-0.6234062318180413,-3.5939896016888544,0,-1.2003399060828386,-0.7631965994718006,-3.2589554476721396,0,-3.4272901374045173,-3.2122377205190347,-1.2808810727294113,-2.1541030447773224,0,-3.736954090221319,-4.126862891883724,-1.2413569863545149,-2.827548008929135,0,-3.444171469435681,-0.7583937841800967,-0.9419245249741461,0,-0.0674520053544665,-1.7734759509127789,-0.4503133599520206,-0.37762760188024097,-0.9056431391278901,0,-0.9475569103581405,-0.3932258798590076,-0.48335431314283467],"activity":[[0]],"dinucleotide":[],"positionBias":[],"modifications":[]}]},"modelFittingConstraints":{"enrichmentModel":[{}],"nShifts":0,"addBindingModesSequentially":true,"bindingModeInteractions":[],"flankLengths":[0],"singleModeLengthSweep":false,"bindingModes":[{"maxFlankLength":-1,"positionBiasBinWidth":1,"optimizeSizeHeuristic":false,"maxSize":-1,"optimizeFlankLength":false,"symmetryString":"null","roundSpecificActivity":true,"informationThreshold":0.1,"optimizeMotifShift":false,"fittingStages":[],"optimizeMotifShiftHeuristic":false,"experimentSpecificPositionBias":true,"minSize":-1,"experimentSpecificActivity":true,"optimizeSize":false}]}}
