{"modelSettings":{"letterOrder":"ACGTN","bindingModeInteractions":[],"bindingModes":[{"size":12,"fitLogActivity":true,"flankLength":0,"dinucleotideDistance":0,"componentName":"Binding mode 1","positionBias":false,"singleStrand":false,"modifications":[]}],"letterComplement":"C-G,A-T,N-N"},"coefficients":{"bindingModeInteractions":[],"bindingModes":[{"mononucleotide":[-0.19843687139034483,-0.34026937157832915,-0.1469989410725887,0,-0.1640244608399365,-0.13969949821170768,-0.5442804893406175,-0.1844497026853782,0,-0.19801188318960192,-0.390249243738932,-1.393017629123386,-0.706558101760284,0,-0.5031252370477454,-1.6880997377861888,-2.9865213022226507,0,-2.6946293250761713,-1.121701357784072,-4.331560416283672,-4.117730924075136,0,-2.599665657491286,-1.2876018640169953,-3.6306303367404573,-3.9437821865089577,0,-3.1569125943383334,-1.3015569663745112,-1.7570281765988396,0,-2.7882772045555164,-0.191341453313135,-0.6636201345719008,-2.09581006746195,-2.9619920971183795,0,-1.976707453887812,-1.113819103694287,-1.1302616539984511,-1.1780564278320458,-0.23300442620117856,0,-0.5012980928465456,-0.7393939211955605,-1.2716452390649928,0,-0.6030936696825044,-0.5512616007680662,-0.622652968824446,-0.7917735006073006,0,-0.6139805297102283,-0.457777815029473,-0.499411803598957,0,-0.378102679839059,-0.12732196639545057,-0.23177512756719082],"activity":[[0]],"dinucleotide":[],"positionBias":[],"modifications":[]}]},"modelFittingConstraints":{"enrichmentModel":[{}],"nShifts":0,"addBindingModesSequentially":true,"bindingModeInteractions":[],"flankLengths":[0],"singleModeLengthSweep":false,"bindingModes":[{"maxFlankLength":-1,"positionBiasBinWidth":1,"optimizeSizeHeuristic":false,"maxSize":-1,"optimizeFlankLength":false,"symmetryString":"null","roundSpecificActivity":true,"informationThreshold":0.1,"optimizeMotifShift":false,"fittingStages":[],"optimizeMotifShiftHeuristic":false,"experimentSpecificPositionBias":true,"minSize":-1,"experimentSpecificActivity":true,"optimizeSize":false}]}}
