{"modelSettings":{"letterOrder":"ACGTN","bindingModeInteractions":[],"bindingModes":[{"size":12,"fitLogActivity":true,"flankLength":0,"dinucleotideDistance":0,"componentName":"Binding mode 1","positionBias":false,"singleStrand":false,"modifications":[]}],"letterComplement":"C-G,A-T,N-N"},"coefficients":{"bindingModeInteractions":[],"bindingModes":[{"mononucleotide":[0,-0.5412800714801009,-0.15058496511135022,-0.026459911872878994,-0.15779642337629773,-0.23375540755942037,-1.213408302922086,-0.6523358111031929,0,-0.4271104896450423,-1.2853451059107217,-1.459694576692964,0,-1.8542691749456899,-0.8762112130308586,-2.136634996423277,-2.5519250426024307,0,-1.3418087293547558,-1.0096709325646602,-2.4888708718694557,-3.679229001464472,0,-0.9872338845958089,-0.9936767616069311,-1.5344451265668295,0,-2.114943819389448,-0.2788286504948063,-0.6477509172391528,-2.535158077683586,-3.755503956399131,0,-2.2171841518525266,-1.194391173375177,-1.8012199735589633,-1.5091557399644333,-0.8504149809049903,0,-0.7910734472995732,-1.5360821702467862,-1.6988284768789768,0,-1.0726075717995132,-0.8322738615513712,-1.1867780350795853,-1.5972270451595716,0,-0.9428007371583949,-0.7459176179989518,-1.1868958720072653,0,-0.892436604375062,-0.06226101356058367,-0.4100527270974104,-0.33234647287809826,0,-0.4164055726787388,-0.33709866082099804,-0.2579647193499087],"activity":[[0]],"dinucleotide":[],"positionBias":[],"modifications":[]}]},"modelFittingConstraints":{"enrichmentModel":[{}],"nShifts":0,"addBindingModesSequentially":true,"bindingModeInteractions":[],"flankLengths":[0],"singleModeLengthSweep":false,"bindingModes":[{"maxFlankLength":-1,"positionBiasBinWidth":1,"optimizeSizeHeuristic":false,"maxSize":-1,"optimizeFlankLength":false,"symmetryString":"null","roundSpecificActivity":true,"informationThreshold":0.1,"optimizeMotifShift":false,"fittingStages":[],"optimizeMotifShiftHeuristic":false,"experimentSpecificPositionBias":true,"minSize":-1,"experimentSpecificActivity":true,"optimizeSize":false}]}}
