{"modelSettings":{"letterOrder":"ACGTN","bindingModeInteractions":[],"bindingModes":[{"size":12,"fitLogActivity":true,"flankLength":0,"dinucleotideDistance":0,"componentName":"Binding mode 1","positionBias":false,"singleStrand":false,"modifications":[]}],"letterComplement":"C-G,A-T,N-N"},"coefficients":{"bindingModeInteractions":[],"bindingModes":[{"mononucleotide":[-0.36339495970815694,-0.9451700846837572,0,-0.48879469916466345,-0.39404662321511413,-0.23481400513546635,-1.569110051439193,-0.13692050215294493,0,-0.33163818557529623,-0.9150177871771328,-1.9676148909850182,0,-1.862387883478166,-0.85825727550486,-2.9299607693108123,-3.6452972018578103,0,-1.473013885121046,-1.1172246744301197,-2.763199640067527,-3.075974753294906,0,-1.4483774680110029,-1.0905061800464528,-0.7950776772529815,0,-1.765897642576183,-0.36512672388545653,-0.5461557666275627,-1.0186177972821868,-2.5215601522103204,0,-2.1287922069314753,-0.9413465312970694,-0.7403347421287669,-1.604547524909594,0,-0.12914474295909528,-0.44754513792843426,-0.3214777775967077,-0.8450012732670353,0,-0.19078717065523687,-0.29405500780541083,-0.08376206704576727,-0.26775561408988224,0,-0.335631339019157,-0.16262735014327434,-0.14384284918843981,0,-0.27129449402561967,-0.31724191805801727,-0.1753746354478131,-0.1099209350397321,0,-0.11340642311094529,-0.27368332662291506,-0.11955365387832484],"activity":[[0]],"dinucleotide":[],"positionBias":[],"modifications":[]}]},"modelFittingConstraints":{"enrichmentModel":[{}],"nShifts":0,"addBindingModesSequentially":true,"bindingModeInteractions":[],"flankLengths":[0],"singleModeLengthSweep":false,"bindingModes":[{"maxFlankLength":-1,"positionBiasBinWidth":1,"optimizeSizeHeuristic":false,"maxSize":-1,"optimizeFlankLength":false,"symmetryString":"null","roundSpecificActivity":true,"informationThreshold":0.1,"optimizeMotifShift":false,"fittingStages":[],"optimizeMotifShiftHeuristic":false,"experimentSpecificPositionBias":true,"minSize":-1,"experimentSpecificActivity":true,"optimizeSize":false}]}}
