{"modelSettings":{"letterOrder":"ACGTN","bindingModeInteractions":[],"bindingModes":[{"size":12,"fitLogActivity":true,"flankLength":0,"dinucleotideDistance":0,"componentName":"Binding mode 1","positionBias":false,"singleStrand":false,"modifications":[]}],"letterComplement":"C-G,A-T,N-N"},"coefficients":{"bindingModeInteractions":[],"bindingModes":[{"mononucleotide":[-0.1476732053604204,0,-0.17837082617880728,-0.20990754133674283,-0.13067709438346778,-0.23826643598689934,-0.10427066429810061,0,-0.3990370577867015,-0.17437125908811635,-0.2275119823907792,-0.05373490381078394,-0.21425322303669958,0,-0.11896932198488111,-1.5453795825818402,-2.0675973973493935,-2.9315557921694784,0,-1.0548100681660524,0,-2.636028946823405,-1.1112183828975137,-3.018444011988688,-1.0149514493607137,0,-4.821050102217889,-3.458910957760181,-4.318479170464978,-1.3348007541448512,-4.810773229000782,-2.4183437562122756,-2.9178565147359268,0,-1.2454373709720614,-1.1337084841727951,-1.466025911912014,-0.7663610169033843,0,-0.6844949229936714,-0.03265706375527255,-1.2675139010672245,0,-1.1773310128074894,-0.44726373440482403,-0.12910033464480364,-0.0700256695079462,0,-0.5591742172680574,-0.16755020699963333,0,-0.16955115470609128,-0.21179659759241298,-0.07302770018924942,-0.11016428069840842,-0.24413905220566345,-0.2830344421550248,-0.49950253880315154,0,-0.24089232306228664],"activity":[[0]],"dinucleotide":[],"positionBias":[],"modifications":[]}]},"modelFittingConstraints":{"enrichmentModel":[{}],"nShifts":0,"addBindingModesSequentially":true,"bindingModeInteractions":[],"flankLengths":[0],"singleModeLengthSweep":false,"bindingModes":[{"maxFlankLength":-1,"positionBiasBinWidth":1,"optimizeSizeHeuristic":false,"maxSize":-1,"optimizeFlankLength":false,"symmetryString":"null","roundSpecificActivity":true,"informationThreshold":0.1,"optimizeMotifShift":false,"fittingStages":[],"optimizeMotifShiftHeuristic":false,"experimentSpecificPositionBias":true,"minSize":-1,"experimentSpecificActivity":true,"optimizeSize":false}]}}
