{"modelSettings":{"letterOrder":"ACGTN","bindingModeInteractions":[],"bindingModes":[{"size":12,"fitLogActivity":true,"flankLength":0,"dinucleotideDistance":0,"componentName":"Binding mode 1","positionBias":false,"singleStrand":false,"modifications":[]}],"letterComplement":"C-G,A-T,N-N"},"coefficients":{"bindingModeInteractions":[],"bindingModes":[{"mononucleotide":[0,-0.17150022827892086,-0.06953541075886682,-0.13156505008591268,-0.09103324874934064,0,-0.17540868557873757,-0.1122870671467966,-0.09118400997219944,-0.09273187630560832,0,-0.40449802923433675,-0.24443234628487187,-0.23767273236000253,-0.21105400223294776,0,-0.7093293825001148,-0.5249395034642659,-0.475040516274966,-0.3910353350090772,0,-0.2569156227917999,-0.026076379508201075,-0.11868615524505022,-0.09547052141663563,-0.7296349227180248,0,-0.10229809944625523,-0.0911637950226798,-0.19306500224657355,-2.6001152923011093,-0.640618124708918,-3.1348176228168665,0,-0.8887124723004741,0,-1.6638533678426712,-2.6496727914371148,-2.7560430879761366,-1.1059203626014023,0,-3.0945787750518745,-2.945734551466131,-2.948903769074718,-1.2463110203516368,-4.063470142208482,-2.9965304224027287,-4.294274267526909,0,-1.3085966963826237,-1.244371766649727,-0.7001307149153877,-1.438193095039356,0,-0.6822079786007014,0,-1.6037486207882916,-1.0778398391026163,-0.9293137019162736,-0.7255177054256249],"activity":[[0]],"dinucleotide":[],"positionBias":[],"modifications":[]}]},"modelFittingConstraints":{"enrichmentModel":[{}],"nShifts":0,"addBindingModesSequentially":true,"bindingModeInteractions":[],"flankLengths":[0],"singleModeLengthSweep":false,"bindingModes":[{"maxFlankLength":-1,"positionBiasBinWidth":1,"optimizeSizeHeuristic":false,"maxSize":-1,"optimizeFlankLength":false,"symmetryString":"null","roundSpecificActivity":true,"informationThreshold":0.1,"optimizeMotifShift":false,"fittingStages":[],"optimizeMotifShiftHeuristic":false,"experimentSpecificPositionBias":true,"minSize":-1,"experimentSpecificActivity":true,"optimizeSize":false}]}}
