{"modelSettings":{"letterOrder":"ACGTN","bindingModeInteractions":[],"bindingModes":[{"size":12,"fitLogActivity":true,"flankLength":0,"dinucleotideDistance":0,"componentName":"Binding mode 1","positionBias":false,"singleStrand":false,"modifications":[]}],"letterComplement":"C-G,A-T,N-N"},"coefficients":{"bindingModeInteractions":[],"bindingModes":[{"mononucleotide":[0,-0.21534772948976455,-0.3832525094322681,-0.6545507082559872,-0.28515949563379567,-0.44708360376822087,-0.5528655187169673,0,-1.1541195453226853,-0.4580258850715622,-1.2459516809898639,-1.6357132725270385,-1.573814200676791,0,-0.861723510298033,-0.5656618929041142,0,-1.8218486924376416,-0.9138439951251605,-0.6298482731196374,0,-1.961152422404143,-1.3691694523205407,-1.2882661904601715,-0.8730141052080274,-1.8166275797061444,-3.240077452593244,0,-1.3697982937160915,-1.0106754705146663,-4.699884088757171,0,-2.878350900697357,-2.297685438609088,-1.2328740249480523,0,-2.3720251814948936,-0.9449936434107027,-1.5585052805117752,-0.8601325139965252,0,-0.24079716115654515,-0.46671641657701723,-0.2309788053329198,-0.22101605995384435,0,-1.0696833135699766,-0.7228407446325189,-0.018473190070201984,-0.35304403173536575,0,-1.0741481556025514,-1.205860292300731,-0.041416201163917865,-0.43060884259907645,-0.49219376182573127,-0.6098180803262383,-1.0755712051178627,0,-0.4716704195318384],"activity":[[0]],"dinucleotide":[],"positionBias":[],"modifications":[]}]},"modelFittingConstraints":{"enrichmentModel":[{}],"nShifts":0,"addBindingModesSequentially":true,"bindingModeInteractions":[],"flankLengths":[0],"singleModeLengthSweep":false,"bindingModes":[{"maxFlankLength":-1,"positionBiasBinWidth":1,"optimizeSizeHeuristic":false,"maxSize":-1,"optimizeFlankLength":false,"symmetryString":"null","roundSpecificActivity":true,"informationThreshold":0.1,"optimizeMotifShift":false,"fittingStages":[],"optimizeMotifShiftHeuristic":false,"experimentSpecificPositionBias":true,"minSize":-1,"experimentSpecificActivity":true,"optimizeSize":false}]}}
