{"modelSettings":{"letterOrder":"ACGTN","bindingModeInteractions":[],"bindingModes":[{"size":12,"fitLogActivity":true,"flankLength":0,"dinucleotideDistance":0,"componentName":"Binding mode 1","positionBias":false,"singleStrand":false,"modifications":[]}],"letterComplement":"C-G,A-T,N-N"},"coefficients":{"bindingModeInteractions":[],"bindingModes":[{"mononucleotide":[-0.2098030657354668,-0.2627434445718251,0,-0.25825651130154803,-0.17671327689567598,-0.2186574259653078,-0.44003838081935953,0,-0.5610805594311898,-0.2816334565228921,-0.6748175678851105,0,-0.8507248517558681,-0.731781269264677,-0.503599341433593,-0.7743805143060207,0,-1.7246289338516672,-0.7969038553178995,-0.6491538579417314,0,-0.23726623056663954,-1.0937079390833722,-1.004343829170498,-0.47399627097129193,-1.500116627945677,0,-2.714327316637779,-1.391444130497817,-0.9557662970385606,-0.29102030127744083,-2.781498436012586,0,-1.1474313200741042,-0.6316301230609422,-2.413421906771834,0,-3.043314838591183,-3.182994250434652,-1.221927707523384,-1.847903963805134,0,-4.55646095159471,-3.9975649063655525,-1.2153484872977331,-2.306220190713473,0,-3.3948571575793944,-1.0984042480578942,-1.003357667404403,0,-0.5822392670274925,-1.1751273896311711,-0.09798125176566996,-0.36597103647039464,-0.07307495730762303,-0.05049512803992684,-0.39291957454955995,0,-0.11783445041029943],"activity":[[0]],"dinucleotide":[],"positionBias":[],"modifications":[]}]},"modelFittingConstraints":{"enrichmentModel":[{}],"nShifts":0,"addBindingModesSequentially":true,"bindingModeInteractions":[],"flankLengths":[0],"singleModeLengthSweep":false,"bindingModes":[{"maxFlankLength":-1,"positionBiasBinWidth":1,"optimizeSizeHeuristic":false,"maxSize":-1,"optimizeFlankLength":false,"symmetryString":"null","roundSpecificActivity":true,"informationThreshold":0.1,"optimizeMotifShift":false,"fittingStages":[],"optimizeMotifShiftHeuristic":false,"experimentSpecificPositionBias":true,"minSize":-1,"experimentSpecificActivity":true,"optimizeSize":false}]}}
