{"modelSettings":{"letterOrder":"ACGTN","bindingModeInteractions":[],"bindingModes":[{"size":12,"fitLogActivity":true,"flankLength":0,"dinucleotideDistance":0,"componentName":"Binding mode 1","positionBias":false,"singleStrand":false,"modifications":[]}],"letterComplement":"C-G,A-T,N-N"},"coefficients":{"bindingModeInteractions":[],"bindingModes":[{"mononucleotide":[-0.3204038621833134,0,-0.20061827905179364,-0.2504430092322938,-0.18556589964085138,-0.251479897730174,-0.1816881299291775,0,-0.13089476080415308,-0.13673063526964901,-0.43929876790034417,-0.8003979675801092,0,-0.7654577571754344,-0.4467718491673249,-0.47875054452603205,0,-0.90911368753873,-0.8891811020123446,-0.49699243775336893,-1.552275349601738,0,-2.6029992485671807,-1.3495066437991587,-0.9511507676371221,0,-0.27816027319941616,-0.7532927144462209,-1.1148886620799163,-0.4478739118643179,-1.4061286397130313,0,-2.588990595061437,-1.272706010667331,-0.9161289941638521,0,-2.648332783759528,-0.34378757312059705,-0.6369604288366628,-0.549589734167727,-2.220601090391671,0,-3.2344065869039644,-2.2627783633683927,-1.1615613721456837,-1.8583864506165848,0,-3.6765829094468625,-3.5466682228528694,-1.1956295120745415,-2.011435381429865,0,-1.9306551180104443,-0.6639869594014773,-0.8020448334923637,-0.011347647599394328,-0.28788459718985804,-0.7555290396195031,0,-0.220544855168165],"activity":[[0]],"dinucleotide":[],"positionBias":[],"modifications":[]}]},"modelFittingConstraints":{"enrichmentModel":[{}],"nShifts":0,"addBindingModesSequentially":true,"bindingModeInteractions":[],"flankLengths":[0],"singleModeLengthSweep":false,"bindingModes":[{"maxFlankLength":-1,"positionBiasBinWidth":1,"optimizeSizeHeuristic":false,"maxSize":-1,"optimizeFlankLength":false,"symmetryString":"null","roundSpecificActivity":true,"informationThreshold":0.1,"optimizeMotifShift":false,"fittingStages":[],"optimizeMotifShiftHeuristic":false,"experimentSpecificPositionBias":true,"minSize":-1,"experimentSpecificActivity":true,"optimizeSize":false}]}}
