{"modelSettings":{"letterOrder":"ACGTN","bindingModeInteractions":[],"bindingModes":[{"size":12,"fitLogActivity":true,"flankLength":0,"dinucleotideDistance":0,"componentName":"Binding mode 1","positionBias":false,"singleStrand":false,"modifications":[]}],"letterComplement":"C-G,A-T,N-N"},"coefficients":{"bindingModeInteractions":[],"bindingModes":[{"mononucleotide":[-2.502068756091264,0,-2.792251400048724,-1.992828382475797,-1.1398188955774922,0,-2.067473076018584,-1.0860829682140571,-1.7361280256987368,-0.8914503116801488,-0.28498892636470785,-0.03628283566542301,-0.17430943447254954,0,-0.11753797184218993,-0.9468337259511421,0,-0.8153418297523216,-1.3567743554163072,-0.6501137698989481,-3.3231427098173727,-3.598058309985324,-4.066812879141365,0,-1.3088259270037859,-3.3669976509982265,-3.933201376492212,0,-5.013708464124472,-1.3273463074224756,-1.7768145960711847,-1.1195842463281145,-1.4520702174438789,0,-0.8383597688353595,-2.557326455573544,-0.21795807982190318,-1.6493984904756354,0,-0.656894179546169,-0.06783523272683478,-0.15201335417556638,0,-0.5096912417384623,-0.16426390786468711,-0.3326911974762168,0,-0.5238423217069457,-0.09897670858012875,-0.21846825854353688,-0.23843829336829359,0,-0.1249174930710879,-0.05163324320798823,-0.09979157216463094,-0.09032079513743829,-0.0052778996993421146,-0.09629465967099016,0,-0.046942137743510415],"activity":[[0]],"dinucleotide":[],"positionBias":[],"modifications":[]}]},"modelFittingConstraints":{"enrichmentModel":[{}],"nShifts":0,"addBindingModesSequentially":true,"bindingModeInteractions":[],"flankLengths":[0],"singleModeLengthSweep":false,"bindingModes":[{"maxFlankLength":-1,"positionBiasBinWidth":1,"optimizeSizeHeuristic":false,"maxSize":-1,"optimizeFlankLength":false,"symmetryString":"null","roundSpecificActivity":true,"informationThreshold":0.1,"optimizeMotifShift":false,"fittingStages":[],"optimizeMotifShiftHeuristic":false,"experimentSpecificPositionBias":true,"minSize":-1,"experimentSpecificActivity":true,"optimizeSize":false}]}}
