{"modelSettings":{"letterOrder":"ACGTN","bindingModeInteractions":[],"bindingModes":[{"size":12,"fitLogActivity":true,"flankLength":0,"dinucleotideDistance":0,"componentName":"Binding mode 1","positionBias":false,"singleStrand":false,"modifications":[]}],"letterComplement":"C-G,A-T,N-N"},"coefficients":{"bindingModeInteractions":[],"bindingModes":[{"mononucleotide":[-0.36189900177173584,-0.32904614399581433,0,-0.5717855766233235,-0.2942103165845618,0,-0.7203769117121741,-0.028235912249337858,-1.5466883990830533,-0.4035869318749486,-0.21861201825776533,0,-0.9121625291857036,-1.2443320517641894,-0.4726385179321379,-5.2058329803574885,0,-5.147828502079015,-5.125209363247115,-1.3691998440676867,0,-4.691260451820541,-4.055831166144733,-4.132361991440966,-1.3446332362629074,0,-1.3983309518284104,-2.172682602194686,-0.3610287456314172,-0.6646376724589885,0,-2.116016936874959,-2.335269789774805,-1.0711666381656038,-0.9416703193532369,-3.2631860403177892,-2.0898945335755847,-4.1322383850771,0,-1.2224649122734292,-4.788957203527343,-4.1757694846016875,0,-3.172903908325833,-1.3227879703461394,-1.9802401851798779,-1.7602570483504705,0,-1.0192357023574559,-0.8729275456283655,-1.6473684073716894,-0.09044483340856768,-1.223868869104848,0,-0.5107544318775202,-0.24021250511841163,0,-0.11267373200808795,-0.223962698964562,-0.13947824566404707],"activity":[[0]],"dinucleotide":[],"positionBias":[],"modifications":[]}]},"modelFittingConstraints":{"enrichmentModel":[{}],"nShifts":0,"addBindingModesSequentially":true,"bindingModeInteractions":[],"flankLengths":[0],"singleModeLengthSweep":false,"bindingModes":[{"maxFlankLength":-1,"positionBiasBinWidth":1,"optimizeSizeHeuristic":false,"maxSize":-1,"optimizeFlankLength":false,"symmetryString":"null","roundSpecificActivity":true,"informationThreshold":0.1,"optimizeMotifShift":false,"fittingStages":[],"optimizeMotifShiftHeuristic":false,"experimentSpecificPositionBias":true,"minSize":-1,"experimentSpecificActivity":true,"optimizeSize":false}]}}
