{"modelSettings":{"letterOrder":"ACGTN","bindingModeInteractions":[],"bindingModes":[{"size":12,"fitLogActivity":true,"flankLength":0,"dinucleotideDistance":0,"componentName":"Binding mode 1","positionBias":false,"singleStrand":false,"modifications":[]}],"letterComplement":"C-G,A-T,N-N"},"coefficients":{"bindingModeInteractions":[],"bindingModes":[{"mononucleotide":[0,-0.4612110257639719,-0.29729783681530453,-0.44265367104096764,-0.28247167920679256,-0.32725197565145425,0,-0.09156843825291539,-0.3584362680128086,-0.18267088994568653,-0.33736511955671844,0,-0.497548529582863,-0.5446123636105211,-0.3209858043066024,-1.4924385787126002,-0.9723962378756639,-2.4118634150899636,0,-0.8600004451337103,-2.0288079094256606,-3.5132646113774584,0,-3.2405528903109966,-1.203611288130853,-1.9641796556442197,-1.6347099801234755,-4.001167623541288,0,-1.083545789259203,-4.333442674295415,0,-2.5312139541574306,-4.35904963487732,-1.2860190661349697,0,-1.527183805522499,-1.3873104230634477,-1.1763769425141444,-0.8123325466053216,0,-0.15865164014764765,-0.257311206697282,-0.055390035863617015,-0.1130183199818705,-0.08490911605804108,-0.1868306228089729,-0.20060369427523472,0,-0.11473301100602798,-0.1143960717946424,0,-0.098253022757115,-0.03720375715426272,-0.0613957429592917,-0.05478308685202116,-0.06971477370066825,-0.11979193540884658,0,-0.06016004891253696],"activity":[[0]],"dinucleotide":[],"positionBias":[],"modifications":[]}]},"modelFittingConstraints":{"enrichmentModel":[{}],"nShifts":0,"addBindingModesSequentially":true,"bindingModeInteractions":[],"flankLengths":[0],"singleModeLengthSweep":false,"bindingModes":[{"maxFlankLength":-1,"positionBiasBinWidth":1,"optimizeSizeHeuristic":false,"maxSize":-1,"optimizeFlankLength":false,"symmetryString":"null","roundSpecificActivity":true,"informationThreshold":0.1,"optimizeMotifShift":false,"fittingStages":[],"optimizeMotifShiftHeuristic":false,"experimentSpecificPositionBias":true,"minSize":-1,"experimentSpecificActivity":true,"optimizeSize":false}]}}
