{"modelSettings":{"letterOrder":"ACGTN","bindingModeInteractions":[],"bindingModes":[{"size":14,"fitLogActivity":true,"flankLength":0,"dinucleotideDistance":0,"componentName":"Binding mode 1","positionBias":false,"singleStrand":false,"modifications":[]}],"letterComplement":"C-G,A-T,N-N"},"coefficients":{"bindingModeInteractions":[],"bindingModes":[{"mononucleotide":[0,-0.38801146909321016,-0.2817469198998177,-0.4090222650140909,-0.25580602040770034,0,-1.0043315997219753,-0.4586123761004508,-0.35044040406740606,-0.39199593999909765,0,-1.2835602017602894,-0.9252753274416725,-0.14506177338693504,-0.4547445202434424,0,-0.690396900866439,-0.7950514071712047,-0.03475979522647599,-0.3151312302369113,-0.13666771765282437,-0.23894761188251223,-0.1913470383999547,0,-0.13766504228385582,-1.1835404590611325,-0.6976186977653729,-1.7875515923427758,0,-0.7075851867488748,-2.424256286744409,-2.2375798215322606,0,-4.464211040188095,-1.1983435227210688,-1.0703973229846162,0,-2.896015813972112,-1.9319737691939474,-0.9525806087157948,-2.3416879311888015,-1.620527901072911,-2.8877428984995634,0,-1.0864407393389544,-2.001277491105832,-2.695217188130938,0,-1.0228818980432117,-0.9401688995360018,0,-2.7209516964839384,-2.3537156528155063,-2.1100018398267757,-1.137822071082629,-1.841725696120208,0,-1.0940244077336052,-0.724300061775927,-0.7041710117253133,-0.27965963926671034,-0.41611135117151443,0,-0.21855743136392025,-0.21712259974398782,-0.18188182168353695,-0.014389572411570573,-0.23806356273172735,0,-0.10326107799431312],"activity":[[0]],"dinucleotide":[],"positionBias":[],"modifications":[]}]},"modelFittingConstraints":{"enrichmentModel":[{}],"nShifts":0,"addBindingModesSequentially":true,"bindingModeInteractions":[],"flankLengths":[0],"singleModeLengthSweep":false,"bindingModes":[{"maxFlankLength":-1,"positionBiasBinWidth":1,"optimizeSizeHeuristic":false,"maxSize":-1,"optimizeFlankLength":false,"symmetryString":"null","roundSpecificActivity":true,"informationThreshold":0.1,"optimizeMotifShift":false,"fittingStages":[],"optimizeMotifShiftHeuristic":false,"experimentSpecificPositionBias":true,"minSize":-1,"experimentSpecificActivity":true,"optimizeSize":false}]}}
