{"modelSettings":{"letterOrder":"ACGTN","bindingModeInteractions":[],"bindingModes":[{"size":12,"fitLogActivity":true,"flankLength":0,"dinucleotideDistance":0,"componentName":"Binding mode 1","positionBias":false,"singleStrand":false,"modifications":[]}],"letterComplement":"C-G,A-T,N-N"},"coefficients":{"bindingModeInteractions":[],"bindingModes":[{"mononucleotide":[-0.9092339435359449,-0.35190918711878894,-0.638123635054999,0,-0.4176163477613514,-0.027522480512219616,-1.1146102151555066,0,-2.197256940191666,-0.5058366529052964,0,-0.941679081792671,-0.6343993233863099,-1.7728683408302535,-0.6490960808015352,-3.9044136381355066,0,-3.767001926280021,-3.869502857229285,-1.324124779758979,0,-3.50966491730401,-2.7892042786656965,-3.5085387209147396,-1.2717898711832023,-3.3498520416203075,-2.3640839299814065,-1.6951912281603316,0,-1.1142166007815189,0,-1.6772921299271737,-2.43142841557108,-2.945272936240719,-1.1030886347684046,-3.30837718169185,-2.3604643314798883,-3.4589233124590493,0,-1.2357942000394202,-3.8597548043148375,-4.0161239096128245,0,-3.7737736143969847,-1.326082915616799,-1.933663947607448,-0.2576489413359262,0,-0.0013664626609628527,-0.3160409673212327,-0.9995542622886795,-0.17197613675032297,-0.6002499710805367,0,-0.3715285766004271,-0.2884452437309668,-0.05150179096695773,0,-0.2941370808402608,-0.1495434399427864],"activity":[[0]],"dinucleotide":[],"positionBias":[],"modifications":[]}]},"modelFittingConstraints":{"enrichmentModel":[{}],"nShifts":0,"addBindingModesSequentially":true,"bindingModeInteractions":[],"flankLengths":[0],"singleModeLengthSweep":false,"bindingModes":[{"maxFlankLength":-1,"positionBiasBinWidth":1,"optimizeSizeHeuristic":false,"maxSize":-1,"optimizeFlankLength":false,"symmetryString":"null","roundSpecificActivity":true,"informationThreshold":0.1,"optimizeMotifShift":false,"fittingStages":[],"optimizeMotifShiftHeuristic":false,"experimentSpecificPositionBias":true,"minSize":-1,"experimentSpecificActivity":true,"optimizeSize":false}]}}
