{"modelSettings":{"letterOrder":"ACGTN","bindingModeInteractions":[],"bindingModes":[{"size":12,"fitLogActivity":true,"flankLength":0,"dinucleotideDistance":0,"componentName":"Binding mode 1","positionBias":false,"singleStrand":false,"modifications":[]}],"letterComplement":"C-G,A-T,N-N"},"coefficients":{"bindingModeInteractions":[],"bindingModes":[{"mononucleotide":[0,-0.14294573070951166,-0.16510339870994528,-0.08341787768781472,-0.09580251171035824,0,-0.5587757383373297,-0.4864902882112858,-0.0793465732713905,-0.2515401812816305,-0.3302505334246959,-0.25393650956052305,-0.2090683264822495,0,-0.19060845086592504,-0.8358183449801615,-1.368890267902179,-0.6559484216823179,0,-0.594724431458591,-3.242661592418808,-2.1036009341010002,-2.952834647409397,0,-1.192977136784718,-3.0807676281050718,-2.9847673091352798,-2.9944406897671096,0,-1.2495457573538968,-4.094879685303728,0,-3.786377582387831,-5.153729992656853,-1.34216919008064,-4.85340165823732,0,-3.409112658650842,-5.259979027434337,-1.3412562373304366,0,-1.6418532764312195,-0.22180673996985512,-0.9935956480002197,-0.5255442161191216,-0.3877243679625888,-0.2768850871994397,-0.8684673442802557,0,-0.33675498334873166,-0.24462243135566908,-0.126142148283523,-0.32053825287430815,0,-0.16539130233708046,-0.0536983998008318,0,-0.012834152380351682,-0.14462762249875993,-0.051211661563990866],"activity":[[0]],"dinucleotide":[],"positionBias":[],"modifications":[]}]},"modelFittingConstraints":{"enrichmentModel":[{}],"nShifts":0,"addBindingModesSequentially":true,"bindingModeInteractions":[],"flankLengths":[0],"singleModeLengthSweep":false,"bindingModes":[{"maxFlankLength":-1,"positionBiasBinWidth":1,"optimizeSizeHeuristic":false,"maxSize":-1,"optimizeFlankLength":false,"symmetryString":"null","roundSpecificActivity":true,"informationThreshold":0.1,"optimizeMotifShift":false,"fittingStages":[],"optimizeMotifShiftHeuristic":false,"experimentSpecificPositionBias":true,"minSize":-1,"experimentSpecificActivity":true,"optimizeSize":false}]}}
