{"modelSettings":{"letterOrder":"ACGTN","bindingModeInteractions":[],"bindingModes":[{"size":12,"fitLogActivity":true,"flankLength":0,"dinucleotideDistance":0,"componentName":"Binding mode 1","positionBias":false,"singleStrand":false,"modifications":[]}],"letterComplement":"C-G,A-T,N-N"},"coefficients":{"bindingModeInteractions":[],"bindingModes":[{"mononucleotide":[0,-0.6517852192323499,-0.2965959859687155,-1.6584733219526306,-0.4882130599654179,0,-1.046031588821176,-0.6118047856514224,-1.1336495422426207,-0.5907906085099233,-3.8401689581310907,0,-3.7775758231841627,-3.345753728107979,-1.3097021810900327,0,-3.722957992129535,-2.4580819206537625,-3.3537963655668563,-1.2511406003936931,-0.25620224619164755,-0.9593493772127726,0,-1.2002436286054365,-0.48684531986671287,-1.1588771994480602,0,-1.9361942412820135,-1.2667385719262327,-0.8325016173924414,-3.359270124473847,-3.6369294685565143,-3.7122754087681784,0,-1.304239291302489,-4.144244569234907,-4.008389785419792,0,-4.073053591741649,-1.3365110263273445,-0.5548352629930511,-2.248284630300903,-2.4683071138218438,0,-0.8184410571022288,-3.0627386958855927,-0.22572581971779826,-2.230561104200323,0,-0.7173556438926803,-0.2754966589593417,-0.15715705537606883,0,-0.7481018339042347,-0.2590852743693037,-0.4189306135810904,0,-0.5734835893438452,-0.12694032222000384,-0.25421671180762523],"activity":[[0]],"dinucleotide":[],"positionBias":[],"modifications":[]}]},"modelFittingConstraints":{"enrichmentModel":[{}],"nShifts":0,"addBindingModesSequentially":true,"bindingModeInteractions":[],"flankLengths":[0],"singleModeLengthSweep":false,"bindingModes":[{"maxFlankLength":-1,"positionBiasBinWidth":1,"optimizeSizeHeuristic":false,"maxSize":-1,"optimizeFlankLength":false,"symmetryString":"null","roundSpecificActivity":true,"informationThreshold":0.1,"optimizeMotifShift":false,"fittingStages":[],"optimizeMotifShiftHeuristic":false,"experimentSpecificPositionBias":true,"minSize":-1,"experimentSpecificActivity":true,"optimizeSize":false}]}}
