{"modelSettings":{"letterOrder":"ACGTN","bindingModeInteractions":[],"bindingModes":[{"size":12,"fitLogActivity":true,"flankLength":0,"dinucleotideDistance":0,"componentName":"Binding mode 1","positionBias":false,"singleStrand":false,"modifications":[]}],"letterComplement":"C-G,A-T,N-N"},"coefficients":{"bindingModeInteractions":[],"bindingModes":[{"mononucleotide":[-0.16681962683511653,-0.7784163805924029,0,-0.17741615539895683,-0.24114333151558548,-0.832598423630917,0,-0.5272619506712761,-0.11397619171891105,-0.31559616304337657,-0.45891039991183646,-1.5031284178289683,0,-1.7837421806864528,-0.6820028470685882,0,-0.17572944417669412,-0.8546011868413741,-1.0342736624851172,-0.4232031653701106,-2.3937261252617317,0,-2.6381628831708364,-3.1279252096194456,-1.1984961774417682,0,-3.0490888263191573,-1.5598444793304498,-2.1579916858981028,-1.0692031481063524,-2.6576251387646677,-1.7791093600504186,-1.1658711474298062,0,-0.947682077111259,0,-1.2618425877113808,-1.1888156383662505,-2.558173448347091,-0.8763733225323339,-2.4300491492535814,-2.0214407894392252,-3.3387770979351687,0,-1.1583803664760832,-3.1828748377896474,-2.914263414752379,0,-2.8677372170479924,-1.2443282274739476,-1.5190873711932265,-0.2933918437465879,-0.018961193175156765,0,-0.30589394167428935,-1.1399270805773387,-0.2043036620202212,-0.770189572967646,0,-0.43155920602608566],"activity":[[0]],"dinucleotide":[],"positionBias":[],"modifications":[]}]},"modelFittingConstraints":{"enrichmentModel":[{}],"nShifts":0,"addBindingModesSequentially":true,"bindingModeInteractions":[],"flankLengths":[0],"singleModeLengthSweep":false,"bindingModes":[{"maxFlankLength":-1,"positionBiasBinWidth":1,"optimizeSizeHeuristic":false,"maxSize":-1,"optimizeFlankLength":false,"symmetryString":"null","roundSpecificActivity":true,"informationThreshold":0.1,"optimizeMotifShift":false,"fittingStages":[],"optimizeMotifShiftHeuristic":false,"experimentSpecificPositionBias":true,"minSize":-1,"experimentSpecificActivity":true,"optimizeSize":false}]}}
