{"modelSettings":{"letterOrder":"ACGTN","bindingModeInteractions":[],"bindingModes":[{"size":16,"fitLogActivity":true,"flankLength":0,"dinucleotideDistance":0,"componentName":"Binding mode 1","positionBias":false,"singleStrand":false,"modifications":[]}],"letterComplement":"C-G,A-T,N-N"},"coefficients":{"bindingModeInteractions":[],"bindingModes":[{"mononucleotide":[-0.1605884547872911,-0.058863481196770095,0,-0.050811042313007704,-0.06588977674299534,-1.1370646640418238,-0.7990138274753376,-0.6911478904256523,0,-0.5658398141977108,0,-1.0683362656345707,-0.25095082124508394,-1.394908938349955,-0.5236171258039654,-1.5967034066226278,-1.2783022042722179,0,-0.9391792380456785,-0.7592754882799633,-1.7428639892532765,-1.742256576818261,0,-1.9880746293758653,-0.9894650534483539,-1.526243585477852,-1.4759790040139462,-0.9094324505615283,0,-0.7718342839365997,-0.986495037075442,0,-1.778423701927327,-0.32231533847854443,-0.5681655744108229,0,-2.310033047982391,-1.6333255878371107,-2.2999292891272045,-1.0535411888268114,-0.8824969177123592,-0.44711859793124376,0,-1.1944847257971478,-0.5292966005655507,-2.0530515745534643,-1.4203233008024903,-1.5036173003472255,0,-0.9211129458254089,0,-1.476105980754114,-0.27821230144338926,-1.7972163271184893,-0.6201655408690079,-1.5375577759798844,-1.2314613143953723,0,-0.6256501795953833,-0.6725191137421964,-1.4759176326755705,-1.6599271742721822,0,-1.6888794738934036,-0.9141379788751061,-1.1556753242950997,-0.951248070046514,-0.9949610521618135,0,-0.6583393957767162,-2.013458751030438,0,-1.8284282815031307,-1.318925219101157,-0.9405741385313996,0,-1.8522088572346052,-0.9242248212984006,-2.1348499393205658,-0.8722789351729314],"activity":[[0]],"dinucleotide":[],"positionBias":[],"modifications":[]}]},"modelFittingConstraints":{"enrichmentModel":[{}],"nShifts":0,"addBindingModesSequentially":true,"bindingModeInteractions":[],"flankLengths":[0],"singleModeLengthSweep":false,"bindingModes":[{"maxFlankLength":-1,"positionBiasBinWidth":1,"optimizeSizeHeuristic":false,"maxSize":-1,"optimizeFlankLength":false,"symmetryString":"null","roundSpecificActivity":true,"informationThreshold":0.1,"optimizeMotifShift":false,"fittingStages":[],"optimizeMotifShiftHeuristic":false,"experimentSpecificPositionBias":true,"minSize":-1,"experimentSpecificActivity":true,"optimizeSize":false}]}}
