{"modelSettings":{"letterOrder":"ACGTN","bindingModeInteractions":[],"bindingModes":[{"size":13,"fitLogActivity":true,"flankLength":0,"dinucleotideDistance":0,"componentName":"Binding mode 1","positionBias":false,"singleStrand":false,"modifications":[]}],"letterComplement":"C-G,A-T,N-N"},"coefficients":{"bindingModeInteractions":[],"bindingModes":[{"mononucleotide":[-0.611625590771514,-0.6077224591666774,0,-0.4969177674324903,-0.3947250708730241,-0.25065552545846925,-0.044366649118303236,-0.06548847299464544,0,-0.08569313032450092,0,-0.11578847936409797,-0.160635303342187,-0.15128122857442383,-0.10484062107078296,-0.013933573291638801,-0.17834928532312322,-0.06133801484009549,0,-0.060993220141710734,-0.2527711534129593,-0.7369105566249883,0,-0.2709038367175074,-0.2817246395611308,-0.028207137198880794,0,-0.41179201187095593,-0.7760169657324911,-0.25654376908233306,-1.0902809255187633,0,-2.473877641187957,-2.211059014421367,-0.9610500933240315,0,-3.258274280512942,-0.7513786705165568,-1.799250642725101,-0.8701270681031278,-3.9630444335748094,0,-2.566141792665371,-1.4205687306743986,-1.0955570922089524,-0.6477638627683264,-2.7391423409258797,0,-3.7089708253731843,-0.908606005909924,-3.339262340136549,-2.5505221126016497,-4.244738617330047,0,-1.2659869603221896,-3.3597161000575095,-4.55535899001176,0,-2.942133659346677,-1.2927959128523394,-1.24264848061626,-0.045855804462053396,-0.37260845190110947,0,-0.3103594652655902],"activity":[[0]],"dinucleotide":[],"positionBias":[],"modifications":[]}]},"modelFittingConstraints":{"enrichmentModel":[{}],"nShifts":0,"addBindingModesSequentially":true,"bindingModeInteractions":[],"flankLengths":[0],"singleModeLengthSweep":false,"bindingModes":[{"maxFlankLength":-1,"positionBiasBinWidth":1,"optimizeSizeHeuristic":false,"maxSize":-1,"optimizeFlankLength":false,"symmetryString":"null","roundSpecificActivity":true,"informationThreshold":0.1,"optimizeMotifShift":false,"fittingStages":[],"optimizeMotifShiftHeuristic":false,"experimentSpecificPositionBias":true,"minSize":-1,"experimentSpecificActivity":true,"optimizeSize":false}]}}
