{"modelSettings":{"letterOrder":"ACGTN","bindingModeInteractions":[],"bindingModes":[{"size":14,"fitLogActivity":true,"flankLength":0,"dinucleotideDistance":0,"componentName":"Binding mode 1","positionBias":false,"singleStrand":false,"modifications":[]}],"letterComplement":"C-G,A-T,N-N"},"coefficients":{"bindingModeInteractions":[],"bindingModes":[{"mononucleotide":[-0.12460531945811493,0,-0.5539633190600406,-0.8660121873879723,-0.3291506091263623,-0.6763751605499086,-0.5084694458865218,0,-0.44423494145570563,-0.37426196610500484,-3.3167791142377223,0,-2.4708244827907224,-2.6570227327693554,-1.211550274962085,0,-2.9084641661412705,-1.997849418265914,-1.9962545814692856,-1.1041054282823994,-2.0231258966475734,-0.8674482395580343,0,-0.6067716203066462,-0.6456095766177289,-0.9421513515352524,0,-0.6201194161772001,-2.3803138673355457,-0.6831027469471664,-3.2497228625420336,-3.0064127614275202,-3.936843695963965,0,-1.2839512715701737,-3.2043811391965984,-3.8623520648040355,0,-4.0182198442560555,-1.309715368278683,-0.7085711008537796,0,-0.8769828330255258,-0.6489545141531421,-0.4980018122575513,-1.375763732170431,-1.392478496988291,0,-0.43076829873386613,-0.620308139046091,-0.39588005162219586,-0.24128180585214354,-0.18948347371332597,0,-0.19659472959840466,-0.9380315803050241,0,-1.947911238278047,-0.9255112696459316,-0.7286200657674083,-0.41259166406113,0,-1.2047591731953902,-0.6136031471865024,-0.46876706637777515,-0.3525185095763286,0,-0.7414566941515575,-0.29927577188384724,-0.31447450293577517],"activity":[[0]],"dinucleotide":[],"positionBias":[],"modifications":[]}]},"modelFittingConstraints":{"enrichmentModel":[{}],"nShifts":0,"addBindingModesSequentially":true,"bindingModeInteractions":[],"flankLengths":[0],"singleModeLengthSweep":false,"bindingModes":[{"maxFlankLength":-1,"positionBiasBinWidth":1,"optimizeSizeHeuristic":false,"maxSize":-1,"optimizeFlankLength":false,"symmetryString":"null","roundSpecificActivity":true,"informationThreshold":0.1,"optimizeMotifShift":false,"fittingStages":[],"optimizeMotifShiftHeuristic":false,"experimentSpecificPositionBias":true,"minSize":-1,"experimentSpecificActivity":true,"optimizeSize":false}]}}
