{"modelSettings":{"letterOrder":"ACGTN","bindingModeInteractions":[],"bindingModes":[{"size":14,"fitLogActivity":true,"flankLength":0,"dinucleotideDistance":0,"componentName":"Binding mode 1","positionBias":false,"singleStrand":false,"modifications":[]}],"letterComplement":"C-G,A-T,N-N"},"coefficients":{"bindingModeInteractions":[],"bindingModes":[{"mononucleotide":[0,-0.060478472196264565,-0.15500148660576274,-0.004004728284204617,-0.052944336211741015,-0.04719632979847477,-0.43210797897389863,-0.29508895730486673,0,-0.1780791469779723,-0.45735620316583336,-1.6084235438736223,-1.2725756986766177,0,-0.6380592552131131,-2.443410165200394,-1.70922668538797,-3.5407578081735,0,-1.1263474880849667,0,-2.412970766559477,-1.2216204482107882,-1.6659831718065816,-0.9331153745979479,0,-4.617862746635805,-4.1617089200745765,-3.466732140680544,-1.33116843586519,-3.0162687913804067,-3.805298141872773,-2.3987390999053693,0,-1.2360926515234347,-0.7404431519851737,-1.1064018986766189,-0.1174839730020607,0,-0.39422692843867724,0,-2.0805664435538467,-0.3079193922832384,-1.6544164857488899,-0.6679485400485095,-0.904906246553248,0,-0.18119643546418773,-0.7550703192463724,-0.38977798152856136,-0.2606127647678229,0,-0.13316333789214463,-0.2423356780076733,-0.1535317705191627,-0.34351289990492395,-0.1351455803280266,-0.4280865046022715,0,-0.2123834960368319,-0.17516213806587588,-0.2765737841241527,-0.46385033795607145,0,-0.21487896966912515,-0.050655799592556505,-0.35342230142848274,-0.4266124809010394,0,-0.19067551016270945],"activity":[[0]],"dinucleotide":[],"positionBias":[],"modifications":[]}]},"modelFittingConstraints":{"enrichmentModel":[{}],"nShifts":0,"addBindingModesSequentially":true,"bindingModeInteractions":[],"flankLengths":[0],"singleModeLengthSweep":false,"bindingModes":[{"maxFlankLength":-1,"positionBiasBinWidth":1,"optimizeSizeHeuristic":false,"maxSize":-1,"optimizeFlankLength":false,"symmetryString":"null","roundSpecificActivity":true,"informationThreshold":0.1,"optimizeMotifShift":false,"fittingStages":[],"optimizeMotifShiftHeuristic":false,"experimentSpecificPositionBias":true,"minSize":-1,"experimentSpecificActivity":true,"optimizeSize":false}]}}
