{"modelSettings":{"letterOrder":"ACGTN","bindingModeInteractions":[],"bindingModes":[{"size":18,"fitLogActivity":true,"flankLength":0,"dinucleotideDistance":0,"componentName":"Binding mode 1","positionBias":false,"singleStrand":false,"modifications":[]}],"letterComplement":"C-G,A-T,N-N"},"coefficients":{"bindingModeInteractions":[],"bindingModes":[{"mononucleotide":[-0.10838369793748814,0,-0.0061425969190453955,-0.11617242321474919,-0.0561785835743589,-0.16034355869875316,-0.13915032820656936,0,-0.0861169402072699,-0.09446584806261829,-1.646914601862436,-1.0382810007931367,-1.1686303755507037,0,-0.7670636788156153,-1.3584065561769716,-1.9244599746704347,0,-2.642623221552914,-0.9981796031365001,0,-0.9640800383105184,-1.001790741369648,-0.9856592469936123,-0.634053978264014,-1.2486905700373052,0,-1.5640593097323938,-1.4499062934961797,-0.8377353239836389,-0.7329540970444812,0,-2.160978630122078,-2.6675907651970165,-0.8763977256700386,-2.057480353435598,-0.24584051944692753,-1.6061879287211225,0,-0.6393820292552023,0,-1.5873020691895476,-1.6310596398610784,-1.9803728138832941,-0.9556708147306588,-1.3335145158264812,0,-0.5213766805208966,-1.0554568729939566,-0.5954374214069978,-2.223785620097961,-2.7236094374407775,-2.2869817237511914,0,-1.143027669792072,-0.30593407019111485,-3.0015327283604822,0,-2.122945845564688,-0.741379615827878,0,-1.1137639747762496,-1.6378505304429263,-2.569166876643324,-0.9167173094000414,-2.3473558068823213,0,-2.7080003539163835,-2.417149539046129,-1.161977812486233,-1.0753588856435563,0,-2.509978847018458,-2.3104283112307833,-0.9664898916952143,-1.900154162250164,-0.33542544668903584,-1.3162648591389656,0,-0.6288988585243258,0,-0.8854231604842155,-1.170580404047663,-1.4189031646300077,-0.7109518959572776,0,-0.12063374582805508,-0.20523288272812135,-0.30859344342077577,-0.1521914215014191],"activity":[[0]],"dinucleotide":[],"positionBias":[],"modifications":[]}]},"modelFittingConstraints":{"enrichmentModel":[{}],"nShifts":0,"addBindingModesSequentially":true,"bindingModeInteractions":[],"flankLengths":[0],"singleModeLengthSweep":false,"bindingModes":[{"maxFlankLength":-1,"positionBiasBinWidth":1,"optimizeSizeHeuristic":false,"maxSize":-1,"optimizeFlankLength":false,"symmetryString":"null","roundSpecificActivity":true,"informationThreshold":0.1,"optimizeMotifShift":false,"fittingStages":[],"optimizeMotifShiftHeuristic":false,"experimentSpecificPositionBias":true,"minSize":-1,"experimentSpecificActivity":true,"optimizeSize":false}]}}
