{"modelSettings":{"letterOrder":"ACGTN","bindingModeInteractions":[],"bindingModes":[{"size":12,"fitLogActivity":true,"flankLength":0,"dinucleotideDistance":0,"componentName":"Binding mode 1","positionBias":false,"singleStrand":false,"modifications":[]}],"letterComplement":"C-G,A-T,N-N"},"coefficients":{"bindingModeInteractions":[],"bindingModes":[{"mononucleotide":[0,-0.1413804738514326,-0.3240411785322892,-0.22468842455132298,-0.1654218290543915,-0.03718878001037318,-0.44789885551109787,0,-0.6678475134004787,-0.24997701096121025,0,-1.8860059498855273,-0.14374913715930226,-2.4097420632864175,-0.6407350776372329,-2.9609620628251716,-4.01962763044788,0,-1.4105920201637252,-1.11342582359698,-2.561905754399082,-4.183948405719526,0,-1.2673755746759436,-1.0685933567149117,-2.471064294031783,-1.9462874366064262,-1.1876177104194259,0,-0.9595603745823506,-2.90602480063417,0,-1.6492408075350657,-1.1278409220533794,-0.9348239512646579,0,-3.6623665930705775,-0.8247051750424488,-3.2993805565638628,-0.9802015020986238,0,-0.3201432754340936,-0.4213375052930699,-0.2013159249363885,-0.22318490145098444,0,-0.174837008133633,-0.0507062871481061,-0.131445656944293,-0.08692630775313386,-0.33039818259990916,-0.5167969047442895,0,-0.7148205884513059,-0.3551242465729454,-0.24745064043474274,-0.29369101907115347,0,-0.38939969063425384,-0.22196955240820274],"activity":[[0]],"dinucleotide":[],"positionBias":[],"modifications":[]}]},"modelFittingConstraints":{"enrichmentModel":[{}],"nShifts":0,"addBindingModesSequentially":true,"bindingModeInteractions":[],"flankLengths":[0],"singleModeLengthSweep":false,"bindingModes":[{"maxFlankLength":-1,"positionBiasBinWidth":1,"optimizeSizeHeuristic":false,"maxSize":-1,"optimizeFlankLength":false,"symmetryString":"null","roundSpecificActivity":true,"informationThreshold":0.1,"optimizeMotifShift":false,"fittingStages":[],"optimizeMotifShiftHeuristic":false,"experimentSpecificPositionBias":true,"minSize":-1,"experimentSpecificActivity":true,"optimizeSize":false}]}}
