{"modelSettings":{"letterOrder":"ACGTN","bindingModeInteractions":[],"bindingModes":[{"size":12,"fitLogActivity":true,"flankLength":0,"dinucleotideDistance":0,"componentName":"Binding mode 1","positionBias":false,"singleStrand":false,"modifications":[]}],"letterComplement":"C-G,A-T,N-N"},"coefficients":{"bindingModeInteractions":[],"bindingModes":[{"mononucleotide":[0,-0.9058977994209041,-0.22511696302177064,-0.5752667061724086,-0.36919713102697865,0,-0.23178077360254967,-0.19508924673592887,-0.08547046716578599,-0.12387489297629449,0,-0.6297438915524225,-0.4475237854538552,-0.9043721198538126,-0.4397719658116217,-3.53032098365867,-2.4475494984731596,-3.8094592736761066,0,-1.2570563162957644,0,-4.55518122974582,-4.643842483905154,-3.795345975460503,-1.3445687275374651,0,-4.121767559999451,-2.186619927745386,-4.335376161202214,-1.253856173313707,-5.1822079576900375,0,-5.1534341251691,-4.8323835786569305,-1.3671168074166402,-3.256129948032463,-4.271262425094547,0,-3.004287044552651,-1.289099158955998,-4.499471198096178,-4.105847281875125,0,-3.2442111878894364,-1.3218274916385448,-0.6391150555642202,-1.6593344254082218,-1.1027284127695811,0,-0.6684599627105263,0,-0.34630601482473367,-0.899676687443062,-0.06046615157531843,-0.26940912044110793,-0.21554673263771207,-0.20715184999984615,-0.7895582921578042,0,-0.2636263758638326],"activity":[[0]],"dinucleotide":[],"positionBias":[],"modifications":[]}]},"modelFittingConstraints":{"enrichmentModel":[{}],"nShifts":0,"addBindingModesSequentially":true,"bindingModeInteractions":[],"flankLengths":[0],"singleModeLengthSweep":false,"bindingModes":[{"maxFlankLength":-1,"positionBiasBinWidth":1,"optimizeSizeHeuristic":false,"maxSize":-1,"optimizeFlankLength":false,"symmetryString":"null","roundSpecificActivity":true,"informationThreshold":0.1,"optimizeMotifShift":false,"fittingStages":[],"optimizeMotifShiftHeuristic":false,"experimentSpecificPositionBias":true,"minSize":-1,"experimentSpecificActivity":true,"optimizeSize":false}]}}
