{"modelSettings":{"letterOrder":"ACGTN","bindingModeInteractions":[],"bindingModes":[{"size":12,"fitLogActivity":true,"flankLength":0,"dinucleotideDistance":0,"componentName":"Binding mode 1","positionBias":false,"singleStrand":false,"modifications":[]}],"letterComplement":"C-G,A-T,N-N"},"coefficients":{"bindingModeInteractions":[],"bindingModes":[{"mononucleotide":[0,-0.23177136393291775,-0.019576403183943825,-0.24112402434237978,-0.11667832687837018,0,-0.13943577307280552,-0.3640741969456913,-0.07765950657867915,-0.13640180791246553,0,-0.790730754749462,-0.8559785574133274,-0.7411061345782457,-0.5297676664874758,-1.3106985795471404,0,-2.1604545586441004,-1.4048270527577866,-0.8975218261638902,-0.0272112321771667,-3.040277757437429,0,-3.0445516145128995,-0.6594247663797898,-4.1470599200725635,-3.318704531767023,0,-2.903628637319975,-1.2847902643454352,-1.0608517540699056,-2.1047036863427415,-1.7217217307978427,0,-0.8874599042240103,0,-3.426507036761295,-1.47972752776454,-2.0900608927976236,-1.0614035083267244,-2.3468298953105515,-3.199173955153341,0,-3.2569452406719726,-1.225048591572933,-2.7542564161402474,0,-1.147675180366107,-0.8509310492812334,-0.7940469613413006,0,-0.21301881083164798,-0.19018573125117832,-0.12353298016148084,-0.12819167874368642,0,-0.12589251452016192,-0.05325264192709023,-0.28711718937428854,-0.1108550728912126],"activity":[[0]],"dinucleotide":[],"positionBias":[],"modifications":[]}]},"modelFittingConstraints":{"enrichmentModel":[{}],"nShifts":0,"addBindingModesSequentially":true,"bindingModeInteractions":[],"flankLengths":[0],"singleModeLengthSweep":false,"bindingModes":[{"maxFlankLength":-1,"positionBiasBinWidth":1,"optimizeSizeHeuristic":false,"maxSize":-1,"optimizeFlankLength":false,"symmetryString":"null","roundSpecificActivity":true,"informationThreshold":0.1,"optimizeMotifShift":false,"fittingStages":[],"optimizeMotifShiftHeuristic":false,"experimentSpecificPositionBias":true,"minSize":-1,"experimentSpecificActivity":true,"optimizeSize":false}]}}
