{"modelSettings":{"letterOrder":"ACGTN","bindingModeInteractions":[],"bindingModes":[{"size":18,"fitLogActivity":true,"flankLength":0,"dinucleotideDistance":0,"componentName":"Binding mode 1","positionBias":false,"singleStrand":false,"modifications":[]}],"letterComplement":"C-G,A-T,N-N"},"coefficients":{"bindingModeInteractions":[],"bindingModes":[{"mononucleotide":[-1.947421383406243,-0.26101543192746846,0,-0.04983865267091314,-0.33397268595379676,-1.3662742606832605,0,-2.361158039397317,-0.4829135363843413,-0.7101155456950469,0,-1.4882306490633583,-0.5700416385753027,-1.6452283681530702,-0.7010573066491339,-0.15971987199966886,-0.0745089664371541,0,-0.2704872554875628,-0.12115421906045155,-2.720958756532241,-0.486459527565855,-2.557336759634465,0,-0.8220483105634164,-0.4572932267260308,0,-0.20096704387578157,-2.1625902298442803,-0.4439613412961518,0,-3.08628648839197,-0.4047611200078238,-1.879862256594384,-0.7628089238919212,0,-1.3900644046406514,-1.0547969859196868,-0.10486743075212956,-0.4708975199137857,-2.2747189083653065,-0.45898849715901147,0,-2.5076060503878956,-0.7895417077673273,-3.3518904346125025,0,-2.779961569354927,-1.7045610904077186,-1.1402852944077693,-1.0030374754201565,-3.254745717334276,0,-2.8200730204105406,-1.0044691979212528,-1.8811025084005477,-2.0571298333644874,-0.7364569913487617,0,-0.8215206931093758,-0.519714320086254,-2.5424337435536017,0,-2.1261574200208164,-0.8025938545854283,0,-2.37443806739328,-1.2030261156161215,-1.4316103941280494,-0.8963197587220396,-1.6011067623892892,0,-2.697441875218863,-2.3067182565521334,-1.0724779989676332,-1.2432943411008681,-0.6001531995894016,0,-1.3504201503191249,-0.6461245849277987,0,-0.38427682410549213,-0.013029340423866387,-0.416861987327251,-0.18419031590264567,0,-0.007502754707078729,-0.057982351012499045,-0.09151619337228922,-0.03854893883461378],"activity":[[0]],"dinucleotide":[],"positionBias":[],"modifications":[]}]},"modelFittingConstraints":{"enrichmentModel":[{}],"nShifts":0,"addBindingModesSequentially":true,"bindingModeInteractions":[],"flankLengths":[0],"singleModeLengthSweep":false,"bindingModes":[{"maxFlankLength":-1,"positionBiasBinWidth":1,"optimizeSizeHeuristic":false,"maxSize":-1,"optimizeFlankLength":false,"symmetryString":"null","roundSpecificActivity":true,"informationThreshold":0.1,"optimizeMotifShift":false,"fittingStages":[],"optimizeMotifShiftHeuristic":false,"experimentSpecificPositionBias":true,"minSize":-1,"experimentSpecificActivity":true,"optimizeSize":false}]}}
