{"modelSettings":{"letterOrder":"ACGTN","bindingModeInteractions":[],"bindingModes":[{"size":12,"fitLogActivity":true,"flankLength":0,"dinucleotideDistance":0,"componentName":"Binding mode 1","positionBias":false,"singleStrand":false,"modifications":[]}],"letterComplement":"C-G,A-T,N-N"},"coefficients":{"bindingModeInteractions":[],"bindingModes":[{"mononucleotide":[0,-0.37903302714893083,-0.14169650714696047,-0.23188244932496893,-0.17869405676944,-0.7792627547589852,-0.23239857551346255,-0.8700488634765273,0,-0.40410154720815217,-1.6649728124423273,0,-0.7064277890494859,-1.7947191517772936,-0.7717719083604645,0,-2.8447621594592833,-1.5881699287908004,-2.621119851410433,-1.0972367649113943,0,-2.8663376835620467,-3.194396839779092,-2.4854591916719073,-1.219775766131278,-3.358345218005751,-2.8494104796655817,0,-2.675491109394673,-1.2365440231370728,-3.1472537994740817,-3.7218295605728295,0,-2.8603219533059585,-1.2690359382753753,-1.144542800220096,-0.8042761744507718,-2.452836384850742,0,-0.7701198749914638,-2.3244361986107878,0,-2.841078001356478,-1.4728522477836448,-1.060253541546596,0,-3.028338837271776,-0.7393101919553864,-2.6311810064693946,-0.917646338796478,-0.3398997776556021,0,-0.5471507210939457,-0.06616362051394908,-0.2149226191803237,-0.14758747060402788,0,-0.06920273264802645,-0.04866898083718585,-0.06495972394758669],"activity":[[0]],"dinucleotide":[],"positionBias":[],"modifications":[]}]},"modelFittingConstraints":{"enrichmentModel":[{}],"nShifts":0,"addBindingModesSequentially":true,"bindingModeInteractions":[],"flankLengths":[0],"singleModeLengthSweep":false,"bindingModes":[{"maxFlankLength":-1,"positionBiasBinWidth":1,"optimizeSizeHeuristic":false,"maxSize":-1,"optimizeFlankLength":false,"symmetryString":"null","roundSpecificActivity":true,"informationThreshold":0.1,"optimizeMotifShift":false,"fittingStages":[],"optimizeMotifShiftHeuristic":false,"experimentSpecificPositionBias":true,"minSize":-1,"experimentSpecificActivity":true,"optimizeSize":false}]}}
