{"modelSettings":{"letterOrder":"ACGTN","bindingModeInteractions":[],"bindingModes":[{"size":12,"fitLogActivity":true,"flankLength":0,"dinucleotideDistance":0,"componentName":"Binding mode 1","positionBias":false,"singleStrand":false,"modifications":[]}],"letterComplement":"C-G,A-T,N-N"},"coefficients":{"bindingModeInteractions":[],"bindingModes":[{"mononucleotide":[-1.561339447989062,-0.5810736311475475,-1.6663043038540817,0,-0.71432157673539,-0.8121231906323683,-1.1718721330886472,0,-1.4112734936941038,-0.6943811653817596,0,-0.7534729012947299,-0.860063398990822,-1.0953391983530167,-0.5850597415845067,-0.06831279045016192,0,-2.009476199232912,-1.3938061731612654,-0.5463853379156417,-1.526718537544804,0,-1.59758840014422,-2.7323776537485185,-0.9910844635591561,-1.2912685234437422,-1.6642440049246447,-1.161518207603022,0,-0.8112180419714743,-2.3673603498092626,-1.8739719092148768,-2.518484695223589,0,-1.1027542502098366,-1.6708486292391012,-1.7895283617863993,0,-2.8419997079840154,-1.0402712631615674,0,-1.3913998223047779,-1.0062355381031085,-1.4853387989436366,-0.7761238963204937,-0.0282757881844109,0,-1.0750289769171655,-0.8006617579061239,-0.37018008212258424,-1.1331543250695848,0,-1.2011191724280708,-0.9769158080613831,-0.6934754147829044,-0.8982099056564605,-0.7424850761330628,-0.6801817560259251,0,-0.5151044512544042],"activity":[[0]],"dinucleotide":[],"positionBias":[],"modifications":[]}]},"modelFittingConstraints":{"enrichmentModel":[{}],"nShifts":0,"addBindingModesSequentially":true,"bindingModeInteractions":[],"flankLengths":[0],"singleModeLengthSweep":false,"bindingModes":[{"maxFlankLength":-1,"positionBiasBinWidth":1,"optimizeSizeHeuristic":false,"maxSize":-1,"optimizeFlankLength":false,"symmetryString":"null","roundSpecificActivity":true,"informationThreshold":0.1,"optimizeMotifShift":false,"fittingStages":[],"optimizeMotifShiftHeuristic":false,"experimentSpecificPositionBias":true,"minSize":-1,"experimentSpecificActivity":true,"optimizeSize":false}]}}
