{"modelSettings":{"letterOrder":"ACGTN","bindingModeInteractions":[],"bindingModes":[{"size":12,"fitLogActivity":true,"flankLength":0,"dinucleotideDistance":0,"componentName":"Binding mode 2","positionBias":false,"singleStrand":false,"modifications":[]}],"letterComplement":"C-G,A-T,N-N"},"coefficients":{"bindingModeInteractions":[],"bindingModes":[{"mononucleotide":[-0.08855963364271702,-0.4898586411112227,-0.2689297967778206,0,-0.1947509528389735,-0.8290654162400015,-1.1333034386416951,0,-2.761489857933287,-0.7865668061786282,-2.2270468293406185,0,-2.453381213199946,-2.1205661967371463,-1.1133611926969156,-1.9312443818558078,-1.0444385692331073,-2.6828353111106837,0,-0.9382641078989981,0,-2.68589436261384,-1.9800506345484425,-1.5412402444154543,-1.035399606199028,-2.0811140188747563,0,-2.4877790156484654,-3.0484361137161544,-1.1589050563166576,-2.0152665695899286,-0.04210892018622836,-1.8439062988271164,0,-0.5752537230720103,-1.1709089147897194,-1.6147780333768793,0,-1.13259600219149,-0.7813143832447219,-0.15035883757854585,-0.2797504674032423,-0.17205212617181687,0,-0.14551525012128563,0,-0.3301885298008065,-0.23082114557763234,-0.10647336332540203,-0.15909285098057976,-0.10469790037324156,-0.010690846391186781,-0.06422580561446667,0,-0.04401566552338001,0,-0.11865191578952672,-0.042226221544553244,-0.001574831347128658,-0.03946973668556905],"activity":[[0]],"dinucleotide":[],"positionBias":[],"modifications":[]}]},"modelFittingConstraints":{"enrichmentModel":[{}],"nShifts":0,"addBindingModesSequentially":true,"bindingModeInteractions":[],"flankLengths":[0],"singleModeLengthSweep":false,"bindingModes":[{"maxFlankLength":-1,"positionBiasBinWidth":1,"optimizeSizeHeuristic":false,"maxSize":-1,"optimizeFlankLength":false,"symmetryString":"null","roundSpecificActivity":true,"informationThreshold":0.1,"optimizeMotifShift":false,"fittingStages":[],"optimizeMotifShiftHeuristic":false,"experimentSpecificPositionBias":true,"minSize":-1,"experimentSpecificActivity":true,"optimizeSize":false}]}}
