{"modelSettings":{"letterOrder":"ACGTN","bindingModeInteractions":[],"bindingModes":[{"size":12,"fitLogActivity":true,"flankLength":0,"dinucleotideDistance":0,"componentName":"Binding mode 1","positionBias":false,"singleStrand":false,"modifications":[]}],"letterComplement":"C-G,A-T,N-N"},"coefficients":{"bindingModeInteractions":[],"bindingModes":[{"mononucleotide":[0,-0.553016063955881,-0.13165994606865983,-0.17412438901248528,-0.19478579048884198,-0.1254321835430865,-0.1604968240509752,-0.18318629113981189,0,-0.11472389733926033,0,-0.2025746508621049,-0.19557992527315626,-0.552345423971274,-0.21859723385901336,-2.133904572134154,-1.5965779448115005,-2.4924821462618545,0,-1.0472061068337233,0,-4.993246035239852,-4.83668216872016,-2.8557205228085816,-1.316552550712453,0,-3.554795739903064,-1.0489845600484102,-4.7463112336329845,-1.0587445597856104,-3.794121278097544,0,-4.745923650922631,-3.328707334805769,-1.3214161082733413,-2.191244716788249,-3.7369583822715193,0,-2.6121454123735197,-1.1965165500738568,-4.328564574745811,-3.4141057441593587,0,-2.4223626235056783,-1.259834360330044,-0.45842165381160616,-1.0001475398892534,-0.778475422513468,0,-0.48645362985904383,0,-0.20042790045000736,-0.5852920582654386,-0.12205220029484831,-0.20443654983482457,-0.19760065310390562,0,-0.49326903705769887,-0.09194808824132394,-0.17928307880040173],"activity":[[0]],"dinucleotide":[],"positionBias":[],"modifications":[]}]},"modelFittingConstraints":{"enrichmentModel":[{}],"nShifts":0,"addBindingModesSequentially":true,"bindingModeInteractions":[],"flankLengths":[0],"singleModeLengthSweep":false,"bindingModes":[{"maxFlankLength":-1,"positionBiasBinWidth":1,"optimizeSizeHeuristic":false,"maxSize":-1,"optimizeFlankLength":false,"symmetryString":"null","roundSpecificActivity":true,"informationThreshold":0.1,"optimizeMotifShift":false,"fittingStages":[],"optimizeMotifShiftHeuristic":false,"experimentSpecificPositionBias":true,"minSize":-1,"experimentSpecificActivity":true,"optimizeSize":false}]}}
