{"modelSettings":{"letterOrder":"ACGTN","bindingModeInteractions":[],"bindingModes":[{"size":12,"fitLogActivity":true,"flankLength":0,"dinucleotideDistance":0,"componentName":"Binding mode 1","positionBias":false,"singleStrand":false,"modifications":[]}],"letterComplement":"C-G,A-T,N-N"},"coefficients":{"bindingModeInteractions":[],"bindingModes":[{"mononucleotide":[-0.19719382405571118,-0.0365576814599331,0,-0.010223604916939522,-0.057903927560092994,-0.6719152660892211,-0.3095191903253669,-0.6167097274622684,0,-0.3623170868228758,-2.0899469060837728,0,-0.8446278549351058,-1.5682268216341022,-0.8199439534628084,0,-4.546980853287985,-1.157534123651737,-2.6162593035928356,-1.0512982021712576,0,-2.724810311193738,-1.6423990731467821,-1.6993137027893592,-1.020344596487981,-4.398474209358229,-4.192629542349885,0,-1.8126100385801305,-1.2118116593743233,-3.659882702890929,-4.894771994290862,0,-3.739090637931145,-1.3308626238847645,-0.6146695324348501,-0.446923451371795,-1.1768665611079028,0,-0.4745517389149984,-1.8654000789885705,0,-1.8139286351011563,-0.7159353362170382,-0.7948579873626725,0,-1.4154851756759346,-0.4047322658952828,-1.1752711686840671,-0.5893736269694819,-0.022201394067089097,-0.008738946044659635,-0.23448763698656538,0,-0.06179073088199008,-0.07872467453007204,-0.029781940117641348,0,-0.024320476812512926,-0.03280101283190488],"activity":[[0]],"dinucleotide":[],"positionBias":[],"modifications":[]}]},"modelFittingConstraints":{"enrichmentModel":[{}],"nShifts":0,"addBindingModesSequentially":true,"bindingModeInteractions":[],"flankLengths":[0],"singleModeLengthSweep":false,"bindingModes":[{"maxFlankLength":-1,"positionBiasBinWidth":1,"optimizeSizeHeuristic":false,"maxSize":-1,"optimizeFlankLength":false,"symmetryString":"null","roundSpecificActivity":true,"informationThreshold":0.1,"optimizeMotifShift":false,"fittingStages":[],"optimizeMotifShiftHeuristic":false,"experimentSpecificPositionBias":true,"minSize":-1,"experimentSpecificActivity":true,"optimizeSize":false}]}}
