{"modelSettings":{"letterOrder":"ACGTN","bindingModeInteractions":[],"bindingModes":[{"size":13,"fitLogActivity":true,"flankLength":0,"dinucleotideDistance":0,"componentName":"Binding mode 1","positionBias":false,"singleStrand":false,"modifications":[]}],"letterComplement":"C-G,A-T,N-N"},"coefficients":{"bindingModeInteractions":[],"bindingModes":[{"mononucleotide":[-0.3549682601825097,0,-0.18601064645982035,-0.21080147832702423,-0.1799058884390456,-0.2526260178101625,-0.09382112823912614,0,-0.49925079004096595,-0.1941343021225082,-1.0934808543555519,0,-0.6103380790926309,-0.9436383055201241,-0.5676497083460275,0,-0.5177504418336953,-0.27474489995537166,-0.5181004886525686,-0.30405664144949834,-1.195727743564341,-0.36919975286151896,-1.225452841728393,0,-0.558880414176803,0,-0.4985446033690195,-0.02368670102788517,-1.1937847417115166,-0.32604954242709183,-1.031836255722207,-1.8354833670458954,0,-1.868295737203685,-0.8733061209906202,-3.5848877663054486,0,-3.2600060472659425,-0.5270463747844794,-0.881603111318657,0,-2.662358428190594,-0.862501403238529,-1.428560398680309,-0.8372820004206459,0,-3.285550514884617,-2.535956475104947,-2.19981433030936,-1.18137208889831,-4.893215050172554,0,-3.217524921933641,-2.0212043878729897,-1.220739970213399,-0.7946865067281847,-0.9791274067414528,0,-1.4028489594872664,-0.6571735703232696,-0.2880399664505122,-0.2409559216576651,0,-0.3431342752362716,-0.20913253303163098],"activity":[[0]],"dinucleotide":[],"positionBias":[],"modifications":[]}]},"modelFittingConstraints":{"enrichmentModel":[{}],"nShifts":0,"addBindingModesSequentially":true,"bindingModeInteractions":[],"flankLengths":[0],"singleModeLengthSweep":false,"bindingModes":[{"maxFlankLength":-1,"positionBiasBinWidth":1,"optimizeSizeHeuristic":false,"maxSize":-1,"optimizeFlankLength":false,"symmetryString":"null","roundSpecificActivity":true,"informationThreshold":0.1,"optimizeMotifShift":false,"fittingStages":[],"optimizeMotifShiftHeuristic":false,"experimentSpecificPositionBias":true,"minSize":-1,"experimentSpecificActivity":true,"optimizeSize":false}]}}
