{"modelSettings":{"letterOrder":"ACGTN","bindingModeInteractions":[],"bindingModes":[{"size":17,"fitLogActivity":true,"flankLength":0,"dinucleotideDistance":0,"componentName":"Binding mode 1","positionBias":false,"singleStrand":false,"modifications":[]}],"letterComplement":"C-G,A-T,N-N"},"coefficients":{"bindingModeInteractions":[],"bindingModes":[{"mononucleotide":[0,-0.27677306689412795,-0.5838592501057231,-0.3385613251672641,-0.27813995924752954,-0.1463285742104521,-0.8350496114851857,0,-0.9206404230158007,-0.39452862923040144,-0.025477027786228845,-1.2458343653308557,0,-1.6108277455874749,-0.4852115821982969,-1.994463571566973,-1.52266127011496,0,-1.8314379020660256,-0.9712748294212256,-1.7015921474910325,-1.5708821099233274,0,-0.8989826798600102,-0.8000432509015752,-1.4065859771955314,-1.1937803590977065,-1.4292186288987052,0,-0.8054497520403988,-1.8708914889759587,0,-1.3087921773326752,-1.0494167905080403,-0.8129028289856186,0,-1.77947955270235,-1.7375007030349714,-1.9249164644353405,-0.9871334109037598,0,-1.9959433820901884,-1.5184670736766055,-1.7827252145311867,-0.9655387423858243,0,-2.0546531001887747,-1.350465443909851,-1.9487462149978967,-0.9612165325414282,-2.4660934026778474,-2.368585945188996,0,-2.1163635841582646,-1.1247012716735523,-2.2464919827787506,-2.3334091555594476,0,-0.9847282675799036,-0.93122992555434,-1.6903405810531442,-1.9689018232117048,-1.5553103510143114,0,-0.9576397992368463,-1.7210913963725938,0,-1.1484535519742902,-1.176149596276404,-0.7960319858752264,0,-2.073932226777215,-1.1600277377039214,-2.2972031972187787,-0.9547017738007626,0,-0.05895384831127792,-0.521307555676696,-0.14743900813590471,-0.16269275859248705,-0.009644875088039129,-0.15889065050378814,0,-0.4495302178306231,-0.13885442207950305],"activity":[[0]],"dinucleotide":[],"positionBias":[],"modifications":[]}]},"modelFittingConstraints":{"enrichmentModel":[{}],"nShifts":0,"addBindingModesSequentially":true,"bindingModeInteractions":[],"flankLengths":[0],"singleModeLengthSweep":false,"bindingModes":[{"maxFlankLength":-1,"positionBiasBinWidth":1,"optimizeSizeHeuristic":false,"maxSize":-1,"optimizeFlankLength":false,"symmetryString":"null","roundSpecificActivity":true,"informationThreshold":0.1,"optimizeMotifShift":false,"fittingStages":[],"optimizeMotifShiftHeuristic":false,"experimentSpecificPositionBias":true,"minSize":-1,"experimentSpecificActivity":true,"optimizeSize":false}]}}
