{"modelSettings":{"letterOrder":"ACGTN","bindingModeInteractions":[],"bindingModes":[{"size":12,"fitLogActivity":true,"flankLength":0,"dinucleotideDistance":0,"componentName":"Binding mode 1","positionBias":false,"singleStrand":false,"modifications":[]}],"letterComplement":"C-G,A-T,N-N"},"coefficients":{"bindingModeInteractions":[],"bindingModes":[{"mononucleotide":[0,-0.3253545337699961,-0.45373427823116685,-0.19230501184987947,-0.22860282350422503,-0.5110773353994684,-0.16756138012322452,-0.3565171622184655,0,-0.24026295791517419,-0.37825682387634973,0,-0.8719448306133795,-0.25881047245788746,-0.33018554598178845,-0.8656301701106308,-1.5835333342781452,-0.3907520631303898,0,-0.5522629194904902,-0.9841197162374287,0,-2.211604658172911,-2.2758072873358044,-0.9250749396376455,0,-3.0882940697160137,-3.7517794188611946,-3.6918893566745514,-1.2964715324842668,-6.577028002831688,-5.889189031112109,-6.133041817714311,0,-1.3799831468850985,-0.09824452275099738,-2.2524703948277347,-2.6579298770958193,0,-0.6531289124945244,0,-2.3224019890715244,-2.3824122042239946,-1.0975604376204005,-0.9649233930507088,-0.056773737672167535,-0.3718027645478559,-0.27669471518475675,0,-0.16470248949659225,-0.7040834225290409,-0.03999730785504063,-0.7478935584371884,0,-0.31173015341550936,0,-0.9477619764547667,-0.29682119404818863,-0.12136534326928894,-0.28219889082372934],"activity":[[0]],"dinucleotide":[],"positionBias":[],"modifications":[]}]},"modelFittingConstraints":{"enrichmentModel":[{}],"nShifts":0,"addBindingModesSequentially":true,"bindingModeInteractions":[],"flankLengths":[0],"singleModeLengthSweep":false,"bindingModes":[{"maxFlankLength":-1,"positionBiasBinWidth":1,"optimizeSizeHeuristic":false,"maxSize":-1,"optimizeFlankLength":false,"symmetryString":"null","roundSpecificActivity":true,"informationThreshold":0.1,"optimizeMotifShift":false,"fittingStages":[],"optimizeMotifShiftHeuristic":false,"experimentSpecificPositionBias":true,"minSize":-1,"experimentSpecificActivity":true,"optimizeSize":false}]}}
