{"modelSettings":{"letterOrder":"ACGTN","bindingModeInteractions":[],"bindingModes":[{"size":12,"fitLogActivity":true,"flankLength":0,"dinucleotideDistance":0,"componentName":"Binding mode 1","positionBias":false,"singleStrand":false,"modifications":[]}],"letterComplement":"C-G,A-T,N-N"},"coefficients":{"bindingModeInteractions":[],"bindingModes":[{"mononucleotide":[-0.10462671565281756,0,-0.01801978547836125,-0.10734574829421817,-0.05630125400321947,-0.11797753613028572,0,-0.04725099973255187,-0.14769467307512318,-0.07654134854617013,-0.1917080040425061,0,-0.20933133303773133,-0.2547371189525558,-0.15905594324563024,-0.34953580523131933,-0.15625722625953298,0,-0.539977897355314,-0.24107983740268515,-0.38581798357577757,0,-0.31040115563247106,-0.006086815132364087,-0.16046846631308045,-1.7709960714796709,-2.406440693458839,-3.121411238150155,0,-1.1205559110961336,0,-3.2390972356313243,-1.4935699403589835,-2.518121366384948,-1.0903616493971846,0,-4.352379064303189,-3.083937151728925,-5.027833789715933,-1.3231244663162216,-2.759427563632529,-2.6220551315181786,-0.6799651800039128,0,-0.8900042442485673,-1.5493045520218036,0,-1.761459522494519,-1.3682899327105758,-0.892371926198368,-1.713524942337977,0,-1.73443483269424,-0.9334370583128577,-0.8267190130622756,-0.35314274039808025,0,-0.2630868582734074,-0.3078742485413066,-0.2212204692797406],"activity":[[0]],"dinucleotide":[],"positionBias":[],"modifications":[]}]},"modelFittingConstraints":{"enrichmentModel":[{}],"nShifts":0,"addBindingModesSequentially":true,"bindingModeInteractions":[],"flankLengths":[0],"singleModeLengthSweep":false,"bindingModes":[{"maxFlankLength":-1,"positionBiasBinWidth":1,"optimizeSizeHeuristic":false,"maxSize":-1,"optimizeFlankLength":false,"symmetryString":"null","roundSpecificActivity":true,"informationThreshold":0.1,"optimizeMotifShift":false,"fittingStages":[],"optimizeMotifShiftHeuristic":false,"experimentSpecificPositionBias":true,"minSize":-1,"experimentSpecificActivity":true,"optimizeSize":false}]}}
