{"modelSettings":{"letterOrder":"ACGTN","bindingModeInteractions":[],"bindingModes":[{"size":13,"fitLogActivity":true,"flankLength":0,"dinucleotideDistance":0,"componentName":"Binding mode 1","positionBias":false,"singleStrand":false,"modifications":[]}],"letterComplement":"C-G,A-T,N-N"},"coefficients":{"bindingModeInteractions":[],"bindingModes":[{"mononucleotide":[0,-0.9464352481039002,-0.9523380133046726,-0.6906632516580382,-0.5642248614556177,0,-0.8158122526287488,-0.806097432397642,-0.053668914538365975,-0.34367998649971243,-0.2948927790110947,0,-0.1364326119656356,-0.03215127770679782,-0.10941410568272031,-0.8523294983001524,-0.5888079149490437,-0.4180810805678403,0,-0.41562235777436923,0,-1.474938227256863,-0.3100343147480551,-1.8465593052131881,-0.634881219809663,-3.27532484306779,-2.624132696501684,0,-1.4984276602657252,-1.098270993856818,-1.9845421302057167,-2.912533348092313,0,-1.8649404842592117,-1.0886469640517908,-1.3958647091879168,-1.25975531708356,-1.248201955151905,0,-0.7883578943252039,-3.1787878393051328,0,-2.4730598956859478,-1.384405602265427,-1.0667974188170841,0,-4.795193395526233,-0.872957304487624,-3.5646123791156796,-1.011775336617047,-0.16896531513609325,0,-0.3294565654058239,-0.03874061328997236,-0.12617198814993483,-0.42574937998357854,-0.30996968189148033,0,-0.34504601177090555,-0.25652680811690676,0,-0.1526274824258067,-0.096171987998114,-0.1590249038163889,-0.09989427427870674],"activity":[[0]],"dinucleotide":[],"positionBias":[],"modifications":[]}]},"modelFittingConstraints":{"enrichmentModel":[{}],"nShifts":0,"addBindingModesSequentially":true,"bindingModeInteractions":[],"flankLengths":[0],"singleModeLengthSweep":false,"bindingModes":[{"maxFlankLength":-1,"positionBiasBinWidth":1,"optimizeSizeHeuristic":false,"maxSize":-1,"optimizeFlankLength":false,"symmetryString":"null","roundSpecificActivity":true,"informationThreshold":0.1,"optimizeMotifShift":false,"fittingStages":[],"optimizeMotifShiftHeuristic":false,"experimentSpecificPositionBias":true,"minSize":-1,"experimentSpecificActivity":true,"optimizeSize":false}]}}
