{"modelSettings":{"letterOrder":"ACGTN","bindingModeInteractions":[],"bindingModes":[{"size":12,"fitLogActivity":true,"flankLength":0,"dinucleotideDistance":0,"componentName":"Binding mode 1","positionBias":false,"singleStrand":false,"modifications":[]}],"letterComplement":"C-G,A-T,N-N"},"coefficients":{"bindingModeInteractions":[],"bindingModes":[{"mononucleotide":[0,-0.9358338718890904,-0.8864417057315022,-0.5243990501836784,-0.512372990503786,0,-0.3548151837502056,-0.10252333740379083,-0.36055711807585755,-0.1920241119696582,-0.565929393472806,0,-0.6694004061372718,-0.559307284802987,-0.4111867448064817,-0.6688920669125995,-0.8117641677333864,0,-0.09290362176768951,-0.3328080699424924,-2.559286221653008,-2.2581597308045813,0,-0.3663467689356201,-0.7575977104725606,-4.154721238102331,-3.181590211779997,-3.84792322140008,0,-1.3106919112693367,0,-3.478773862979231,-1.360707789706991,-3.9977520559300603,-1.1195694294191183,0,-2.193088276643835,-1.6770782311594084,-2.9357407124850203,-1.0850183475091921,-1.31297996262498,-1.373792824866996,-1.3698257979854587,0,-0.8117542508880591,-4.098824528539395,-1.4085227392436144,-3.357624078244856,0,-1.1270779182672417,0,-2.665004623642628,-1.2116303318201154,-2.794112172456874,-1.0296836260020574,0,-0.5052058824751429,-1.0944530786282334,-0.8288549603528717,-0.5214431124846767],"activity":[[0]],"dinucleotide":[],"positionBias":[],"modifications":[]}]},"modelFittingConstraints":{"enrichmentModel":[{}],"nShifts":0,"addBindingModesSequentially":true,"bindingModeInteractions":[],"flankLengths":[0],"singleModeLengthSweep":false,"bindingModes":[{"maxFlankLength":-1,"positionBiasBinWidth":1,"optimizeSizeHeuristic":false,"maxSize":-1,"optimizeFlankLength":false,"symmetryString":"null","roundSpecificActivity":true,"informationThreshold":0.1,"optimizeMotifShift":false,"fittingStages":[],"optimizeMotifShiftHeuristic":false,"experimentSpecificPositionBias":true,"minSize":-1,"experimentSpecificActivity":true,"optimizeSize":false}]}}
