{"modelSettings":{"letterOrder":"ACGTN","bindingModeInteractions":[],"bindingModes":[{"size":12,"fitLogActivity":true,"flankLength":0,"dinucleotideDistance":0,"componentName":"Binding mode 1","positionBias":false,"singleStrand":false,"modifications":[]}],"letterComplement":"C-G,A-T,N-N"},"coefficients":{"bindingModeInteractions":[],"bindingModes":[{"mononucleotide":[-0.24900223736298033,0,-0.12210210488386686,-0.1882567849075878,-0.13552246402756887,-0.1343242057176699,-0.14837238365629668,0,-0.21351079760919234,-0.12099317664603773,-0.4129544532037772,0,-0.5573722188267403,-0.1829714291082789,-0.26553043523287806,-0.42790005828619515,0,-1.2748266297172348,-0.38840312801095367,-0.427137687244524,0,-0.1175227997766255,-1.890512476308619,-1.6137101061893069,-0.5801479997401834,-2.0691685389709815,0,-2.4732431348126536,-1.9134275481463892,-1.0801521577625632,-0.6676550753428647,-2.2947091593201407,0,-0.9333904401730317,-0.6896937148310602,-1.5164835298507915,0,-2.5177833377861614,-2.2366795212439774,-1.0448821491071367,-1.1802828315685596,0,-2.6478777314362163,-3.1278111510046616,-1.0343659393929072,-1.7240000927533714,0,-2.4336023499782318,-1.1018155364143167,-0.9173294878007051,0,-0.2521082161036188,-1.646079732718771,-0.6365726342103923,-0.4703766371587472,-0.5647979312426643,0,-1.0139989849034392,-0.24578075637594488,-0.38811620080383313],"activity":[[0]],"dinucleotide":[],"positionBias":[],"modifications":[]}]},"modelFittingConstraints":{"enrichmentModel":[{}],"nShifts":0,"addBindingModesSequentially":true,"bindingModeInteractions":[],"flankLengths":[0],"singleModeLengthSweep":false,"bindingModes":[{"maxFlankLength":-1,"positionBiasBinWidth":1,"optimizeSizeHeuristic":false,"maxSize":-1,"optimizeFlankLength":false,"symmetryString":"null","roundSpecificActivity":true,"informationThreshold":0.1,"optimizeMotifShift":false,"fittingStages":[],"optimizeMotifShiftHeuristic":false,"experimentSpecificPositionBias":true,"minSize":-1,"experimentSpecificActivity":true,"optimizeSize":false}]}}
