{"modelSettings":{"letterOrder":"ACGTN","bindingModeInteractions":[],"bindingModes":[{"size":12,"fitLogActivity":true,"flankLength":0,"dinucleotideDistance":0,"componentName":"Binding mode 1","positionBias":false,"singleStrand":false,"modifications":[]}],"letterComplement":"C-G,A-T,N-N"},"coefficients":{"bindingModeInteractions":[],"bindingModes":[{"mononucleotide":[0,-1.235689399206168,-1.0931816233211236,-0.7199421315311496,-0.6383923480769762,-0.02012801208593551,-0.8369864047205358,-0.6204558549129815,0,-0.3042227993159046,-0.7591434759915727,-0.7494373943198593,-0.6979087853238757,0,-0.4949832763204856,-0.3056137130720362,-0.6119307911138869,0,-0.3787092632842688,-0.29984960446234327,-0.8989301554773275,0,-0.35689308850374246,-0.349397224451371,-0.35241077672421295,-1.3657718736703006,0,-1.8722468599105115,-0.9151378947567221,-0.7932864686549994,0,-4.135508136236654,-2.5734024060177214,-5.484370115144359,-1.2942428782086526,-4.517494850655468,-2.1475194826389146,-2.7373515787627793,0,-1.2102999645491261,-2.794739411802988,-1.7755100316271248,-1.9083822539283128,0,-1.0650460158284452,-1.66914745980339,-0.853435311790748,0,-2.3075567291907224,-0.8475457344380836,-0.6377741128789101,-0.899614186191628,-1.124733549847075,0,-0.5709592131167935,-0.7724600552381689,0,-0.5223078610475693,-0.3015061295988568,-0.3585592960885381],"activity":[[0]],"dinucleotide":[],"positionBias":[],"modifications":[]}]},"modelFittingConstraints":{"enrichmentModel":[{}],"nShifts":0,"addBindingModesSequentially":true,"bindingModeInteractions":[],"flankLengths":[0],"singleModeLengthSweep":false,"bindingModes":[{"maxFlankLength":-1,"positionBiasBinWidth":1,"optimizeSizeHeuristic":false,"maxSize":-1,"optimizeFlankLength":false,"symmetryString":"null","roundSpecificActivity":true,"informationThreshold":0.1,"optimizeMotifShift":false,"fittingStages":[],"optimizeMotifShiftHeuristic":false,"experimentSpecificPositionBias":true,"minSize":-1,"experimentSpecificActivity":true,"optimizeSize":false}]}}
