{"modelSettings":{"letterOrder":"ACGTN","bindingModeInteractions":[],"bindingModes":[{"size":12,"fitLogActivity":true,"flankLength":0,"dinucleotideDistance":0,"componentName":"Binding mode 1","positionBias":false,"singleStrand":false,"modifications":[]}],"letterComplement":"C-G,A-T,N-N"},"coefficients":{"bindingModeInteractions":[],"bindingModes":[{"mononucleotide":[-0.6189428313589413,-1.1034634510584138,-0.7208117118326509,0,-0.5290783011599892,-2.329417831961701,-1.2079289839281473,-2.4034489764412155,0,-0.9898205505611417,0,-3.6014716794746806,-1.2994874956584916,-4.152141658494204,-1.1119363611153368,0,-1.8233338888745272,-1.9095202177796922,-1.4067865011894019,-0.9450972955830216,-2.951867411882042,-2.4031378888409667,-2.8599004027818657,0,-1.204014256592291,-3.9246490852188747,-1.896145647181085,-4.139443734570805,0,-1.2158539404305038,0,-4.503923445885898,-3.4888797069320616,-4.54954417399161,-1.3354372109195018,0,-0.07903076703919609,-2.4256113544891362,-1.4303741406026451,-0.5746288851423887,0,-0.13874557588426661,-0.5273172455968833,-0.5410279652101622,-0.27352109698499905,-0.4756171471964272,-0.5700748932014488,0,-0.7082767262990153,-0.40067287226033704,-0.284346016077925,-0.10131586745948695,-0.25930417497710323,0,-0.1543926068437505,-0.4858429500668091,-0.8236261938913918,-0.8495852686312291,0,-0.4773875833952104],"activity":[[0]],"dinucleotide":[],"positionBias":[],"modifications":[]}]},"modelFittingConstraints":{"enrichmentModel":[{}],"nShifts":0,"addBindingModesSequentially":true,"bindingModeInteractions":[],"flankLengths":[0],"singleModeLengthSweep":false,"bindingModes":[{"maxFlankLength":-1,"positionBiasBinWidth":1,"optimizeSizeHeuristic":false,"maxSize":-1,"optimizeFlankLength":false,"symmetryString":"null","roundSpecificActivity":true,"informationThreshold":0.1,"optimizeMotifShift":false,"fittingStages":[],"optimizeMotifShiftHeuristic":false,"experimentSpecificPositionBias":true,"minSize":-1,"experimentSpecificActivity":true,"optimizeSize":false}]}}
