{"modelSettings":{"letterOrder":"ACGTN","bindingModeInteractions":[],"bindingModes":[{"size":12,"fitLogActivity":true,"flankLength":0,"dinucleotideDistance":0,"componentName":"Binding mode 1","positionBias":false,"singleStrand":false,"modifications":[]}],"letterComplement":"C-G,A-T,N-N"},"coefficients":{"bindingModeInteractions":[],"bindingModes":[{"mononucleotide":[-0.0471262773087755,-0.010097117140688283,0,-0.08845167497280393,-0.035816844056271904,0,-0.37225525283368643,-0.10754122098914731,-0.20777510935528376,-0.16263437028333297,0,-0.947006259157527,-0.6452124270682522,-0.764281869767617,-0.5199841505658284,-0.6534237425679765,-0.5048667590165565,0,-1.0098454865461766,-0.4747658563703746,-2.59297473674392,-1.7028101399370401,0,-2.316593074370492,-1.0820671283457086,-3.2653130002406137,-1.152864368957066,-4.708624655055818,0,-1.076655179061387,-2.4428857379641653,-4.716204801514367,0,-5.541524721611729,-1.2911848260824106,-0.7747056873511298,-0.782116984961359,-1.3920742162010464,0,-0.6130266935614214,-0.6440533843640308,0,-0.020367491388045167,-0.023582069109264303,-0.13877604439267824,0,-1.1047075994812925,-0.5183878681303344,-1.0776501898442676,-0.5677567290016962,0,-0.22489521919775068,-0.1936977563491924,-0.2648471589872905,-0.1655145887577687,-0.08319877581746571,0,-0.05946909849145543,-0.11844793080348381,-0.06434362284895996],"activity":[[0]],"dinucleotide":[],"positionBias":[],"modifications":[]}]},"modelFittingConstraints":{"enrichmentModel":[{}],"nShifts":0,"addBindingModesSequentially":true,"bindingModeInteractions":[],"flankLengths":[0],"singleModeLengthSweep":false,"bindingModes":[{"maxFlankLength":-1,"positionBiasBinWidth":1,"optimizeSizeHeuristic":false,"maxSize":-1,"optimizeFlankLength":false,"symmetryString":"null","roundSpecificActivity":true,"informationThreshold":0.1,"optimizeMotifShift":false,"fittingStages":[],"optimizeMotifShiftHeuristic":false,"experimentSpecificPositionBias":true,"minSize":-1,"experimentSpecificActivity":true,"optimizeSize":false}]}}
