{"modelSettings":{"letterOrder":"ACGTN","bindingModeInteractions":[],"bindingModes":[{"size":12,"fitLogActivity":true,"flankLength":0,"dinucleotideDistance":0,"componentName":"Binding mode 1","positionBias":false,"singleStrand":false,"modifications":[]}],"letterComplement":"C-G,A-T,N-N"},"coefficients":{"bindingModeInteractions":[],"bindingModes":[{"mononucleotide":[0,-0.1008225420700839,-0.18581576423838353,-0.24090559105894105,-0.12770955737610232,0,-0.15431477533491478,-0.05374318864302907,-0.14203494688855667,-0.08548474266688871,-0.4806695468883513,0,-0.1218825633302636,-0.08295764965478458,-0.1554814931802423,0,-1.6549110767136428,-0.4379135278037083,-1.3133916155067844,-0.6417902573251474,0,-0.07113997279885087,-0.5764269562071451,-1.7921541733501523,-0.40803030650387034,-4.044460151655994,0,-3.547792000261796,-4.061156107704085,-1.3246947959576267,0,-3.608195512505688,-2.413044007804088,-2.028508637435666,-1.164612234272192,-1.6344873297012588,-1.1059353158693752,-0.2338517627190848,0,-0.545834375486841,0,-0.3263170812627836,-1.0328188583593407,-1.690886197196534,-0.5700739608044374,-2.2599591187877213,-0.4326665248815109,-2.7026318141304224,0,-0.7873697153780115,-2.2424669414416267,-2.0858944089804154,0,-1.4199087895308962,-0.9995852152759196,-0.7554642901815372,-0.811147822850302,0,-0.27631991775047604,-0.4032012737019672],"activity":[[0]],"dinucleotide":[],"positionBias":[],"modifications":[]}]},"modelFittingConstraints":{"enrichmentModel":[{}],"nShifts":0,"addBindingModesSequentially":true,"bindingModeInteractions":[],"flankLengths":[0],"singleModeLengthSweep":false,"bindingModes":[{"maxFlankLength":-1,"positionBiasBinWidth":1,"optimizeSizeHeuristic":false,"maxSize":-1,"optimizeFlankLength":false,"symmetryString":"null","roundSpecificActivity":true,"informationThreshold":0.1,"optimizeMotifShift":false,"fittingStages":[],"optimizeMotifShiftHeuristic":false,"experimentSpecificPositionBias":true,"minSize":-1,"experimentSpecificActivity":true,"optimizeSize":false}]}}
