{"modelSettings":{"letterOrder":"ACGTN","bindingModeInteractions":[],"bindingModes":[{"size":12,"fitLogActivity":true,"flankLength":0,"dinucleotideDistance":0,"componentName":"Binding mode 2","positionBias":false,"singleStrand":false,"modifications":[]}],"letterComplement":"C-G,A-T,N-N"},"coefficients":{"bindingModeInteractions":[],"bindingModes":[{"mononucleotide":[-0.4560214680846064,0,-0.25810094304943076,-0.4177884552640183,-0.26630584906424637,0,-0.2806786616751107,-0.1201502959533185,-0.06736415388540751,-0.11179426553510924,0,-0.31151487304362435,-0.2721203417223843,-0.15689370284413906,-0.1776641538449599,-0.20010335295213144,-0.535861542967909,-1.6289243762652665,0,-0.4308015695732124,-0.7951275942855669,-2.7073286387573825,0,-2.615761904646096,-0.9217113527767047,-1.2273312466585913,-1.6239593981129183,0,-1.9386537371587913,-0.8952095667683821,0,-1.1817949387300706,-2.987950210983093,-0.5860064173977277,-0.7372747519146746,0,-4.799422385254027,-3.779561393713889,-4.580314873852195,-1.3458063036482943,-5.959692994740907,-1.964002804455868,-4.568977389705749,0,-1.243714670084826,-4.315951587276858,-2.089341339803808,0,-1.0192251170153774,-0.9821655228314348,-2.106944540177479,0,-2.054708126529576,-0.0843529077353673,-0.6120991149435834,-0.20472980905543503,-0.42860652224010476,0,-0.486610821960602,-0.2610434295396744],"activity":[[0]],"dinucleotide":[],"positionBias":[],"modifications":[]}]},"modelFittingConstraints":{"enrichmentModel":[{}],"nShifts":0,"addBindingModesSequentially":true,"bindingModeInteractions":[],"flankLengths":[0],"singleModeLengthSweep":false,"bindingModes":[{"maxFlankLength":-1,"positionBiasBinWidth":1,"optimizeSizeHeuristic":false,"maxSize":-1,"optimizeFlankLength":false,"symmetryString":"null","roundSpecificActivity":true,"informationThreshold":0.1,"optimizeMotifShift":false,"fittingStages":[],"optimizeMotifShiftHeuristic":false,"experimentSpecificPositionBias":true,"minSize":-1,"experimentSpecificActivity":true,"optimizeSize":false}]}}
