{"modelSettings":{"letterOrder":"ACGTN","bindingModeInteractions":[],"bindingModes":[{"size":12,"fitLogActivity":true,"flankLength":0,"dinucleotideDistance":0,"componentName":"Binding mode 1","positionBias":false,"singleStrand":false,"modifications":[]}],"letterComplement":"C-G,A-T,N-N"},"coefficients":{"bindingModeInteractions":[],"bindingModes":[{"mononucleotide":[-0.09250667744414542,0,-0.04243577463980408,-0.1217465157202291,-0.0630814732522259,0,-0.5158788964559631,-0.09642473207143354,-0.2596336904314249,-0.19955276213079548,0,-1.6687478966400469,-1.1516278684903485,-1.3143081511524146,-0.8134719966884778,-0.9298847434615167,-0.6009576368302452,0,-1.5980312332181623,-0.623070938129614,-3.064046147909026,-2.7739385203276754,0,-3.5249904629902757,-1.2565246563807724,-3.5258754615515135,-1.6298397125371262,-4.743564805758739,0,-1.1759568044614908,-2.305354838015494,-4.3799507553871955,0,-4.5927983495198985,-1.2708483911612853,-0.5098434943669532,-0.6250654630609138,-1.1829523453108588,0,-0.49339965818509557,-0.699017768441133,0,-0.21918097620002985,-0.09062835939205982,-0.21890045885577986,0,-1.2079131197583175,-0.32374405384868066,-0.9377062252648631,-0.5051001761152877,0,-0.2754852308732816,-0.2776801021068369,-0.400319145319572,-0.22726173397031962,0,-0.1740333744584639,-0.1826412062491305,-0.14731793774763657,-0.12319771168645818],"activity":[[0]],"dinucleotide":[],"positionBias":[],"modifications":[]}]},"modelFittingConstraints":{"enrichmentModel":[{}],"nShifts":0,"addBindingModesSequentially":true,"bindingModeInteractions":[],"flankLengths":[0],"singleModeLengthSweep":false,"bindingModes":[{"maxFlankLength":-1,"positionBiasBinWidth":1,"optimizeSizeHeuristic":false,"maxSize":-1,"optimizeFlankLength":false,"symmetryString":"null","roundSpecificActivity":true,"informationThreshold":0.1,"optimizeMotifShift":false,"fittingStages":[],"optimizeMotifShiftHeuristic":false,"experimentSpecificPositionBias":true,"minSize":-1,"experimentSpecificActivity":true,"optimizeSize":false}]}}
