{"modelSettings":{"letterOrder":"ACGTN","bindingModeInteractions":[],"bindingModes":[{"size":12,"fitLogActivity":true,"flankLength":0,"dinucleotideDistance":0,"componentName":"Binding mode 1","positionBias":false,"singleStrand":false,"modifications":[]}],"letterComplement":"C-G,A-T,N-N"},"coefficients":{"bindingModeInteractions":[],"bindingModes":[{"mononucleotide":[0,-0.5231959750411521,-0.5788918450402805,-0.5572645140287782,-0.38348969223826346,0,-0.8240302662869761,-0.6396749699926061,-0.5562839695485042,-0.45434303875043625,0,-0.5165807734202317,-0.5344965393792656,-0.10773048155000264,-0.26123795083205636,-0.7141540992683777,-0.45687778127395706,0,-0.5528903962972125,-0.3937285897940909,-0.5096830744367518,0,-0.5039810885015203,-1.780603530263447,-0.5219947971113609,-1.77785118639892,-1.569542553259975,0,-2.9324725827032188,-1.0283357228371572,-3.648573929186403,-2.9965009797725717,0,-1.0339353940814422,-1.027505462365379,0,-4.038415548340482,-5.197411833922971,-3.6237537914079514,-1.337657955502553,0,-3.2839465825244325,-5.111823779998449,-2.2799476157573335,-1.2501959073524938,-1.6109176026027838,-0.508792715115848,0,-2.733794230247415,-0.7625521539954887,-1.0051353887810834,-1.022329417901707,-1.7638143336058092,0,-0.7459463985263625,0,-0.1892519834013946,-0.1523225073516583,-0.22431187458034474,-0.1377244205057654],"activity":[[0]],"dinucleotide":[],"positionBias":[],"modifications":[]}]},"modelFittingConstraints":{"enrichmentModel":[{}],"nShifts":0,"addBindingModesSequentially":true,"bindingModeInteractions":[],"flankLengths":[0],"singleModeLengthSweep":false,"bindingModes":[{"maxFlankLength":-1,"positionBiasBinWidth":1,"optimizeSizeHeuristic":false,"maxSize":-1,"optimizeFlankLength":false,"symmetryString":"null","roundSpecificActivity":true,"informationThreshold":0.1,"optimizeMotifShift":false,"fittingStages":[],"optimizeMotifShiftHeuristic":false,"experimentSpecificPositionBias":true,"minSize":-1,"experimentSpecificActivity":true,"optimizeSize":false}]}}
