{"modelSettings":{"letterOrder":"ACGTN","bindingModeInteractions":[],"bindingModes":[{"size":15,"fitLogActivity":true,"flankLength":0,"dinucleotideDistance":0,"componentName":"Binding mode 1","positionBias":false,"singleStrand":false,"modifications":[]}],"letterComplement":"C-G,A-T,N-N"},"coefficients":{"bindingModeInteractions":[],"bindingModes":[{"mononucleotide":[-0.5161361075442734,-0.6234855578966698,-0.720042571388527,0,-0.4232626661419621,-0.07709304044078813,0,-0.5336410947358754,-0.011111927590347292,-0.13318316912503905,-2.3895808131431315,-0.924409240892409,0,-2.7060043555884277,-0.9446663893588275,-5.824611064797159,0,-6.43405265548545,-5.590615618722179,-1.3780359445142927,-6.0805437652149426,0,-6.063915678087237,-1.7447526854204813,-1.2213729820956978,-2.0880004794252893,-0.6124217000758669,-0.7045173832816314,0,-0.6160387320929448,-0.767613613549992,0,-0.06169990825683058,-0.9345034225409368,-0.3577236510290063,0,-0.9194033706927556,-0.39587483079339414,-1.7874079161519472,-0.5801572459720816,-1.2711286205342276,-5.928925795894793,0,-5.9339020051381315,-1.1348943571549688,-4.875846278397351,-6.555458501501096,0,-5.841530891399184,-1.3744099028637486,-1.676942254852639,0,-0.10267930848461404,-1.6829592084745677,-0.5642332884885066,-0.6992643310425724,0,-0.31529327784939554,-0.5104260855912877,-0.34716126917846013,0,-1.086354773891471,-0.7252851945275989,-0.958960799943438,-0.5956023302332957,-0.5249361658680591,-0.6352298976389852,-1.1822466090394395,0,-0.4992281449733921,0,-0.6235715624990252,-0.22739784869547996,-0.22649225596982347,-0.24527545551099822],"activity":[[0]],"dinucleotide":[],"positionBias":[],"modifications":[]}]},"modelFittingConstraints":{"enrichmentModel":[{}],"nShifts":0,"addBindingModesSequentially":true,"bindingModeInteractions":[],"flankLengths":[0],"singleModeLengthSweep":false,"bindingModes":[{"maxFlankLength":-1,"positionBiasBinWidth":1,"optimizeSizeHeuristic":false,"maxSize":-1,"optimizeFlankLength":false,"symmetryString":"null","roundSpecificActivity":true,"informationThreshold":0.1,"optimizeMotifShift":false,"fittingStages":[],"optimizeMotifShiftHeuristic":false,"experimentSpecificPositionBias":true,"minSize":-1,"experimentSpecificActivity":true,"optimizeSize":false}]}}
