{"modelSettings":{"letterOrder":"ACGTN","bindingModeInteractions":[],"bindingModes":[{"size":12,"fitLogActivity":true,"flankLength":0,"dinucleotideDistance":0,"componentName":"Binding mode 1","positionBias":false,"singleStrand":false,"modifications":[]}],"letterComplement":"C-G,A-T,N-N"},"coefficients":{"bindingModeInteractions":[],"bindingModes":[{"mononucleotide":[0,-0.11127524150890089,-0.22849231872245923,-0.4262073885524358,-0.17930438047112832,-0.2815159308042574,0,-0.4151917796957574,-0.3554330882351966,-0.2498333302920691,-2.8663872878756034,0,-3.920706258204505,-5.214159647185539,-1.3073258705864037,0,-2.9187874457326877,-2.137050493669364,-2.323740397532984,-1.1473497519120621,-4.487301103257672,0,-2.5210575082598345,-1.6717815423229108,-1.1397956553652844,-2.029575499272759,-2.5503417818051646,0,-4.974548777671849,-1.1904332906218182,-4.537649474240885,-4.718614232208394,-4.196683513302909,0,-1.352210416997524,-6.3944649029501,-6.013955520460812,0,-4.982186836701839,-1.3753799146395653,0,-2.1658720579178543,-1.414388606946226,-1.58462390435121,-0.9398479245563334,-2.584579284402048,0,-1.6750847735606347,-0.3074494461079045,-0.6941275870747853,-0.15207960421187394,0,-0.2406576539590155,-0.23648178807644626,-0.15244313614270524,-0.07310951920126829,0,-0.19356763166218816,-0.004015201625379383,-0.06467026852363371],"activity":[[0]],"dinucleotide":[],"positionBias":[],"modifications":[]}]},"modelFittingConstraints":{"enrichmentModel":[{}],"nShifts":0,"addBindingModesSequentially":true,"bindingModeInteractions":[],"flankLengths":[0],"singleModeLengthSweep":false,"bindingModes":[{"maxFlankLength":-1,"positionBiasBinWidth":1,"optimizeSizeHeuristic":false,"maxSize":-1,"optimizeFlankLength":false,"symmetryString":"null","roundSpecificActivity":true,"informationThreshold":0.1,"optimizeMotifShift":false,"fittingStages":[],"optimizeMotifShiftHeuristic":false,"experimentSpecificPositionBias":true,"minSize":-1,"experimentSpecificActivity":true,"optimizeSize":false}]}}
