{"modelSettings":{"letterOrder":"ACGTN","bindingModeInteractions":[],"bindingModes":[{"size":12,"fitLogActivity":true,"flankLength":0,"dinucleotideDistance":0,"componentName":"Binding mode 1","positionBias":false,"singleStrand":false,"modifications":[]}],"letterComplement":"C-G,A-T,N-N"},"coefficients":{"bindingModeInteractions":[],"bindingModes":[{"mononucleotide":[-0.16527006662041943,0,-0.14237790924878224,-0.2492936348755257,-0.13515863624590232,0,-0.20019849356921293,-0.24559443797907887,-0.28770663133514107,-0.1770984476050541,-0.08740627695603731,-0.11637297333345442,0,-0.0705029923005247,-0.06764390876444104,-1.711312905170853,-1.5118604831160825,-1.9574090101976542,0,-0.9529860274001053,-2.8350864034687784,-2.919790107599647,0,-3.472362499805913,-1.2520239349650124,0,-4.133797208180807,-3.0070351461312357,-2.5976991450249516,-1.2553497596457992,-3.7742193425111643,0,-3.74929010924011,-2.471825964356305,-1.2632628990732877,0,-2.8491363622991828,-0.8530060262296293,-2.27225354360014,-0.9243821522219848,-1.1035772535883468,-0.6468160645428847,0,-0.4425083015400042,-0.4708775949239869,-0.3039711079878096,0,-0.08526508573127067,-0.363772377899247,-0.17697575034702606,-0.5951371337689904,-0.42916819764933445,-0.41423478308415085,0,-0.3342905243052082,-0.29548889159371505,-0.37567415314875996,0,-0.3357095831763539,-0.2402183582864352],"activity":[[0]],"dinucleotide":[],"positionBias":[],"modifications":[]}]},"modelFittingConstraints":{"enrichmentModel":[{}],"nShifts":0,"addBindingModesSequentially":true,"bindingModeInteractions":[],"flankLengths":[0],"singleModeLengthSweep":false,"bindingModes":[{"maxFlankLength":-1,"positionBiasBinWidth":1,"optimizeSizeHeuristic":false,"maxSize":-1,"optimizeFlankLength":false,"symmetryString":"null","roundSpecificActivity":true,"informationThreshold":0.1,"optimizeMotifShift":false,"fittingStages":[],"optimizeMotifShiftHeuristic":false,"experimentSpecificPositionBias":true,"minSize":-1,"experimentSpecificActivity":true,"optimizeSize":false}]}}
