{"modelSettings":{"letterOrder":"ACGTN","bindingModeInteractions":[],"bindingModes":[{"size":12,"fitLogActivity":true,"flankLength":0,"dinucleotideDistance":0,"componentName":"Binding mode 1","positionBias":false,"singleStrand":false,"modifications":[]}],"letterComplement":"C-G,A-T,N-N"},"coefficients":{"bindingModeInteractions":[],"bindingModes":[{"mononucleotide":[0,-1.691581838802331,-1.489950943786436,-1.4021620716341703,-0.8820849970611404,-0.6696863538553783,-0.6192799231174329,-0.7111418478479337,0,-0.45362482840088647,-0.8668864765910884,-0.03900738694535999,-0.6863291848116981,0,-0.32662311213064377,-0.9198810199922267,-0.3739703374330139,-1.0819408266280908,0,-0.5002563228868836,0,-1.5720597118408737,-1.214659621887903,-1.7382791616361866,-0.8673512703965381,0,-4.0499835284263535,-2.7451069954894574,-3.977960088768118,-1.2906316217110414,-6.092318090400566,-6.50709415854012,-6.812218421435928,0,-1.3814528757995026,-2.943758254988691,-3.265980812100233,-5.576612153549597,0,-1.295894146186779,0,-5.267090218851102,-3.7777904929363766,-2.411765628489541,-1.2750315338828322,0,-0.910480593086028,-0.06626878226650579,-0.7808508099193485,-0.3580236159623436,-0.6403317786555665,0,-0.13025759079154042,-0.1633492338250946,-0.20632290440619305,-0.30317614117888647,-0.2012117325241065,0,-0.17575209534339242,-0.16398053013151295],"activity":[[0]],"dinucleotide":[],"positionBias":[],"modifications":[]}]},"modelFittingConstraints":{"enrichmentModel":[{}],"nShifts":0,"addBindingModesSequentially":true,"bindingModeInteractions":[],"flankLengths":[0],"singleModeLengthSweep":false,"bindingModes":[{"maxFlankLength":-1,"positionBiasBinWidth":1,"optimizeSizeHeuristic":false,"maxSize":-1,"optimizeFlankLength":false,"symmetryString":"null","roundSpecificActivity":true,"informationThreshold":0.1,"optimizeMotifShift":false,"fittingStages":[],"optimizeMotifShiftHeuristic":false,"experimentSpecificPositionBias":true,"minSize":-1,"experimentSpecificActivity":true,"optimizeSize":false}]}}
