{"modelSettings":{"letterOrder":"ACGTN","bindingModeInteractions":[],"bindingModes":[{"size":18,"fitLogActivity":true,"flankLength":0,"dinucleotideDistance":0,"componentName":"Binding mode 1","positionBias":false,"singleStrand":false,"modifications":[]}],"letterComplement":"C-G,A-T,N-N"},"coefficients":{"bindingModeInteractions":[],"bindingModes":[{"mononucleotide":[0,-0.5290617697948896,-0.08634276792122986,-0.49898359208686394,-0.25051966374459084,0,-0.9425885121904374,-0.5007853587432507,-0.7307813358766762,-0.4791634102771778,0,-1.4980530550860869,-0.1630690849234684,-0.19427932794702052,-0.3227824915585059,-3.9844875823573824,0,-1.2453481675813531,-2.0927750352875765,-1.0287688627589135,-1.0279193715301744,0,-1.452936052847222,-0.5427530394104663,-0.6102872527105225,-0.29719886577912913,-1.4341864550110683,0,-1.0937816137433547,-0.5463867952807662,-2.8200850167480644,-1.8086491620638196,0,-4.151393131124903,-1.1718132593615547,-0.38062928378677174,-0.6973614383251894,-1.7669426929986156,0,-0.5309505056646265,-0.7104360687293898,-0.7240496366633975,-1.2488415491896818,0,-0.5695800974750721,-0.4983285096792578,-0.23002827487082733,-0.7984444098417605,0,-0.3382440782065474,-0.15105378289649796,-0.25261700653056174,0,-0.07269280322647997,-0.11472275497668316,0,-0.7135262006336198,-0.29954861987565984,-0.7011617392673868,-0.3830647412186838,-0.2891103381090607,-1.531778218549484,0,-0.45343146768214737,-0.4305812333332193,-2.665256122329813,0,-0.6892212922337713,-1.3775811507898394,-0.7854071332001129,-1.9971424269653952,0,-1.8127604746096266,-0.6480852357694022,-0.7863749891843488,-0.5111850891279923,-1.982945613662983,0,-1.2120036588965108,-0.6757750100207532,-2.2702011432385456,-1.6564713948437872,0,-3.379383725167043,-1.1024916014714352,-0.5790877212073964,-0.25488296081330386,-1.3283938301994667,0,-0.43066023903478257],"activity":[[0]],"dinucleotide":[],"positionBias":[],"modifications":[]}]},"modelFittingConstraints":{"enrichmentModel":[{}],"nShifts":0,"addBindingModesSequentially":true,"bindingModeInteractions":[],"flankLengths":[0],"singleModeLengthSweep":false,"bindingModes":[{"maxFlankLength":-1,"positionBiasBinWidth":1,"optimizeSizeHeuristic":false,"maxSize":-1,"optimizeFlankLength":false,"symmetryString":"null","roundSpecificActivity":true,"informationThreshold":0.1,"optimizeMotifShift":false,"fittingStages":[],"optimizeMotifShiftHeuristic":false,"experimentSpecificPositionBias":true,"minSize":-1,"experimentSpecificActivity":true,"optimizeSize":false}]}}
