{"modelSettings":{"letterOrder":"ACGTN","bindingModeInteractions":[],"bindingModes":[{"size":14,"fitLogActivity":true,"flankLength":0,"dinucleotideDistance":0,"componentName":"Binding mode 1","positionBias":false,"singleStrand":false,"modifications":[]}],"letterComplement":"C-G,A-T,N-N"},"coefficients":{"bindingModeInteractions":[],"bindingModes":[{"mononucleotide":[-0.25458452961692934,-0.31889199333897444,-0.1606378405568849,0,-0.1762024136790293,-0.47016232875954156,-0.056107221159326315,-0.2659735225194453,0,-0.18128269619342552,0,-1.2813532498271751,-0.4228138409361186,-0.8100059043446204,-0.5201534370669745,0,-1.6839896398619834,-1.9304828853594955,-1.1312681975041712,-0.8835005881555402,-2.277376285671082,0,-1.0203164568191672,-0.2658750405961472,-0.5844862130196637,-0.993339857540247,-0.31343167531034233,0,-1.5952362550636092,-0.5515900409235529,-4.301386536318696,-1.7715777691582826,-3.9865768151907597,0,-1.202159978561454,0,-4.32579782559986,-3.40049434353995,-4.509176020320993,-1.3303041804967735,-0.9985104660814534,-0.9007274358816804,-3.7837523700748936,0,-0.7999314620524947,0,-2.250173774909528,-0.17221797857522425,-2.0369865709750785,-0.655082084728645,-2.9198568673507137,-0.4394809811670948,0,-0.4170475181208717,-0.5287767064771451,0,-0.389148575163051,-0.4977426851130451,-0.5526972701428252,-0.3351473914609817,0,-0.43993929249965635,-0.4839452182624502,-0.17048922982540748,-0.2537075783357291,-0.46778915670346244,-0.5646091079745696,-0.5647256798489622,0,-0.36980215232449465],"activity":[[0]],"dinucleotide":[],"positionBias":[],"modifications":[]}]},"modelFittingConstraints":{"enrichmentModel":[{}],"nShifts":0,"addBindingModesSequentially":true,"bindingModeInteractions":[],"flankLengths":[0],"singleModeLengthSweep":false,"bindingModes":[{"maxFlankLength":-1,"positionBiasBinWidth":1,"optimizeSizeHeuristic":false,"maxSize":-1,"optimizeFlankLength":false,"symmetryString":"null","roundSpecificActivity":true,"informationThreshold":0.1,"optimizeMotifShift":false,"fittingStages":[],"optimizeMotifShiftHeuristic":false,"experimentSpecificPositionBias":true,"minSize":-1,"experimentSpecificActivity":true,"optimizeSize":false}]}}
