{"modelSettings":{"letterOrder":"ACGTN","bindingModeInteractions":[],"bindingModes":[{"size":12,"fitLogActivity":true,"flankLength":0,"dinucleotideDistance":0,"componentName":"Binding mode 1","positionBias":false,"singleStrand":false,"modifications":[]}],"letterComplement":"C-G,A-T,N-N"},"coefficients":{"bindingModeInteractions":[],"bindingModes":[{"mononucleotide":[-0.02189891280845302,-0.37339401452777654,-0.04139918470460202,0,-0.09811484926326547,-0.4429681833830621,-0.6120964545590626,-0.4028424948659417,0,-0.33800812979102246,-0.4120697883020057,-0.6559612901182312,-1.207400569688712,0,-0.4779573951519307,0,-2.4543651764488734,-3.1594612194475493,-3.116296295786417,-1.2269963718419334,-0.9890956074087836,0,-2.4091176177234095,-2.3974071227451965,-0.9462597539608122,-3.7166558950255375,0,-2.4154170619794595,-2.893078170560293,-1.2301023759030838,-3.763498120981925,-4.686995336394043,0,-3.2571828967435605,-1.317782377340825,-0.8593000986337591,-1.9614265376809268,0,-0.8006096337485316,-0.6865832188018677,0,-0.7394268451361805,-0.24009195247426618,-0.8560927061373764,-0.39721360010198986,0,-0.6223769610245471,-0.5010669126284393,-0.35448997083958833,-0.341053902337118,0,-0.4532160347304206,-0.22996004868889708,-0.4515745083644376,-0.26566909638687514,0,-0.13666571740831612,-0.2587534956883495,-0.06512861764506095,-0.11059027503024581],"activity":[[0]],"dinucleotide":[],"positionBias":[],"modifications":[]}]},"modelFittingConstraints":{"enrichmentModel":[{}],"nShifts":0,"addBindingModesSequentially":true,"bindingModeInteractions":[],"flankLengths":[0],"singleModeLengthSweep":false,"bindingModes":[{"maxFlankLength":-1,"positionBiasBinWidth":1,"optimizeSizeHeuristic":false,"maxSize":-1,"optimizeFlankLength":false,"symmetryString":"null","roundSpecificActivity":true,"informationThreshold":0.1,"optimizeMotifShift":false,"fittingStages":[],"optimizeMotifShiftHeuristic":false,"experimentSpecificPositionBias":true,"minSize":-1,"experimentSpecificActivity":true,"optimizeSize":false}]}}
