{"modelSettings":{"letterOrder":"ACGTN","bindingModeInteractions":[],"bindingModes":[{"size":12,"fitLogActivity":true,"flankLength":0,"dinucleotideDistance":0,"componentName":"Binding mode 2","positionBias":false,"singleStrand":false,"modifications":[]}],"letterComplement":"C-G,A-T,N-N"},"coefficients":{"bindingModeInteractions":[],"bindingModes":[{"mononucleotide":[-1.103799549072182,0,-0.09690443786221259,-0.45810810416183134,-0.33137953029674755,-0.22732552307983767,-0.7644734182453554,0,-0.8583512332643091,-0.39820373817258775,-1.2506735350113258,0,-2.8958166247388766,-2.052736909599609,-1.001066773651333,-0.950593418081187,-1.8412891184466194,0,-2.250911857114399,-0.8852599702355596,-2.5201794569542524,-3.6693938352831164,0,-0.6431212690181614,-0.896741656960888,-0.7354366460968,-0.4560979676376906,-0.3589140323549955,0,-0.3525825190164892,-1.0617174883613778,0,-2.2735970108532135,-0.24538544202770662,-0.58375237059426,-1.0408686077138158,0,-3.294589959172374,-2.469926423853173,-0.9977569670548775,0,-2.4165421633737725,-1.7465370295846707,-0.9848381111078774,-0.8933642668855464,-2.094036305821235,-1.4119159917250368,0,-2.4293604938186,-1.011317321346005,-1.615799231609771,0,-1.416571437694932,-1.041345074005355,-0.8017041751542732,-0.11980651468332182,-0.28834287537125336,-0.8415651723483224,0,-0.2653884419493138],"activity":[[0]],"dinucleotide":[],"positionBias":[],"modifications":[]}]},"modelFittingConstraints":{"enrichmentModel":[{}],"nShifts":0,"addBindingModesSequentially":true,"bindingModeInteractions":[],"flankLengths":[0],"singleModeLengthSweep":false,"bindingModes":[{"maxFlankLength":-1,"positionBiasBinWidth":1,"optimizeSizeHeuristic":false,"maxSize":-1,"optimizeFlankLength":false,"symmetryString":"null","roundSpecificActivity":true,"informationThreshold":0.1,"optimizeMotifShift":false,"fittingStages":[],"optimizeMotifShiftHeuristic":false,"experimentSpecificPositionBias":true,"minSize":-1,"experimentSpecificActivity":true,"optimizeSize":false}]}}
