{"modelSettings":{"letterOrder":"ACGTN","bindingModeInteractions":[],"bindingModes":[{"size":12,"fitLogActivity":true,"flankLength":0,"dinucleotideDistance":0,"componentName":"Binding mode 1","positionBias":false,"singleStrand":false,"modifications":[]}],"letterComplement":"C-G,A-T,N-N"},"coefficients":{"bindingModeInteractions":[],"bindingModes":[{"mononucleotide":[-0.6999299792070408,-0.19066797312268946,0,-0.046757916614935446,-0.19926059491954062,-0.44666477802640703,0,-1.1575507310930142,-0.22296346726168537,-0.37318282827915944,0,-0.16784877670986376,-0.11421687722829432,-1.786856400040786,-0.3198499555736921,-1.5399512662005024,0,-3.3940666763522604,-2.586609226097347,-1.1062123938674375,-0.5920626875629971,0,-0.5353464889114745,-1.2013288678744183,-0.49452352509362013,-3.4211977414313015,-2.4264484110534346,-2.988654567201317,0,-1.228113120269241,0,-4.09805730642876,-2.8651090213869725,-3.264505664059031,-1.2803161573140573,-2.998165066933273,-2.7790240409043485,-3.683671081068782,0,-1.2578060399187283,0,-2.331274891400708,-0.45760403803104754,-3.296003512127491,-0.8170108052287299,-3.318411060606162,-0.5511918684049704,0,-0.43009172637379045,-0.5696373200885865,0,-0.09296152763891108,-0.5268528592035371,-1.172897739227583,-0.35269795276536725,0,-0.4125082190796019,-0.23137913938113241,-0.11014160622401059,-0.17699567565641358],"activity":[[0]],"dinucleotide":[],"positionBias":[],"modifications":[]}]},"modelFittingConstraints":{"enrichmentModel":[{}],"nShifts":0,"addBindingModesSequentially":true,"bindingModeInteractions":[],"flankLengths":[0],"singleModeLengthSweep":false,"bindingModes":[{"maxFlankLength":-1,"positionBiasBinWidth":1,"optimizeSizeHeuristic":false,"maxSize":-1,"optimizeFlankLength":false,"symmetryString":"null","roundSpecificActivity":true,"informationThreshold":0.1,"optimizeMotifShift":false,"fittingStages":[],"optimizeMotifShiftHeuristic":false,"experimentSpecificPositionBias":true,"minSize":-1,"experimentSpecificActivity":true,"optimizeSize":false}]}}
