{"modelSettings":{"letterOrder":"ACGTN","bindingModeInteractions":[],"bindingModes":[{"size":15,"fitLogActivity":true,"flankLength":0,"dinucleotideDistance":0,"componentName":"Binding mode 1","positionBias":false,"singleStrand":false,"modifications":[]}],"letterComplement":"C-G,A-T,N-N"},"coefficients":{"bindingModeInteractions":[],"bindingModes":[{"mononucleotide":[0,-0.24181634021630405,-0.1766306377626199,-0.2639598947394175,-0.16508280164964398,-0.29630724623746474,-0.17925465826099884,-9.104583284580414E-4,0,-0.11133893460037299,-1.4338995003868105,-2.313995080525559,0,-2.0779205146773467,-1.006192659903085,-0.8215031955442953,0,-1.0486181731214814,-0.6564989670603847,-0.5495423043217293,-0.9691350761999642,-0.9610147598823735,-0.739436132310785,0,-0.5801316616532994,0,-0.7947822689192057,-0.9465685868997635,-0.8429439429335845,-0.5664302154468249,0,-2.70654672060682,-2.4140035711138763,-2.714657856851314,-1.1854364898714806,-2.8036842016074486,0,-2.39086311852288,-2.4161706704062427,-1.1700547074017689,-2.3038642705942722,-2.100359030062296,-2.9767482522360114,0,-1.1447272484320008,-2.405937469536437,0,-0.9692915239037871,-2.595811797731688,-0.9518415381096783,-2.4714557684764022,-2.759751443931431,-2.45886266355057,0,-1.1765996501910818,-1.9828833909275052,0,-2.26013816578509,-2.209126869915175,-1.084854183562679,-0.6545513992520533,0,-2.054380440295671,-2.0637656439142553,-0.8125940646501079,-0.44842975828877485,-0.8882074737634023,0,-1.0136368558682052,-0.5054569500942544,-0.5714792089881806,0,-0.591669887755665,-0.24253884821633154,-0.32064434641972395],"activity":[[0]],"dinucleotide":[],"positionBias":[],"modifications":[]}]},"modelFittingConstraints":{"enrichmentModel":[{}],"nShifts":0,"addBindingModesSequentially":true,"bindingModeInteractions":[],"flankLengths":[0],"singleModeLengthSweep":false,"bindingModes":[{"maxFlankLength":-1,"positionBiasBinWidth":1,"optimizeSizeHeuristic":false,"maxSize":-1,"optimizeFlankLength":false,"symmetryString":"null","roundSpecificActivity":true,"informationThreshold":0.1,"optimizeMotifShift":false,"fittingStages":[],"optimizeMotifShiftHeuristic":false,"experimentSpecificPositionBias":true,"minSize":-1,"experimentSpecificActivity":true,"optimizeSize":false}]}}
