{"modelSettings":{"letterOrder":"ACGTN","bindingModeInteractions":[],"bindingModes":[{"size":12,"fitLogActivity":true,"flankLength":0,"dinucleotideDistance":0,"componentName":"Binding mode 1","positionBias":false,"singleStrand":false,"modifications":[]}],"letterComplement":"C-G,A-T,N-N"},"coefficients":{"bindingModeInteractions":[],"bindingModes":[{"mononucleotide":[-2.025781317345116,0,-3.1584430655832763,-3.0076090302909853,-1.1843399008368627,-2.183782154147981,0,-2.522121457752777,-2.2648437859502524,-1.12643311182857,-1.0872531408195552,0,-1.6492899691286262,-1.6074858117144455,-0.8383357274088246,-2.3783520443547537,0,-2.967930811846787,-2.5344660302409645,-1.1846467179557263,-2.5326440042948324,0,-3.372732822078128,-2.4901230641669656,-1.2067731979980347,-2.981564142630408,0,-2.9718087613552,-0.7019828780786477,-0.917838392157982,-1.0961810683806856,-3.3508442150365365,0,-2.848413992779096,-1.030624996258112,-2.7093230040371514,0,-1.8189611185755572,-0.17384793098443563,-0.6591319532607769,-1.087496217518523,-0.9665398202895159,-0.6645949848765671,0,-0.5834239937885883,-1.8549696200660755,-2.9165008758343345,0,-3.269475652482827,-1.164265995244573,-0.22976280834307694,-0.35076524800038067,-0.8885107104717807,0,-0.31809354562893993,-2.745981955746949,-1.0520195944800599,0,-0.9206165151244492,-0.7920340308728309],"activity":[[0]],"dinucleotide":[],"positionBias":[],"modifications":[]}]},"modelFittingConstraints":{"enrichmentModel":[{}],"nShifts":0,"addBindingModesSequentially":true,"bindingModeInteractions":[],"flankLengths":[0],"singleModeLengthSweep":false,"bindingModes":[{"maxFlankLength":-1,"positionBiasBinWidth":1,"optimizeSizeHeuristic":false,"maxSize":-1,"optimizeFlankLength":false,"symmetryString":"null","roundSpecificActivity":true,"informationThreshold":0.1,"optimizeMotifShift":false,"fittingStages":[],"optimizeMotifShiftHeuristic":false,"experimentSpecificPositionBias":true,"minSize":-1,"experimentSpecificActivity":true,"optimizeSize":false}]}}
