{"modelSettings":{"letterOrder":"ACGTN","bindingModeInteractions":[],"bindingModes":[{"size":18,"fitLogActivity":true,"flankLength":0,"dinucleotideDistance":0,"componentName":"Binding mode 1","positionBias":false,"singleStrand":false,"modifications":[]}],"letterComplement":"C-G,A-T,N-N"},"coefficients":{"bindingModeInteractions":[],"bindingModes":[{"mononucleotide":[-0.6558590130252835,-1.0870458301953736,0,-0.1996899596249877,-0.40227325191559005,-1.2106104518325775,-2.573049007194739,0,-1.7900598594297392,-0.953688894455138,-0.8527071292037505,-0.5238336982973433,-0.06364440109547331,0,-0.30217196556277454,-2.2230888136416658,0,-2.701762063492506,-2.1812636110892463,-1.1330017895048017,0,-0.8060428059704412,-0.19421445729004905,-0.11984769903642434,-0.23662186670937296,0,-1.790471513251087,-1.8103478084785722,-3.181332080193075,-1.070018281350637,-0.6987845242408319,-0.627459634913401,0,-1.0912956771217939,-0.5247061370120161,-3.34191473775349,-0.8992301231620541,-3.2746642670727772,0,-0.9941971892442338,-2.4861748065236906,-3.4087718099998416,0,-2.7149048775929527,-1.218645948942433,0,-3.765218231775894,-2.645660582569346,-2.922273995815115,-1.2483321217000014,-2.532954209892786,0,-4.1404894043927305,-1.5000888327218158,-1.1098379827486728,-0.6714206298878995,0,-1.9794383045917305,-1.5233031489572708,-0.7618974395785556,-0.7450154739258394,-0.08486134224271957,0,-1.3984469631092615,-0.4153840731432435,-0.7429748704498538,0,-0.31578472326288853,-1.084936041131395,-0.45301417578812225,-0.5982682574423457,0,-0.6994858305689498,-0.7077866439717475,-0.45439128081877794,0,-0.2025658534407473,-0.3440646845569919,-0.17556107684421107,-0.17301442427870076,-0.13738956470849661,-0.050680520714555755,-0.12084162336718496,0,-0.0756972920541875,-0.020662473946744697,0,-0.009814704646522898,-0.07598002493174416,-0.026185477991301033],"activity":[[0]],"dinucleotide":[],"positionBias":[],"modifications":[]}]},"modelFittingConstraints":{"enrichmentModel":[{}],"nShifts":0,"addBindingModesSequentially":true,"bindingModeInteractions":[],"flankLengths":[0],"singleModeLengthSweep":false,"bindingModes":[{"maxFlankLength":-1,"positionBiasBinWidth":1,"optimizeSizeHeuristic":false,"maxSize":-1,"optimizeFlankLength":false,"symmetryString":"null","roundSpecificActivity":true,"informationThreshold":0.1,"optimizeMotifShift":false,"fittingStages":[],"optimizeMotifShiftHeuristic":false,"experimentSpecificPositionBias":true,"minSize":-1,"experimentSpecificActivity":true,"optimizeSize":false}]}}
