{"modelSettings":{"letterOrder":"ACGTN","bindingModeInteractions":[],"bindingModes":[{"size":12,"fitLogActivity":true,"flankLength":0,"dinucleotideDistance":0,"componentName":"Binding mode 1","positionBias":false,"singleStrand":false,"modifications":[]}],"letterComplement":"C-G,A-T,N-N"},"coefficients":{"bindingModeInteractions":[],"bindingModes":[{"mononucleotide":[-2.654900921213214,0,-2.5515515333660104,-2.025279588722014,-1.1392597967603761,0,-1.5425672724084927,-1.8289179533419193,-1.3464787626045784,-0.8949125171127144,0,-1.6261145265110306,-1.1431165950095683,-1.964390348490209,-0.8820357409055244,-2.4734236762549835,-1.9206653904155782,-1.821905931081063,0,-1.0551775522191786,-2.171634366841652,-1.9231092204192826,-2.2143214907367845,0,-1.0719431436765394,-1.5256600648178011,0,-1.8927367499999357,-1.417041023501295,-0.9097082622155237,-1.5097866390457009,0,-1.622142080392806,-1.0459267459348536,-0.8154287216923465,-1.1503857267987967,-1.7375857094490437,0,-2.0579858852699746,-0.9037631168060419,-1.3979471456610888,0,-1.4850962890385766,-1.2763703161632725,-0.8251753805352724,-1.6558113869992637,-0.79457675700833,-1.3412132083943966,0,-0.74221261069644,-1.8778155081907708,0,-1.817135831057437,-0.8410112145792117,-0.828572663372335,0,-0.16924484993463462,-0.40039462005271176,-0.45858779486328327,-0.23999298899826368],"activity":[[0]],"dinucleotide":[],"positionBias":[],"modifications":[]}]},"modelFittingConstraints":{"enrichmentModel":[{}],"nShifts":0,"addBindingModesSequentially":true,"bindingModeInteractions":[],"flankLengths":[0],"singleModeLengthSweep":false,"bindingModes":[{"maxFlankLength":-1,"positionBiasBinWidth":1,"optimizeSizeHeuristic":false,"maxSize":-1,"optimizeFlankLength":false,"symmetryString":"null","roundSpecificActivity":true,"informationThreshold":0.1,"optimizeMotifShift":false,"fittingStages":[],"optimizeMotifShiftHeuristic":false,"experimentSpecificPositionBias":true,"minSize":-1,"experimentSpecificActivity":true,"optimizeSize":false}]}}
