{"modelSettings":{"letterOrder":"ACGTN","bindingModeInteractions":[],"bindingModes":[{"size":12,"fitLogActivity":true,"flankLength":0,"dinucleotideDistance":0,"componentName":"Binding mode 1","positionBias":false,"singleStrand":false,"modifications":[]}],"letterComplement":"C-G,A-T,N-N"},"coefficients":{"bindingModeInteractions":[],"bindingModes":[{"mononucleotide":[-0.0069143555349877595,-0.09063960252481351,0,-0.15380813869032162,-0.06084061290933649,-0.6735127491348436,-0.26264005777210464,-0.3647212089233247,0,-0.2966141480014608,-1.9542200431971324,-1.9275021981484506,0,-1.8819127647392055,-1.0220091916035325,-0.2769996212045265,-0.7931913179321346,-1.2502240046794788,0,-0.4712467412788375,0,-0.949221093071765,-1.7295338452088904,-0.8915124825391372,-0.7060072378422595,0,-2.3912473940929635,-2.2126622000785927,-3.7624748464277458,-1.184047115496601,-2.060279742727597,0,-1.2479514372849954,-0.3974704998745979,-0.6507927245323748,-0.517671820632867,0,-0.3733524396058576,-0.20610566266144392,-0.2555130994989969,-1.1838045095764231,-0.2736765865340822,-0.8357648856458688,0,-0.4699105634489285,-0.8670252004269274,-2.492305923378444,0,-1.1474746583744264,-0.7872622196000165,0,-2.485948042037249,-3.1151094045347434,-2.9790929365407575,-1.2220865597252457,-1.2793245297165798,-0.35661692872236816,-0.541743197780157,0,-0.44628746455451823],"activity":[[0]],"dinucleotide":[],"positionBias":[],"modifications":[]}]},"modelFittingConstraints":{"enrichmentModel":[{}],"nShifts":0,"addBindingModesSequentially":true,"bindingModeInteractions":[],"flankLengths":[0],"singleModeLengthSweep":false,"bindingModes":[{"maxFlankLength":-1,"positionBiasBinWidth":1,"optimizeSizeHeuristic":false,"maxSize":-1,"optimizeFlankLength":false,"symmetryString":"null","roundSpecificActivity":true,"informationThreshold":0.1,"optimizeMotifShift":false,"fittingStages":[],"optimizeMotifShiftHeuristic":false,"experimentSpecificPositionBias":true,"minSize":-1,"experimentSpecificActivity":true,"optimizeSize":false}]}}
