{"modelSettings":{"letterOrder":"ACGTN","bindingModeInteractions":[],"bindingModes":[{"size":18,"fitLogActivity":true,"flankLength":0,"dinucleotideDistance":0,"componentName":"Binding mode 1","positionBias":false,"singleStrand":false,"modifications":[]}],"letterComplement":"C-G,A-T,N-N"},"coefficients":{"bindingModeInteractions":[],"bindingModes":[{"mononucleotide":[-0.7442203450398548,-1.0741843168824765,-0.8756029186382399,0,-0.5828178126167064,-0.6385976417061929,-1.7600784141780452,-1.344183857642292,0,-0.7129335452640436,0,-2.4649188529203965,-1.8725617069054916,-1.646125533886098,-1.027543202212277,0,-1.7073544358825932,-1.4733654873596094,-2.5830953563577115,-0.9901810370748635,-1.869065218269221,-2.109572370970515,0,-2.9230999367760635,-1.1016235338913976,-1.0387462543407366,-1.7035695641254924,0,-1.5769319662476762,-0.8309512909594671,-0.26579213721269035,-0.4481797757418615,-0.48434207253369976,0,-0.28054403987236187,-0.40334174183836957,-0.15631879688784878,0,-0.6795932042164043,-0.27766792966770626,-1.7740704759669623,-2.0462837218544325,0,-1.7386320692233808,-0.9978967884815624,-0.13462437608362698,-1.14821762593379,-0.9718466065884268,0,-0.44253264905724243,0,-0.08535999295932584,-0.5312867936123151,-1.4800281008833558,-0.3806526168689676,-0.2884122659281232,-0.6441631203540155,-0.43899943152700516,0,-0.3149725920674226,0,-0.28078900151908925,-0.5344224532343809,-0.43481935043260656,-0.2914970378243851,-1.174159733409431,-0.21743841977652778,-0.1273178632429257,0,-0.28964750509318204,0,-1.5735794596372887,-0.9041391356883146,-0.47508964326664227,-0.5824910696049945,-1.4426341340676676,0,-2.0596454606812316,-2.3546855330815073,-1.008730224984476,-0.5785987599121318,0,-0.04719817320531394,-0.201926992787258,-0.1828007533180491,0,-0.57150512472783,-0.6156709328025194,-0.6970678556340433,-0.4296310119995787],"activity":[[0]],"dinucleotide":[],"positionBias":[],"modifications":[]}]},"modelFittingConstraints":{"enrichmentModel":[{}],"nShifts":0,"addBindingModesSequentially":true,"bindingModeInteractions":[],"flankLengths":[0],"singleModeLengthSweep":false,"bindingModes":[{"maxFlankLength":-1,"positionBiasBinWidth":1,"optimizeSizeHeuristic":false,"maxSize":-1,"optimizeFlankLength":false,"symmetryString":"null","roundSpecificActivity":true,"informationThreshold":0.1,"optimizeMotifShift":false,"fittingStages":[],"optimizeMotifShiftHeuristic":false,"experimentSpecificPositionBias":true,"minSize":-1,"experimentSpecificActivity":true,"optimizeSize":false}]}}
