{"modelSettings":{"letterOrder":"ACGTN","bindingModeInteractions":[],"bindingModes":[{"size":15,"fitLogActivity":true,"flankLength":0,"dinucleotideDistance":0,"componentName":"Binding mode 1","positionBias":false,"singleStrand":false,"modifications":[]}],"letterComplement":"C-G,A-T,N-N"},"coefficients":{"bindingModeInteractions":[],"bindingModes":[{"mononucleotide":[-0.16640518521333725,-0.4217826131490794,0,-0.4514445335182753,-0.2422985177563491,-0.6252959429607436,0,-0.574755681141581,-0.7283682233831934,-0.43825638456982846,-0.7740213886440532,0,-1.0407373941057063,-0.747359696902814,-0.5586318533694777,-0.3615365775199102,-0.2280970887206335,0,-0.48433284857949044,-0.2520703698796708,-0.030894075270816224,-2.384132580566245E-4,-0.2398774049323391,0,-0.06292271025359851,-0.18159180102465733,-0.2948667149081583,0,-0.5931008771334598,-0.24488329374256695,-0.5238773357776667,-1.0741825577081023,0,-1.1317275168572296,-0.5725802862423229,-1.0636782838020071,-0.8942190039848947,-0.6170356320412562,0,-0.5561490098128973,-4.023946937183273,-3.7128355242082884,0,-4.141898120817259,-1.3297409641963773,0,-3.6583284638319835,-4.506631908544877,-3.5244081595196937,-1.3221180575094948,0,-3.938248107411263,-3.155949766865694,-2.9923702561496848,-1.2799106082372373,-4.568291775515288,-3.216645942887025,0,-3.5943611872,-1.3112395854056282,-1.8293378276332124,0,-2.5448178140536797,-0.8735735893634899,-0.8816090094576895,-0.32463908383680984,-0.6485480944140747,0,-0.6608828905941708,-0.3703437689778067,-0.6601603065356851,-0.17500951176621715,0,-0.17156663798381366,-0.2235931346714396],"activity":[[0]],"dinucleotide":[],"positionBias":[],"modifications":[]}]},"modelFittingConstraints":{"enrichmentModel":[{}],"nShifts":0,"addBindingModesSequentially":true,"bindingModeInteractions":[],"flankLengths":[0],"singleModeLengthSweep":false,"bindingModes":[{"maxFlankLength":-1,"positionBiasBinWidth":1,"optimizeSizeHeuristic":false,"maxSize":-1,"optimizeFlankLength":false,"symmetryString":"null","roundSpecificActivity":true,"informationThreshold":0.1,"optimizeMotifShift":false,"fittingStages":[],"optimizeMotifShiftHeuristic":false,"experimentSpecificPositionBias":true,"minSize":-1,"experimentSpecificActivity":true,"optimizeSize":false}]}}
