{"modelSettings":{"letterOrder":"ACGTN","bindingModeInteractions":[],"bindingModes":[{"size":12,"fitLogActivity":true,"flankLength":0,"dinucleotideDistance":0,"componentName":"Binding mode 1","positionBias":false,"singleStrand":false,"modifications":[]}],"letterComplement":"C-G,A-T,N-N"},"coefficients":{"bindingModeInteractions":[],"bindingModes":[{"mononucleotide":[-0.3155877093814554,-1.3309743062800294,0,-0.9039069969637417,-0.5114240970701008,-0.2970358756915805,-0.7028733322034639,0,-0.46575000725020765,-0.3334321523017426,-0.732501792213162,-0.8011405993283052,0,-0.8778580766710695,-0.5339262718912217,-1.123771117673199,-0.9415956912522152,0,-0.5036159969185086,-0.5449866528397498,-0.3333773834956444,-1.82563455006379,0,-1.0097948779914419,-0.5789667061526853,0,-2.4943838959603633,-1.5423622264919268,-0.8395528138097894,-0.8391409369042938,-0.8178278526346483,-0.5075457448774516,0,-0.6003456899859998,-0.4338713399498676,-1.3769314247001265,-1.9851124080216906,0,-2.0161997444503257,-0.9656927581907846,-0.5788671622931045,-1.17796328996268,0,-0.3244664380541711,-0.4341149289305799,-0.18386685794529467,-0.6431679523720879,0,-0.5027027190167457,-0.30023898223256984,-0.12344496042103703,0,-0.2924934346138277,-0.4080053445259286,-0.19381361081356663,0,-0.6637045404979016,-0.014953587041049765,-0.7682825804371836,-0.29978610431040914],"activity":[[0]],"dinucleotide":[],"positionBias":[],"modifications":[]}]},"modelFittingConstraints":{"enrichmentModel":[{}],"nShifts":0,"addBindingModesSequentially":true,"bindingModeInteractions":[],"flankLengths":[0],"singleModeLengthSweep":false,"bindingModes":[{"maxFlankLength":-1,"positionBiasBinWidth":1,"optimizeSizeHeuristic":false,"maxSize":-1,"optimizeFlankLength":false,"symmetryString":"null","roundSpecificActivity":true,"informationThreshold":0.1,"optimizeMotifShift":false,"fittingStages":[],"optimizeMotifShiftHeuristic":false,"experimentSpecificPositionBias":true,"minSize":-1,"experimentSpecificActivity":true,"optimizeSize":false}]}}
