{"modelSettings":{"letterOrder":"ACGTN","bindingModeInteractions":[],"bindingModes":[{"size":12,"fitLogActivity":true,"flankLength":0,"dinucleotideDistance":0,"componentName":"Binding mode 2","positionBias":false,"singleStrand":false,"modifications":[]}],"letterComplement":"C-G,A-T,N-N"},"coefficients":{"bindingModeInteractions":[],"bindingModes":[{"mononucleotide":[0,-0.1447166978770218,-0.2112964556578527,-0.33761459132253346,-0.16597440945558645,-0.21995780514753882,0,-0.27686176985463584,-0.6758128638083267,-0.26479444881008535,-1.0381788308432003,-0.428013400528263,-1.0006527312284073,0,-0.521911410249338,-1.4882783332910314,-1.2704582939412248,0,-1.2891951788988956,-0.8085825159949842,-0.18054632291901784,-0.918276400974364,-1.1945350364543068,0,-0.45536519093708255,-1.4984552740388999,0,-2.4933310987696453,-1.901526239422091,-1.0109793247540992,-2.9025504117861622,0,-3.2882349481438036,-3.193410187429603,-1.2612184845943206,0,-1.845640665967014,-1.8122400817527309,-1.9680159085424465,-1.0072102677964467,-1.0705841638160312,0,-0.5886575711346289,-0.2840892582467518,-0.4115160321193861,-0.8901201023005618,-0.11726829427902796,-0.7648110073757026,0,-0.3691181572020532,0,-0.012759814806468928,-0.08875321925994806,-0.10632119659284767,-0.05089116037944275,-0.1847583940374169,0,-0.1785567771922687,-0.2700694006827562,-0.15341106532527543],"activity":[[0]],"dinucleotide":[],"positionBias":[],"modifications":[]}]},"modelFittingConstraints":{"enrichmentModel":[{}],"nShifts":0,"addBindingModesSequentially":true,"bindingModeInteractions":[],"flankLengths":[0],"singleModeLengthSweep":false,"bindingModes":[{"maxFlankLength":-1,"positionBiasBinWidth":1,"optimizeSizeHeuristic":false,"maxSize":-1,"optimizeFlankLength":false,"symmetryString":"null","roundSpecificActivity":true,"informationThreshold":0.1,"optimizeMotifShift":false,"fittingStages":[],"optimizeMotifShiftHeuristic":false,"experimentSpecificPositionBias":true,"minSize":-1,"experimentSpecificActivity":true,"optimizeSize":false}]}}
