{"modelSettings":{"letterOrder":"ACGTN","bindingModeInteractions":[],"bindingModes":[{"size":16,"fitLogActivity":true,"flankLength":0,"dinucleotideDistance":0,"componentName":"Binding mode 2","positionBias":false,"singleStrand":false,"modifications":[]}],"letterComplement":"C-G,A-T,N-N"},"coefficients":{"bindingModeInteractions":[],"bindingModes":[{"mononucleotide":[0,-0.05946275285221603,-0.2079653750997421,-0.31520784368305055,-0.13807225887288993,-0.2225106512940025,0,-0.36061731862599267,-0.3515256010780927,-0.2227167401853156,-0.8439774441654215,-1.8409481572368036,0,-1.2348064315141158,-0.7552594170602311,-0.7928427150707638,0,-0.8552919649859492,-0.8613537966785918,-0.553252589687894,0,-1.820286027312331,-1.196647620576107,-1.5478657568281293,-0.8693555706795085,-0.8290314257904026,-0.9446221819895047,0,-1.5023131129363798,-0.6694731757634306,-1.2226094693464873,-2.3158080441305806,0,-1.0846005632550457,-0.8374888114365037,-1.112821107940841,-2.0381579871097197,0,-1.0170790361857276,-0.7871563885661449,-0.9177963762614301,0,-0.8271630324592865,-0.8557628749984971,-0.5702018601423873,0,-0.9917256292121448,-1.2445665883348456,-1.9664994966702385,-0.7990925042402495,-0.18488679560920396,-1.967933839081422,0,-2.0138167051750333,-0.6422535529297635,-2.2006927262148714,-0.9133629919978112,-0.2496038122917179,0,-0.5573021880592828,-0.4233464188391425,-1.106381236616829,-0.5376433822756805,0,-0.442494053401228,0,-1.4117046633545693,-0.634517872467657,-1.7642844663378936,-0.7209152586707485,-1.2358743039637874,-0.8022374610957694,-0.2572401458059721,0,-0.46518014403148766,-0.5302669212257634,-1.0359629353909545,0,-1.194097960698222,-0.5770057167778868],"activity":[[0]],"dinucleotide":[],"positionBias":[],"modifications":[]}]},"modelFittingConstraints":{"enrichmentModel":[{}],"nShifts":0,"addBindingModesSequentially":true,"bindingModeInteractions":[],"flankLengths":[0],"singleModeLengthSweep":false,"bindingModes":[{"maxFlankLength":-1,"positionBiasBinWidth":1,"optimizeSizeHeuristic":false,"maxSize":-1,"optimizeFlankLength":false,"symmetryString":"null","roundSpecificActivity":true,"informationThreshold":0.1,"optimizeMotifShift":false,"fittingStages":[],"optimizeMotifShiftHeuristic":false,"experimentSpecificPositionBias":true,"minSize":-1,"experimentSpecificActivity":true,"optimizeSize":false}]}}
