{"modelSettings":{"letterOrder":"ACGTN","bindingModeInteractions":[],"bindingModes":[{"size":12,"fitLogActivity":true,"flankLength":0,"dinucleotideDistance":0,"componentName":"Binding mode 1","positionBias":false,"singleStrand":false,"modifications":[]}],"letterComplement":"C-G,A-T,N-N"},"coefficients":{"bindingModeInteractions":[],"bindingModes":[{"mononucleotide":[-0.8601464686208109,0,-0.435516035046827,-0.6045822937390999,-0.42452048080197186,-0.45318791794367774,-0.6480580653077976,0,-0.8702477438102973,-0.4394717115062515,-0.5346238202222735,-0.792485134556439,-1.5061519781978094,0,-0.5707659945177606,-1.7651520711106772,0,-2.266233044522439,-1.1901311997659083,-0.9294746368711876,-1.299859948938821,0,-0.4692015138377732,-1.433579178366545,-0.6271134912195593,-0.350480865227635,0,-2.0584410220165617,-1.2815844660660214,-0.6397963640963473,-1.8633401672918135,0,-2.299412471480162,-1.1260707651978765,-0.9290110950058768,-1.6634112211584429,0,-1.1323671851387433,-1.0322957981904888,-0.7614531924491519,-0.896914795639121,-1.2609462088163568,-1.7385335280885112,0,-0.7619670188787439,-0.9166508689662893,0,-1.3972151670183872,-0.9887001790213241,-0.6835926647955132,-0.5602934707921223,0,-1.2261495848702348,-1.513427948473986,-0.6517098602187875,-1.1331587786735886,0,-1.268785082795422,-1.6079336276912901,-0.7965714744626868],"activity":[[0]],"dinucleotide":[],"positionBias":[],"modifications":[]}]},"modelFittingConstraints":{"enrichmentModel":[{}],"nShifts":0,"addBindingModesSequentially":true,"bindingModeInteractions":[],"flankLengths":[0],"singleModeLengthSweep":false,"bindingModes":[{"maxFlankLength":-1,"positionBiasBinWidth":1,"optimizeSizeHeuristic":false,"maxSize":-1,"optimizeFlankLength":false,"symmetryString":"null","roundSpecificActivity":true,"informationThreshold":0.1,"optimizeMotifShift":false,"fittingStages":[],"optimizeMotifShiftHeuristic":false,"experimentSpecificPositionBias":true,"minSize":-1,"experimentSpecificActivity":true,"optimizeSize":false}]}}
