{"modelSettings":{"letterOrder":"ACGTN","bindingModeInteractions":[],"bindingModes":[{"size":14,"fitLogActivity":true,"flankLength":0,"dinucleotideDistance":0,"componentName":"Binding mode 1","positionBias":false,"singleStrand":false,"modifications":[]}],"letterComplement":"C-G,A-T,N-N"},"coefficients":{"bindingModeInteractions":[],"bindingModes":[{"mononucleotide":[-0.13277309631285839,-0.3610666326569154,0,-0.025486205085649694,-0.12007035852180514,-0.2801578366276125,-1.140648661173015,0,-0.5100138248326358,-0.40205964857278376,-1.1209770859716905,0,-0.9337299428207357,-1.1761814913383675,-0.6794907239519705,-0.8391068836544964,-0.9931125426505822,0,-0.7318285678180754,-0.5605645145217139,-1.339456116770347,0,-1.6046344736213176,-1.9165052816677846,-0.910015879987456,-1.8028493180326088,-1.2036673812780232,-2.7484865362169244,0,-0.9617164731801464,0,-1.7403615275969275,-0.6970413892843883,-1.7402224248509435,-0.7716521110367826,0,-0.9052232504161122,-1.860101924678005,-1.5821233190804977,-0.8177774167535893,-2.5732396948442084,0,-1.7914721419561146,-1.8680371791460186,-1.0516602182664012,-3.1951569015576027,0,-2.786645375326263,-1.5330852288393042,-1.1098327498165632,0,-1.7757440582829944,-1.278286866253834,-2.573942664811185,-0.9648864836265919,-1.3585998428687343,-0.28124124289645547,-1.4670204814959003,0,-0.5787127762843094,-2.0143599924734494,-0.8716587446107908,-1.960332317382309,0,-0.8601026620768665,-0.2058523859847048,-0.5874025393661322,0,-0.40602182140616705,-0.2757476235734589],"activity":[[0]],"dinucleotide":[],"positionBias":[],"modifications":[]}]},"modelFittingConstraints":{"enrichmentModel":[{}],"nShifts":0,"addBindingModesSequentially":true,"bindingModeInteractions":[],"flankLengths":[0],"singleModeLengthSweep":false,"bindingModes":[{"maxFlankLength":-1,"positionBiasBinWidth":1,"optimizeSizeHeuristic":false,"maxSize":-1,"optimizeFlankLength":false,"symmetryString":"null","roundSpecificActivity":true,"informationThreshold":0.1,"optimizeMotifShift":false,"fittingStages":[],"optimizeMotifShiftHeuristic":false,"experimentSpecificPositionBias":true,"minSize":-1,"experimentSpecificActivity":true,"optimizeSize":false}]}}
