{"modelSettings":{"letterOrder":"ACGTN","bindingModeInteractions":[],"bindingModes":[{"size":13,"fitLogActivity":true,"flankLength":0,"dinucleotideDistance":0,"componentName":"Binding mode 1","positionBias":false,"singleStrand":false,"modifications":[]}],"letterComplement":"C-G,A-T,N-N"},"coefficients":{"bindingModeInteractions":[],"bindingModes":[{"mononucleotide":[-0.28832047990138854,0,-0.23837432425412253,-0.4730428172015717,-0.2355538536629614,-0.24892257383534222,-0.22491769306409992,0,-1.399060301433542,-0.34776791521161043,-2.3271887330841907,-1.6523371010210894,-2.5750950042802447,0,-1.0749071118880729,-3.1454680485313635,-3.006668492104109,0,-2.99408841431831,-1.253000946693729,-2.064705295247357,-2.4890766859217703,-2.370440473900307,0,-1.1214088289362318,-0.05479875682446611,0,-1.8512143763865159,-1.2521813453690251,-0.515167331190284,-2.700536815018424,0,-2.21896089469675,-2.661436021024372,-1.166565179345753,-1.740332343080723,-2.406550596074721,0,-1.7690360370734282,-1.0243737148492569,0,-1.9387455314856537,-1.0050661335927003,-0.725871057869552,-0.6962481633162515,0,-2.2495243506665723,-2.090263396461915,-0.9248331986041562,-0.9003549477224497,0,-2.0832137701152456,-1.9471918745966774,-1.0960976821972737,-0.9154310349968728,-0.3587348741168155,0,-0.016220334967155914,-0.23832674769286388,-0.1420201117694287,-0.35697829188121233,-0.46859415196778853,-0.1425209219853918,0,-0.2253839828790215],"activity":[[0]],"dinucleotide":[],"positionBias":[],"modifications":[]}]},"modelFittingConstraints":{"enrichmentModel":[{}],"nShifts":0,"addBindingModesSequentially":true,"bindingModeInteractions":[],"flankLengths":[0],"singleModeLengthSweep":false,"bindingModes":[{"maxFlankLength":-1,"positionBiasBinWidth":1,"optimizeSizeHeuristic":false,"maxSize":-1,"optimizeFlankLength":false,"symmetryString":"null","roundSpecificActivity":true,"informationThreshold":0.1,"optimizeMotifShift":false,"fittingStages":[],"optimizeMotifShiftHeuristic":false,"experimentSpecificPositionBias":true,"minSize":-1,"experimentSpecificActivity":true,"optimizeSize":false}]}}
