{"modelSettings":{"letterOrder":"ACGTN","bindingModeInteractions":[],"bindingModes":[{"size":12,"fitLogActivity":true,"flankLength":0,"dinucleotideDistance":0,"componentName":"Binding mode 1","positionBias":false,"singleStrand":false,"modifications":[]}],"letterComplement":"C-G,A-T,N-N"},"coefficients":{"bindingModeInteractions":[],"bindingModes":[{"mononucleotide":[-0.4107425510009506,0,-1.1321332305896874,-0.1855729246583051,-0.3509304801983034,-0.6149454808361332,-0.3918422954748859,-0.19778577384912843,0,-0.2754153927431356,-3.060466416059967,0,-3.8510687095470755,-1.707962855855068,-1.1636649773839118,-3.242865354605275,-3.8573326094630787,0,-3.8726360483893294,-1.3084267249977697,-3.2074268972062585,-3.787906655631934,-3.5915191695935462,0,-1.2995113653776367,-2.4144716371051587,0,-3.572483506549823,-1.9643292566979156,-1.1569695438546785,-3.497918465153879,-3.3732851298686066,0,-3.3026957996366635,-1.2897839693588538,-1.6610643304043178,0,-1.4277833340727053,-0.9536888215405215,-0.7901572536990626,-1.5778612084712762,-1.1678936663046358,0,-2.2435811082773185,-0.9017005501145577,0,-0.9183912282741904,-0.624399671537895,-0.45233649451010827,-0.4420447014750013,0,-0.3332897365647991,-1.2607751076605216,-0.47785723196591157,-0.4230790053976718,0,-0.44832718947861316,-0.29204420866080216,-1.0885170407781786,-0.38487357981888703],"activity":[[0]],"dinucleotide":[],"positionBias":[],"modifications":[]}]},"modelFittingConstraints":{"enrichmentModel":[{}],"nShifts":0,"addBindingModesSequentially":true,"bindingModeInteractions":[],"flankLengths":[0],"singleModeLengthSweep":false,"bindingModes":[{"maxFlankLength":-1,"positionBiasBinWidth":1,"optimizeSizeHeuristic":false,"maxSize":-1,"optimizeFlankLength":false,"symmetryString":"null","roundSpecificActivity":true,"informationThreshold":0.1,"optimizeMotifShift":false,"fittingStages":[],"optimizeMotifShiftHeuristic":false,"experimentSpecificPositionBias":true,"minSize":-1,"experimentSpecificActivity":true,"optimizeSize":false}]}}
