{"modelSettings":{"letterOrder":"ACGTN","bindingModeInteractions":[],"bindingModes":[{"size":18,"fitLogActivity":true,"flankLength":0,"dinucleotideDistance":0,"componentName":"Binding mode 1","positionBias":false,"singleStrand":false,"modifications":[]}],"letterComplement":"C-G,A-T,N-N"},"coefficients":{"bindingModeInteractions":[],"bindingModes":[{"mononucleotide":[-0.042248957347508664,-0.05657235077434386,0,-0.05850490101564798,-0.03905199388442155,-0.27144922422428763,-0.3395129327087023,-0.19917487166192327,0,-0.1942531566920382,-0.7350804483538962,-1.0000681708256867,0,-0.38247368875292675,-0.4582754389237673,-0.7931868516680591,-1.4817673631110995,-0.6570189617995501,0,-0.5987324590427107,-0.7431681757364004,0,-0.3288243734881764,-0.7475580509737529,-0.40462960712416346,-1.3562913707849118,0,-2.2759920977406884,-2.908538584132947,-1.0392603978177781,-0.8227014976811704,0,-1.3773966755812852,-1.2298855297901126,-0.7012782379870935,-0.7650433054353849,0,-0.9038618329321322,-0.024366119763528538,-0.34029388444150666,-0.13203690222113096,0,-0.3385867392721149,-0.161638633386759,-0.15087109181693503,-0.6361255920184421,0,-2.26557941535216,-1.4979319976808791,-0.7674929450650535,-0.442954487128957,0,-0.3323975797804737,-0.508771033846636,-0.3009116742547621,-3.694532494936065,0,-4.018313900258216,-2.195817528736136,-1.242964969200709,0,-2.742228935312228,-0.9824721450857767,-2.6631859237120246,-0.9751542317950096,0,-3.697146686913859,-3.9294042034070618,-4.341117796596013,-1.330413665713551,0,-2.52641608846312,-0.8976869108602639,-3.3611831974838546,-0.9661702970741487,-1.0014335483347638,-1.879961924916866,-0.40898473313253536,0,-0.6050114318291674,-0.48941000210500807,0,-1.499202530185868,-0.7604521281494927,-0.5517556321719552,-0.8168147144789186,-0.18526394587542683,-0.4880204956916838,0,-0.3262281761882367],"activity":[[0]],"dinucleotide":[],"positionBias":[],"modifications":[]}]},"modelFittingConstraints":{"enrichmentModel":[{}],"nShifts":0,"addBindingModesSequentially":true,"bindingModeInteractions":[],"flankLengths":[0],"singleModeLengthSweep":false,"bindingModes":[{"maxFlankLength":-1,"positionBiasBinWidth":1,"optimizeSizeHeuristic":false,"maxSize":-1,"optimizeFlankLength":false,"symmetryString":"null","roundSpecificActivity":true,"informationThreshold":0.1,"optimizeMotifShift":false,"fittingStages":[],"optimizeMotifShiftHeuristic":false,"experimentSpecificPositionBias":true,"minSize":-1,"experimentSpecificActivity":true,"optimizeSize":false}]}}
