{"modelSettings":{"letterOrder":"ACGTN","bindingModeInteractions":[],"bindingModes":[{"size":17,"fitLogActivity":true,"flankLength":0,"dinucleotideDistance":0,"componentName":"Binding mode 1","positionBias":false,"singleStrand":false,"modifications":[]}],"letterComplement":"C-G,A-T,N-N"},"coefficients":{"bindingModeInteractions":[],"bindingModes":[{"mononucleotide":[-0.1632367574041691,-0.1660374452083806,0,-0.20673846194562273,-0.1307817775534257,-0.7325378527437287,-0.5101212854189434,-0.8352163294753483,0,-0.4640649341523483,-0.7036746581192723,-2.658796662990741,0,-3.353820475100661,-0.9164489407599892,-2.777613396742037,0,-3.0328085096251023,-2.873243340724491,-1.231958947269232,0,-3.50997017414974,-3.438999287795437,-3.1733295360708524,-1.2874825256065598,-3.204814241908432,0,-3.678175130851865,-3.293083423294167,-1.2882836139577196,0,-2.887570866345909,-3.057313942815626,-3.025988193622477,-1.2454590413240119,-2.245711059627502,0,-2.454786207117637,-1.0824324958373186,-0.9606970947096685,-0.09281012770553598,-0.17617887565720736,0,-1.3068766303097057,-0.2808724317132426,-1.470528431921526,0,-2.504632072012054,-2.0688868354023624,-1.0231551576786884,-1.36034855108133,-1.766114434409423,-0.8554099339050074,0,-0.769663098114239,-1.7784035476631592,-1.2070194176856202,0,-0.8417628536216544,-0.7449958168666887,0,-0.4339185223594537,-0.5053613591952928,-0.3487988363190544,-0.3021909440813974,0,-0.20943174944006593,-1.5623173091829958,-1.3091179751392321,-0.557413852638463,0,-2.073551474068017,-1.778254006873273,-1.9362241203230148,-1.0224023206029997,0,-0.5860714080470375,-0.45684636319058125,-0.5683959461409573,-0.3724341051414367,-0.23712417714843248,-0.35498239592446357,-0.49009535852241726,0,-0.25403871590795835],"activity":[[0]],"dinucleotide":[],"positionBias":[],"modifications":[]}]},"modelFittingConstraints":{"enrichmentModel":[{}],"nShifts":0,"addBindingModesSequentially":true,"bindingModeInteractions":[],"flankLengths":[0],"singleModeLengthSweep":false,"bindingModes":[{"maxFlankLength":-1,"positionBiasBinWidth":1,"optimizeSizeHeuristic":false,"maxSize":-1,"optimizeFlankLength":false,"symmetryString":"null","roundSpecificActivity":true,"informationThreshold":0.1,"optimizeMotifShift":false,"fittingStages":[],"optimizeMotifShiftHeuristic":false,"experimentSpecificPositionBias":true,"minSize":-1,"experimentSpecificActivity":true,"optimizeSize":false}]}}
