{"modelSettings":{"letterOrder":"ACGTN","bindingModeInteractions":[],"bindingModes":[{"size":17,"fitLogActivity":true,"flankLength":0,"dinucleotideDistance":0,"componentName":"Binding mode 1","positionBias":false,"singleStrand":false,"modifications":[]}],"letterComplement":"C-G,A-T,N-N"},"coefficients":{"bindingModeInteractions":[],"bindingModes":[{"mononucleotide":[-0.6070021387386184,-1.294307590258886,0,-0.7914916447874027,-0.5655290647412853,-0.11159769984262802,-0.06677620318133748,0,-0.6829151680098295,-0.1818364369536878,-1.1294975419423539,-0.8790013274291599,-0.9038989548875787,0,-0.6239101018045875,-1.9329978618679293,-1.6480315810214865,-0.042332304484162364,0,-0.555259502993818,-2.434735878799735,0,-2.2584023078752273,-2.2902952980290987,-1.1290394448894452,-0.15231984519978425,-2.0573425467329156,-2.0999987414936085,0,-0.6400978675191001,-2.5416215935950417,-0.7935103211212944,-2.3026463302869056,0,-0.8971090461598222,0,-0.5530804704325067,-0.844379434117343,-2.0781716307921703,-0.6300981506134994,-2.1873618710081226,-0.7309339168160118,-2.0887044772383394,0,-0.8454135501750707,-2.6630570720224322,0,-2.6656171963911532,-2.464860342424802,-1.1839154405531338,-0.31518866019109026,-1.9093976863497453,-2.1015155810213333,0,-0.6931012887977399,-1.522307108591468,-2.130644755703976,-3.144473601138247,0,-1.0641687074586965,-0.2676626265972697,-2.31347050664648,-1.6277209806282444,0,-0.6633651718628507,-2.389331366647238,-1.0135297063552233,-2.3144935758131457,0,-0.9458207030566725,-2.2576660038811283,-0.29197078336222937,0,-2.0940581654716843,-0.7059432586534361,-0.4753378436917419,0,-0.9528966011854205,-0.7099788247323451,-0.4704229130948166,-1.0242584868250209,0,-0.908763330261749,-0.039450693995691566,-0.38441242076978754],"activity":[[0]],"dinucleotide":[],"positionBias":[],"modifications":[]}]},"modelFittingConstraints":{"enrichmentModel":[{}],"nShifts":0,"addBindingModesSequentially":true,"bindingModeInteractions":[],"flankLengths":[0],"singleModeLengthSweep":false,"bindingModes":[{"maxFlankLength":-1,"positionBiasBinWidth":1,"optimizeSizeHeuristic":false,"maxSize":-1,"optimizeFlankLength":false,"symmetryString":"null","roundSpecificActivity":true,"informationThreshold":0.1,"optimizeMotifShift":false,"fittingStages":[],"optimizeMotifShiftHeuristic":false,"experimentSpecificPositionBias":true,"minSize":-1,"experimentSpecificActivity":true,"optimizeSize":false}]}}
