{"modelSettings":{"letterOrder":"ACGTN","bindingModeInteractions":[],"bindingModes":[{"size":13,"fitLogActivity":true,"flankLength":0,"dinucleotideDistance":0,"componentName":"Binding mode 1","positionBias":false,"singleStrand":false,"modifications":[]}],"letterComplement":"C-G,A-T,N-N"},"coefficients":{"bindingModeInteractions":[],"bindingModes":[{"mononucleotide":[-0.7484255595268476,-0.8525043829271728,0,-0.7328582549496709,-0.5191979700704656,-0.9068849897482072,-0.6458188865067012,-0.1641583490307177,0,-0.3650597267623785,-0.3544186050658613,0,-0.8093756001055206,-0.7251565036195324,-0.4189433127551922,-0.4685412946721712,-0.022059694019704423,-0.4680451845296538,0,-0.2137126323371454,-1.0409677703445888,-2.4109301653931294,0,-1.2591305440573741,-0.8400560347712686,-2.7440693022192693,-2.6537606816855273,-1.8327911422892438,0,-1.1280457892828988,-1.332278528166892,0,-1.3813686319750538,-1.067004974008269,-0.7661764864129957,-1.2779181797253338,-1.3801529630942895,-1.0045452310619702,0,-0.7463539153420921,-3.085852514254964,-5.003665447841413,0,-1.9921900221596744,-1.2133493380881042,-2.8920321815408876,-3.888789083596024,-2.345202702436563,0,-1.2277863761935954,-1.4921335501138078,0,-2.0772755600487542,-2.485874366813993,-1.0262338882947555,-1.0995797283165505,0,-0.7569660740545623,-0.5254644584238495,-0.5135881311693026,-0.3155512939007963,-0.6953337151878318,0,-0.25815113627379116,-0.2874244197108995],"activity":[[0]],"dinucleotide":[],"positionBias":[],"modifications":[]}]},"modelFittingConstraints":{"enrichmentModel":[{}],"nShifts":0,"addBindingModesSequentially":true,"bindingModeInteractions":[],"flankLengths":[0],"singleModeLengthSweep":false,"bindingModes":[{"maxFlankLength":-1,"positionBiasBinWidth":1,"optimizeSizeHeuristic":false,"maxSize":-1,"optimizeFlankLength":false,"symmetryString":"null","roundSpecificActivity":true,"informationThreshold":0.1,"optimizeMotifShift":false,"fittingStages":[],"optimizeMotifShiftHeuristic":false,"experimentSpecificPositionBias":true,"minSize":-1,"experimentSpecificActivity":true,"optimizeSize":false}]}}
