{"modelSettings":{"letterOrder":"ACGTN","bindingModeInteractions":[],"bindingModes":[{"size":12,"fitLogActivity":true,"flankLength":0,"dinucleotideDistance":0,"componentName":"Binding mode 1","positionBias":false,"singleStrand":false,"modifications":[]}],"letterComplement":"C-G,A-T,N-N"},"coefficients":{"bindingModeInteractions":[],"bindingModes":[{"mononucleotide":[0,-0.3810886268835927,-0.11958393961311575,-0.11728428535005708,-0.14510114963140397,-0.5230255872253351,-0.4562458050504934,-0.6037131559817435,0,-0.36630684432820004,-0.7448336583630506,-1.4849994268971138,0,-1.4687144028679922,-0.7279782959257716,-1.1707003413243426,0,-1.4200024170753944,-0.9560502063370522,-0.7255302417119079,-2.5454858224993453,-3.1280023554021548,0,-2.900054158020873,-1.2231043214431123,-2.3493722650519753,-3.7364340055279466,-1.698012607141147,0,-1.1221509434323356,-0.7178921479675213,-2.5477946953234807,0,-2.056417377863642,-0.8592343522628679,-1.7405590001882962,-2.8141305650679067,0,-1.9780065645222726,-1.0687691477190218,-2.013988052936351,-2.7332470157741326,0,-1.6879870235539154,-1.0617829555961538,-1.0671605711642749,0,-2.2089689486319566,-0.7658590453253127,-0.7346297977920025,-1.4497693790534174,-2.018307062238977,0,-1.7778065822514262,-0.9567787515569475,-0.8048912194418727,-0.9230966867356285,0,-0.05376020021071337,-0.35950653743224953],"activity":[[0]],"dinucleotide":[],"positionBias":[],"modifications":[]}]},"modelFittingConstraints":{"enrichmentModel":[{}],"nShifts":0,"addBindingModesSequentially":true,"bindingModeInteractions":[],"flankLengths":[0],"singleModeLengthSweep":false,"bindingModes":[{"maxFlankLength":-1,"positionBiasBinWidth":1,"optimizeSizeHeuristic":false,"maxSize":-1,"optimizeFlankLength":false,"symmetryString":"null","roundSpecificActivity":true,"informationThreshold":0.1,"optimizeMotifShift":false,"fittingStages":[],"optimizeMotifShiftHeuristic":false,"experimentSpecificPositionBias":true,"minSize":-1,"experimentSpecificActivity":true,"optimizeSize":false}]}}
