{"modelSettings":{"letterOrder":"ACGTN","bindingModeInteractions":[],"bindingModes":[{"size":14,"fitLogActivity":true,"flankLength":0,"dinucleotideDistance":0,"componentName":"Binding mode 1","positionBias":false,"singleStrand":false,"modifications":[]}],"letterComplement":"C-G,A-T,N-N"},"coefficients":{"bindingModeInteractions":[],"bindingModes":[{"mononucleotide":[0,-0.19536655159011218,-0.27319817848459405,-0.009702111654584122,-0.1126593445555849,-0.1987188723856761,-0.5959981039649618,-0.4139300077744803,0,-0.27712470958621954,-3.2900439468917995,-2.2377757201081936,-3.7877818357024955,0,-1.2322063530464968,-0.8563569496049928,-4.649826760811796,0,-5.173752710497034,-1.0216977560021037,-2.9205537801703416,-2.0110570236194736,-3.1822079445621534,0,-1.1798942940346122,-1.7892786476626208,-2.6850265738279346,-1.3236385692793142,0,-0.9798529902486635,-0.7002164262261994,-3.1147735332234427,-0.3620612504331886,0,-0.5811112405633694,0,-1.4307956700059732,-1.3478970657291542,-0.5359298435494733,-0.6519910583531899,-2.1028408665858214,0,-0.42085312394308794,-0.4867308888425681,-0.5136512908872635,0,-0.6336954862974125,-0.14631588406888785,-0.578546617072897,-0.3027196640520641,-0.353974638967971,-0.11170470939857235,-0.1046182289188442,0,-0.1344262576751659,-0.1826495819872722,-0.6534476102507858,-0.801361832502538,0,-0.3559514346688553,0,-0.5672293150986469,-0.7914730740181941,-0.1734120429456416,-0.3351013555817775,-0.03258958650142052,0,-0.34095369804311026,-0.10997967755765625,-0.11236277843949097],"activity":[[0]],"dinucleotide":[],"positionBias":[],"modifications":[]}]},"modelFittingConstraints":{"enrichmentModel":[{}],"nShifts":0,"addBindingModesSequentially":true,"bindingModeInteractions":[],"flankLengths":[0],"singleModeLengthSweep":false,"bindingModes":[{"maxFlankLength":-1,"positionBiasBinWidth":1,"optimizeSizeHeuristic":false,"maxSize":-1,"optimizeFlankLength":false,"symmetryString":"null","roundSpecificActivity":true,"informationThreshold":0.1,"optimizeMotifShift":false,"fittingStages":[],"optimizeMotifShiftHeuristic":false,"experimentSpecificPositionBias":true,"minSize":-1,"experimentSpecificActivity":true,"optimizeSize":false}]}}
