{"modelSettings":{"letterOrder":"ACGTN","bindingModeInteractions":[],"bindingModes":[{"size":14,"fitLogActivity":true,"flankLength":0,"dinucleotideDistance":0,"componentName":"Binding mode 1","positionBias":false,"singleStrand":false,"modifications":[]}],"letterComplement":"C-G,A-T,N-N"},"coefficients":{"bindingModeInteractions":[],"bindingModes":[{"mononucleotide":[-0.1167131589068271,-0.1682975772941866,0,-0.17368664739240813,-0.11218850633898776,-0.24818577767824035,-0.27213140585911955,0,-0.29393781786494255,-0.19623024330442657,-0.0683093012869298,-0.03269535955274705,0,-0.026489034853241833,-0.03157745402406918,-0.6715487111893399,-1.1000792861055926,-1.3841895942967986,0,-0.6470806550433148,0,-1.8472629007758656,-0.673466755501515,-1.236706810100396,-0.7143991134902119,0,-2.897053390748487,-0.9972432697174858,-1.916809390878556,-0.9344826748458134,-1.9307116758174325,-2.640191781351321,0,-0.06550277272888749,-0.6194372650426849,-1.3588611989832424,0,-1.857290816851353,-1.5773467293107784,-0.9041333652996973,-1.0310398369557827,-1.3226048302187734,0,-1.4924625049892941,-0.7722473988112183,-1.8100539332766985,-1.2004156804934683,0,-1.4286581280719002,-0.8531137185785207,0,-1.7362055929565392,-1.9954766793327123,-1.7429325265505713,-0.989437576763504,-1.9494520659643877,-2.3114507283105326,-2.282916835890389,0,-1.0910491863378178,-1.0844484921421125,0,-1.76567388415633,-0.09588277725282257,-0.5034652061285806,0,-1.7762505665432728,-0.21301680797787315,-1.0947900461431046,-0.5481710134325484],"activity":[[0]],"dinucleotide":[],"positionBias":[],"modifications":[]}]},"modelFittingConstraints":{"enrichmentModel":[{}],"nShifts":0,"addBindingModesSequentially":true,"bindingModeInteractions":[],"flankLengths":[0],"singleModeLengthSweep":false,"bindingModes":[{"maxFlankLength":-1,"positionBiasBinWidth":1,"optimizeSizeHeuristic":false,"maxSize":-1,"optimizeFlankLength":false,"symmetryString":"null","roundSpecificActivity":true,"informationThreshold":0.1,"optimizeMotifShift":false,"fittingStages":[],"optimizeMotifShiftHeuristic":false,"experimentSpecificPositionBias":true,"minSize":-1,"experimentSpecificActivity":true,"optimizeSize":false}]}}
