{"modelSettings":{"letterOrder":"ACGTN","bindingModeInteractions":[],"bindingModes":[{"size":12,"fitLogActivity":true,"flankLength":0,"dinucleotideDistance":0,"componentName":"Binding mode 1","positionBias":false,"singleStrand":false,"modifications":[]}],"letterComplement":"C-G,A-T,N-N"},"coefficients":{"bindingModeInteractions":[],"bindingModes":[{"mononucleotide":[0,-0.422918721802239,-0.171272601677253,-0.3253241610280728,-0.21690775142635693,0,-0.7635623648881111,-0.40214493391147554,-0.6943009637806985,-0.41767283450779924,-0.3086081320609937,0,-0.30789486851816505,-0.5301987070905345,-0.2685498873571883,-1.7672633256482664,0,-2.3696023679091303,-1.8110627342588814,-1.0301609735206483,0,-3.473267965673654,-0.4202502978797784,-3.2470496699997513,-0.8400320995913783,0,-0.06449169927909981,-1.0387699720480104,-0.44150801535504014,-0.30975743641040365,-3.5422593996726417,-2.8676916744226846,-2.3754411737517684,0,-1.2218387300789266,-1.7302450440401462,-1.0888184962135798,-2.8657133611153545,0,-0.934710948153257,0,-1.9328240609533216,-0.9735091325962504,-1.0246075348930468,-0.7542615472047287,0,-1.0701212202264818,-0.8430473599281525,-0.5502523028469981,-0.5318074816535459,-0.26926929355111007,0,-0.12928138829588676,-0.13389265860294097,-0.12858703009312428,-0.028882243938102903,-0.22040581402047277,0,-0.15772042388974272,-0.09766448858713864],"activity":[[0]],"dinucleotide":[],"positionBias":[],"modifications":[]}]},"modelFittingConstraints":{"enrichmentModel":[{}],"nShifts":0,"addBindingModesSequentially":true,"bindingModeInteractions":[],"flankLengths":[0],"singleModeLengthSweep":false,"bindingModes":[{"maxFlankLength":-1,"positionBiasBinWidth":1,"optimizeSizeHeuristic":false,"maxSize":-1,"optimizeFlankLength":false,"symmetryString":"null","roundSpecificActivity":true,"informationThreshold":0.1,"optimizeMotifShift":false,"fittingStages":[],"optimizeMotifShiftHeuristic":false,"experimentSpecificPositionBias":true,"minSize":-1,"experimentSpecificActivity":true,"optimizeSize":false}]}}
