{"modelSettings":{"letterOrder":"ACGTN","bindingModeInteractions":[],"bindingModes":[{"size":13,"fitLogActivity":true,"flankLength":0,"dinucleotideDistance":0,"componentName":"Binding mode 1","positionBias":false,"singleStrand":false,"modifications":[]}],"letterComplement":"C-G,A-T,N-N"},"coefficients":{"bindingModeInteractions":[],"bindingModes":[{"mononucleotide":[0,-0.18876964708430322,-0.08047275051346237,-0.2006414502082965,-0.1140473023417599,-0.15688928284046355,-0.10150419989998483,0,-0.24286454274274405,-0.12141824378719726,-0.7217520115832152,0,-0.32690162859980765,-0.7862599229868139,-0.40699116864126067,-1.3094958787650173,0,-1.8918349500989171,-0.7145475683798561,-0.7391050210243468,0,-0.27280961168969586,-1.6061577623972045,-0.3951129570728349,-0.4172219149364397,0,-2.8532796041869224,-0.8171772999237712,-2.6934454053039296,-0.9371447948851938,-4.748253945345632,-3.0150613124254577,-4.626928123065534,0,-1.3209801280004596,0,-2.3605369749126917,-1.7792058125827506,-0.7270180803513298,-0.8286864075850546,0,-2.828377834426501,-3.0946511884646237,-1.9321452429202877,-1.163761698978888,0,-1.6387899132675194,-2.266711065923122,-1.734601368675281,-0.9980853016342557,0,-0.4950549651467857,-0.7846111113990815,-0.41348785162006374,-0.38302842077846133,-0.20300658145702855,-0.05586898350500036,-0.3618729964924321,0,-0.14551528544555922,-0.21974478639233386,-0.13810708196416543,-0.1753106563393434,0,-0.12984524219650428],"activity":[[0]],"dinucleotide":[],"positionBias":[],"modifications":[]}]},"modelFittingConstraints":{"enrichmentModel":[{}],"nShifts":0,"addBindingModesSequentially":true,"bindingModeInteractions":[],"flankLengths":[0],"singleModeLengthSweep":false,"bindingModes":[{"maxFlankLength":-1,"positionBiasBinWidth":1,"optimizeSizeHeuristic":false,"maxSize":-1,"optimizeFlankLength":false,"symmetryString":"null","roundSpecificActivity":true,"informationThreshold":0.1,"optimizeMotifShift":false,"fittingStages":[],"optimizeMotifShiftHeuristic":false,"experimentSpecificPositionBias":true,"minSize":-1,"experimentSpecificActivity":true,"optimizeSize":false}]}}
