{"modelSettings":{"letterOrder":"ACGTN","bindingModeInteractions":[],"bindingModes":[{"size":12,"fitLogActivity":true,"flankLength":0,"dinucleotideDistance":0,"componentName":"Binding mode 1","positionBias":false,"singleStrand":false,"modifications":[]}],"letterComplement":"C-G,A-T,N-N"},"coefficients":{"bindingModeInteractions":[],"bindingModes":[{"mononucleotide":[-0.2645348757365191,-0.17942153394651417,0,-0.255839647040105,-0.16913413816555148,-0.735739770692454,0,-0.4197453688650774,-1.0795076979301377,-0.4795984074093076,-1.3325020062051554,-0.2806037914420756,-1.6599864968269493,0,-0.5936252210756532,-0.2917823417718739,0,-1.8072519603513797,-0.46965462156306303,-0.45560627229017214,0,-2.916010139206688,-0.09618508067947662,-2.19208473197933,-0.656753115935464,-4.284755261423976,-2.9181976815260033,-4.755389370448575,0,-1.3126599889430146,0,-2.4881797159383927,-1.8764328862594213,-0.733856060742577,-0.8461522718695261,0,-3.192211353056998,-3.002557413860637,-1.9006453467736435,-1.1710112562259132,0,-1.5760102088586283,-2.294883055275042,-1.7233861334739036,-0.9901845130895713,0,-0.42568890090653033,-0.7383201635184258,-0.3883301344681276,-0.3533148692483031,-0.1732968625848743,-0.04093248422590001,-0.2775788036034106,0,-0.11698398926777699,-0.1653583626196209,-0.14697142338417546,-0.13153679840251353,0,-0.10879541803040782],"activity":[[0]],"dinucleotide":[],"positionBias":[],"modifications":[]}]},"modelFittingConstraints":{"enrichmentModel":[{}],"nShifts":0,"addBindingModesSequentially":true,"bindingModeInteractions":[],"flankLengths":[0],"singleModeLengthSweep":false,"bindingModes":[{"maxFlankLength":-1,"positionBiasBinWidth":1,"optimizeSizeHeuristic":false,"maxSize":-1,"optimizeFlankLength":false,"symmetryString":"null","roundSpecificActivity":true,"informationThreshold":0.1,"optimizeMotifShift":false,"fittingStages":[],"optimizeMotifShiftHeuristic":false,"experimentSpecificPositionBias":true,"minSize":-1,"experimentSpecificActivity":true,"optimizeSize":false}]}}
