{"modelSettings":{"letterOrder":"ACGTN","bindingModeInteractions":[],"bindingModes":[{"size":15,"fitLogActivity":true,"flankLength":0,"dinucleotideDistance":0,"componentName":"Binding mode 1","positionBias":false,"singleStrand":false,"modifications":[]}],"letterComplement":"C-G,A-T,N-N"},"coefficients":{"bindingModeInteractions":[],"bindingModes":[{"mononucleotide":[0,-0.3157618709989256,-0.1661396361349059,-0.20111527792875084,-0.16429132427341034,0,-0.47619810646498983,-0.07063236585402866,-0.31934011610792457,-0.19858107534224742,-0.5035794803690097,-1.310416863818805,0,-1.0311857635769055,-0.5839991132370405,-0.5991456210382928,-1.7355063809082933,0,-0.05443572641320671,-0.4032384631684028,-0.879765400027428,-2.716427187009515,0,-2.5898450825980612,-0.9441615218409467,-2.8311449557960033,-3.143722378700857,0,-2.0280487261089064,-1.1763095267692008,-2.43564578179949,-2.95993707262064,0,-2.6216866264662233,-1.1939865422136244,-1.3253842723444311,0,-2.920664690441156,-0.7489677155207222,-0.8027092274355003,-2.2859737654669416,-3.048357423113888,0,-1.9379541703012233,-1.1292441684412704,-2.205541065863839,-1.7471417273054248,-0.8006397148716813,0,-0.8361496542994017,-1.119970190702806,-1.924273614186613,0,-1.070110694060621,-0.79007566322386,-0.7931342934508754,-0.9618479638927049,0,-0.5143768357402703,-0.49738158527286697,-0.9607611668267007,0,-1.028097222823364,-0.5086061190438906,-0.5354506609810632,-0.4489749201666662,0,-0.464618996807892,-0.3305604174741674,-0.29263514279353803,-0.0604058343149072,0,-0.05164163012785572,-0.07762421905539352,-0.046996322423378735],"activity":[[0]],"dinucleotide":[],"positionBias":[],"modifications":[]}]},"modelFittingConstraints":{"enrichmentModel":[{}],"nShifts":0,"addBindingModesSequentially":true,"bindingModeInteractions":[],"flankLengths":[0],"singleModeLengthSweep":false,"bindingModes":[{"maxFlankLength":-1,"positionBiasBinWidth":1,"optimizeSizeHeuristic":false,"maxSize":-1,"optimizeFlankLength":false,"symmetryString":"null","roundSpecificActivity":true,"informationThreshold":0.1,"optimizeMotifShift":false,"fittingStages":[],"optimizeMotifShiftHeuristic":false,"experimentSpecificPositionBias":true,"minSize":-1,"experimentSpecificActivity":true,"optimizeSize":false}]}}
