{"modelSettings":{"letterOrder":"ACGTN","bindingModeInteractions":[],"bindingModes":[{"size":16,"fitLogActivity":true,"flankLength":0,"dinucleotideDistance":0,"componentName":"Binding mode 1","positionBias":false,"singleStrand":false,"modifications":[]}],"letterComplement":"C-G,A-T,N-N"},"coefficients":{"bindingModeInteractions":[],"bindingModes":[{"mononucleotide":[-0.4171475991931146,-0.011163722387717456,-0.09605120481325358,0,-0.11759069016403273,-1.5060916175056551,-0.6139114530023964,-1.9287446173703078,0,-0.7400630560011255,-2.3968201721158184,-2.7298358816531287,-1.6807357530802314,0,-1.0917803480881092,-3.1534874988189054,-3.312396515047544,0,-3.1835784157431304,-1.2724579318027653,-3.0158991427287454,-3.441534440160067,0,-2.9250556376694163,-1.2599445836418495,-1.3394795870182108,0,-2.7669491359307257,-2.7326188650761525,-1.0570739595700576,0,-1.224694633258781,-0.8775539914166757,-0.9117380963433304,-0.6389093392364249,-0.27628616328548894,0,-0.5770497713214864,-0.25377455505157354,-0.2561785123804852,-0.08440716064767262,-0.0722967215060093,0,-0.18218944592497088,-0.08263318328883396,-0.1351807049514564,-0.04126053037334643,0,-0.17878133658496775,-0.08625914611415744,-0.25633722962491046,-0.5559169718313415,-0.23831526522799518,0,-0.24354357371551355,-1.3140499715809781,-1.4956536905615367,0,-0.3633711698006037,-0.6032334139476356,-1.9508137838645396,0,-2.4199340762639525,-1.503177825483208,-1.0123143921286004,-2.4336370611386777,0,-2.551172300061081,-2.481129753280065,-1.1636660840230142,0,-1.1453455166951851,-1.55210565753743,-1.7858145771098517,-0.8570930449397666,0,-1.0957711618929187,-0.516069815486448,-1.0013014057043907,-0.5540182926987214],"activity":[[0]],"dinucleotide":[],"positionBias":[],"modifications":[]}]},"modelFittingConstraints":{"enrichmentModel":[{}],"nShifts":0,"addBindingModesSequentially":true,"bindingModeInteractions":[],"flankLengths":[0],"singleModeLengthSweep":false,"bindingModes":[{"maxFlankLength":-1,"positionBiasBinWidth":1,"optimizeSizeHeuristic":false,"maxSize":-1,"optimizeFlankLength":false,"symmetryString":"null","roundSpecificActivity":true,"informationThreshold":0.1,"optimizeMotifShift":false,"fittingStages":[],"optimizeMotifShiftHeuristic":false,"experimentSpecificPositionBias":true,"minSize":-1,"experimentSpecificActivity":true,"optimizeSize":false}]}}
