{"modelSettings":{"letterOrder":"ACGTN","bindingModeInteractions":[],"bindingModes":[{"size":12,"fitLogActivity":true,"flankLength":0,"dinucleotideDistance":0,"componentName":"Binding mode 1","positionBias":false,"singleStrand":false,"modifications":[]}],"letterComplement":"C-G,A-T,N-N"},"coefficients":{"bindingModeInteractions":[],"bindingModes":[{"mononucleotide":[0,-0.25266627365313266,-0.11472404504155786,-0.1930671059847251,-0.13560042991120866,-0.6607488507371864,0,-0.16861881481249963,-0.5071125923414499,-0.2999141556554247,-1.2389727443121075,0,-1.6103593291248863,-0.4126029784173264,-0.6201651224080389,0,-1.2925690473492324,-1.5103302640719196,-1.7333144489708991,-0.872214445734813,0,-1.902996308274504,-2.4420380127652246,-3.566142753542217,-1.1517210185198703,-4.145358446682376,-3.4362626509437915,-4.055543765002856,0,-1.3229923284393545,-1.8955837715027481,-1.3682946867297767,-2.1960218060664567,0,-0.970208451874031,0,-2.260163862569337,-1.6946766052832034,-1.6568161240643953,-0.9951057966525599,0,-0.17633389222365192,-0.06203199237891166,-0.20994530780233855,-0.10847106505618756,-0.3133520632240918,0,-0.04889139732451664,-0.3349864967992726,-0.16292348126364492,-0.1526469774457393,-0.05749567503248798,-0.015500588529961945,0,-0.05467331195289965,-0.07901064299805682,-0.08640007980946951,-0.20038391516037635,0,-0.08892035048713239],"activity":[[0]],"dinucleotide":[],"positionBias":[],"modifications":[]}]},"modelFittingConstraints":{"enrichmentModel":[{}],"nShifts":0,"addBindingModesSequentially":true,"bindingModeInteractions":[],"flankLengths":[0],"singleModeLengthSweep":false,"bindingModes":[{"maxFlankLength":-1,"positionBiasBinWidth":1,"optimizeSizeHeuristic":false,"maxSize":-1,"optimizeFlankLength":false,"symmetryString":"null","roundSpecificActivity":true,"informationThreshold":0.1,"optimizeMotifShift":false,"fittingStages":[],"optimizeMotifShiftHeuristic":false,"experimentSpecificPositionBias":true,"minSize":-1,"experimentSpecificActivity":true,"optimizeSize":false}]}}
