{"modelSettings":{"letterOrder":"ACGTN","bindingModeInteractions":[],"bindingModes":[{"size":12,"fitLogActivity":true,"flankLength":0,"dinucleotideDistance":0,"componentName":"Binding mode 1","positionBias":false,"singleStrand":false,"modifications":[]}],"letterComplement":"C-G,A-T,N-N"},"coefficients":{"bindingModeInteractions":[],"bindingModes":[{"mononucleotide":[-0.4589370778249444,-0.09650891495833669,0,-0.2537282305512525,-0.18757751002080872,-0.3629222464165487,-0.23029538115804193,-0.16793816640970416,0,-0.18171806660813883,0,-2.1314653030034654,-0.639810693999431,-0.8454698656800552,-0.6561351002196278,0,-2.4428069059608832,-1.8879091143877718,-1.0665674058641752,-0.9272932223390686,0,-2.332748657556227,-2.1484290632790386,-2.815238076172405,-1.1444574791386404,-3.279022057076266,-2.5831497610654224,0,-0.5094778974236931,-0.8474587279205914,-1.7639780712691246,-4.829804872074731,0,-2.242185094887223,-1.1350874686482677,-2.0679389253681784,-0.9651964665774342,-0.950017524483151,0,-0.7475565190230863,-2.770597240462095,0,-2.1958956383551045,-1.1122265509861986,-0.9790245768688706,0,-2.819275833986591,-0.8673728808441252,-2.246388704580248,-0.925405082128891,-0.07419969112649127,0,-0.26713757985854514,-0.12230735660098357,-0.11123038845473963,-0.317750044074514,-0.16085441188506344,0,-0.3158937437334135,-0.18984852770003716],"activity":[[0]],"dinucleotide":[],"positionBias":[],"modifications":[]}]},"modelFittingConstraints":{"enrichmentModel":[{}],"nShifts":0,"addBindingModesSequentially":true,"bindingModeInteractions":[],"flankLengths":[0],"singleModeLengthSweep":false,"bindingModes":[{"maxFlankLength":-1,"positionBiasBinWidth":1,"optimizeSizeHeuristic":false,"maxSize":-1,"optimizeFlankLength":false,"symmetryString":"null","roundSpecificActivity":true,"informationThreshold":0.1,"optimizeMotifShift":false,"fittingStages":[],"optimizeMotifShiftHeuristic":false,"experimentSpecificPositionBias":true,"minSize":-1,"experimentSpecificActivity":true,"optimizeSize":false}]}}
