{"modelSettings":{"letterOrder":"ACGTN","bindingModeInteractions":[],"bindingModes":[{"size":13,"fitLogActivity":true,"flankLength":0,"dinucleotideDistance":0,"componentName":"Binding mode 1","positionBias":false,"singleStrand":false,"modifications":[]}],"letterComplement":"C-G,A-T,N-N"},"coefficients":{"bindingModeInteractions":[],"bindingModes":[{"mononucleotide":[-0.33676932403993565,-0.039405630358140264,-0.1340975573205574,0,-0.11936395226504633,-0.10672811748076327,-0.006596219974894346,-0.3883238636609514,0,-0.11362004499511952,0,-1.706666546442158,-0.5133990035430926,-1.0986130573465838,-0.6380622318216052,-1.2230678756956834,0,-0.5283490528846793,-0.4067378004718414,-0.4503099890194799,0,-3.0378843335710877,-1.5476369146925633,-0.7946910174638786,-0.8483943117471573,-3.1492802946886944,-3.3491956736794632,-2.8633580784411317,0,-1.259597982341016,-1.7832972787367778,0,-3.430944668307351,-3.3838439872651898,-1.175744819036586,-2.9362284725421732,0,-3.458478190411326,-3.400152722074346,-1.274832334964475,-3.0660007232458493,-3.3581325576592405,0,-1.134344353111623,-1.0476528411500976,-2.319538614381965,-1.2201732694898038,0,-1.3110665708826152,-0.8776528912956503,-0.6067543061944365,-0.29732537610084897,0,-0.02852919842963253,-0.2046305161642282,-0.3636994344118252,-1.115318494504808,-1.3673114092679755,0,-0.5631273162268043,-0.3484878352874947,-0.08480185362726012,-0.3248613262934059,0,-0.17820712507277434],"activity":[[0]],"dinucleotide":[],"positionBias":[],"modifications":[]}]},"modelFittingConstraints":{"enrichmentModel":[{}],"nShifts":0,"addBindingModesSequentially":true,"bindingModeInteractions":[],"flankLengths":[0],"singleModeLengthSweep":false,"bindingModes":[{"maxFlankLength":-1,"positionBiasBinWidth":1,"optimizeSizeHeuristic":false,"maxSize":-1,"optimizeFlankLength":false,"symmetryString":"null","roundSpecificActivity":true,"informationThreshold":0.1,"optimizeMotifShift":false,"fittingStages":[],"optimizeMotifShiftHeuristic":false,"experimentSpecificPositionBias":true,"minSize":-1,"experimentSpecificActivity":true,"optimizeSize":false}]}}
