{"modelSettings":{"letterOrder":"ACGTN","bindingModeInteractions":[],"bindingModes":[{"size":12,"fitLogActivity":true,"flankLength":0,"dinucleotideDistance":0,"componentName":"Binding mode 1","positionBias":false,"singleStrand":false,"modifications":[]}],"letterComplement":"C-G,A-T,N-N"},"coefficients":{"bindingModeInteractions":[],"bindingModes":[{"mononucleotide":[0,-0.07601125941523179,-0.0084723748651232,-0.06887642284865247,-0.03775087907439015,-0.1017501310604283,-0.2507689640305948,0,-0.13533257625934514,-0.11797228147242357,-0.19498119197489938,-1.1844179830487986,0,-1.4586354563597546,-0.5270703145037927,-1.7924802599138285,-1.3590163920480434,-1.3218092303113202,0,-0.8614993476914911,-2.9192256606113656,0,-2.918510293912376,-2.93415245199979,-1.2368702669920735,0,-3.365351942453131,-3.1633585947981717,-3.2703318031758206,-1.2775949797430959,-3.3992123652142023,0,-1.969770716997206,-1.3352303051861147,-1.0244426558807207,-1.2120083269793955,-1.410692142141933,0,-3.0777461065007916,-0.9240480400987294,-0.8653384091486078,-0.9795522173754794,-1.36428348477508,0,-0.6675028215064105,-2.2619612517543297,-2.2729345154693164,0,-1.9542600244350696,-1.0870607028241766,0,-0.37726676290018,-0.3109891298776839,-0.4854044186370583,-0.2764443826052447,-0.4340055643016778,-0.38254484626445073,-0.42498176165106916,0,-0.2930921274960868],"activity":[[0]],"dinucleotide":[],"positionBias":[],"modifications":[]}]},"modelFittingConstraints":{"enrichmentModel":[{}],"nShifts":0,"addBindingModesSequentially":true,"bindingModeInteractions":[],"flankLengths":[0],"singleModeLengthSweep":false,"bindingModes":[{"maxFlankLength":-1,"positionBiasBinWidth":1,"optimizeSizeHeuristic":false,"maxSize":-1,"optimizeFlankLength":false,"symmetryString":"null","roundSpecificActivity":true,"informationThreshold":0.1,"optimizeMotifShift":false,"fittingStages":[],"optimizeMotifShiftHeuristic":false,"experimentSpecificPositionBias":true,"minSize":-1,"experimentSpecificActivity":true,"optimizeSize":false}]}}
