{"modelSettings":{"letterOrder":"ACGTN","bindingModeInteractions":[],"bindingModes":[{"size":17,"fitLogActivity":true,"flankLength":0,"dinucleotideDistance":0,"componentName":"Binding mode 1","positionBias":false,"singleStrand":false,"modifications":[]}],"letterComplement":"C-G,A-T,N-N"},"coefficients":{"bindingModeInteractions":[],"bindingModes":[{"mononucleotide":[-0.09570986611688248,0,-0.05498143582676818,-0.03956284504337848,-0.04697633792792305,-0.12946711646116071,0,-0.08095127064209784,-0.0860560293106678,-0.07301570335570672,-0.06487815955362386,-0.7054671874187184,0,-0.006232180614345495,-0.15523767024614088,-0.8961182120949287,0,-1.0517671497478265,-2.138520211096737,-0.7575257555223743,0,-0.5413841486259479,-0.10135500589048796,-0.3053735498831198,-0.21616717357903056,-1.9522100381982166,0,-2.315174591550845,-1.42350339047674,-0.9931868887933515,0,-0.21006271326481318,-0.6290487382902734,-0.7735813897433923,-0.3548944252457936,-0.2100925189057552,-1.1097435702901226,0,-2.193966841943085,-0.5746415581898671,-2.2296668756123337,0,-2.7948696370486,-0.7371443727529421,-0.8872384774318025,-0.21858788814377306,-2.288603097452504,0,-2.0164128386537827,-0.6742307099953347,-2.7915087647747767,-3.4174700046273547,0,-1.663895519144118,-1.1366852164823789,-3.2761979369890764,-3.5523702617412565,0,-2.8467760945980434,-1.2689920312832752,-0.99308537948846,-1.8337619313604137,0,-0.9194737206010073,-0.7293071073471722,-1.7172880214793436,-1.9537023717179904,0,-1.5877613732334703,-0.9638519458660827,-1.292348216817862,-2.6582946485723853,0,-1.1003491907166918,-0.8690209942386709,-2.4096108463432415,-0.4590674810859401,-0.9323324057730602,0,-0.6370705885555261,-0.703993958753439,0,-1.0803281592760001,-1.4060696882846626,-0.654313681298705],"activity":[[0]],"dinucleotide":[],"positionBias":[],"modifications":[]}]},"modelFittingConstraints":{"enrichmentModel":[{}],"nShifts":0,"addBindingModesSequentially":true,"bindingModeInteractions":[],"flankLengths":[0],"singleModeLengthSweep":false,"bindingModes":[{"maxFlankLength":-1,"positionBiasBinWidth":1,"optimizeSizeHeuristic":false,"maxSize":-1,"optimizeFlankLength":false,"symmetryString":"null","roundSpecificActivity":true,"informationThreshold":0.1,"optimizeMotifShift":false,"fittingStages":[],"optimizeMotifShiftHeuristic":false,"experimentSpecificPositionBias":true,"minSize":-1,"experimentSpecificActivity":true,"optimizeSize":false}]}}
