{"modelSettings":{"letterOrder":"ACGTN","bindingModeInteractions":[],"bindingModes":[{"size":18,"fitLogActivity":true,"flankLength":0,"dinucleotideDistance":0,"componentName":"Binding mode 1","positionBias":false,"singleStrand":false,"modifications":[]}],"letterComplement":"C-G,A-T,N-N"},"coefficients":{"bindingModeInteractions":[],"bindingModes":[{"mononucleotide":[-0.12013371537367057,-0.6254069831852949,-0.6910390325708615,0,-0.3137178591341579,-0.9892216238916678,-1.1027217260663829,-0.7841637775584438,0,-0.6160316881741593,-1.2611276323222498,-0.8852288456188262,-1.2011186055120593,0,-0.6947426684970781,-0.8353990169383803,0,-2.024634024875388,-0.33948712697843675,-0.56304960752345,-2.1147385085965453,-1.245885944639749,0,-1.6838705307498714,-0.9200447922298355,-0.8361106231301587,-2.0603934512478848,-1.8308175982630495,0,-0.8433428378338381,-0.02842706945407869,-1.887609595580777,0,-1.4965711636177073,-0.5330273125240993,-2.2789215863792993,-2.0437138809183235,-1.0435061596254283,0,-0.9262407888685367,-3.393691149856614,0,-2.876823797865198,-2.6481400032953983,-1.2372878293495242,-0.29891401381347826,0,-2.0576648097727723,-1.0161285843858074,-0.5836791604497291,-1.3759623053159018,0,-0.2493356945035874,-0.2900936703166064,-0.3638045128373398,-2.0747840663144714,-0.022115331626251233,-1.9296147479059638,0,-0.5758464435436157,-1.8522110745969478,-0.40048748858547434,-2.668294121622985,0,-0.7464141573859314,-0.946532180988525,-1.6010376656973246,-0.4639593787856704,0,-0.5894356993017347,-1.4223199308102936,-0.5557407189291785,-1.868040372442433,0,-0.7086532393029822,-1.71568232491426,0,-0.7912125524204701,-0.06795059844930229,-0.4433841267175107,-0.8626464310314388,-0.6413804180845739,-0.11062707217245027,0,-0.34112458896982667,-0.004892514911595036,-0.029458853170779342,0,-0.2855842881114272,-0.07319851008401003],"activity":[[0]],"dinucleotide":[],"positionBias":[],"modifications":[]}]},"modelFittingConstraints":{"enrichmentModel":[{}],"nShifts":0,"addBindingModesSequentially":true,"bindingModeInteractions":[],"flankLengths":[0],"singleModeLengthSweep":false,"bindingModes":[{"maxFlankLength":-1,"positionBiasBinWidth":1,"optimizeSizeHeuristic":false,"maxSize":-1,"optimizeFlankLength":false,"symmetryString":"null","roundSpecificActivity":true,"informationThreshold":0.1,"optimizeMotifShift":false,"fittingStages":[],"optimizeMotifShiftHeuristic":false,"experimentSpecificPositionBias":true,"minSize":-1,"experimentSpecificActivity":true,"optimizeSize":false}]}}
