{"modelSettings":{"letterOrder":"ACGTN","bindingModeInteractions":[],"bindingModes":[{"size":13,"fitLogActivity":true,"flankLength":0,"dinucleotideDistance":0,"componentName":"Binding mode 1","positionBias":false,"singleStrand":false,"modifications":[]}],"letterComplement":"C-G,A-T,N-N"},"coefficients":{"bindingModeInteractions":[],"bindingModes":[{"mononucleotide":[-0.373012447912072,0,-0.28438008708626583,-0.1437677431833615,-0.19018455256223465,-0.9148333863127966,0,-0.31860315957482754,-0.5662504819036984,-0.3947487501021118,-2.285918272110907,-2.6617105773031993,0,-2.546741600402828,-1.1632741589120845,-2.5787508841455953,-2.534247677861659,-2.496801245985739,0,-1.1731703788937569,-0.9096093340238856,-1.3645093064541864,-2.4263513773528462,0,-0.8286541461267274,-0.6623471918902384,-1.9692896562694662,0,-1.3335558324421148,-0.7346287383320173,-2.0475634509209817,0,-2.40557238698438,-0.8482148843266355,-0.8870709452233785,-2.3019375620375877,0,-1.9880100699942513,-0.40752309738070647,-0.7432156625537806,0,-1.3893035494753745,-1.3045694691214829,-0.9961968505885821,-0.7498131199337124,-0.5272158535406986,-1.1480518943036326,-0.5002366880675142,0,-0.46446406255748074,-1.3455431706924887,-1.9406972098661583,0,-2.028528682752741,-0.9574181628592758,-0.41900326243759434,-0.27429090937353706,0,-1.1227142201377713,-0.37716618797636814,-0.0308577109517314,-0.059276355365739164,-0.7679547412793077,0,-0.16959661419669156],"activity":[[0]],"dinucleotide":[],"positionBias":[],"modifications":[]}]},"modelFittingConstraints":{"enrichmentModel":[{}],"nShifts":0,"addBindingModesSequentially":true,"bindingModeInteractions":[],"flankLengths":[0],"singleModeLengthSweep":false,"bindingModes":[{"maxFlankLength":-1,"positionBiasBinWidth":1,"optimizeSizeHeuristic":false,"maxSize":-1,"optimizeFlankLength":false,"symmetryString":"null","roundSpecificActivity":true,"informationThreshold":0.1,"optimizeMotifShift":false,"fittingStages":[],"optimizeMotifShiftHeuristic":false,"experimentSpecificPositionBias":true,"minSize":-1,"experimentSpecificActivity":true,"optimizeSize":false}]}}
