{"modelSettings":{"letterOrder":"ACGTN","bindingModeInteractions":[],"bindingModes":[{"size":14,"fitLogActivity":true,"flankLength":0,"dinucleotideDistance":0,"componentName":"Binding mode 1","positionBias":false,"singleStrand":false,"modifications":[]}],"letterComplement":"C-G,A-T,N-N"},"coefficients":{"bindingModeInteractions":[],"bindingModes":[{"mononucleotide":[0,-0.23539386256012307,-0.3298912128457818,-0.1484184603591192,-0.17098650810261393,0,-1.2686899418663646,-0.40016615352005047,-0.5168162754082868,-0.451054384881015,-1.2309055188193305,-2.0257282905577436,-2.0165999762667894,0,-0.9435122521775725,-1.2875876303352527,-1.284156899471915,-1.8219026847034092,0,-0.8471510976897723,-1.5099360573828307,0,-2.013803936084401,-2.5462561231284417,-1.0266787221085292,-1.89910703285312,0,-2.6015998316073654,-1.1655723896633425,-0.9573723573972831,-1.9682869135408998,-2.68248606665034,-2.2212213726385936,0,-1.1112679749662058,-0.2575970677082662,0,-0.8103608988919193,-1.718554272398725,-0.5121058759320996,-1.5502500994541872,-3.14894070300092,0,-3.3576935881715477,-1.1317235355080737,0,-3.144668420901533,-2.8937808697990035,-2.422036777769728,-1.2147065574699274,0,-0.798692397425441,-0.6557937727096528,-0.4154343698472944,-0.4196906972776408,0,-1.4736611224288056,-0.8108588148709783,-0.5995601647598834,-0.5876101580497967,-0.7091550859098055,-1.4526007887409564,0,-1.0010835442458372,-0.6474561821912637,-0.7865292845309781,0,-1.3506187785522945,-0.7687207617127481,-0.6078375915680059],"activity":[[0]],"dinucleotide":[],"positionBias":[],"modifications":[]}]},"modelFittingConstraints":{"enrichmentModel":[{}],"nShifts":0,"addBindingModesSequentially":true,"bindingModeInteractions":[],"flankLengths":[0],"singleModeLengthSweep":false,"bindingModes":[{"maxFlankLength":-1,"positionBiasBinWidth":1,"optimizeSizeHeuristic":false,"maxSize":-1,"optimizeFlankLength":false,"symmetryString":"null","roundSpecificActivity":true,"informationThreshold":0.1,"optimizeMotifShift":false,"fittingStages":[],"optimizeMotifShiftHeuristic":false,"experimentSpecificPositionBias":true,"minSize":-1,"experimentSpecificActivity":true,"optimizeSize":false}]}}
