{"modelSettings":{"letterOrder":"ACGTN","bindingModeInteractions":[],"bindingModes":[{"size":12,"fitLogActivity":true,"flankLength":0,"dinucleotideDistance":0,"componentName":"Binding mode 1","positionBias":false,"singleStrand":false,"modifications":[]}],"letterComplement":"C-G,A-T,N-N"},"coefficients":{"bindingModeInteractions":[],"bindingModes":[{"mononucleotide":[-0.02525742859952551,-0.1861541876697923,0,-0.24729114709482136,-0.10922414811323526,-0.08175624548274474,-0.032510952504216206,0,-0.16044610636629164,-0.06686866718953266,-0.02434869964519759,-0.12326121001036583,0,-0.19530069212800028,-0.08268475175269693,0,-0.016165427641973373,-0.01702455966814309,-0.3316908943397552,-0.08207995443868868,-2.0189959537018396,0,-4.394070115765862,-0.7112050620073833,-0.8939232739355215,0,-1.5985314877063626,-0.03859036131745697,-4.678292561180848,-0.6098944669815763,-0.24212175933663183,-0.568122625426998,-1.2662028040582065,0,-0.4180000598405631,-2.9078023677847393,-2.190755320320716,-1.5209662861547282,0,-1.0606458636591762,-0.5266181607328098,-1.5908866518139781,-1.4766955268422806,0,-0.6818438333401974,0,-1.251046362113867,-1.1049715901810773,-0.9026709097113148,-0.6817569681787125,-0.2912639804499175,-0.15980371701422103,0,-0.3378476625730378,-0.18846034553360838,-0.3855435203291582,-0.005309075958261467,0,-0.270730731551871,-0.1515185494307658],"activity":[[0]],"dinucleotide":[],"positionBias":[],"modifications":[]}]},"modelFittingConstraints":{"enrichmentModel":[{}],"nShifts":0,"addBindingModesSequentially":true,"bindingModeInteractions":[],"flankLengths":[0],"singleModeLengthSweep":false,"bindingModes":[{"maxFlankLength":-1,"positionBiasBinWidth":1,"optimizeSizeHeuristic":false,"maxSize":-1,"optimizeFlankLength":false,"symmetryString":"null","roundSpecificActivity":true,"informationThreshold":0.1,"optimizeMotifShift":false,"fittingStages":[],"optimizeMotifShiftHeuristic":false,"experimentSpecificPositionBias":true,"minSize":-1,"experimentSpecificActivity":true,"optimizeSize":false}]}}
