{"modelSettings":{"letterOrder":"ACGTN","bindingModeInteractions":[],"bindingModes":[{"size":12,"fitLogActivity":true,"flankLength":0,"dinucleotideDistance":0,"componentName":"Binding mode 1","positionBias":false,"singleStrand":false,"modifications":[]}],"letterComplement":"C-G,A-T,N-N"},"coefficients":{"bindingModeInteractions":[],"bindingModes":[{"mononucleotide":[0,-0.5867491412511976,-0.23953221649343615,-0.36282954474907214,-0.2748207399875691,0,-1.416351657281333,-1.258722819446997,-0.4077182998062634,-0.6015802487364454,0,-2.8257047178224095,-2.601405568263493,-0.7115594907725047,-0.9012086583829408,0,-2.8511753500404264,-2.4799911389814913,-0.9217989420692376,-0.954951577678312,0,-1.2727042153008536,-1.3710434667904812,-1.4602205113443603,-0.8175205030022188,-1.5938833885231594,-0.2930690498972375,-2.0711690153841262,0,-0.6562637112815036,-0.39508394795952295,0,-1.2767937365892301,-1.6345753652642,-0.6219486125156523,0,-1.5032050485181827,-1.1095938117956718,-2.8623077558944257,-0.9105287617491246,-3.9197134434851266,-3.8613337726089894,-4.040924584935537,0,-1.3294718673560062,-3.974130756041922,-1.9909421489365497,-3.533488046939951,0,-1.2169185669103235,0,-3.054167098866622,-2.7222443562501177,-1.700083418463688,-1.1273533763227053,-0.025929746105908258,-0.38248397429054304,0,-0.22762366590349448,-0.14705317531382558],"activity":[[0]],"dinucleotide":[],"positionBias":[],"modifications":[]}]},"modelFittingConstraints":{"enrichmentModel":[{}],"nShifts":0,"addBindingModesSequentially":true,"bindingModeInteractions":[],"flankLengths":[0],"singleModeLengthSweep":false,"bindingModes":[{"maxFlankLength":-1,"positionBiasBinWidth":1,"optimizeSizeHeuristic":false,"maxSize":-1,"optimizeFlankLength":false,"symmetryString":"null","roundSpecificActivity":true,"informationThreshold":0.1,"optimizeMotifShift":false,"fittingStages":[],"optimizeMotifShiftHeuristic":false,"experimentSpecificPositionBias":true,"minSize":-1,"experimentSpecificActivity":true,"optimizeSize":false}]}}
