{"modelSettings":{"letterOrder":"ACGTN","bindingModeInteractions":[],"bindingModes":[{"size":12,"fitLogActivity":true,"flankLength":0,"dinucleotideDistance":0,"componentName":"Binding mode 1","positionBias":false,"singleStrand":false,"modifications":[]}],"letterComplement":"C-G,A-T,N-N"},"coefficients":{"bindingModeInteractions":[],"bindingModes":[{"mononucleotide":[0,-0.7276565906757959,-0.4845528348708541,-0.32988536506043253,-0.35026043490947617,0,-0.010090932751225523,-0.230050874699943,-0.14825936004004525,-0.09248255603020918,-0.7605005594845391,0,-0.5312767898744291,-1.2508319291188852,-0.5354800367182438,-0.9876300052157454,0,-1.7506689582964072,-2.6091309865867465,-0.9040444131625844,-3.109937625182738,-2.386418817465309,0,-3.1340500341396704,-1.2206924273851136,-1.908867266050383,-3.6614920729930196,0,-2.9231073351401706,-1.1811447572103126,0,-2.6010418476813073,-3.9022765923222913,-2.459557382754659,-1.2208944272006428,0,-1.9158238326770243,-3.1048594347982075,-1.374714955467113,-1.0182106496079915,-0.9033145696921796,-1.45372316408861,0,-2.5110833203886704,-0.8439101286360522,-1.2742183274419667,-0.8508431990477607,-1.500216606950803,0,-0.7288852457212246,-0.12277829089730297,-0.48177996460637473,0,-0.43219391212200264,-0.238502716774219,-0.061793724915413684,-0.051542642742553824,0,-0.2412928016041498,-0.08461838044044562],"activity":[[0]],"dinucleotide":[],"positionBias":[],"modifications":[]}]},"modelFittingConstraints":{"enrichmentModel":[{}],"nShifts":0,"addBindingModesSequentially":true,"bindingModeInteractions":[],"flankLengths":[0],"singleModeLengthSweep":false,"bindingModes":[{"maxFlankLength":-1,"positionBiasBinWidth":1,"optimizeSizeHeuristic":false,"maxSize":-1,"optimizeFlankLength":false,"symmetryString":"null","roundSpecificActivity":true,"informationThreshold":0.1,"optimizeMotifShift":false,"fittingStages":[],"optimizeMotifShiftHeuristic":false,"experimentSpecificPositionBias":true,"minSize":-1,"experimentSpecificActivity":true,"optimizeSize":false}]}}
