{"modelSettings":{"letterOrder":"ACGTN","bindingModeInteractions":[],"bindingModes":[{"size":12,"fitLogActivity":true,"flankLength":0,"dinucleotideDistance":0,"componentName":"Binding mode 1","positionBias":false,"singleStrand":false,"modifications":[]}],"letterComplement":"C-G,A-T,N-N"},"coefficients":{"bindingModeInteractions":[],"bindingModes":[{"mononucleotide":[0,-0.9007377099246883,-0.45519441367957914,-1.5830989487585985,-0.5771736680399172,-1.6082488860076083,-0.952712206252599,-2.494388842934468,0,-0.8743823147226042,0,-3.047029490825886,-2.580945396896909,-2.8524167689386903,-1.220011651449794,-0.17424734468417213,-0.9722919838552198,-0.5781187038831179,0,-0.36411075192984677,0,-2.6994126990101552,-0.5173146640052257,-2.873757684415008,-0.8440570247886672,-1.9045618432693603,-0.1805326966227101,-2.0797453561543238,0,-0.6402344412305476,0,-0.5811210925778747,-0.7678070299694753,-1.7303020674741152,-0.5975954650013461,-2.393228523175231,-1.4031198553053246,-2.47514101589168,0,-1.0347123745298243,0,-2.322632235179033,-1.8696759927667195,-2.582165663032611,-1.1027717264343135,0,-1.2006240974516897,-0.9956260731749902,-0.851858408294663,-0.6457295306243146,0,-2.0220982840072255,-1.7090451518040188,-2.106706545774429,-1.025091952400626,-0.590860308672966,-0.8420321096396282,-0.7938515305023639,0,-0.4956148593739975],"activity":[[0]],"dinucleotide":[],"positionBias":[],"modifications":[]}]},"modelFittingConstraints":{"enrichmentModel":[{}],"nShifts":0,"addBindingModesSequentially":true,"bindingModeInteractions":[],"flankLengths":[0],"singleModeLengthSweep":false,"bindingModes":[{"maxFlankLength":-1,"positionBiasBinWidth":1,"optimizeSizeHeuristic":false,"maxSize":-1,"optimizeFlankLength":false,"symmetryString":"null","roundSpecificActivity":true,"informationThreshold":0.1,"optimizeMotifShift":false,"fittingStages":[],"optimizeMotifShiftHeuristic":false,"experimentSpecificPositionBias":true,"minSize":-1,"experimentSpecificActivity":true,"optimizeSize":false}]}}
