{"modelSettings":{"letterOrder":"ACGTN","bindingModeInteractions":[],"bindingModes":[{"size":14,"fitLogActivity":true,"flankLength":0,"dinucleotideDistance":0,"componentName":"Binding mode 1","positionBias":false,"singleStrand":false,"modifications":[]}],"letterComplement":"C-G,A-T,N-N"},"coefficients":{"bindingModeInteractions":[],"bindingModes":[{"mononucleotide":[0,-0.17752454522512195,-1.1404545661644008,-0.23906693299171167,-0.3063973483047613,-1.3119945738547791,0,-1.0030708872152392,-0.638510221781944,-0.6142840455229742,-1.1710247776826765,-1.1081467462260601,0,-1.2960223880323998,-0.7371840725617862,-2.0637853005669493,-1.4660922930199352,-3.010078089885546,0,-1.0447734729852114,-1.7245249366402273,-2.559882690236612,0,-1.6221373354557773,-1.0126311485623427,-2.427997272340085,-2.6434735236403775,0,-0.7698226336151652,-0.902374053313581,-2.4288781553832166,-2.6798173564584395,0,-2.6927627690831724,-1.183839358879924,-1.9094660682334919,-1.9305147831335976,-1.675348488717562,0,-0.993930780119904,-2.3336935737881284,-2.53280373759846,0,-2.4829709960520434,-1.155287546406778,-2.4778905287315016,-2.59167018111412,0,-2.31448329434627,-1.157063659103004,-2.510534694579114,-0.778017714112341,-1.327284983854625,0,-0.7953257094063895,-1.529019151921828,0,-2.0193044426634135,-2.3139721299218357,-1.01585993725432,-0.6891701903332308,0,-0.4848072993974508,-0.05903265615655062,-0.2677211921977186,-0.10196032413885892,-0.05831581479246939,-0.17053483469081065,0,-0.08076788834724098],"activity":[[0]],"dinucleotide":[],"positionBias":[],"modifications":[]}]},"modelFittingConstraints":{"enrichmentModel":[{}],"nShifts":0,"addBindingModesSequentially":true,"bindingModeInteractions":[],"flankLengths":[0],"singleModeLengthSweep":false,"bindingModes":[{"maxFlankLength":-1,"positionBiasBinWidth":1,"optimizeSizeHeuristic":false,"maxSize":-1,"optimizeFlankLength":false,"symmetryString":"null","roundSpecificActivity":true,"informationThreshold":0.1,"optimizeMotifShift":false,"fittingStages":[],"optimizeMotifShiftHeuristic":false,"experimentSpecificPositionBias":true,"minSize":-1,"experimentSpecificActivity":true,"optimizeSize":false}]}}
