{"modelSettings":{"letterOrder":"ACGTN","bindingModeInteractions":[],"bindingModes":[{"size":12,"fitLogActivity":true,"flankLength":0,"dinucleotideDistance":0,"componentName":"Binding mode 1","positionBias":false,"singleStrand":false,"modifications":[]}],"letterComplement":"C-G,A-T,N-N"},"coefficients":{"bindingModeInteractions":[],"bindingModes":[{"mononucleotide":[-0.018475467559941006,-0.09444979715413382,0,-0.14768917310039198,-0.06340135655152222,-0.01870880547468179,-0.2607840655625977,0,-0.23632617410221446,-0.121762208939977,-1.2168697707446132,-0.6069803065603878,-0.7745696265271809,0,-0.5524934823565156,-0.9207444220663035,-0.27978223997206,0,-0.021958880128767788,-0.24447850493958226,0,-2.3129002426187566,-2.3266795231862756,-2.0135673265004383,-1.1010367121357774,-3.3308808097757248,0,-2.965544033607549,-2.274077533340949,-1.2121849340964952,-2.160551827136983,-2.8645773923489024,0,-3.5978330505622136,-1.2042630859859262,-1.9106849286485972,-0.1573903047574774,-1.9684198669851878,0,-0.6245418231311672,0,-1.1620031255693732,-1.1408173067472107,-0.7938636858497994,-0.651759940878777,0,-0.02036606930793683,-0.3767975437890496,-0.47235399421853685,-0.19558078682558822,-0.08970984044970232,-0.2691463611155265,0,-0.14959907321306876,-0.12237077351053423,-0.07169407839622988,0,-0.007653653774502001,-0.12397068340059958,-0.04955877094572527],"activity":[[0]],"dinucleotide":[],"positionBias":[],"modifications":[]}]},"modelFittingConstraints":{"enrichmentModel":[{}],"nShifts":0,"addBindingModesSequentially":true,"bindingModeInteractions":[],"flankLengths":[0],"singleModeLengthSweep":false,"bindingModes":[{"maxFlankLength":-1,"positionBiasBinWidth":1,"optimizeSizeHeuristic":false,"maxSize":-1,"optimizeFlankLength":false,"symmetryString":"null","roundSpecificActivity":true,"informationThreshold":0.1,"optimizeMotifShift":false,"fittingStages":[],"optimizeMotifShiftHeuristic":false,"experimentSpecificPositionBias":true,"minSize":-1,"experimentSpecificActivity":true,"optimizeSize":false}]}}
