{"modelSettings":{"letterOrder":"ACGTN","bindingModeInteractions":[],"bindingModes":[{"size":12,"fitLogActivity":true,"flankLength":0,"dinucleotideDistance":0,"componentName":"Binding mode 1","positionBias":false,"singleStrand":false,"modifications":[]}],"letterComplement":"C-G,A-T,N-N"},"coefficients":{"bindingModeInteractions":[],"bindingModes":[{"mononucleotide":[-0.28181468614340943,-0.022263828210296488,0,-0.5419535785683154,-0.18813645788460032,-0.6061165804599042,-0.06623726447948197,-0.2615556411959652,0,-0.20726194382161303,-1.1506750972824666,-0.910020161209057,-1.6206151273510558,0,-0.7356809553564229,0,-2.312657512884571,-0.7425835485615524,-3.346761145896576,-0.9100112115144676,0,-2.615790102246139,-3.204198059243611,-3.959372685906634,-1.2616226459996336,-4.828836271139977,-1.829601766008969,-3.4642813552747542,0,-1.204165513611844,-1.2124587168019314,-0.43213361071468803,-0.19016512804603725,0,-0.3662166683211935,0,-1.5789649225647482,-0.1642650682276292,-1.336510997835397,-0.5458198712719711,-0.47982115550515836,-0.002532482827714677,0,-0.34694184290039853,-0.18536280948575276,-0.1499720359241219,-0.042328508213777205,-0.20595215682977264,0,-0.09619187227215509,-0.2306784654194467,-0.19732261634381976,-0.23771777919152548,0,-0.16153540215268808,-0.16702403376230013,-0.22507759293796425,-0.28751419093221076,0,-0.16406145449731324],"activity":[[0]],"dinucleotide":[],"positionBias":[],"modifications":[]}]},"modelFittingConstraints":{"enrichmentModel":[{}],"nShifts":0,"addBindingModesSequentially":true,"bindingModeInteractions":[],"flankLengths":[0],"singleModeLengthSweep":false,"bindingModes":[{"maxFlankLength":-1,"positionBiasBinWidth":1,"optimizeSizeHeuristic":false,"maxSize":-1,"optimizeFlankLength":false,"symmetryString":"null","roundSpecificActivity":true,"informationThreshold":0.1,"optimizeMotifShift":false,"fittingStages":[],"optimizeMotifShiftHeuristic":false,"experimentSpecificPositionBias":true,"minSize":-1,"experimentSpecificActivity":true,"optimizeSize":false}]}}
