{"modelSettings":{"letterOrder":"ACGTN","bindingModeInteractions":[],"bindingModes":[{"size":12,"fitLogActivity":true,"flankLength":0,"dinucleotideDistance":0,"componentName":"Binding mode 1","positionBias":false,"singleStrand":false,"modifications":[]}],"letterComplement":"C-G,A-T,N-N"},"coefficients":{"bindingModeInteractions":[],"bindingModes":[{"mononucleotide":[-0.27073511404754314,0,-0.18860290636910904,-0.2824985378596718,-0.17887802619524693,-0.37231320146397806,-0.11152248114235697,0,-0.8966549544386684,-0.29050552700066107,-0.9953932701515464,0,-0.8261662340415032,-0.40475678986548225,-0.4802797183180583,-1.8530623303646285,-2.365054857229726,-3.5206022345131385,0,-1.1392138761267185,0,-3.8719125043708917,-2.2078027765380357,-4.074178791622681,-1.2484763585056846,0,-2.886241354893186,-3.3309320062308894,-3.6612655284452456,-1.2754283250692586,-3.8078027510933063,-1.4713700256121482,-1.9376536359325973,0,-1.0527914413913484,-1.202867732279679,-1.1773394414377067,-0.056003208793947046,0,-0.44864724224523117,0,-1.5311485491772725,-0.1561510392438974,-1.173430810794656,-0.5187649566758905,-0.595821698411573,0,-0.27592922345293136,-0.459998259402119,-0.3074559883540603,-0.20113267424606196,0,-0.15763959977309305,-0.12834900483853406,-0.11892210202089767,-0.16864883216691595,-0.05157546073201935,-0.09015888854319032,0,-0.07571447794801636],"activity":[[0]],"dinucleotide":[],"positionBias":[],"modifications":[]}]},"modelFittingConstraints":{"enrichmentModel":[{}],"nShifts":0,"addBindingModesSequentially":true,"bindingModeInteractions":[],"flankLengths":[0],"singleModeLengthSweep":false,"bindingModes":[{"maxFlankLength":-1,"positionBiasBinWidth":1,"optimizeSizeHeuristic":false,"maxSize":-1,"optimizeFlankLength":false,"symmetryString":"null","roundSpecificActivity":true,"informationThreshold":0.1,"optimizeMotifShift":false,"fittingStages":[],"optimizeMotifShiftHeuristic":false,"experimentSpecificPositionBias":true,"minSize":-1,"experimentSpecificActivity":true,"optimizeSize":false}]}}
