{"modelSettings":{"letterOrder":"ACGTN","bindingModeInteractions":[],"bindingModes":[{"size":12,"fitLogActivity":true,"flankLength":0,"dinucleotideDistance":0,"componentName":"Binding mode 1","positionBias":false,"singleStrand":false,"modifications":[]}],"letterComplement":"C-G,A-T,N-N"},"coefficients":{"bindingModeInteractions":[],"bindingModes":[{"mononucleotide":[0,-0.6501696956462562,-0.3829372814443319,-0.03938805835526615,-0.234081141620426,-1.4805298530988305,-0.7524495622780574,-1.7373139700523819,0,-0.7578347951143389,-0.2661762812691224,0,-0.3987064213673577,-3.0102240854037374,-0.47530872288202175,-3.7261229281372357,-2.742904099620757,0,-3.6790830298789645,-1.2785928602787502,0,-2.3408436666867285,-3.6262963725068156,-2.594400220256916,-1.2060151908834682,0,-2.9465953363865403,-2.1017753777181856,-2.0163698056446178,-1.1178751351401057,-3.4942237716801863,0,-2.36413469586189,-0.32873062181866874,-0.7742271769835823,-0.9099784381939697,-1.2953973774495227,0,-1.234703162169243,-0.7096612633385232,-1.300694271405784,-0.3902742050113641,-1.1789353384023924,0,-0.5723376378808805,-0.6963072460726805,-0.748937545663737,-0.6530356950957312,0,-0.4733072576538931,-0.21569927574067904,-0.43933890105831086,0,-0.6772872550283244,-0.301634571799418,-0.015071864985638506,-0.10398401151396186,0,-0.02160013100127589,-0.0343553610793085],"activity":[[0]],"dinucleotide":[],"positionBias":[],"modifications":[]}]},"modelFittingConstraints":{"enrichmentModel":[{}],"nShifts":0,"addBindingModesSequentially":true,"bindingModeInteractions":[],"flankLengths":[0],"singleModeLengthSweep":false,"bindingModes":[{"maxFlankLength":-1,"positionBiasBinWidth":1,"optimizeSizeHeuristic":false,"maxSize":-1,"optimizeFlankLength":false,"symmetryString":"null","roundSpecificActivity":true,"informationThreshold":0.1,"optimizeMotifShift":false,"fittingStages":[],"optimizeMotifShiftHeuristic":false,"experimentSpecificPositionBias":true,"minSize":-1,"experimentSpecificActivity":true,"optimizeSize":false}]}}
