{"modelSettings":{"letterOrder":"ACGTN","bindingModeInteractions":[],"bindingModes":[{"size":12,"fitLogActivity":true,"flankLength":0,"dinucleotideDistance":0,"componentName":"Binding mode 1","positionBias":false,"singleStrand":false,"modifications":[]}],"letterComplement":"C-G,A-T,N-N"},"coefficients":{"bindingModeInteractions":[],"bindingModes":[{"mononucleotide":[0,-0.38590715564726175,-0.2864832654336702,-0.36468617667406455,-0.24681277471819255,0,-0.19048540710594342,-0.004422440893824486,-0.01177556641006472,-0.04855005067095311,-0.5180970760645431,0,-0.18810804394054248,-1.1903222832337397,-0.38261515357059767,-3.0817028002091083,0,-3.364477085276564,-0.7813280091167156,-0.9556432300517095,0,-1.4935290014082645,-3.174270664142247,-1.135642155470471,-0.924058889402651,-1.7716246140632983,0,-3.0682558478537185,-4.021578193417117,-1.17564183224354,-3.2745396588767477,-2.2140472362194386,-2.3840926940344778,0,-1.1717763723681287,-2.3762432223715524,-1.0240858801410129,-3.129679691017281,0,-0.9836630481515022,0,-0.5939776234026892,-0.16677863973905183,-0.8026128210216985,-0.34014440558642284,0,-0.705789771707412,-0.6303139689553099,-0.45374273647036123,-0.4074461027854608,-0.29967999888693253,0,-0.03617424201859354,-0.31804948124879395,-0.15283236810095147,-0.08360410946131447,0,-0.009184273727784298,-0.13179452547520754,-0.054674220515963844],"activity":[[0]],"dinucleotide":[],"positionBias":[],"modifications":[]}]},"modelFittingConstraints":{"enrichmentModel":[{}],"nShifts":0,"addBindingModesSequentially":true,"bindingModeInteractions":[],"flankLengths":[0],"singleModeLengthSweep":false,"bindingModes":[{"maxFlankLength":-1,"positionBiasBinWidth":1,"optimizeSizeHeuristic":false,"maxSize":-1,"optimizeFlankLength":false,"symmetryString":"null","roundSpecificActivity":true,"informationThreshold":0.1,"optimizeMotifShift":false,"fittingStages":[],"optimizeMotifShiftHeuristic":false,"experimentSpecificPositionBias":true,"minSize":-1,"experimentSpecificActivity":true,"optimizeSize":false}]}}
