{"modelSettings":{"letterOrder":"ACGTN","bindingModeInteractions":[],"bindingModes":[{"size":12,"fitLogActivity":true,"flankLength":0,"dinucleotideDistance":0,"componentName":"Binding mode 1","positionBias":false,"singleStrand":false,"modifications":[]}],"letterComplement":"C-G,A-T,N-N"},"coefficients":{"bindingModeInteractions":[],"bindingModes":[{"mononucleotide":[0,-0.02635226118899503,-0.008151609005491167,-0.07927866243362036,-0.027973659847333028,-0.09905510902615688,0,-0.12670570355717814,-0.1915673781725511,-0.10193591579127997,-0.37930196283759754,-0.26040141785844106,0,-0.5636608407474313,-0.279646824382561,-0.27872685590705437,-0.01984859629739333,-0.2983463913171249,0,-0.13950982111604096,-1.6949615523569093,-2.8687131990292376,-3.5196399281874378,0,-1.147286659977803,0,-2.9530920125794986,-1.6146757095687971,-2.5066551617805803,-1.099107043358616,0,-3.3247786899415717,-3.3221246974503673,-4.293410417780841,-1.304055747225435,-3.3360404281821943,-3.1425688291926304,-1.3176236744299556,0,-1.0887707537371543,-1.848165630304016,0,-1.8050054676285487,-0.7152498164421961,-0.7923768956879478,-1.6316184407339658,0,-1.4433784002630463,-1.1665170290130336,-0.8305768887844996,-0.11256539553491729,0,-0.03306446924156825,-0.32996661218577206,-0.11094194232821812,-0.0749046463678158,-0.06522082665393203,-0.14788591131541473,0,-0.07063117030292046],"activity":[[0]],"dinucleotide":[],"positionBias":[],"modifications":[]}]},"modelFittingConstraints":{"enrichmentModel":[{}],"nShifts":0,"addBindingModesSequentially":true,"bindingModeInteractions":[],"flankLengths":[0],"singleModeLengthSweep":false,"bindingModes":[{"maxFlankLength":-1,"positionBiasBinWidth":1,"optimizeSizeHeuristic":false,"maxSize":-1,"optimizeFlankLength":false,"symmetryString":"null","roundSpecificActivity":true,"informationThreshold":0.1,"optimizeMotifShift":false,"fittingStages":[],"optimizeMotifShiftHeuristic":false,"experimentSpecificPositionBias":true,"minSize":-1,"experimentSpecificActivity":true,"optimizeSize":false}]}}
