{"modelSettings":{"letterOrder":"ACGTN","bindingModeInteractions":[],"bindingModes":[{"size":14,"fitLogActivity":true,"flankLength":0,"dinucleotideDistance":0,"componentName":"Binding mode 1","positionBias":false,"singleStrand":false,"modifications":[]}],"letterComplement":"C-G,A-T,N-N"},"coefficients":{"bindingModeInteractions":[],"bindingModes":[{"mononucleotide":[-0.48340969424747904,-0.6925687154381732,-0.6754215991370716,0,-0.4208675269317189,-0.16585532074445197,-0.08867603172975791,-0.04843638515888227,0,-0.07390794678115054,-1.3133292076525733,0,-0.5868611272044157,-0.3804106647154226,-0.4665799474068385,-0.9815806450928304,0,-1.7190848631349094,-0.9677374773051839,-0.7267607806819806,0,-0.9206844774304304,-1.057478169926418,-0.6935567954512534,-0.5774230598029788,-1.1617902641814886,-1.5428903820121538,-1.5746489716729388,0,-0.8359972612536046,-0.46190111257420163,-1.682288643394902,0,-2.2331797331239955,-0.732293690970289,-0.8260374825250252,-2.053149889034453,0,-2.1319936477509835,-0.8647001958935707,-1.5540251658696405,0,-1.985271434850763,-0.45958658542241704,-0.7030544113745189,0,-2.2457477717546555,-0.9309048221869785,-0.8531398314566201,-0.7307866109689922,0,-2.5329686108658898,-2.2936767625167094,-2.613077862649703,-1.1602539939760725,-2.6078977241675068,0,-2.6498685495657845,-1.8847282332165896,-1.1268419286913114,-0.5032443336077881,-0.36454069976177905,0,-1.017335151241781,-0.40772812354841215,-0.18136252035907052,-0.2700339784105692,0,-0.2993918975073777,-0.1806962819212041],"activity":[[0]],"dinucleotide":[],"positionBias":[],"modifications":[]}]},"modelFittingConstraints":{"enrichmentModel":[{}],"nShifts":0,"addBindingModesSequentially":true,"bindingModeInteractions":[],"flankLengths":[0],"singleModeLengthSweep":false,"bindingModes":[{"maxFlankLength":-1,"positionBiasBinWidth":1,"optimizeSizeHeuristic":false,"maxSize":-1,"optimizeFlankLength":false,"symmetryString":"null","roundSpecificActivity":true,"informationThreshold":0.1,"optimizeMotifShift":false,"fittingStages":[],"optimizeMotifShiftHeuristic":false,"experimentSpecificPositionBias":true,"minSize":-1,"experimentSpecificActivity":true,"optimizeSize":false}]}}
