{"modelSettings":{"letterOrder":"ACGTN","bindingModeInteractions":[],"bindingModes":[{"size":12,"fitLogActivity":true,"flankLength":0,"dinucleotideDistance":0,"componentName":"Binding mode 1","positionBias":false,"singleStrand":false,"modifications":[]}],"letterComplement":"C-G,A-T,N-N"},"coefficients":{"bindingModeInteractions":[],"bindingModes":[{"mononucleotide":[-0.19033971507239933,-0.11093690721498106,0,-0.055670454616399745,-0.08677751760270591,-0.23271738204153447,-0.11002163146112132,0,-0.3262956161558703,-0.1596453911880517,0,-0.20819454569371043,-0.43378403147866074,-1.3192115993747162,-0.3829282682841379,0,-2.3059130482127745,-1.812412367513899,-0.2093004137697756,-0.6567771159397504,-4.11660555076628,0,-0.5558847180160278,-1.5624742984417013,-0.7987960057733328,0,-2.8724186954928888,-1.7724853940391507,-3.023265140282615,-1.1432585707347658,0,-1.2870056017195841,-1.3170662514239844,-3.524513945444321,-0.9330029974967315,-2.8481220781561563,-2.4520909338661143,-2.1131989256640247,0,-1.1512877385365474,-0.4286628519327893,-1.0588602619936536,0,-0.2634916253080135,-0.36867723230551336,-0.25037635395413904,-0.5079594743735996,0,-0.13111927538931534,-0.20538251644187114,-0.3762939877466027,0,-0.35576200597970464,-0.3426250892365945,-0.2558784871398155,0,-0.402114447886774,-0.6630153154486043,-0.5901172281501048,-0.37889802013622925],"activity":[[0]],"dinucleotide":[],"positionBias":[],"modifications":[]}]},"modelFittingConstraints":{"enrichmentModel":[{}],"nShifts":0,"addBindingModesSequentially":true,"bindingModeInteractions":[],"flankLengths":[0],"singleModeLengthSweep":false,"bindingModes":[{"maxFlankLength":-1,"positionBiasBinWidth":1,"optimizeSizeHeuristic":false,"maxSize":-1,"optimizeFlankLength":false,"symmetryString":"null","roundSpecificActivity":true,"informationThreshold":0.1,"optimizeMotifShift":false,"fittingStages":[],"optimizeMotifShiftHeuristic":false,"experimentSpecificPositionBias":true,"minSize":-1,"experimentSpecificActivity":true,"optimizeSize":false}]}}
