{"modelSettings":{"letterOrder":"ACGTN","bindingModeInteractions":[],"bindingModes":[{"size":12,"fitLogActivity":true,"flankLength":0,"dinucleotideDistance":0,"componentName":"Binding mode 1","positionBias":false,"singleStrand":false,"modifications":[]}],"letterComplement":"C-G,A-T,N-N"},"coefficients":{"bindingModeInteractions":[],"bindingModes":[{"mononucleotide":[0,-0.13785432438408707,-0.013095640747765813,-0.1422905723006651,-0.07107060366503672,-0.08735263493109846,-0.07563072386853387,0,-0.030146785858336855,-0.047664224948398184,-0.13395577886179177,0,-0.07640032259016794,-0.08757546362113322,-0.07331728080572483,-0.04519400683283514,-0.6137213900197973,0,-0.6355806204298795,-0.27879748345538036,-5.31391888431949,0,-5.178443770566295,-2.0247050918499983,-1.2529948689728696,0,-6.104348976497761,-1.6336991528600797,-5.494808519649765,-1.20268420386595,-1.8501442181320988,0,-0.5290091182064711,-0.5576596719035041,-0.5451796768714736,-0.6729392579967564,0,-0.3515867606968306,-1.684183181512402,-0.5110866929346581,-1.1507259549193485,-1.3892490853344701,-1.232801359827402,0,-0.7672543732216601,-1.4539953269624868,-1.2919560709283813,0,-0.5500634127307724,-0.6513907146868313,-0.5513069478446386,-0.37238989300525116,0,-0.36595429576557015,-0.30150507882584143,-0.18037359790362695,0,-0.2555407773084455,-0.10113621432746589,-0.1297483627061352],"activity":[[0]],"dinucleotide":[],"positionBias":[],"modifications":[]}]},"modelFittingConstraints":{"enrichmentModel":[{}],"nShifts":0,"addBindingModesSequentially":true,"bindingModeInteractions":[],"flankLengths":[0],"singleModeLengthSweep":false,"bindingModes":[{"maxFlankLength":-1,"positionBiasBinWidth":1,"optimizeSizeHeuristic":false,"maxSize":-1,"optimizeFlankLength":false,"symmetryString":"null","roundSpecificActivity":true,"informationThreshold":0.1,"optimizeMotifShift":false,"fittingStages":[],"optimizeMotifShiftHeuristic":false,"experimentSpecificPositionBias":true,"minSize":-1,"experimentSpecificActivity":true,"optimizeSize":false}]}}
