{"modelSettings":{"letterOrder":"ACGTN","bindingModeInteractions":[],"bindingModes":[{"size":18,"fitLogActivity":true,"flankLength":0,"dinucleotideDistance":0,"componentName":"Binding mode 1","positionBias":false,"singleStrand":false,"modifications":[]}],"letterComplement":"C-G,A-T,N-N"},"coefficients":{"bindingModeInteractions":[],"bindingModes":[{"mononucleotide":[0,-0.5885317101325143,-0.08499754107837276,-0.44956371139933893,-0.25116927211259354,0,-1.1545384559189387,-0.49619174937815913,-0.6511343338613909,-0.49204402164308597,0,-1.3096571284227485,-0.8252142538893743,-0.43719015324108845,-0.5302198551085124,-3.209305620612107,0,-1.3905841022610854,-2.412186335074252,-1.0649838778851421,-1.041318225038097,0,-1.4307024035780067,-0.3763837227777902,-0.562790694373934,-0.4758517524841306,-1.3095315290290417,0,-0.9768362051718622,-0.5674830755167841,-1.341829288924333,-0.9249989458403505,0,-2.256425674585741,-0.8194912713483975,-0.4745593449796779,0,-1.3758679282645527,-0.2080994251240167,-0.3979041326078113,-0.7331877057325764,-0.22432248818933864,-0.7532601547885553,0,-0.37459827929162826,-0.2376422835217351,0,-0.26519511632268866,-0.030899430445582077,-0.12638157289652294,0,-0.5295968301630509,-0.0952621355292198,-0.30013793144399514,-0.2111245208400883,0,-0.7039609827767226,-0.5652501478378396,-0.4723706176854119,-0.3981062756591517,0,-1.369826484540761,-0.8742813234573115,-0.37745290680552124,-0.5289394177189444,-3.332497756233485,0,-1.4570036590087003,-2.4475609800633573,-1.0823886268442764,-1.0308062031179315,0,-1.469668105992242,-0.3440455002942162,-0.5552923871661112,-0.4053709253050206,-1.1104489241304991,0,-0.9241171043730123,-0.5137372856285474,-1.1289298897168498,-0.9498822971109764,0,-2.1562759455223066,-0.7842098065579787,-0.3742182691588809,0,-1.3643231524964277,-0.1327459598633025,-0.3498880712435074],"activity":[[0]],"dinucleotide":[],"positionBias":[],"modifications":[]}]},"modelFittingConstraints":{"enrichmentModel":[{}],"nShifts":0,"addBindingModesSequentially":true,"bindingModeInteractions":[],"flankLengths":[0],"singleModeLengthSweep":false,"bindingModes":[{"maxFlankLength":-1,"positionBiasBinWidth":1,"optimizeSizeHeuristic":false,"maxSize":-1,"optimizeFlankLength":false,"symmetryString":"null","roundSpecificActivity":true,"informationThreshold":0.1,"optimizeMotifShift":false,"fittingStages":[],"optimizeMotifShiftHeuristic":false,"experimentSpecificPositionBias":true,"minSize":-1,"experimentSpecificActivity":true,"optimizeSize":false}]}}
