{"modelSettings":{"letterOrder":"ACGTN","bindingModeInteractions":[],"bindingModes":[{"size":11,"fitLogActivity":true,"flankLength":0,"dinucleotideDistance":0,"componentName":"Binding mode 1","positionBias":false,"singleStrand":false,"modifications":[]}],"letterComplement":"C-G,A-T,N-N"},"coefficients":{"bindingModeInteractions":[],"bindingModes":[{"mononucleotide":[0,-0.007336188225336215,-0.08137003169068535,-0.014730780230143736,-0.02533822959899738,-0.30871318714588813,-0.254274922535874,0,-0.39785460392356864,-0.22890082996615613,-0.8941384463673439,-1.7641960659296076,-0.34532179751089753,0,-0.5584953425603129,-4.039503099761189,0,-3.9647573131842524,-4.700355553165403,-1.3416356692053086,0,-4.9779020446660525,-4.6995035998079295,-4.2568894114002696,-1.3565854810456084,-4.8522047626593885,0,-3.1114752066209435,-1.7886630835084238,-1.1878289243320337,-1.4837972547092244,-2.7569874513101915,0,-2.894425418371141,-1.0894629250833792,-0.8404922027875621,-0.5858987222865011,-1.1529236320611753,0,-0.5517275339071688,-1.4803389988024431,-1.9192483056254792,0,-0.8945541417198237,-0.8079591317120021,0,-0.11849822241453634,-0.18024913005168575,-0.058041228924176735,-0.0869404930690196,-0.08331925078310753,0,-0.13001354572920132,-0.02999470812809335,-0.05959301649388683],"activity":[[0]],"dinucleotide":[],"positionBias":[],"modifications":[]}]},"modelFittingConstraints":{"enrichmentModel":[{}],"nShifts":0,"addBindingModesSequentially":true,"bindingModeInteractions":[],"flankLengths":[0],"singleModeLengthSweep":false,"bindingModes":[{"maxFlankLength":-1,"positionBiasBinWidth":1,"optimizeSizeHeuristic":false,"maxSize":-1,"optimizeFlankLength":false,"symmetryString":"null","roundSpecificActivity":true,"informationThreshold":0.1,"optimizeMotifShift":false,"fittingStages":[],"optimizeMotifShiftHeuristic":false,"experimentSpecificPositionBias":true,"minSize":-1,"experimentSpecificActivity":true,"optimizeSize":false}]}}
