{"modelSettings":{"letterOrder":"ACGTN","bindingModeInteractions":[],"bindingModes":[{"size":13,"fitLogActivity":true,"flankLength":0,"dinucleotideDistance":0,"componentName":"Binding mode 1","positionBias":false,"singleStrand":false,"modifications":[]}],"letterComplement":"C-G,A-T,N-N"},"coefficients":{"bindingModeInteractions":[],"bindingModes":[{"mononucleotide":[-0.14111177932805674,-0.12266548785866505,0,-0.2931998869494201,-0.1338672254520991,0,-0.41284864017556266,-0.36241842601384633,-0.5913553688547477,-0.31768433921280154,-1.0311384218216815,-1.0536996347806844,-1.4599381185160896,0,-0.7248974722941953,-1.4249216564854477,-1.1902663810341578,-0.14481118180425767,0,-0.5067285354773674,0,-2.537102542790512,-1.3097763480269378,-1.685682658721908,-0.9582243257626244,-2.936628866066359,0,-2.11935510470216,-1.5633774647024055,-1.062342427790553,-1.6870713387927898,-2.283452472704222,0,-3.684554837948112,-1.1146648877607515,-2.5464727073429465,-3.4805956200160164,-3.4165114963404672,0,-1.253536553263706,-1.2715415696071761,0,-3.869593681410053,-3.29043373085968,-1.0947421063572524,0,-4.500794812590247,-3.2333386106732043,-4.303835321952859,-1.3242190825758544,-2.016147023459226,-0.41829975971388933,-1.3058137397654277,0,-0.6624800423323756,-0.23812269720423096,0,-0.4135914489915624,-0.25951136428647636,-0.21666288159955124,-0.18048322646488657,0,-0.027577888651229898,-0.314300909452748,-0.12274270466266583],"activity":[[0]],"dinucleotide":[],"positionBias":[],"modifications":[]}]},"modelFittingConstraints":{"enrichmentModel":[{}],"nShifts":0,"addBindingModesSequentially":true,"bindingModeInteractions":[],"flankLengths":[0],"singleModeLengthSweep":false,"bindingModes":[{"maxFlankLength":-1,"positionBiasBinWidth":1,"optimizeSizeHeuristic":false,"maxSize":-1,"optimizeFlankLength":false,"symmetryString":"null","roundSpecificActivity":true,"informationThreshold":0.1,"optimizeMotifShift":false,"fittingStages":[],"optimizeMotifShiftHeuristic":false,"experimentSpecificPositionBias":true,"minSize":-1,"experimentSpecificActivity":true,"optimizeSize":false}]}}
