{"modelSettings":{"letterOrder":"ACGTN","bindingModeInteractions":[],"bindingModes":[{"size":14,"fitLogActivity":true,"flankLength":0,"dinucleotideDistance":0,"componentName":"Binding mode 1","positionBias":false,"singleStrand":false,"modifications":[]}],"letterComplement":"C-G,A-T,N-N"},"coefficients":{"bindingModeInteractions":[],"bindingModes":[{"mononucleotide":[-0.2965532899433416,-0.23985970882474206,0,-0.38831499956264004,-0.22054913384482744,-0.139967986561512,0,-0.4514413981037002,-0.11258405876987965,-0.16263127691597803,-1.799594712784634,-2.704080401981765,-2.8069172693327995,0,-1.1295701133748373,0,-2.865741608101646,-2.514997435383583,-2.005057069972116,-1.1453449841318764,0,-3.0823546704567395,-3.0388733515317057,-3.220005123192805,-1.260812299976783,-3.541863639658058,-2.4665197810567245,-3.401227284581532,0,-1.248995110159993,-3.061484129275333,-2.1952626160816546,-2.671818572586012,0,-1.1814990093907334,0,-0.9928889028280032,-0.7512886516919419,-1.8665774998803162,-0.6946908345263779,-0.5441854479095571,-1.8175516226924202,0,-2.7690585100171283,-0.7954799221106542,0,-2.020717322915427,-1.5547110827665414,-1.6988806582068943,-0.9631865554121423,-1.8697592441643494,-1.8581176180164434,-1.8914120494722386,0,-1.0071832539602885,-2.1564081792020584,-1.9488591369340273,-1.7181056344721597,0,-1.0233316456867143,0,-2.540720852813985,-2.512999831042631,-1.816319066542328,-1.106802508096441,-0.1376828698046184,-0.3786849717026852,0,-0.00800588104669675,-0.1198645350934857],"activity":[[0]],"dinucleotide":[],"positionBias":[],"modifications":[]}]},"modelFittingConstraints":{"enrichmentModel":[{}],"nShifts":0,"addBindingModesSequentially":true,"bindingModeInteractions":[],"flankLengths":[0],"singleModeLengthSweep":false,"bindingModes":[{"maxFlankLength":-1,"positionBiasBinWidth":1,"optimizeSizeHeuristic":false,"maxSize":-1,"optimizeFlankLength":false,"symmetryString":"null","roundSpecificActivity":true,"informationThreshold":0.1,"optimizeMotifShift":false,"fittingStages":[],"optimizeMotifShiftHeuristic":false,"experimentSpecificPositionBias":true,"minSize":-1,"experimentSpecificActivity":true,"optimizeSize":false}]}}
