{"modelSettings":{"letterOrder":"ACGTN","bindingModeInteractions":[],"bindingModes":[{"size":12,"fitLogActivity":true,"flankLength":0,"dinucleotideDistance":0,"componentName":"Binding mode 1","positionBias":false,"singleStrand":false,"modifications":[]}],"letterComplement":"C-G,A-T,N-N"},"coefficients":{"bindingModeInteractions":[],"bindingModes":[{"mononucleotide":[-0.11600236275721265,-0.20986865151460776,0,-0.21316124667403713,-0.13090921168163694,-0.4304248460290272,-0.5789409714409897,-0.2699712791353619,0,-0.2963442020073608,-1.4583898928494077,-1.9386272574872971,-1.7489019062460245,0,-0.9477319140521839,-1.6450813391994719,-3.021422893577299,-2.994687668929411,0,-1.1302725132712204,-1.363754940634951,-3.869421685796757,-2.4684734067147116,0,-1.0778664607289812,0,-5.961018558418836,-4.502764577720866,-6.100505486306636,-1.3705220534331846,-5.54844853515333,-1.332155645351342,-2.8993290778600005,0,-1.1064972448277097,-1.054126794166446,-2.1800840659869416,0,-0.04560901039926968,-0.5037903963986555,-0.08869444821522166,-2.3761382654277905,0,-2.4525067647197276,-0.6471650681689674,-1.730869813281671,0,-1.002642203822528,-0.5969265818276193,-0.6469604295695559,-0.3461777487080546,0,-0.33885021310290675,-0.32912893852717495,-0.24222248039386302,-0.41633057327634315,0,-0.15613481909881877,-0.18226031799125408,-0.177844457920138],"activity":[[0]],"dinucleotide":[],"positionBias":[],"modifications":[]}]},"modelFittingConstraints":{"enrichmentModel":[{}],"nShifts":0,"addBindingModesSequentially":true,"bindingModeInteractions":[],"flankLengths":[0],"singleModeLengthSweep":false,"bindingModes":[{"maxFlankLength":-1,"positionBiasBinWidth":1,"optimizeSizeHeuristic":false,"maxSize":-1,"optimizeFlankLength":false,"symmetryString":"null","roundSpecificActivity":true,"informationThreshold":0.1,"optimizeMotifShift":false,"fittingStages":[],"optimizeMotifShiftHeuristic":false,"experimentSpecificPositionBias":true,"minSize":-1,"experimentSpecificActivity":true,"optimizeSize":false}]}}
