{"modelSettings":{"letterOrder":"ACGTN","bindingModeInteractions":[],"bindingModes":[{"size":14,"fitLogActivity":true,"flankLength":0,"dinucleotideDistance":0,"componentName":"Binding mode 1","positionBias":false,"singleStrand":false,"modifications":[]}],"letterComplement":"C-G,A-T,N-N"},"coefficients":{"bindingModeInteractions":[],"bindingModes":[{"mononucleotide":[-1.2656455993067883,0,-1.70200986756765,-0.03738455227744453,-0.49935850351814476,-0.29065392370660526,-1.6161814867974318,-2.3067634411646027,0,-0.6704012030725556,-0.370559788549655,-0.9782726705494067,-1.0755206082246866,0,-0.5077354707983446,-2.8347686889038197,-2.887904018036058,-3.581289945821882,0,-1.2532814952534366,-3.378891490622384,0,-3.502041312658826,-1.91349790055083,-1.1942004244892712,-2.0918507377836626,-1.0387116084881844,0,-0.3212505138786419,-0.5966511842620276,0,-2.8077989741054736,-3.021900383912919,-2.5850555035494427,-1.2170258665608154,-1.5739226952220529,-3.1855291315777796,0,-2.442419974270204,-1.0969607385370046,-3.1109255720602897,-2.5464613887459144,0,-1.850029129491075,-1.139316528181857,0,-2.765599200214032,-1.7998300976217285,-1.819445417069737,-1.0567165628913182,0,-2.6168173008726,-2.7001185869662265,-1.7548861079740803,-1.1138583556209054,-0.6563763084987855,-0.6327048777475204,-1.5411578731397686,0,-0.5691550998152951,-0.1254257974902302,-0.17521021450287932,-0.07674722057374517,0,-0.09224530833082892,-0.1167812993223949,-0.13792013114800827,0,-0.057104838972494854,-0.0764915198361637],"activity":[[0]],"dinucleotide":[],"positionBias":[],"modifications":[]}]},"modelFittingConstraints":{"enrichmentModel":[{}],"nShifts":0,"addBindingModesSequentially":true,"bindingModeInteractions":[],"flankLengths":[0],"singleModeLengthSweep":false,"bindingModes":[{"maxFlankLength":-1,"positionBiasBinWidth":1,"optimizeSizeHeuristic":false,"maxSize":-1,"optimizeFlankLength":false,"symmetryString":"null","roundSpecificActivity":true,"informationThreshold":0.1,"optimizeMotifShift":false,"fittingStages":[],"optimizeMotifShiftHeuristic":false,"experimentSpecificPositionBias":true,"minSize":-1,"experimentSpecificActivity":true,"optimizeSize":false}]}}
