{"modelSettings":{"letterOrder":"ACGTN","bindingModeInteractions":[],"bindingModes":[{"size":10,"fitLogActivity":true,"flankLength":0,"dinucleotideDistance":0,"componentName":"Binding mode 1","positionBias":false,"singleStrand":false,"modifications":[]}],"letterComplement":"C-G,A-T,N-N"},"coefficients":{"bindingModeInteractions":[],"bindingModes":[{"mononucleotide":[-0.17431027720871306,0,-0.5059553230378233,-0.10633543331550133,-0.17969844333908125,-0.4150613782415915,-0.009505009200498904,-0.03233632067387582,0,-0.10009090224076517,0,-1.9049611447705335,-0.9391651447939164,-1.2330920935843288,-0.7813377841841799,-2.7246506669372366,0,-2.761055452000341,-1.541960172363499,-1.0915705931129456,-2.6059389475408343,-2.4212789931285643,0,-3.8237056864013157,-1.2169833824192942,-2.525268835858155,-2.5420726661630706,-3.879341063582791,0,-1.221284850317789,-1.4927861064185324,0,-2.6157673596015494,-2.568684723381216,-1.0682090189131188,0,-2.5676801596271623,-2.299424333606156,-3.5933527756298735,-1.2002000699471833,-1.5021852520586334,0,-0.8275335905992609,-0.10152935509898064,-0.4450285806088855,-0.488577894597495,0,-0.6737801706302458,-0.4296387431217834,-0.36599673757673007],"activity":[[0]],"dinucleotide":[],"positionBias":[],"modifications":[]}]},"modelFittingConstraints":{"enrichmentModel":[{}],"nShifts":0,"addBindingModesSequentially":true,"bindingModeInteractions":[],"flankLengths":[0],"singleModeLengthSweep":false,"bindingModes":[{"maxFlankLength":-1,"positionBiasBinWidth":1,"optimizeSizeHeuristic":false,"maxSize":-1,"optimizeFlankLength":false,"symmetryString":"null","roundSpecificActivity":true,"informationThreshold":0.1,"optimizeMotifShift":false,"fittingStages":[],"optimizeMotifShiftHeuristic":false,"experimentSpecificPositionBias":true,"minSize":-1,"experimentSpecificActivity":true,"optimizeSize":false}]}}
