{"modelSettings":{"letterOrder":"ACGTN","bindingModeInteractions":[],"bindingModes":[{"size":10,"fitLogActivity":true,"flankLength":0,"dinucleotideDistance":0,"componentName":"Binding mode 1","positionBias":false,"singleStrand":false,"modifications":[]}],"letterComplement":"C-G,A-T,N-N"},"coefficients":{"bindingModeInteractions":[],"bindingModes":[{"mononucleotide":[0,-0.16745642091006108,-0.03976621522528756,-0.11341069788984459,-0.07806655239946361,-0.5017336733833515,-0.07599702641380901,0,-0.5695587220713287,-0.2555137153369742,-1.2501860741758657,0,-1.6904590124677918,-0.32435179389577673,-0.6006216974037512,0,-1.1885970055762778,-1.1912669341829583,-1.354522609318252,-0.7621999129582696,0,-2.0674801021609124,-2.605580338267764,-2.5317712934244607,-1.1395261120512403,-5.221389796459139,-4.435598875009703,-5.005298257384728,0,-1.3626265372345554,-4.251989490584779,-2.285385325236538,-4.291962434547013,0,-1.2643875786886563,0,-4.257377310537794,-3.026874393522383,-2.2352491907407734,-1.229639603786515,-0.18133106514372432,-0.16153302213274978,-0.11086559134229779,0,-0.11091574212052319,-0.36425940837758075,0,-0.1466502494966906,-0.4512336335700913,-0.22466065078787598],"activity":[[0]],"dinucleotide":[],"positionBias":[],"modifications":[]}]},"modelFittingConstraints":{"enrichmentModel":[{}],"nShifts":0,"addBindingModesSequentially":true,"bindingModeInteractions":[],"flankLengths":[0],"singleModeLengthSweep":false,"bindingModes":[{"maxFlankLength":-1,"positionBiasBinWidth":1,"optimizeSizeHeuristic":false,"maxSize":-1,"optimizeFlankLength":false,"symmetryString":"null","roundSpecificActivity":true,"informationThreshold":0.1,"optimizeMotifShift":false,"fittingStages":[],"optimizeMotifShiftHeuristic":false,"experimentSpecificPositionBias":true,"minSize":-1,"experimentSpecificActivity":true,"optimizeSize":false}]}}
