{"modelSettings":{"letterOrder":"ACGTN","bindingModeInteractions":[],"bindingModes":[{"size":10,"fitLogActivity":true,"flankLength":0,"dinucleotideDistance":0,"componentName":"Binding mode 2","positionBias":false,"singleStrand":false,"modifications":[]}],"letterComplement":"C-G,A-T,N-N"},"coefficients":{"bindingModeInteractions":[],"bindingModes":[{"mononucleotide":[0,-0.46426080418321014,-0.32443608138999114,-0.446650585370568,-0.29058564368112505,-0.11131840303881368,-0.1940650823858867,0,-0.11677366845770454,-0.10312836969418943,-0.551613149309107,0,-0.3462378782660034,-0.838590571236149,-0.38725069819775265,-0.9631642699952625,-0.9037626478231848,0,-1.6592093249130933,-0.7047060487441034,-1.9829428273136545,-1.5671132237022734,0,-2.19427804134894,-1.009400801712443,0,-1.0494164572866111,-2.7759643776464715,-3.1011981084313818,-1.009622048739734,-4.804838617737497,-3.0142776894717733,-4.3945830684625395,0,-1.3189952884012792,-1.8672803028100566,-1.1253581742176566,-2.382370825997632,0,-0.9343204038821715,0,-2.4272993043020374,-1.9862946178458278,-1.614584564220728,-1.0325078129497511,-0.26801830287813644,-0.439579774336182,0,-0.7055993869724673,-0.32054505998066557],"activity":[[0]],"dinucleotide":[],"positionBias":[],"modifications":[]}]},"modelFittingConstraints":{"enrichmentModel":[{}],"nShifts":0,"addBindingModesSequentially":true,"bindingModeInteractions":[],"flankLengths":[0],"singleModeLengthSweep":false,"bindingModes":[{"maxFlankLength":-1,"positionBiasBinWidth":1,"optimizeSizeHeuristic":false,"maxSize":-1,"optimizeFlankLength":false,"symmetryString":"null","roundSpecificActivity":true,"informationThreshold":0.1,"optimizeMotifShift":false,"fittingStages":[],"optimizeMotifShiftHeuristic":false,"experimentSpecificPositionBias":true,"minSize":-1,"experimentSpecificActivity":true,"optimizeSize":false}]}}
