{"modelSettings":{"letterOrder":"ACGTN","bindingModeInteractions":[],"bindingModes":[{"size":14,"fitLogActivity":true,"flankLength":0,"dinucleotideDistance":0,"componentName":"Binding mode 1","positionBias":false,"singleStrand":false,"modifications":[]}],"letterComplement":"C-G,A-T,N-N"},"coefficients":{"bindingModeInteractions":[],"bindingModes":[{"mononucleotide":[0,-0.4238980800662544,-0.3568192259202654,-0.12840400062953616,-0.2126093613408032,0,-0.44782171458089426,-0.1564338418438309,-0.09551419906720326,-0.16160400962723545,-1.008426983887448,-0.7935206165888955,-1.2773976175479111,0,-0.6463571362476129,-1.3197150871701124,-2.29350278733951,0,-2.375150513228699,-1.0070881663078206,-1.8510928191150855,0,-2.6721633869626364,-1.7343553094533046,-1.0479082736709104,-4.28847120026364,-4.4436339328506005,0,-4.0812012834093,-1.3448010291882013,-4.1980306494852915,-4.728455688215828,-1.7563798794022354,0,-1.2068652621631628,-0.8389288185496033,-4.15469058632219,0,-3.7576461893472137,-1.0002142897997548,-4.253537544714359,-4.879087449711573,0,-4.552546512459722,-1.3544487177904647,-4.594769659278299,-4.6780822314457895,0,-4.433572587314107,-1.3555000369873949,-1.894787679970383,0,-3.891397458124855,-1.6924404242402389,-1.0826133453310807,-2.868458109370585,-3.801974703599381,0,-2.7807652046726794,-1.2542980492338434,-1.8135550002473924,-2.638591917104911,-0.3204588989782744,0,-0.7131707781018495,0,-0.4320883980403387,-0.1687223097291195,-0.11879812401340217,-0.16786185868344722],"activity":[[0]],"dinucleotide":[],"positionBias":[],"modifications":[]}]},"modelFittingConstraints":{"enrichmentModel":[{}],"nShifts":0,"addBindingModesSequentially":true,"bindingModeInteractions":[],"flankLengths":[0],"singleModeLengthSweep":false,"bindingModes":[{"maxFlankLength":-1,"positionBiasBinWidth":1,"optimizeSizeHeuristic":false,"maxSize":-1,"optimizeFlankLength":false,"symmetryString":"null","roundSpecificActivity":true,"informationThreshold":0.1,"optimizeMotifShift":false,"fittingStages":[],"optimizeMotifShiftHeuristic":false,"experimentSpecificPositionBias":true,"minSize":-1,"experimentSpecificActivity":true,"optimizeSize":false}]}}
