{"modelSettings":{"letterOrder":"ACGTN","bindingModeInteractions":[],"bindingModes":[{"size":10,"fitLogActivity":true,"flankLength":0,"dinucleotideDistance":0,"componentName":"Binding mode 1","positionBias":false,"singleStrand":false,"modifications":[]}],"letterComplement":"C-G,A-T,N-N"},"coefficients":{"bindingModeInteractions":[],"bindingModes":[{"mononucleotide":[0,-0.1951346320267735,-0.22576979293815214,-0.07630186783660697,-0.12014647970809078,-0.27914444343672074,-0.16261677947676745,0,-0.5232209534272059,-0.22346980106715272,0,-0.32157579946388637,-2.8676458858397798,-0.32512085834625726,-0.46829378469596517,-5.849802186523305,-5.30881319088093,0,-6.217849222863951,-1.3765204889384905,0,-5.095147222230773,-5.0159031816135755,-5.118529120291818,-1.367724980474091,-5.818241334907446,-4.821987871762494,-5.825204340416516,0,-1.3724153251452693,0,-4.2149315044849445,-4.2603010179197,-1.7192868638166443,-1.1972576700358342,0,-1.8240720916070003,-1.5250053013716691,-1.767892904310763,-0.9482462341104713,-1.0489512231896958,-0.21610130348705958,0,-0.9562902809077114,-0.4540221838000665,-0.0890482341883585,-0.3201099302357058,0,-0.8008703621538515,-0.25818517540648656],"activity":[[0]],"dinucleotide":[],"positionBias":[],"modifications":[]}]},"modelFittingConstraints":{"enrichmentModel":[{}],"nShifts":0,"addBindingModesSequentially":true,"bindingModeInteractions":[],"flankLengths":[0],"singleModeLengthSweep":false,"bindingModes":[{"maxFlankLength":-1,"positionBiasBinWidth":1,"optimizeSizeHeuristic":false,"maxSize":-1,"optimizeFlankLength":false,"symmetryString":"null","roundSpecificActivity":true,"informationThreshold":0.1,"optimizeMotifShift":false,"fittingStages":[],"optimizeMotifShiftHeuristic":false,"experimentSpecificPositionBias":true,"minSize":-1,"experimentSpecificActivity":true,"optimizeSize":false}]}}
