{"modelSettings":{"letterOrder":"ACGTN","bindingModeInteractions":[],"bindingModes":[{"size":10,"fitLogActivity":true,"flankLength":0,"dinucleotideDistance":0,"componentName":"Binding mode 1","positionBias":false,"singleStrand":false,"modifications":[]}],"letterComplement":"C-G,A-T,N-N"},"coefficients":{"bindingModeInteractions":[],"bindingModes":[{"mononucleotide":[0,-0.16979819407939978,-0.05084890539359499,-0.09723495468139198,-0.0775291618935332,-0.41316271842167485,0,-0.1847004688575824,-0.5685347723457888,-0.26812046790251576,-0.7391575691868857,-0.6751022283492505,0,-1.1441012781288915,-0.5511570986280415,-1.0230425942806338,-2.232823689145829,0,-1.8695233458544704,-0.9032993379031738,0,-1.537527779902149,-3.7427388058245823,-3.1862370620564326,-1.1394905514704166,-5.42894183110846,-4.058756716696088,-4.928636892564789,0,-1.3578093636652335,-3.1323507553338605,-1.5288823580308932,-3.892107780861881,0,-1.1388131814432443,0,-3.825400790733407,-3.2196613500090185,-1.9797665556828572,-1.2040730122293466,-0.28934894290017077,-0.3561923967918652,0,-0.4107591578376564,-0.25095312172016365,-0.39845772613197505,0,-0.02777689852604759,-0.31460214729801494,-0.17018373701007303],"activity":[[0]],"dinucleotide":[],"positionBias":[],"modifications":[]}]},"modelFittingConstraints":{"enrichmentModel":[{}],"nShifts":0,"addBindingModesSequentially":true,"bindingModeInteractions":[],"flankLengths":[0],"singleModeLengthSweep":false,"bindingModes":[{"maxFlankLength":-1,"positionBiasBinWidth":1,"optimizeSizeHeuristic":false,"maxSize":-1,"optimizeFlankLength":false,"symmetryString":"null","roundSpecificActivity":true,"informationThreshold":0.1,"optimizeMotifShift":false,"fittingStages":[],"optimizeMotifShiftHeuristic":false,"experimentSpecificPositionBias":true,"minSize":-1,"experimentSpecificActivity":true,"optimizeSize":false}]}}
