{"modelSettings":{"letterOrder":"ACGTN","bindingModeInteractions":[],"bindingModes":[{"size":11,"fitLogActivity":true,"flankLength":0,"dinucleotideDistance":0,"componentName":"Binding mode 1","positionBias":false,"singleStrand":false,"modifications":[]}],"letterComplement":"C-G,A-T,N-N"},"coefficients":{"bindingModeInteractions":[],"bindingModes":[{"mononucleotide":[-0.2955995967355882,0,-0.13205301334404318,-0.15064948279843016,-0.13911007198727537,-0.6626101495525631,-0.8786793739664827,0,-1.1354074426441283,-0.5744195831913654,-0.21189590746070763,-0.5762582595435095,0,-1.8666990713714435,-0.4597842462525845,-4.009806995014198,0,-3.7274045035115377,-4.064540845148185,-1.3286266176157275,0,-4.026805364708647,-3.921982607347334,-3.053911635484659,-1.304892237638173,-4.093739088060532,0,-3.2253225275501354,-3.2941023717973525,-1.296891544957874,-2.1759474639757315,-3.52903624123696,0,-3.185870959953143,-1.217247220784512,-2.1838703888201882,-0.6991479918054653,-2.0296493781386786,0,-0.8318375615057753,-3.540283064610766,-3.246338590634357,0,-1.9303953236361782,-1.193187524113934,-1.3625341385182823,-0.15617416456958644,-1.022200569894209,0,-0.4815809161868058,-0.6819860984086485,0,-0.7685154761198287,-0.5371142713032206,-0.44873342568861097],"activity":[[0]],"dinucleotide":[],"positionBias":[],"modifications":[]}]},"modelFittingConstraints":{"enrichmentModel":[{}],"nShifts":0,"addBindingModesSequentially":true,"bindingModeInteractions":[],"flankLengths":[0],"singleModeLengthSweep":false,"bindingModes":[{"maxFlankLength":-1,"positionBiasBinWidth":1,"optimizeSizeHeuristic":false,"maxSize":-1,"optimizeFlankLength":false,"symmetryString":"null","roundSpecificActivity":true,"informationThreshold":0.1,"optimizeMotifShift":false,"fittingStages":[],"optimizeMotifShiftHeuristic":false,"experimentSpecificPositionBias":true,"minSize":-1,"experimentSpecificActivity":true,"optimizeSize":false}]}}
