{"modelSettings":{"letterOrder":"ACGTN","bindingModeInteractions":[],"bindingModes":[{"size":11,"fitLogActivity":true,"flankLength":0,"dinucleotideDistance":0,"componentName":"Binding mode 1","positionBias":false,"singleStrand":false,"modifications":[]}],"letterComplement":"C-G,A-T,N-N"},"coefficients":{"bindingModeInteractions":[],"bindingModes":[{"mononucleotide":[-0.2173568385859701,-0.017428614683297816,0,-0.35158559358330166,-0.1361242363541501,-0.6729638464538423,0,-0.6513610601375017,-0.2661583558172289,-0.3574439220842512,-1.2118340743402043,-2.2749649659624,-2.2999542171609444,0,-0.9803528274946015,0,-2.8664318660507115,-1.5827831319650758,-2.5054952022460775,-1.090689210306944,0,-4.655639474066556,-3.530208473626505,-4.119860102121104,-1.332702955036349,-1.8570598575110249,-4.101597445962819,-2.141752160263115,0,-1.1315543959297782,-0.48251634225995765,-0.48893102797574883,-0.6747336923068961,0,-0.37840873013096626,-3.3960797654395045,-2.9606263055063686,0,-2.1250030730593434,-1.2000443376244292,0,-2.567076848419992,-2.713157048932422,-2.477405301233612,-1.1816835067261733,-2.564895389167818,0,-2.2029460685533584,-1.594561011900999,-1.056701406905094,0,-2.126453298815349,-1.977978599576689,-2.071460556053051,-1.06159851611452],"activity":[[0]],"dinucleotide":[],"positionBias":[],"modifications":[]}]},"modelFittingConstraints":{"enrichmentModel":[{}],"nShifts":0,"addBindingModesSequentially":true,"bindingModeInteractions":[],"flankLengths":[0],"singleModeLengthSweep":false,"bindingModes":[{"maxFlankLength":-1,"positionBiasBinWidth":1,"optimizeSizeHeuristic":false,"maxSize":-1,"optimizeFlankLength":false,"symmetryString":"null","roundSpecificActivity":true,"informationThreshold":0.1,"optimizeMotifShift":false,"fittingStages":[],"optimizeMotifShiftHeuristic":false,"experimentSpecificPositionBias":true,"minSize":-1,"experimentSpecificActivity":true,"optimizeSize":false}]}}
