{"modelSettings":{"letterOrder":"ACGTN","bindingModeInteractions":[],"bindingModes":[{"size":12,"fitLogActivity":true,"flankLength":0,"dinucleotideDistance":0,"componentName":"Binding mode 1","positionBias":false,"singleStrand":false,"modifications":[]}],"letterComplement":"C-G,A-T,N-N"},"coefficients":{"bindingModeInteractions":[],"bindingModes":[{"mononucleotide":[-0.02658826426486982,-0.2397701796079854,0,-0.14855424416900576,-0.09912333885471991,-0.5022430507201161,-0.7800419023093301,-0.5757029321761902,0,-0.42088286326451696,-1.6432257640838026,-2.4610831632195893,-1.4953922006122182,0,-0.9789254336304393,-2.593408049979068,-3.6205918037284257,-2.749238449958339,0,-1.2331371474812078,-0.4891166301132639,-2.811698457459696,-2.365905957157877,0,-0.8169348507023921,0,-5.048616521029802,-3.886927134942254,-4.978185749127992,-1.353040432752981,-3.5932473581708857,-0.14301383048497662,-2.0541375502596813,0,-0.681982591013815,-1.5785911721768526,-1.6017402891723513,0,-0.3498772187878103,-0.6383817757153828,0,-2.0522720650093627,-0.26492230826911545,-1.4599954094358951,-0.6311373349731663,-1.1724712772334498,0,-0.7183722906917058,-0.591125191027789,-0.5315174008349562,-0.5659366400378083,0,-0.39194278996979914,-0.3366145710238948,-0.30186386932208503,-0.22447098311474,-0.1490099803154914,-0.2923190260669877,0,-0.1604535313632825],"activity":[[0]],"dinucleotide":[],"positionBias":[],"modifications":[]}]},"modelFittingConstraints":{"enrichmentModel":[{}],"nShifts":0,"addBindingModesSequentially":true,"bindingModeInteractions":[],"flankLengths":[0],"singleModeLengthSweep":false,"bindingModes":[{"maxFlankLength":-1,"positionBiasBinWidth":1,"optimizeSizeHeuristic":false,"maxSize":-1,"optimizeFlankLength":false,"symmetryString":"null","roundSpecificActivity":true,"informationThreshold":0.1,"optimizeMotifShift":false,"fittingStages":[],"optimizeMotifShiftHeuristic":false,"experimentSpecificPositionBias":true,"minSize":-1,"experimentSpecificActivity":true,"optimizeSize":false}]}}
