{"modelSettings":{"letterOrder":"ACGTN","bindingModeInteractions":[],"bindingModes":[{"size":10,"fitLogActivity":true,"flankLength":0,"dinucleotideDistance":0,"componentName":"Binding mode 1","positionBias":false,"singleStrand":false,"modifications":[]}],"letterComplement":"C-G,A-T,N-N"},"coefficients":{"bindingModeInteractions":[],"bindingModes":[{"mononucleotide":[-0.05106819657790851,-0.2288008325129347,0,-0.2167772539895232,-0.11911858533649211,-0.5282902169487205,-0.30631569123356606,0,-0.2859675536405586,-0.2623219120715335,-0.49546240753748627,-0.013601530393316352,-1.1154915110998713,0,-0.3135012713299953,0,-0.42521502388443544,-0.7689366534307851,-1.2883388274289311,-0.5138036649696067,0,-2.602755263712014,-2.7035842228002274,-3.2992979809937486,-1.2225243669138117,-4.55192935971069,-4.802705802988251,-4.338424693999599,0,-1.354978437420287,-3.467829583648047,-1.6044641545528098,-4.066536423547974,0,-1.163696150214959,0,-4.7624278858491325,-3.1414561996122203,-2.3837356767344664,-1.2517895724100405,-0.2867441461455016,-0.4027145205722844,0,-0.45125207014196267,-0.26917538691804227,-0.5921896993964246,0,-0.07224384328860811,-0.29396371268267174,-0.2142078568243899],"activity":[[0]],"dinucleotide":[],"positionBias":[],"modifications":[]}]},"modelFittingConstraints":{"enrichmentModel":[{}],"nShifts":0,"addBindingModesSequentially":true,"bindingModeInteractions":[],"flankLengths":[0],"singleModeLengthSweep":false,"bindingModes":[{"maxFlankLength":-1,"positionBiasBinWidth":1,"optimizeSizeHeuristic":false,"maxSize":-1,"optimizeFlankLength":false,"symmetryString":"null","roundSpecificActivity":true,"informationThreshold":0.1,"optimizeMotifShift":false,"fittingStages":[],"optimizeMotifShiftHeuristic":false,"experimentSpecificPositionBias":true,"minSize":-1,"experimentSpecificActivity":true,"optimizeSize":false}]}}
