{"modelSettings":{"letterOrder":"ACGTN","bindingModeInteractions":[],"bindingModes":[{"size":14,"fitLogActivity":true,"flankLength":0,"dinucleotideDistance":0,"componentName":"Binding mode 2","positionBias":false,"singleStrand":false,"modifications":[]}],"letterComplement":"C-G,A-T,N-N"},"coefficients":{"bindingModeInteractions":[],"bindingModes":[{"mononucleotide":[0,-0.9461071594319632,-0.19245043577084076,-0.5011117173655899,-0.3498974534705589,-0.5719163560615099,-0.4448096663117278,-0.7956229640695085,0,-0.40921375422593403,0,-0.026500478532308414,-0.11050802806532278,-2.431785426083986,-0.3020831014942818,-3.617997565545002,-4.0234744465269845,0,-3.46410616089889,-1.313017851117374,0,-4.003724911606193,-4.166006849719663,-3.196108355055646,-1.3142688375881857,0,-3.442534132073753,-3.9831485363672963,-1.9470309069763099,-1.2095654509234137,-0.5061784337399668,0,-0.45854266429998614,-0.09011149114434325,-0.2392639117246812,-0.10881528857139333,-0.2486458146875563,0,-0.422939801648309,-0.18276057029502524,-0.539716459886888,-0.9507755182510564,-1.1602456908330572,0,-0.5609074185568441,-0.5606013876466251,-1.5998960571895946,-0.6912477210573345,0,-0.5648710411875454,-3.4134196052118115,0,-3.6659604703376028,-4.5003895623519155,-1.31899777233232,-2.008363908182976,-0.5881556648173989,-0.6080787886179628,0,-0.5825210592256675,0,-0.5761839111543994,-0.6537657970085515,-1.9237192815379176,-0.585106861152408,-2.91848013209971,-2.8818737964705763,0,-2.1516783741520094,-1.1822649541886663],"activity":[[0]],"dinucleotide":[],"positionBias":[],"modifications":[]}]},"modelFittingConstraints":{"enrichmentModel":[{}],"nShifts":0,"addBindingModesSequentially":true,"bindingModeInteractions":[],"flankLengths":[0],"singleModeLengthSweep":false,"bindingModes":[{"maxFlankLength":-1,"positionBiasBinWidth":1,"optimizeSizeHeuristic":false,"maxSize":-1,"optimizeFlankLength":false,"symmetryString":"null","roundSpecificActivity":true,"informationThreshold":0.1,"optimizeMotifShift":false,"fittingStages":[],"optimizeMotifShiftHeuristic":false,"experimentSpecificPositionBias":true,"minSize":-1,"experimentSpecificActivity":true,"optimizeSize":false}]}}
