{"modelSettings":{"letterOrder":"ACGTN","bindingModeInteractions":[],"bindingModes":[{"size":8,"fitLogActivity":true,"flankLength":0,"dinucleotideDistance":0,"componentName":"Binding mode 1","positionBias":false,"singleStrand":false,"modifications":[]}],"letterComplement":"C-G,A-T,N-N"},"coefficients":{"bindingModeInteractions":[],"bindingModes":[{"mononucleotide":[-0.8076082283140638,0,-0.69334992200094,-0.2860869511021482,-0.3941471705972378,-2.1456128012557985,-3.4586162261209497,-3.94264719016993,0,-1.2311158641693558,0,-4.434182914072203,-2.0608162520858646,-2.7685790251587084,-1.2023359418712596,0,-4.3417900165219825,-4.048962970405343,-4.772416698417286,-1.3481188330322493,-2.3803857750944397,-2.1740150902981927,-2.7773312620076878,0,-1.1485071327071157,-1.0976594944250957,-1.6613648245687953,0,-0.6658311120979739,-0.6746311551652564,-0.8020528816119956,-1.0413013353238139,0,-0.9997420359820111,-0.6118543950681957,0,-0.3143428985560508,-0.3490347604420583,-0.636683985030635,-0.2995249149079451],"activity":[[0]],"dinucleotide":[],"positionBias":[],"modifications":[]}]},"modelFittingConstraints":{"enrichmentModel":[{}],"nShifts":0,"addBindingModesSequentially":true,"bindingModeInteractions":[],"flankLengths":[0],"singleModeLengthSweep":false,"bindingModes":[{"maxFlankLength":-1,"positionBiasBinWidth":1,"optimizeSizeHeuristic":false,"maxSize":-1,"optimizeFlankLength":false,"symmetryString":"null","roundSpecificActivity":true,"informationThreshold":0.1,"optimizeMotifShift":false,"fittingStages":[],"optimizeMotifShiftHeuristic":false,"experimentSpecificPositionBias":true,"minSize":-1,"experimentSpecificActivity":true,"optimizeSize":false}]}}
