{"modelSettings":{"letterOrder":"ACGTN","bindingModeInteractions":[],"bindingModes":[{"size":11,"fitLogActivity":true,"flankLength":0,"dinucleotideDistance":0,"componentName":"Binding mode 1","positionBias":false,"singleStrand":false,"modifications":[]}],"letterComplement":"C-G,A-T,N-N"},"coefficients":{"bindingModeInteractions":[],"bindingModes":[{"mononucleotide":[-0.2934689892004618,-0.18183268210751624,0,-0.6278276375429259,-0.2506550405983086,-0.2524246416117846,-0.06367083326559975,-0.4256780486304832,0,-0.17181042804505542,-2.12621474708188,-2.1155766439295727,-3.0544788447856153,0,-1.1339812032337702,0,-3.788029874773155,-2.1933005666882064,-3.1205930098701176,-1.2222054116497973,0,-3.6809127763634333,-4.59896553173494,-4.687856771955548,-1.3427861234462508,-1.91185953711408,-2.0848182799057984,-1.3127265391576266,0,-0.9537198064071531,-2.479611208191997,-1.3877469678955707,-1.879938932382621,0,-0.9901981195056316,-0.30844225242903534,-2.8329848725629034,0,-2.011670636178674,-0.7302301544324636,-0.6388314826322627,-0.971574761858343,0,-1.4409305844222011,-0.6240396491057522,-0.2880817980586823,-0.13313017185679232,-0.024246350162865582,0,-0.10505594105922844,-0.2929261557565277,-0.06533643929363464,-0.15290910890665854,0,-0.12187468141820886],"activity":[[0]],"dinucleotide":[],"positionBias":[],"modifications":[]}]},"modelFittingConstraints":{"enrichmentModel":[{}],"nShifts":0,"addBindingModesSequentially":true,"bindingModeInteractions":[],"flankLengths":[0],"singleModeLengthSweep":false,"bindingModes":[{"maxFlankLength":-1,"positionBiasBinWidth":1,"optimizeSizeHeuristic":false,"maxSize":-1,"optimizeFlankLength":false,"symmetryString":"null","roundSpecificActivity":true,"informationThreshold":0.1,"optimizeMotifShift":false,"fittingStages":[],"optimizeMotifShiftHeuristic":false,"experimentSpecificPositionBias":true,"minSize":-1,"experimentSpecificActivity":true,"optimizeSize":false}]}}
