{"modelSettings":{"letterOrder":"ACGTN","bindingModeInteractions":[],"bindingModes":[{"size":10,"fitLogActivity":true,"flankLength":0,"dinucleotideDistance":0,"componentName":"Binding mode 1","positionBias":false,"singleStrand":false,"modifications":[]}],"letterComplement":"C-G,A-T,N-N"},"coefficients":{"bindingModeInteractions":[],"bindingModes":[{"mononucleotide":[-0.05852665641256394,-0.17871063834176404,0,-0.2416871318113536,-0.1151856228190427,-0.7042319835818782,0,-0.30883305386740556,-0.619012237329188,-0.36843394870746343,-1.8299032706838145,-0.07890183338057355,-2.1256455073089926,0,-0.5960587544624295,0,-0.546710514326616,-1.6312164425420612,-1.2006646685726265,-0.6560747976909673,0,-3.39101585411025,-2.225937489100546,-3.2643658478284068,-1.220897072973536,-3.8808524502864183,-4.170035785208155,-4.215977221244759,0,-1.3367018246096336,-3.5643760512643357,-2.0022535793234377,-2.2839924994723324,0,-1.151046810928972,0,-3.212021849205693,-2.934151205490801,-1.9956684232381614,-1.1797895034552557,0,-0.6813671900659513,-0.027736836815956067,-0.30176985185514305,-0.21751027214036744,-0.22912943180970835,0,-0.04544401945781695,-0.08457318804423952,-0.08618360313538873],"activity":[[0]],"dinucleotide":[],"positionBias":[],"modifications":[]}]},"modelFittingConstraints":{"enrichmentModel":[{}],"nShifts":0,"addBindingModesSequentially":true,"bindingModeInteractions":[],"flankLengths":[0],"singleModeLengthSweep":false,"bindingModes":[{"maxFlankLength":-1,"positionBiasBinWidth":1,"optimizeSizeHeuristic":false,"maxSize":-1,"optimizeFlankLength":false,"symmetryString":"null","roundSpecificActivity":true,"informationThreshold":0.1,"optimizeMotifShift":false,"fittingStages":[],"optimizeMotifShiftHeuristic":false,"experimentSpecificPositionBias":true,"minSize":-1,"experimentSpecificActivity":true,"optimizeSize":false}]}}
