{"modelSettings":{"letterOrder":"ACGTN","bindingModeInteractions":[],"bindingModes":[{"size":13,"fitLogActivity":true,"flankLength":0,"dinucleotideDistance":0,"componentName":"Binding mode 1","positionBias":false,"singleStrand":false,"modifications":[]}],"letterComplement":"C-G,A-T,N-N"},"coefficients":{"bindingModeInteractions":[],"bindingModes":[{"mononucleotide":[0,-0.7486984318180623,-0.3117918056574638,-0.35471210564188826,-0.319347834005473,0,-0.934306923654737,-0.5924327630468165,-0.06985845594005635,-0.32907220309043667,0,-0.5981333448173745,-0.865261485796184,-0.05283737200295491,-0.31494612832771646,-0.1332181709146445,-0.3286546868666642,-0.23434210339491912,0,-0.16656923610297658,-1.2106369316047774,-0.7601983213958148,-2.027284654722081,0,-0.7458763876775503,-2.6253482965828994,-2.5317336270569797,0,-4.324466259905426,-1.23342205201253,-1.2453916807975576,0,-3.192366642809736,-2.2623241949629156,-1.0265165836651047,-2.419956594192459,-1.9093819564778252,-3.4358846978511584,0,-1.147833264408242,-1.7831589700703692,-2.9927006227225994,0,-1.0711672819781102,-0.9410532832422751,0,-2.6746713077966087,-2.4298078249893096,-1.9437945772440979,-1.123820163266048,-1.2328096756290154,0,-0.4069929478319576,-0.702311092791204,-0.48916184478009717,-0.5182142358788733,-0.5566675345067891,-0.311349406427623,0,-0.3211847901544302,-0.48049930648808203,0,-0.7305993906060593,-0.08759499453566111,-0.2822877906917434],"activity":[[0]],"dinucleotide":[],"positionBias":[],"modifications":[]}]},"modelFittingConstraints":{"enrichmentModel":[{}],"nShifts":0,"addBindingModesSequentially":true,"bindingModeInteractions":[],"flankLengths":[0],"singleModeLengthSweep":false,"bindingModes":[{"maxFlankLength":-1,"positionBiasBinWidth":1,"optimizeSizeHeuristic":false,"maxSize":-1,"optimizeFlankLength":false,"symmetryString":"null","roundSpecificActivity":true,"informationThreshold":0.1,"optimizeMotifShift":false,"fittingStages":[],"optimizeMotifShiftHeuristic":false,"experimentSpecificPositionBias":true,"minSize":-1,"experimentSpecificActivity":true,"optimizeSize":false}]}}
