{"modelSettings":{"letterOrder":"ACGTN","bindingModeInteractions":[],"bindingModes":[{"size":9,"fitLogActivity":true,"flankLength":0,"dinucleotideDistance":0,"componentName":"Binding mode 1","positionBias":false,"singleStrand":false,"modifications":[]}],"letterComplement":"C-G,A-T,N-N"},"coefficients":{"bindingModeInteractions":[],"bindingModes":[{"mononucleotide":[-0.49453799890650796,-0.11645069215633264,0,-0.6819840565742243,-0.2858373049532975,-0.2980638635428967,0,-0.1956655445006401,-0.1331316458704066,-0.15085457896642332,-2.4937797182679544,-2.2448484817563896,-4.442765344507391,0,-1.2037193889025866,0,-3.4764733818153126,-0.9771769648925712,-3.3603627154286353,-1.020255677889963,0,-4.078128574274963,-5.752346708648988,-4.263991152326366,-1.3526850283949658,-3.2251727849825005,-2.641903311866618,-2.3843671716829715,0,-1.2013747127206815,-1.289146068162223,-0.6252395868299674,-0.23544273501948432,0,-0.43045217773185135,-0.07553787613289042,-1.2890251588989914,0,-0.7716742517418682,-0.40608190388077964,-0.2851679235765108,0,-0.23888827373516763,-0.5130735062420437,-0.24269480267329085],"activity":[[0]],"dinucleotide":[],"positionBias":[],"modifications":[]}]},"modelFittingConstraints":{"enrichmentModel":[{}],"nShifts":0,"addBindingModesSequentially":true,"bindingModeInteractions":[],"flankLengths":[0],"singleModeLengthSweep":false,"bindingModes":[{"maxFlankLength":-1,"positionBiasBinWidth":1,"optimizeSizeHeuristic":false,"maxSize":-1,"optimizeFlankLength":false,"symmetryString":"null","roundSpecificActivity":true,"informationThreshold":0.1,"optimizeMotifShift":false,"fittingStages":[],"optimizeMotifShiftHeuristic":false,"experimentSpecificPositionBias":true,"minSize":-1,"experimentSpecificActivity":true,"optimizeSize":false}]}}
