{"modelSettings":{"letterOrder":"ACGTN","bindingModeInteractions":[],"bindingModes":[{"size":14,"fitLogActivity":true,"flankLength":0,"dinucleotideDistance":0,"componentName":"Binding mode 2","positionBias":false,"singleStrand":false,"modifications":[]}],"letterComplement":"C-G,A-T,N-N"},"coefficients":{"bindingModeInteractions":[],"bindingModes":[{"mononucleotide":[-0.8643436668759801,-0.3952978596622163,-0.7990301519440308,0,-0.4523317579410162,-1.884687290159444,-2.1939593267039608,-1.5185983289185843,0,-0.9926523923283007,-1.4508874367110205,-1.5073897776777998,-1.7353675127718264,0,-0.896374782354136,-2.3301460944183963,-3.4243473712921975,-2.7861034090231125,0,-1.2110703671727467,-2.026049296543658,-2.10482512489232,0,-1.9609264965707056,-1.053794019493844,-2.462593421484604,0,-2.5884188450385204,-2.4685928411787175,-1.1671135402391755,0,-2.5903290130567105,-1.5135002661185646,-2.6276779919057183,-1.0733982479000113,-3.3263680897097045,0,-3.322523094863912,-2.8322077422195,-1.263309075602604,0,-1.9035939264881079,-2.5129836753426695,-2.6888543356556265,-1.1254567069691277,-2.5553277407044193,0,-2.8920497311451148,-2.7904445367318016,-1.2085473329484397,-2.785171878331193,-3.319596046197882,0,-3.2212812667469,-1.257206737743787,-0.25358872329145754,-1.52530340592581,0,-0.7494977839480441,-0.48362811309488135,-0.4412878311937849,0,-1.1839060558331518,-0.38840776447017067,-0.4202904079109031,-0.07095862952235166,0,-0.033908257078426374,-0.16838802708530665,-0.06635710953296096],"activity":[[0]],"dinucleotide":[],"positionBias":[],"modifications":[]}]},"modelFittingConstraints":{"enrichmentModel":[{}],"nShifts":0,"addBindingModesSequentially":true,"bindingModeInteractions":[],"flankLengths":[0],"singleModeLengthSweep":false,"bindingModes":[{"maxFlankLength":-1,"positionBiasBinWidth":1,"optimizeSizeHeuristic":false,"maxSize":-1,"optimizeFlankLength":false,"symmetryString":"null","roundSpecificActivity":true,"informationThreshold":0.1,"optimizeMotifShift":false,"fittingStages":[],"optimizeMotifShiftHeuristic":false,"experimentSpecificPositionBias":true,"minSize":-1,"experimentSpecificActivity":true,"optimizeSize":false}]}}
