{"modelSettings":{"letterOrder":"ACGTN","bindingModeInteractions":[],"bindingModes":[{"size":13,"fitLogActivity":true,"flankLength":0,"dinucleotideDistance":0,"componentName":"Binding mode 1","positionBias":false,"singleStrand":false,"modifications":[]}],"letterComplement":"C-G,A-T,N-N"},"coefficients":{"bindingModeInteractions":[],"bindingModes":[{"mononucleotide":[0,-0.39097369006309535,-0.21219562217814492,-0.14824297736866576,-0.178102668066821,0,-0.3893044797623002,-0.34527757739568443,-0.12975363395232264,-0.20338273545675922,0,-1.2960491903948554,-1.0361744581249042,-0.10681824166428378,-0.4592183703296819,-0.8410415039025878,-0.7654217034815431,-0.4106267213933741,0,-0.4464303451772967,-2.107784637215302,-2.974954152540914,-1.2752447486612564,0,-1.013408086122375,-3.951466726963708,-3.9905526145197303,-3.7055524192910245,0,-1.3258555388638236,-3.6795841252795785,-3.6385890555145424,-4.885519115389275,0,-1.3288955691293824,-4.209565417043997,0,-4.309379220313803,-4.777838079539766,-1.3502432010227359,-4.546312195107929,0,-3.889181280834317,-4.525486828783649,-1.3452505232968675,0,-3.033149272351505,-0.576087351934933,-2.291679641770822,-0.8490097395640018,-0.9649701987060304,-0.6404281320995695,-1.644862803734748,0,-0.6438331914854413,-0.06476650310621501,-0.3508072452263349,-0.5255500769569323,0,-0.21299651725165786,0,-0.5757921386506455,-0.3277515461864198,-0.5821694076933728,-0.3419670799283328],"activity":[[0]],"dinucleotide":[],"positionBias":[],"modifications":[]}]},"modelFittingConstraints":{"enrichmentModel":[{}],"nShifts":0,"addBindingModesSequentially":true,"bindingModeInteractions":[],"flankLengths":[0],"singleModeLengthSweep":false,"bindingModes":[{"maxFlankLength":-1,"positionBiasBinWidth":1,"optimizeSizeHeuristic":false,"maxSize":-1,"optimizeFlankLength":false,"symmetryString":"null","roundSpecificActivity":true,"informationThreshold":0.1,"optimizeMotifShift":false,"fittingStages":[],"optimizeMotifShiftHeuristic":false,"experimentSpecificPositionBias":true,"minSize":-1,"experimentSpecificActivity":true,"optimizeSize":false}]}}
