{"modelSettings":{"letterOrder":"ACGTN","bindingModeInteractions":[],"bindingModes":[{"size":10,"fitLogActivity":true,"flankLength":0,"dinucleotideDistance":0,"componentName":"Binding mode 1","positionBias":false,"singleStrand":false,"modifications":[]}],"letterComplement":"C-G,A-T,N-N"},"coefficients":{"bindingModeInteractions":[],"bindingModes":[{"mononucleotide":[0,-0.2780388877720412,-0.11271770128533731,-0.09813734723662737,-0.11732216341547377,-0.5642412492587425,-0.5162167094874244,-0.5281323176413038,0,-0.3727785820874424,-3.930863211322057,-1.3677234725948688,-4.183177018231875,0,-1.1319911116174153,-1.6095308743979917,-2.7914111447811414,0,-4.2277261927835585,-1.1426413525185095,0,-1.7498625536012722,-1.5016306737637493,-3.6513653279424485,-1.033864343849973,-4.627934459898929,0,-4.195638158225634,-1.660802620896706,-1.1916963949236072,-1.2678169589809438,-0.9608393874486496,-1.0710223508033114,0,-0.6898152350039749,-1.5082766908445793,-0.6606469874652885,-0.9904809231836,0,-0.6399827485066168,-0.39526678333157594,-0.07986258408217939,-0.5123132748173367,0,-0.2244407624632856,-0.377573298193981,-0.38513849017757984,-0.432501740822135,0,-0.28277311356694185],"activity":[[0]],"dinucleotide":[],"positionBias":[],"modifications":[]}]},"modelFittingConstraints":{"enrichmentModel":[{}],"nShifts":0,"addBindingModesSequentially":true,"bindingModeInteractions":[],"flankLengths":[0],"singleModeLengthSweep":false,"bindingModes":[{"maxFlankLength":-1,"positionBiasBinWidth":1,"optimizeSizeHeuristic":false,"maxSize":-1,"optimizeFlankLength":false,"symmetryString":"null","roundSpecificActivity":true,"informationThreshold":0.1,"optimizeMotifShift":false,"fittingStages":[],"optimizeMotifShiftHeuristic":false,"experimentSpecificPositionBias":true,"minSize":-1,"experimentSpecificActivity":true,"optimizeSize":false}]}}
