{"modelSettings":{"letterOrder":"ACGTN","bindingModeInteractions":[],"bindingModes":[{"size":14,"fitLogActivity":true,"flankLength":0,"dinucleotideDistance":0,"componentName":"Binding mode 1","positionBias":false,"singleStrand":false,"modifications":[]}],"letterComplement":"C-G,A-T,N-N"},"coefficients":{"bindingModeInteractions":[],"bindingModes":[{"mononucleotide":[-0.16511565864712452,0,-0.08214354885958386,-0.12581702351757773,-0.09137226992291443,-0.017723955044336215,-0.10507878536218307,0,-0.00542347467260651,-0.03116126077822801,-1.2365157267776565,-0.7018126310314772,-1.393576353240488,0,-0.6761591095565138,-0.808575371136584,-1.0794931021904697,0,-2.068724022553088,-0.7383501744792386,0,-1.4606270348751353,-2.0261883730390666,-2.4843039748620708,-1.016586767340868,-1.7213727701415014,0,-3.1405526689688945,-2.0958449531997783,-1.089866384086856,-2.4460993507812177,0,-2.447676831034888,-2.4476674428257126,-1.155484078333526,-2.964307890782087,-1.5960257759693972,-2.5858591681201437,0,-1.1013951624384508,-1.3373987052784182,-1.152485153233215,-2.5573826469368814,0,-0.8819582159016691,-2.20172775960305,-1.669501262659221,-2.28487506076366,0,-1.0492939527213592,-1.2618427749777288,-1.5619234177242074,0,-0.09505559725729018,-0.5099150156936911,0,-1.4942339151433748,-0.6652222394820813,-2.1267427737624707,-0.7668988298970658,-0.7982013211444228,0,-2.006026118020776,-1.8803661263886409,-0.834023004567713,-1.5273850761884518,0,-2.0526971460824637,-2.084998007639723,-1.0011692793114952],"activity":[[0]],"dinucleotide":[],"positionBias":[],"modifications":[]}]},"modelFittingConstraints":{"enrichmentModel":[{}],"nShifts":0,"addBindingModesSequentially":true,"bindingModeInteractions":[],"flankLengths":[0],"singleModeLengthSweep":false,"bindingModes":[{"maxFlankLength":-1,"positionBiasBinWidth":1,"optimizeSizeHeuristic":false,"maxSize":-1,"optimizeFlankLength":false,"symmetryString":"null","roundSpecificActivity":true,"informationThreshold":0.1,"optimizeMotifShift":false,"fittingStages":[],"optimizeMotifShiftHeuristic":false,"experimentSpecificPositionBias":true,"minSize":-1,"experimentSpecificActivity":true,"optimizeSize":false}]}}
