{"modelSettings":{"letterOrder":"ACGTN","bindingModeInteractions":[],"bindingModes":[{"size":11,"fitLogActivity":true,"flankLength":0,"dinucleotideDistance":0,"componentName":"Binding mode 1","positionBias":false,"singleStrand":false,"modifications":[]}],"letterComplement":"C-G,A-T,N-N"},"coefficients":{"bindingModeInteractions":[],"bindingModes":[{"mononucleotide":[-0.1581777478985611,-0.20466809477613523,0,-0.06930549216953352,-0.10490024046955787,-0.6083801511812563,-0.5388950203803269,-0.7945519460692729,0,-0.43873449442263085,0,-4.938045422245541,-3.991703246309335,-2.6130678028829957,-1.2919427063795241,-2.6409480945571264,-4.201140352183689,-4.82577538690358,0,-1.296186358922611,-2.8221325397089068,0,-3.015805055653744,-0.711539422236946,-0.9166825182598131,-4.818877626618627,-6.064582353928771,0,-4.987284320391652,-1.3692172622612113,0,-6.513557324270383,-3.624431365803389,-6.402941917054973,-1.3569257462334294,-2.1498164005999705,-0.897029468465611,-2.835150791904322,0,-0.9269761167454126,-2.042828294269844,0,-1.8450829041156211,-0.2218826482945193,-0.6497606133148665,-0.2503118168774465,-0.2617361658713655,0,-0.14860218877308817,-0.1595281192531444,-0.10745792677261701,-0.16700217380537463,0,-0.1715819090373234,-0.10907759579849409],"activity":[[0]],"dinucleotide":[],"positionBias":[],"modifications":[]}]},"modelFittingConstraints":{"enrichmentModel":[{}],"nShifts":0,"addBindingModesSequentially":true,"bindingModeInteractions":[],"flankLengths":[0],"singleModeLengthSweep":false,"bindingModes":[{"maxFlankLength":-1,"positionBiasBinWidth":1,"optimizeSizeHeuristic":false,"maxSize":-1,"optimizeFlankLength":false,"symmetryString":"null","roundSpecificActivity":true,"informationThreshold":0.1,"optimizeMotifShift":false,"fittingStages":[],"optimizeMotifShiftHeuristic":false,"experimentSpecificPositionBias":true,"minSize":-1,"experimentSpecificActivity":true,"optimizeSize":false}]}}
