{"modelSettings":{"letterOrder":"ACGTN","bindingModeInteractions":[],"bindingModes":[{"size":9,"fitLogActivity":true,"flankLength":0,"dinucleotideDistance":0,"componentName":"Binding mode 1","positionBias":false,"singleStrand":false,"modifications":[]}],"letterComplement":"C-G,A-T,N-N"},"coefficients":{"bindingModeInteractions":[],"bindingModes":[{"mononucleotide":[-0.3401807702623181,-0.3085084254901709,0,-0.3498092340535326,-0.2385726056729398,-1.0792457971244946,-1.8602203893905873,0,-1.9533122881373055,-0.8932496834651309,-1.5978284659435662,-2.5221477485858,0,-1.832189609302918,-1.01978832155683,0,-0.5933238514037935,-3.129547385101453,-2.711888285306374,-0.8778896359046775,-6.130584070934207,-3.9136897461328117,-5.5131996775600935,0,-1.3604558834895486,-2.5298703226624646,-1.9525293001634383,-3.8424234383522164,0,-1.1687459539699647,0,-3.803324950095058,-3.1007095857628952,-1.802990108450623,-1.17755880752757,-0.006020639372143144,-0.44588365401263363,0,-0.4096669253612628,-0.19293961753434086,-0.559055084277281,0,-0.12903092141518346,-0.34654422826738696,-0.23641137028990014],"activity":[[0]],"dinucleotide":[],"positionBias":[],"modifications":[]}]},"modelFittingConstraints":{"enrichmentModel":[{}],"nShifts":0,"addBindingModesSequentially":true,"bindingModeInteractions":[],"flankLengths":[0],"singleModeLengthSweep":false,"bindingModes":[{"maxFlankLength":-1,"positionBiasBinWidth":1,"optimizeSizeHeuristic":false,"maxSize":-1,"optimizeFlankLength":false,"symmetryString":"null","roundSpecificActivity":true,"informationThreshold":0.1,"optimizeMotifShift":false,"fittingStages":[],"optimizeMotifShiftHeuristic":false,"experimentSpecificPositionBias":true,"minSize":-1,"experimentSpecificActivity":true,"optimizeSize":false}]}}
