{"modelSettings":{"letterOrder":"ACGTN","bindingModeInteractions":[],"bindingModes":[{"size":13,"fitLogActivity":true,"flankLength":0,"dinucleotideDistance":0,"componentName":"Binding mode 1","positionBias":false,"singleStrand":false,"modifications":[]}],"letterComplement":"C-G,A-T,N-N"},"coefficients":{"bindingModeInteractions":[],"bindingModes":[{"mononucleotide":[-0.3381025825713575,-0.2554401357941334,0,-0.421403976140037,-0.2408549055149808,-0.1971111518369213,0,-0.41421417202864674,-0.12882579732350496,-0.17403026716655934,-1.7926386992775942,-2.56429202503588,-3.10149288127713,0,-1.1328343530932552,0,-3.9632357026239973,-2.346854168104519,-2.375625033790455,-1.1976366274025891,0,-4.400176182222279,-4.250258566100031,-4.382877199619698,-1.348011495645261,-3.348176469168135,-2.1821643480675066,-3.590801117825534,0,-1.2245822664404116,-2.350743755522167,-1.6610362292539111,-1.979412231257732,0,-1.0332525008064428,0,-0.9023877481731954,-0.8583570273002428,-1.418390697755596,-0.6579918109105828,-0.4147354988505674,-1.4770187182370176,0,-2.3955657623429873,-0.7032210373377187,0,-2.5201642725492217,-1.2945987518754531,-2.2187297525311465,-1.005667630746163,-3.6484195747104238,-3.101817844239479,-3.5092713082752693,0,-1.2901496835580195,-2.3269867509184756,-1.8205534109089383,-3.4079760646853634,0,-1.1296126612438875,0,-2.6669864500718354,-2.4360213403617337,-1.6611739041598215,-1.088499495630642],"activity":[[0]],"dinucleotide":[],"positionBias":[],"modifications":[]}]},"modelFittingConstraints":{"enrichmentModel":[{}],"nShifts":0,"addBindingModesSequentially":true,"bindingModeInteractions":[],"flankLengths":[0],"singleModeLengthSweep":false,"bindingModes":[{"maxFlankLength":-1,"positionBiasBinWidth":1,"optimizeSizeHeuristic":false,"maxSize":-1,"optimizeFlankLength":false,"symmetryString":"null","roundSpecificActivity":true,"informationThreshold":0.1,"optimizeMotifShift":false,"fittingStages":[],"optimizeMotifShiftHeuristic":false,"experimentSpecificPositionBias":true,"minSize":-1,"experimentSpecificActivity":true,"optimizeSize":false}]}}
