{"modelSettings":{"letterOrder":"ACGTN","bindingModeInteractions":[],"bindingModes":[{"size":14,"fitLogActivity":true,"flankLength":0,"dinucleotideDistance":0,"componentName":"Binding mode 1","positionBias":false,"singleStrand":false,"modifications":[]}],"letterComplement":"C-G,A-T,N-N"},"coefficients":{"bindingModeInteractions":[],"bindingModes":[{"mononucleotide":[-0.18985550176616783,-0.03882644824985704,-0.5768138954633599,0,-0.17713063894715816,-1.456313053640546,0,-0.6141676157204863,-0.8471085438997754,-0.5965479349818098,-3.033030598870159,-3.53912315048583,0,-1.1746541530804961,-1.0597757729091324,-1.45338933199195,-1.8923096361403537,-2.896595554791965,0,-1.0218521352833054,-2.5513790127129,0,-3.4701431556655784,-0.2695598032953246,-0.7588585244133347,0,-1.4666526091486318,-2.5110754790798513,-2.645206100379796,-1.0621347358384012,-3.637763997634795,0,-5.311740955512239,-1.0401355533993417,-1.0608460844623986,-1.971077906138154,-3.7941600755973344,0,-5.15714914628894,-1.2313726883460696,-3.419761397819582,0,-0.4957807357942583,-3.1188718309341654,-0.863922195807796,-0.35379443333637006,-0.9558272315763396,-1.7961617950078184,0,-0.5742768384211402,-1.2509984534742165,-0.4312751531071868,-2.298564076423511,0,-0.6751589857252137,-0.9831626614340427,-0.09075125324435174,0,-0.4774315439053627,-0.3189162901917562,0,-1.8174273971413344,-0.45930287618969246,-1.497049263898739,-0.684208981555071,-0.4205790462241099,0,-0.2527141182542927,-0.09020607981269535,-0.17820029399844686],"activity":[[0]],"dinucleotide":[],"positionBias":[],"modifications":[]}]},"modelFittingConstraints":{"enrichmentModel":[{}],"nShifts":0,"addBindingModesSequentially":true,"bindingModeInteractions":[],"flankLengths":[0],"singleModeLengthSweep":false,"bindingModes":[{"maxFlankLength":-1,"positionBiasBinWidth":1,"optimizeSizeHeuristic":false,"maxSize":-1,"optimizeFlankLength":false,"symmetryString":"null","roundSpecificActivity":true,"informationThreshold":0.1,"optimizeMotifShift":false,"fittingStages":[],"optimizeMotifShiftHeuristic":false,"experimentSpecificPositionBias":true,"minSize":-1,"experimentSpecificActivity":true,"optimizeSize":false}]}}
