{"modelSettings":{"letterOrder":"ACGTN","bindingModeInteractions":[],"bindingModes":[{"size":14,"fitLogActivity":true,"flankLength":0,"dinucleotideDistance":0,"componentName":"Binding mode 1","positionBias":false,"singleStrand":false,"modifications":[]}],"letterComplement":"C-G,A-T,N-N"},"coefficients":{"bindingModeInteractions":[],"bindingModes":[{"mononucleotide":[-0.47619400871315776,0,-0.8368699055367133,-0.8542658470614866,-0.4781154705556702,0,-1.3402106373415013,-1.617851774160859,-1.1481849571320462,-0.8111839191057462,-3.2000645843271602,-2.8402044021814987,-3.1202608851774984,0,-1.2523589721119905,-0.6235149447474653,-1.0387636936382254,-0.8538505844415685,0,-0.5465732138666185,0,-1.1818791407411648,-1.520585431514963,-1.3353527751984924,-0.8050003386924429,0,-1.4347037871101085,-1.8004778150230534,-1.2870338538338872,-0.8678016126074678,-0.6655090027195856,-1.719376890536073,-1.6176194896494813,0,-0.7488925029846446,-0.4170184255457938,-1.9747592610218616,-2.2233037898989325,0,-0.7412590263953738,0,-4.849049415962425,-4.164399447402865,-2.0614735556578543,-1.2459750398372045,-2.4797356691089645,-4.9514480916481425,-3.2612924514980874,0,-1.2648050127424422,-2.4171159105949123,-4.56239832476041,-1.484369991214213,0,-1.1039310126159203,-0.37435582502838116,0,-0.9858243198351841,-0.3355174605708706,-0.3653439473875015,0,-4.109482512059568,-3.4096132155350922,-4.455870082223541,-1.3270066666086884,-1.9762670953916066,-1.3276520331694899,-1.4084160247185018,0,-0.8866015491654419],"activity":[[0]],"dinucleotide":[],"positionBias":[],"modifications":[]}]},"modelFittingConstraints":{"enrichmentModel":[{}],"nShifts":0,"addBindingModesSequentially":true,"bindingModeInteractions":[],"flankLengths":[0],"singleModeLengthSweep":false,"bindingModes":[{"maxFlankLength":-1,"positionBiasBinWidth":1,"optimizeSizeHeuristic":false,"maxSize":-1,"optimizeFlankLength":false,"symmetryString":"null","roundSpecificActivity":true,"informationThreshold":0.1,"optimizeMotifShift":false,"fittingStages":[],"optimizeMotifShiftHeuristic":false,"experimentSpecificPositionBias":true,"minSize":-1,"experimentSpecificActivity":true,"optimizeSize":false}]}}
