{"modelSettings":{"letterOrder":"ACGTN","bindingModeInteractions":[],"bindingModes":[{"size":10,"fitLogActivity":true,"flankLength":0,"dinucleotideDistance":0,"componentName":"Binding mode 1","positionBias":false,"singleStrand":false,"modifications":[]}],"letterComplement":"C-G,A-T,N-N"},"coefficients":{"bindingModeInteractions":[],"bindingModes":[{"mononucleotide":[0,-0.6340317291719062,-0.7473594681779039,-0.5171071428208354,-0.43066474660205584,0,-1.511495894155523,-0.33368336138346777,-1.0784450705711066,-0.5634424695672985,0,-2.0489170363110176,-1.0251042639351038,-2.3067179283991024,-0.9243096592933687,-3.284897406805243,-3.608935930880318,0,-3.108095866500726,-1.2826453768235728,-2.7066432111123566,-3.3121733999929375,0,-1.3475301362925602,-1.07654842003637,-2.3814783101329646,-2.7810070061743213,-1.8540734807894408,0,-1.115513391848943,-2.424556117801976,0,-2.2577156252337893,-2.8308147216488493,-1.1614951182852096,0,-3.708892831248489,-1.8899064487712236,-3.7319023838776424,-1.2043580309158655,0,-0.19324935288631728,-0.5224153761180386,-0.46230471995783073,-0.2720734920419865,-0.07966543859580977,-0.20696630457306586,0,-0.3748303107991382,-0.1555204768070516],"activity":[[0]],"dinucleotide":[],"positionBias":[],"modifications":[]}]},"modelFittingConstraints":{"enrichmentModel":[{}],"nShifts":0,"addBindingModesSequentially":true,"bindingModeInteractions":[],"flankLengths":[0],"singleModeLengthSweep":false,"bindingModes":[{"maxFlankLength":-1,"positionBiasBinWidth":1,"optimizeSizeHeuristic":false,"maxSize":-1,"optimizeFlankLength":false,"symmetryString":"null","roundSpecificActivity":true,"informationThreshold":0.1,"optimizeMotifShift":false,"fittingStages":[],"optimizeMotifShiftHeuristic":false,"experimentSpecificPositionBias":true,"minSize":-1,"experimentSpecificActivity":true,"optimizeSize":false}]}}
