{"modelSettings":{"letterOrder":"ACGTN","bindingModeInteractions":[],"bindingModes":[{"size":14,"fitLogActivity":true,"flankLength":0,"dinucleotideDistance":0,"componentName":"Binding mode 1","positionBias":false,"singleStrand":false,"modifications":[]}],"letterComplement":"C-G,A-T,N-N"},"coefficients":{"bindingModeInteractions":[],"bindingModes":[{"mononucleotide":[0,-0.4287620246030768,-0.5229765140856442,-0.7374271996498383,-0.38477629173299166,0,-2.4718622338886393,-3.196811840492703,-1.4320488381892686,-1.0757709187114552,0,-1.9949474266317888,-1.3264305245034733,-0.2951022221971371,-0.622735650895056,-0.9920175839609322,-1.8319358875575875,-0.9967475303951789,0,-0.744435742874646,-0.4554631729481864,-0.9874605607348603,-0.6424438976411322,0,-0.4570159308583335,-0.2026531774585365,-0.2312036584313084,0,-0.1870329629640457,-0.150952078052488,-2.2282616462114775,0,-2.0285542862334194,-0.9741448651370672,-0.905872633562745,0,-4.739706802308931,-3.8415722453131065,-3.272013629211432,-1.3203839533690283,-2.8368823183209293,-3.409868757634667,-0.4324266696895789,0,-0.8320724783378773,-2.060632491581148,-4.10867887690256,-1.6698461210430788,0,-1.0995535696657122,-0.6145931199751073,-0.21848010787328587,0,-1.0481602636222136,-0.3948284342626902,-0.023260906754317467,-1.3076199957011272,-0.9029240509466105,0,-0.4106586578432756,-0.3532169234372784,-0.14805153450780484,-0.17544681000104312,0,-0.16137443693538814,-0.20021579282415392,-0.07813292019885232,-0.02379005059707673,0,-0.07260126156694545],"activity":[[0]],"dinucleotide":[],"positionBias":[],"modifications":[]}]},"modelFittingConstraints":{"enrichmentModel":[{}],"nShifts":0,"addBindingModesSequentially":true,"bindingModeInteractions":[],"flankLengths":[0],"singleModeLengthSweep":false,"bindingModes":[{"maxFlankLength":-1,"positionBiasBinWidth":1,"optimizeSizeHeuristic":false,"maxSize":-1,"optimizeFlankLength":false,"symmetryString":"null","roundSpecificActivity":true,"informationThreshold":0.1,"optimizeMotifShift":false,"fittingStages":[],"optimizeMotifShiftHeuristic":false,"experimentSpecificPositionBias":true,"minSize":-1,"experimentSpecificActivity":true,"optimizeSize":false}]}}
