{"modelSettings":{"letterOrder":"ACGTN","bindingModeInteractions":[],"bindingModes":[{"size":13,"fitLogActivity":true,"flankLength":0,"dinucleotideDistance":0,"componentName":"Binding mode 1","positionBias":false,"singleStrand":false,"modifications":[]}],"letterComplement":"C-G,A-T,N-N"},"coefficients":{"bindingModeInteractions":[],"bindingModes":[{"mononucleotide":[0,-0.024671556456258514,-0.7298662093818891,-0.18046645740886724,-0.1946519285982327,0,-1.1529741209952884,-0.3430806771867214,-0.24706969166054193,-0.3544047830591929,0,-1.7809795815302523,-1.506529676495178,-0.025703336593293713,-0.5256114159122197,-4.759982848593884,0,-4.671957296587458,-4.419162851930896,-1.3567705008432884,-2.8147538399680747,-0.1326691414053851,0,-3.7334679961469357,-0.7135621375575063,-0.2182285597498126,-3.7247375050996876,0,-1.310706538780432,-0.6454573414479519,-3.778101658050992,-4.274489097844894,0,-3.3154032713452164,-1.3157384044344738,-0.3241762417516654,-1.129359079602572,0,-1.3261195990003274,-0.5482382107978901,-2.3410898533376066,0,-0.7024436136202841,-3.075917239157438,-0.8929750937810115,-2.7742123296671806,-2.261944575103479,0,-2.852701236188787,-1.1839784862668414,-0.4959768379544389,0,-0.30035592574374625,-1.5782398201556807,-0.4479023486056554,-0.11684249516447487,0,-0.31721592871245363,-0.15599932968805774,-0.14114355270832238,-0.3100787679566981,-0.839572723872033,0,-0.5681491500135172,-0.3813126464276234],"activity":[[0]],"dinucleotide":[],"positionBias":[],"modifications":[]}]},"modelFittingConstraints":{"enrichmentModel":[{}],"nShifts":0,"addBindingModesSequentially":true,"bindingModeInteractions":[],"flankLengths":[0],"singleModeLengthSweep":false,"bindingModes":[{"maxFlankLength":-1,"positionBiasBinWidth":1,"optimizeSizeHeuristic":false,"maxSize":-1,"optimizeFlankLength":false,"symmetryString":"null","roundSpecificActivity":true,"informationThreshold":0.1,"optimizeMotifShift":false,"fittingStages":[],"optimizeMotifShiftHeuristic":false,"experimentSpecificPositionBias":true,"minSize":-1,"experimentSpecificActivity":true,"optimizeSize":false}]}}
