{"modelSettings":{"letterOrder":"ACGTN","bindingModeInteractions":[],"bindingModes":[{"size":10,"fitLogActivity":true,"flankLength":0,"dinucleotideDistance":0,"componentName":"Binding mode 1","positionBias":false,"singleStrand":false,"modifications":[]}],"letterComplement":"C-G,A-T,N-N"},"coefficients":{"bindingModeInteractions":[],"bindingModes":[{"mononucleotide":[0,-0.7926763814649416,-0.1418181013101636,-0.8796519672799681,-0.38003929766891104,-0.720856632977501,0,-0.5785777267251282,-0.5459183404523751,-0.42070301873291843,-1.7516429101102613,0,-3.0449117972919675,-3.6244619816118275,-1.1649503223019504,-4.844764977863825,-4.664170050835983,0,-4.140776310652128,-1.3536267739051775,-4.175542929634842,-5.307125948438518,0,-2.175267756620208,-1.2606306947593517,0,-3.9737188783503585,-4.371322628371461,-3.687011832209328,-1.3313473527059634,0,-1.5092959287329757,-3.0586400498761526,-0.13074022766657123,-0.6229390961009672,-0.5086780108284064,-1.000118689961539,0,-1.5986125283840789,-0.6109671106589599,-0.7843510087768903,-0.09097448475049852,-0.7522265985630501,0,-0.342218242179456,-0.07299015649297225,-0.16013709718905567,0,-0.15946666981787772,-0.0958956339577808],"activity":[[0]],"dinucleotide":[],"positionBias":[],"modifications":[]}]},"modelFittingConstraints":{"enrichmentModel":[{}],"nShifts":0,"addBindingModesSequentially":true,"bindingModeInteractions":[],"flankLengths":[0],"singleModeLengthSweep":false,"bindingModes":[{"maxFlankLength":-1,"positionBiasBinWidth":1,"optimizeSizeHeuristic":false,"maxSize":-1,"optimizeFlankLength":false,"symmetryString":"null","roundSpecificActivity":true,"informationThreshold":0.1,"optimizeMotifShift":false,"fittingStages":[],"optimizeMotifShiftHeuristic":false,"experimentSpecificPositionBias":true,"minSize":-1,"experimentSpecificActivity":true,"optimizeSize":false}]}}
