{"modelSettings":{"letterOrder":"ACGTN","bindingModeInteractions":[],"bindingModes":[{"size":12,"fitLogActivity":true,"flankLength":0,"dinucleotideDistance":0,"componentName":"Binding mode 1","positionBias":false,"singleStrand":false,"modifications":[]}],"letterComplement":"C-G,A-T,N-N"},"coefficients":{"bindingModeInteractions":[],"bindingModes":[{"mononucleotide":[-0.40674275297677287,0,-0.31471909844387636,-0.8737082213851464,-0.3519681062538056,-1.2523018973052569,-0.9907409938987453,-1.4839710121289809,0,-0.7529592694553633,-2.741004961614913,-2.4380276509706467,-2.6392716090820274,0,-1.184781729275879,-1.691890926817854,-1.1488381139901165,-0.9556634231931129,0,-0.7519778859465155,-2.985600325193959,-2.612877557139828,-3.0524620100712228,0,-1.2283723244590372,-3.512144127452621,0,-2.903611304903765,-2.1440058609510557,-1.2024387899203104,-1.3704978839825923,0,-1.9634842506889014,-1.9490103466261703,-0.9566155144490681,-3.4156755171284097,0,-2.9803988575150058,-2.356974361107133,-1.2221935300070825,0,-1.8384355908575118,-2.324946329405273,-1.4900841891069883,-0.9927611891518539,-2.860532551328423,0,-2.3831001458720285,-2.259825870501948,-1.160058772545504,0,-0.7221652551423823,-0.6805406077108769,-0.9832247738513296,-0.5250321462814176,0,-0.12878313032715472,-0.4119748417595126,-0.2587386757333663,-0.18828018611539327],"activity":[[0]],"dinucleotide":[],"positionBias":[],"modifications":[]}]},"modelFittingConstraints":{"enrichmentModel":[{}],"nShifts":0,"addBindingModesSequentially":true,"bindingModeInteractions":[],"flankLengths":[0],"singleModeLengthSweep":false,"bindingModes":[{"maxFlankLength":-1,"positionBiasBinWidth":1,"optimizeSizeHeuristic":false,"maxSize":-1,"optimizeFlankLength":false,"symmetryString":"null","roundSpecificActivity":true,"informationThreshold":0.1,"optimizeMotifShift":false,"fittingStages":[],"optimizeMotifShiftHeuristic":false,"experimentSpecificPositionBias":true,"minSize":-1,"experimentSpecificActivity":true,"optimizeSize":false}]}}
