{"modelSettings":{"letterOrder":"ACGTN","bindingModeInteractions":[],"bindingModes":[{"size":14,"fitLogActivity":true,"flankLength":0,"dinucleotideDistance":0,"componentName":"Binding mode 1","positionBias":false,"singleStrand":false,"modifications":[]}],"letterComplement":"C-G,A-T,N-N"},"coefficients":{"bindingModeInteractions":[],"bindingModes":[{"mononucleotide":[-3.2849106608463394,-3.0538425769160433,0,-2.953913097981009,-1.2581153124901578,0,-0.25048169443843005,-2.266152644677449,-0.0900598477882193,-0.358100014618801,-2.590002591862591,-2.8382742583660354,-3.1608901335294073,0,-1.224231278867981,-2.81140659165691,0,-1.6934909472194057,-0.19972340153576607,-0.6621553709713304,-0.8920732782042275,-2.2444214236104187,-0.011048754550612827,0,-0.46808302073109154,-3.4757307344190034,-2.3917293426579684,0,-1.1644003450124716,-1.0254638235278681,-1.394340368106798,-2.2405385308901824,-2.8886165960832884,0,-1.0426685526582844,-1.5485848225735266,-0.43172009898198915,-2.9110523624928923,0,-0.7358677975223299,0,-1.7406862935501515,-2.7793337151556674,-2.913868998025909,-1.130300180724121,0,-2.5590790420952896,-3.1960122871498093,-0.1510466741180796,-0.7041532198803647,-3.574369802925693,0,-3.6066971925168465,-3.837995548597381,-1.3123831923892877,0,-1.3338411312523322,-0.37548170883423015,-1.7289846921877539,-0.6311653141731738,-0.4527570418344533,0,-0.34921031869589036,-0.1563923205090756,-0.22428764410252458,-0.19834317569757243,-0.5794815829657463,-1.1127700540209378,0,-0.3897427049108639],"activity":[[0]],"dinucleotide":[],"positionBias":[],"modifications":[]}]},"modelFittingConstraints":{"enrichmentModel":[{}],"nShifts":0,"addBindingModesSequentially":true,"bindingModeInteractions":[],"flankLengths":[0],"singleModeLengthSweep":false,"bindingModes":[{"maxFlankLength":-1,"positionBiasBinWidth":1,"optimizeSizeHeuristic":false,"maxSize":-1,"optimizeFlankLength":false,"symmetryString":"null","roundSpecificActivity":true,"informationThreshold":0.1,"optimizeMotifShift":false,"fittingStages":[],"optimizeMotifShiftHeuristic":false,"experimentSpecificPositionBias":true,"minSize":-1,"experimentSpecificActivity":true,"optimizeSize":false}]}}
