{"modelSettings":{"letterOrder":"ACGTN","bindingModeInteractions":[],"bindingModes":[{"size":12,"fitLogActivity":true,"flankLength":0,"dinucleotideDistance":0,"componentName":"Binding mode 1","positionBias":false,"singleStrand":false,"modifications":[]}],"letterComplement":"C-G,A-T,N-N"},"coefficients":{"bindingModeInteractions":[],"bindingModes":[{"mononucleotide":[-0.207840149492327,0,-0.039478884224839916,-0.13928665668348117,-0.09332058228197758,-0.049880438859597476,-0.501664963058353,0,-0.5509420639025926,-0.2442167417008051,0,-1.837135873311066,-0.1679431676262375,-0.7548075965303216,-0.4801445203167484,-2.893337245351777,0,-4.887321396436769,-4.795443690457299,-1.3175148676055521,0,-4.202313319794113,-5.515316927287432,-4.290977140703379,-1.3541397859972817,-1.7914168677313143,-4.7760060048907205,0,-4.063208206658162,-1.2103706052855354,-5.4652548564138215,-6.091893169559016,0,-5.596660372102349,-1.3761434359676805,-5.29691168042899,-5.465491015319565,-5.493694526299227,0,-1.3730327673972895,-2.21286049599375,-3.318201857038799,0,-1.7444659858223304,-1.1084024510963655,-1.0002641322734833,-0.16584383350271814,-0.638130389257042,0,-0.3771546620359885,0,-0.6133007580807792,-0.6372361807083555,-0.5183238869271971,-0.4057789058563012,-0.22518992875074506,-0.3059183020378633,-0.44956619174541057,0,-0.23170630251772956],"activity":[[0]],"dinucleotide":[],"positionBias":[],"modifications":[]}]},"modelFittingConstraints":{"enrichmentModel":[{}],"nShifts":0,"addBindingModesSequentially":true,"bindingModeInteractions":[],"flankLengths":[0],"singleModeLengthSweep":false,"bindingModes":[{"maxFlankLength":-1,"positionBiasBinWidth":1,"optimizeSizeHeuristic":false,"maxSize":-1,"optimizeFlankLength":false,"symmetryString":"null","roundSpecificActivity":true,"informationThreshold":0.1,"optimizeMotifShift":false,"fittingStages":[],"optimizeMotifShiftHeuristic":false,"experimentSpecificPositionBias":true,"minSize":-1,"experimentSpecificActivity":true,"optimizeSize":false}]}}
