{"modelSettings":{"letterOrder":"ACGTN","bindingModeInteractions":[],"bindingModes":[{"size":11,"fitLogActivity":true,"flankLength":0,"dinucleotideDistance":0,"componentName":"Binding mode 1","positionBias":false,"singleStrand":false,"modifications":[]}],"letterComplement":"C-G,A-T,N-N"},"coefficients":{"bindingModeInteractions":[],"bindingModes":[{"mononucleotide":[0,-0.6602644685800163,-0.5337007659042516,-0.25829118799502115,-0.33006234218668973,-0.4406027024355419,0,-0.36829711640732743,-0.06274981719536576,-0.20005638555505484,-0.8023113991602875,-2.531462005208007,0,-3.950423517815405,-0.9499245755359218,-2.829835791440309,-1.5571071682039994,-3.077266618439735,0,-1.111809664308293,0,-0.24414210325523467,-3.0980574466669935,-3.8545886155189466,-0.7712733736664503,0,-1.3738128005068448,-3.191464631987781,-2.467968315556628,-1.0649296405224087,0,-3.3731393165215215,-2.7036782969534396,-3.0660569958860346,-1.2484079445669194,-5.119569944111476,0,-4.288252264206634,-1.0979456714980227,-1.0837755700548901,0,-3.1440523832333698,-2.5354593740563494,-2.734674241592479,-1.2146561506787654,-0.014468834617074933,-0.1247432108001254,-0.5576114408917547,0,-0.15055143108646327,-0.05702321144317768,-0.1935588218141202,-0.11516632320917619,0,-0.0888827423770721],"activity":[[0]],"dinucleotide":[],"positionBias":[],"modifications":[]}]},"modelFittingConstraints":{"enrichmentModel":[{}],"nShifts":0,"addBindingModesSequentially":true,"bindingModeInteractions":[],"flankLengths":[0],"singleModeLengthSweep":false,"bindingModes":[{"maxFlankLength":-1,"positionBiasBinWidth":1,"optimizeSizeHeuristic":false,"maxSize":-1,"optimizeFlankLength":false,"symmetryString":"null","roundSpecificActivity":true,"informationThreshold":0.1,"optimizeMotifShift":false,"fittingStages":[],"optimizeMotifShiftHeuristic":false,"experimentSpecificPositionBias":true,"minSize":-1,"experimentSpecificActivity":true,"optimizeSize":false}]}}
