{"modelSettings":{"letterOrder":"ACGTN","bindingModeInteractions":[],"bindingModes":[{"size":13,"fitLogActivity":true,"flankLength":0,"dinucleotideDistance":0,"componentName":"Binding mode 1","positionBias":false,"singleStrand":false,"modifications":[]}],"letterComplement":"C-G,A-T,N-N"},"coefficients":{"bindingModeInteractions":[],"bindingModes":[{"mononucleotide":[-0.336948086752642,-0.2899012132826275,0,-0.290396611037405,-0.21994546790312994,0,-0.4901219309798259,-0.07587886879197825,-0.8406017548531874,-0.2974189900853483,-0.9987134767870653,-1.1818724703885768,-1.384948650626559,0,-0.7311639509609665,-1.5609511500311517,-1.2875291304539016,0,-0.36479489460081904,-0.6068653032671295,0,-2.432396971817457,-0.8060074280619993,-1.458157786854248,-0.8169385582602856,-1.414170784476989,0,-2.4713792428733625,-1.3645433833232823,-0.926914006621248,-1.004575804757442,-2.6295114689998873,0,-4.463075118140152,-1.0148408191480545,-4.3304882652698735,-3.956893294400985,-4.221054042475865,0,-1.3403972259732635,-1.8324189677518103,0,-2.9744144027984496,-4.312818498823423,-1.183762516733313,0,-5.339479582348948,-3.7910193585188794,-5.418365622950092,-1.3549843397853933,-3.062719786128443,-0.44419569855335883,-1.409030740505568,0,-0.7274900644520839,-0.6940348137005872,0,-0.6574175397159197,-0.532543333707471,-0.42891771790782734,-0.02082857100240343,-0.046100987985368214,0,-0.36877311932695456,-0.09818778351234388],"activity":[[0]],"dinucleotide":[],"positionBias":[],"modifications":[]}]},"modelFittingConstraints":{"enrichmentModel":[{}],"nShifts":0,"addBindingModesSequentially":true,"bindingModeInteractions":[],"flankLengths":[0],"singleModeLengthSweep":false,"bindingModes":[{"maxFlankLength":-1,"positionBiasBinWidth":1,"optimizeSizeHeuristic":false,"maxSize":-1,"optimizeFlankLength":false,"symmetryString":"null","roundSpecificActivity":true,"informationThreshold":0.1,"optimizeMotifShift":false,"fittingStages":[],"optimizeMotifShiftHeuristic":false,"experimentSpecificPositionBias":true,"minSize":-1,"experimentSpecificActivity":true,"optimizeSize":false}]}}
