{"modelSettings":{"letterOrder":"ACGTN","bindingModeInteractions":[],"bindingModes":[{"size":12,"fitLogActivity":true,"flankLength":0,"dinucleotideDistance":0,"componentName":"Binding mode 1","positionBias":false,"singleStrand":false,"modifications":[]}],"letterComplement":"C-G,A-T,N-N"},"coefficients":{"bindingModeInteractions":[],"bindingModes":[{"mononucleotide":[-0.29452929584196497,-0.21350154593932213,0,-0.40191718314389213,-0.21639475502080727,-0.46629445453130547,-0.29570602071655205,0,-0.3805945004704139,-0.26958559547203187,-0.6408473435118394,-0.9901196968077417,0,-1.6661573216523462,-0.6503991079757587,-2.5219201162113905,0,-2.6683955248743354,-0.040034494264110876,-0.6394050172552054,-0.2029667188850901,0,-2.4991630354127388,-1.1081528994331227,-0.5849084852011653,0,-3.3250281057223408,-1.266652216751314,-5.017715158566672,-1.105361637371221,-5.7051800193391475,-4.81141356429632,-6.153682915259847,0,-1.372795218710221,0,-3.37068787866653,-4.703587680284425,-2.1922961258109988,-1.2421171692938933,0,-4.316175517385113,-4.643816570611589,-2.1902487962635453,-1.2597844822076152,0,-2.6373837274051413,-3.0947419528873596,-2.466325449576379,-1.2025312158605517,0,-0.27991142452453577,-0.6938875858602378,-0.4603768867073672,-0.32624052287044064,-0.3293578747644119,0,-0.18703171602366986,-0.19246465403408486,-0.17027646318180617],"activity":[[0]],"dinucleotide":[],"positionBias":[],"modifications":[]}]},"modelFittingConstraints":{"enrichmentModel":[{}],"nShifts":0,"addBindingModesSequentially":true,"bindingModeInteractions":[],"flankLengths":[0],"singleModeLengthSweep":false,"bindingModes":[{"maxFlankLength":-1,"positionBiasBinWidth":1,"optimizeSizeHeuristic":false,"maxSize":-1,"optimizeFlankLength":false,"symmetryString":"null","roundSpecificActivity":true,"informationThreshold":0.1,"optimizeMotifShift":false,"fittingStages":[],"optimizeMotifShiftHeuristic":false,"experimentSpecificPositionBias":true,"minSize":-1,"experimentSpecificActivity":true,"optimizeSize":false}]}}
