{"modelSettings":{"letterOrder":"ACGTN","bindingModeInteractions":[],"bindingModes":[{"size":13,"fitLogActivity":true,"flankLength":0,"dinucleotideDistance":0,"componentName":"Binding mode 1","positionBias":false,"singleStrand":false,"modifications":[]}],"letterComplement":"C-G,A-T,N-N"},"coefficients":{"bindingModeInteractions":[],"bindingModes":[{"mononucleotide":[-0.1997242289375265,0,-0.054180544785745965,-0.11805958985276721,-0.09023637222721184,-0.2787171051702275,-0.4303676711696536,0,-0.3614473207368061,-0.25370224345314446,0,-1.5502223793611556,-0.45204706968433683,-2.1378032189797724,-0.710070278825261,-4.070533850117157,-3.4779745141176392,-4.987975377015683,0,-1.3329833781481526,-3.3438096665769916,-3.5440717350884925,0,-1.2652873278452343,-1.0888927838430216,0,-3.680728811995904,-3.2287883022356474,-2.7996200086306007,-1.2679397265344898,-3.223450997530152,0,-2.2319134739201885,-1.4027660541309643,-1.054794400801274,-1.3969129586359097,-2.2291851015036417,0,-2.6935419703335115,-1.0337966368916716,-1.578603299596943,-1.0103941930302218,-2.2514104490795055,0,-0.8701295626875063,0,-0.04722038996117739,-1.0021176260059317,-1.2163890526923415,-0.42416007314899895,0,-1.02880389000548,-0.9223442608147829,-0.8847390583564643,-0.6125621492051546,-0.4107383876877124,-0.24547735984134622,-0.43851326545487535,0,-0.25796598810057036,-0.2982628600130255,0,-0.09921449798586046,-0.08470431926869804,-0.11472685320668884],"activity":[[0]],"dinucleotide":[],"positionBias":[],"modifications":[]}]},"modelFittingConstraints":{"enrichmentModel":[{}],"nShifts":0,"addBindingModesSequentially":true,"bindingModeInteractions":[],"flankLengths":[0],"singleModeLengthSweep":false,"bindingModes":[{"maxFlankLength":-1,"positionBiasBinWidth":1,"optimizeSizeHeuristic":false,"maxSize":-1,"optimizeFlankLength":false,"symmetryString":"null","roundSpecificActivity":true,"informationThreshold":0.1,"optimizeMotifShift":false,"fittingStages":[],"optimizeMotifShiftHeuristic":false,"experimentSpecificPositionBias":true,"minSize":-1,"experimentSpecificActivity":true,"optimizeSize":false}]}}
