{"modelSettings":{"letterOrder":"ACGTN","bindingModeInteractions":[],"bindingModes":[{"size":14,"fitLogActivity":true,"flankLength":0,"dinucleotideDistance":0,"componentName":"Binding mode 1","positionBias":false,"singleStrand":false,"modifications":[]}],"letterComplement":"C-G,A-T,N-N"},"coefficients":{"bindingModeInteractions":[],"bindingModes":[{"mononucleotide":[0,-0.09092388916538585,-0.15691568360521568,-0.12455917843368791,-0.09136191500378434,0,-0.26541645865595864,-0.3518169067091188,-0.36789044463371035,-0.23493516950142912,0,-1.0983449752339203,-0.8259027194107995,-0.8385529718334643,-0.5962030226207724,0,-1.4278909400794504,-1.393815010062033,-0.727806010708794,-0.7077997491628986,-1.071373950001763,-2.495048225828576,-2.6682957269545975,0,-0.9845693128970722,-2.697313944120836,-3.335475746000247,0,-3.6067090146903977,-1.2639661675558245,-4.064620926346245,-3.1454710599402134,-4.282214119123925,0,-1.3148781224028998,0,-3.051509353784329,-1.948605586376508,-1.5537476206610235,-1.0489552622179537,-0.41231352339441063,-3.366942684045533,-0.8627425240344193,0,-0.6355319139661132,-3.79681422115916,0,-4.141527982069833,-3.495738263703199,-1.319882241195251,0,-1.008593417287651,-0.4789616073541776,-1.0265791904399801,-0.5351233477587815,0,-1.7878678106597299,-1.4359586643082576,-0.6211536464723295,-0.7223041751694982,-0.6486093708641762,-1.344933940114994,-1.7143998355430918,0,-0.7116162209078013,-0.7012995090701954,-1.0016154769096506,-1.3930664288842376,0,-0.6388774240710002],"activity":[[0]],"dinucleotide":[],"positionBias":[],"modifications":[]}]},"modelFittingConstraints":{"enrichmentModel":[{}],"nShifts":0,"addBindingModesSequentially":true,"bindingModeInteractions":[],"flankLengths":[0],"singleModeLengthSweep":false,"bindingModes":[{"maxFlankLength":-1,"positionBiasBinWidth":1,"optimizeSizeHeuristic":false,"maxSize":-1,"optimizeFlankLength":false,"symmetryString":"null","roundSpecificActivity":true,"informationThreshold":0.1,"optimizeMotifShift":false,"fittingStages":[],"optimizeMotifShiftHeuristic":false,"experimentSpecificPositionBias":true,"minSize":-1,"experimentSpecificActivity":true,"optimizeSize":false}]}}
