{"modelSettings":{"letterOrder":"ACGTN","bindingModeInteractions":[],"bindingModes":[{"size":8,"fitLogActivity":true,"flankLength":0,"dinucleotideDistance":0,"componentName":"Binding mode 1","positionBias":false,"singleStrand":false,"modifications":[]}],"letterComplement":"C-G,A-T,N-N"},"coefficients":{"bindingModeInteractions":[],"bindingModes":[{"mononucleotide":[-0.6124244138946953,-1.102938032177423,0,-0.5385132494807285,-0.4871314817282017,-0.32162805660406857,0,-1.3969679580099603,-1.5262200295664545,-0.6025438365655649,-1.7154145227163582,0,-2.5608219553734104,-1.6578017836422867,-1.0163267195025754,0,-4.705559070599339,-2.0584309424458698,-2.530674768826862,-1.190477401169244,-3.8406264873949865,0,-3.355384779914271,-2.304020388372756,-1.2411273534872918,-1.4450089500296373,-2.8608771626815708,0,-2.832902255238455,-1.084854108096232,-1.2116997154506501,-0.6297000073848866,-1.94097012398987,0,-0.706228841226945,0,-0.03372426315213817,-0.08635598110983977,-0.3042036785345479,-0.09931872099003372],"activity":[[0]],"dinucleotide":[],"positionBias":[],"modifications":[]}]},"modelFittingConstraints":{"enrichmentModel":[{}],"nShifts":0,"addBindingModesSequentially":true,"bindingModeInteractions":[],"flankLengths":[0],"singleModeLengthSweep":false,"bindingModes":[{"maxFlankLength":-1,"positionBiasBinWidth":1,"optimizeSizeHeuristic":false,"maxSize":-1,"optimizeFlankLength":false,"symmetryString":"null","roundSpecificActivity":true,"informationThreshold":0.1,"optimizeMotifShift":false,"fittingStages":[],"optimizeMotifShiftHeuristic":false,"experimentSpecificPositionBias":true,"minSize":-1,"experimentSpecificActivity":true,"optimizeSize":false}]}}
