{"modelSettings":{"letterOrder":"ACGTN","bindingModeInteractions":[],"bindingModes":[{"size":9,"fitLogActivity":true,"flankLength":0,"dinucleotideDistance":0,"componentName":"Binding mode 1","positionBias":false,"singleStrand":false,"modifications":[]}],"letterComplement":"C-G,A-T,N-N"},"coefficients":{"bindingModeInteractions":[],"bindingModes":[{"mononucleotide":[-0.3611063212865675,-0.18804931281161164,0,-0.15105644739869195,-0.16685835783479666,-0.08205943814092631,0,-0.37150187907515164,-0.0870090846481828,-0.1256812346302466,-1.9197339944358902,-2.502743790588463,-3.6564419761522613,0,-1.1596925711652253,0,-3.3113078212880054,-1.768196436339524,-2.1850201876177895,-1.1089775348786892,0,-4.983721521919455,-3.8110767062403132,-5.8075834134197155,-1.35481744311966,-2.8784563138101134,-3.588390853637592,-0.7532810287980425,0,-0.9450223703622137,-1.8004702501726102,0,-1.8699429128870275,-1.5266793897722284,-0.9567159768507777,-1.4297497712951612,0,-1.228887199457164,-0.8596501296730361,-0.7157522642137181,-0.6052366052227085,-0.13992825666704212,0,-0.3982074236231785,-0.25913071288416467],"activity":[[0]],"dinucleotide":[],"positionBias":[],"modifications":[]}]},"modelFittingConstraints":{"enrichmentModel":[{}],"nShifts":0,"addBindingModesSequentially":true,"bindingModeInteractions":[],"flankLengths":[0],"singleModeLengthSweep":false,"bindingModes":[{"maxFlankLength":-1,"positionBiasBinWidth":1,"optimizeSizeHeuristic":false,"maxSize":-1,"optimizeFlankLength":false,"symmetryString":"null","roundSpecificActivity":true,"informationThreshold":0.1,"optimizeMotifShift":false,"fittingStages":[],"optimizeMotifShiftHeuristic":false,"experimentSpecificPositionBias":true,"minSize":-1,"experimentSpecificActivity":true,"optimizeSize":false}]}}
