{"modelSettings":{"letterOrder":"ACGTN","bindingModeInteractions":[],"bindingModes":[{"size":13,"fitLogActivity":true,"flankLength":0,"dinucleotideDistance":0,"componentName":"Binding mode 1","positionBias":false,"singleStrand":false,"modifications":[]}],"letterComplement":"C-G,A-T,N-N"},"coefficients":{"bindingModeInteractions":[],"bindingModes":[{"mononucleotide":[0,-0.66093984452427,-0.6152511675851873,-0.4537061724458109,-0.39595783733879014,0,-1.0322084671751384,-0.9642969271464032,-0.5256819652636953,-0.5410174155710789,-0.35774742079650146,0,-0.9803538271380123,-0.49815259625277264,-0.39970167435988707,-1.1965676031100205,0,-0.6667801611497133,-2.3177464525869356,-0.7370552037939728,-1.4432637347018726,0,-2.50286082123061,-3.6670291242257815,-1.090972652555226,-3.9402759306556363,-2.6858348453903087,0,-3.8452848253343954,-1.2828469929593675,-1.300606198547296,-4.02693070995105,0,-3.4448862507994122,-1.1070699583009675,0,-3.311365777010995,-4.001248844994653,-3.2421365493835888,-1.2966004471942296,0,-2.575070260839696,-3.750987183738847,-2.079279213695564,-1.1836284071669763,-1.2832024126216304,-2.025181412661224,0,-3.2325615093757833,-1.0157143668299111,-1.6626510537766581,-1.2870001405423697,-2.1602373926033236,0,-0.9282171177243985,0,-0.5159818088240335,-0.04443353872988709,-0.4436826387153374,-0.2246689480900851,0,-0.1297438597356635,-0.11924468940720345,-0.26768468688572433,-0.12469626043714582],"activity":[[0]],"dinucleotide":[],"positionBias":[],"modifications":[]}]},"modelFittingConstraints":{"enrichmentModel":[{}],"nShifts":0,"addBindingModesSequentially":true,"bindingModeInteractions":[],"flankLengths":[0],"singleModeLengthSweep":false,"bindingModes":[{"maxFlankLength":-1,"positionBiasBinWidth":1,"optimizeSizeHeuristic":false,"maxSize":-1,"optimizeFlankLength":false,"symmetryString":"null","roundSpecificActivity":true,"informationThreshold":0.1,"optimizeMotifShift":false,"fittingStages":[],"optimizeMotifShiftHeuristic":false,"experimentSpecificPositionBias":true,"minSize":-1,"experimentSpecificActivity":true,"optimizeSize":false}]}}
