{"modelSettings":{"letterOrder":"ACGTN","bindingModeInteractions":[],"bindingModes":[{"size":14,"fitLogActivity":true,"flankLength":0,"dinucleotideDistance":0,"componentName":"Binding mode 2","positionBias":false,"singleStrand":false,"modifications":[]}],"letterComplement":"C-G,A-T,N-N"},"coefficients":{"bindingModeInteractions":[],"bindingModes":[{"mononucleotide":[-0.21206449980912678,0,-0.0859612601705857,-0.07666995938834908,-0.09081739638512018,0,-1.99302898652223,-1.6449356865137466,-0.825457121847013,-0.8168178128236487,-0.18794243688427414,-1.518361239447696,-1.8585933799178465,0,-0.5961907383403106,-0.9264229372789838,-1.7611203336722934,-1.5439174406024923,0,-0.8089157143726527,-1.2688676682282054,-1.6411404604307887,-1.7155824150718075,0,-0.8826337392270125,-2.2990362922191485,-2.240364242565052,0,-2.3935734169088674,-1.1254095887246744,-1.422464613853729,-1.4639213131276052,-1.5523839777444381,0,-0.8650102262377174,0,-1.2534824997870344,-1.5023920496571916,-2.004646766139948,-0.8898839128250159,-1.21023395523176,-0.656004240982647,-1.3639557222337504,0,-0.6574443277104953,-1.555505579904989,-1.6726208877703979,0,-1.143666573782184,-0.8454330570090295,0,-1.8533142562890133,-2.2218777341228604,-2.0904165228580984,-1.0578846150341288,-1.3933056499731613,0,-1.852783672503655,-0.3127612478628592,-0.6271357256806306,0,-1.3117112774945596,-0.27697383952413634,-1.145059914722884,-0.5337369728659889,0,-2.020474485742648,-2.3714108178200464,-0.9003014584039204,-0.8962500286017496],"activity":[[0]],"dinucleotide":[],"positionBias":[],"modifications":[]}]},"modelFittingConstraints":{"enrichmentModel":[{}],"nShifts":0,"addBindingModesSequentially":true,"bindingModeInteractions":[],"flankLengths":[0],"singleModeLengthSweep":false,"bindingModes":[{"maxFlankLength":-1,"positionBiasBinWidth":1,"optimizeSizeHeuristic":false,"maxSize":-1,"optimizeFlankLength":false,"symmetryString":"null","roundSpecificActivity":true,"informationThreshold":0.1,"optimizeMotifShift":false,"fittingStages":[],"optimizeMotifShiftHeuristic":false,"experimentSpecificPositionBias":true,"minSize":-1,"experimentSpecificActivity":true,"optimizeSize":false}]}}
