{"modelSettings":{"letterOrder":"ACGTN","bindingModeInteractions":[],"bindingModes":[{"size":14,"fitLogActivity":true,"flankLength":0,"dinucleotideDistance":0,"componentName":"Binding mode 1","positionBias":false,"singleStrand":false,"modifications":[]}],"letterComplement":"C-G,A-T,N-N"},"coefficients":{"bindingModeInteractions":[],"bindingModes":[{"mononucleotide":[-0.0646185464328024,-0.0675096259230834,-0.2030481108400366,0,-0.08110629918473011,-0.3824893089878163,0,-0.021846991001226,-0.048168588799144985,-0.10161082594660936,0,-0.241207981126637,-1.09713636741798,-1.0899088046196472,-0.4878617281348201,0,-4.533022533927547,-3.7728403879906907,-3.372132251802018,-1.3204586743607447,0,-3.6246346044828517,-4.190026307802213,-4.718075040161768,-1.3368024628174833,-4.342137450086246,-3.106411891021816,-3.601984314698991,0,-1.304677945062459,-4.9375113972790245,0,-3.323109824805952,-5.146348270807665,-1.3384249786322306,0,-1.9546298967783384,-2.820437034460282,-0.6226513313102284,-0.8337222726602513,-1.0604831925886136,0,-0.5474077530321466,-2.245914567949085,-0.6779795431813578,-0.06302964532786781,-1.533670991573239,0,-0.07674986150821361,-0.26111176171360145,-0.8852522402630396,-1.533294462585149,0,-1.0155299731821423,-0.6978361702697439,-1.0253740870206358,0,-1.375552163618281,-0.6340669239455359,-0.6246512732854468,0,-0.12961658285723665,-0.3116596759296266,-0.05746759389056155,-0.11799124293566972,-0.04273512718728156,0,-0.31740320313905723,-0.09598813184969757,-0.10684019446744654],"activity":[[0]],"dinucleotide":[],"positionBias":[],"modifications":[]}]},"modelFittingConstraints":{"enrichmentModel":[{}],"nShifts":0,"addBindingModesSequentially":true,"bindingModeInteractions":[],"flankLengths":[0],"singleModeLengthSweep":false,"bindingModes":[{"maxFlankLength":-1,"positionBiasBinWidth":1,"optimizeSizeHeuristic":false,"maxSize":-1,"optimizeFlankLength":false,"symmetryString":"null","roundSpecificActivity":true,"informationThreshold":0.1,"optimizeMotifShift":false,"fittingStages":[],"optimizeMotifShiftHeuristic":false,"experimentSpecificPositionBias":true,"minSize":-1,"experimentSpecificActivity":true,"optimizeSize":false}]}}
