{"modelSettings":{"letterOrder":"ACGTN","bindingModeInteractions":[],"bindingModes":[{"size":10,"fitLogActivity":true,"flankLength":0,"dinucleotideDistance":0,"componentName":"Binding mode 1","positionBias":false,"singleStrand":false,"modifications":[]}],"letterComplement":"C-G,A-T,N-N"},"coefficients":{"bindingModeInteractions":[],"bindingModes":[{"mononucleotide":[-0.6104344725835813,-0.47115636429435126,0,-0.6710815203604761,-0.40101866121565144,-0.19763048960124863,-0.26476437359919736,0,-1.1393279574650665,-0.31879654074678826,-3.2039977749747903,0,-3.5661708671222683,-2.496417880357043,-1.245452125772797,0,-4.525019592663677,-2.6144056128916513,-2.6996291108307924,-1.2454232628413648,-4.517426348279806,0,-3.7740316461995524,-2.67544185668214,-1.2884847755133877,-1.4723225235383035,-3.1368326924276726,0,-2.7778430706434123,-1.0973745546392861,-1.6115322449503204,0,-2.5214426275963118,-0.24898393943725416,-0.663822540209178,-2.0374104868853533,-1.8351323748261392,0,-1.3363315107057998,-0.9462563477115197,-0.14091952469783742,-0.06856597331698211,-0.8367986084761849,0,-0.21214615879166535,-0.39320353401912644,0,-0.7561215804261852,-0.5793248537506779,-0.39132124333537327],"activity":[[0]],"dinucleotide":[],"positionBias":[],"modifications":[]}]},"modelFittingConstraints":{"enrichmentModel":[{}],"nShifts":0,"addBindingModesSequentially":true,"bindingModeInteractions":[],"flankLengths":[0],"singleModeLengthSweep":false,"bindingModes":[{"maxFlankLength":-1,"positionBiasBinWidth":1,"optimizeSizeHeuristic":false,"maxSize":-1,"optimizeFlankLength":false,"symmetryString":"null","roundSpecificActivity":true,"informationThreshold":0.1,"optimizeMotifShift":false,"fittingStages":[],"optimizeMotifShiftHeuristic":false,"experimentSpecificPositionBias":true,"minSize":-1,"experimentSpecificActivity":true,"optimizeSize":false}]}}
