{"modelSettings":{"letterOrder":"ACGTN","bindingModeInteractions":[],"bindingModes":[{"size":11,"fitLogActivity":true,"flankLength":0,"dinucleotideDistance":0,"componentName":"Binding mode 1","positionBias":false,"singleStrand":false,"modifications":[]}],"letterComplement":"C-G,A-T,N-N"},"coefficients":{"bindingModeInteractions":[],"bindingModes":[{"mononucleotide":[-0.16363899492971168,-0.44198919596098474,0,-0.4300759689208258,-0.2413505679046838,-0.4899625644096499,-0.8240704632847815,0,-2.0021008218034146,-0.604064015535954,-1.3578059057732732,-0.8254741857556422,-2.525493666281996,0,-0.8123415157195919,-1.0902129028009333,0,-2.727340631691057,-1.8917757675700018,-0.9465298212099275,-0.4077457160065059,-3.3568429520369096,0,-5.008765682569474,-0.851748951375796,-4.158909916180724,-2.9613670603594953,-3.4766742235344825,0,-1.2925465403554306,0,-2.1341405771627837,-2.290809243216879,-0.4916490796149562,-0.7813514001576723,0,-2.264432523008247,-2.951154875649359,-2.463085892540856,-1.1701029345902314,0,-1.3430238106803856,-2.4947240178802703,-1.5985519650552233,-0.9507764642012847,0,-0.4584486864562196,-0.7702534526182463,-0.33638041339725255,-0.3532839993361802,-0.37391129347109775,-0.22974422726939414,-0.48810277884889786,0,-0.2560010653324228],"activity":[[0]],"dinucleotide":[],"positionBias":[],"modifications":[]}]},"modelFittingConstraints":{"enrichmentModel":[{}],"nShifts":0,"addBindingModesSequentially":true,"bindingModeInteractions":[],"flankLengths":[0],"singleModeLengthSweep":false,"bindingModes":[{"maxFlankLength":-1,"positionBiasBinWidth":1,"optimizeSizeHeuristic":false,"maxSize":-1,"optimizeFlankLength":false,"symmetryString":"null","roundSpecificActivity":true,"informationThreshold":0.1,"optimizeMotifShift":false,"fittingStages":[],"optimizeMotifShiftHeuristic":false,"experimentSpecificPositionBias":true,"minSize":-1,"experimentSpecificActivity":true,"optimizeSize":false}]}}
