{"modelSettings":{"letterOrder":"ACGTN","bindingModeInteractions":[],"bindingModes":[{"size":10,"fitLogActivity":true,"flankLength":0,"dinucleotideDistance":0,"componentName":"Binding mode 1","positionBias":false,"singleStrand":false,"modifications":[]}],"letterComplement":"C-G,A-T,N-N"},"coefficients":{"bindingModeInteractions":[],"bindingModes":[{"mononucleotide":[-0.32546440281942113,-0.670317941626358,0,-0.4195982436116714,-0.3246750723540794,-0.47202484728845207,-0.36368926560042913,0,-0.992649930770233,-0.3969619211103273,-0.9981264024686287,0,-1.7645201430413051,-0.21169668001197195,-0.532284048334116,0,-0.019036381285007842,-0.9324153759649048,-0.7974195328115079,-0.34770264735940315,0,-2.154229706487195,-1.0076176210297527,-2.55132393153906,-0.9422121927002451,-4.798671946044886,-5.240112494439305,-4.836700332760834,0,-1.3650481368317566,-0.8505510396930358,-1.8654220006965812,-2.6934661795988535,0,-0.8857273429242689,0,-1.9671598412866422,-1.5990865005176613,-1.2709014265459015,-0.90231810514348,0,-0.5628536076307507,-0.632535264206449,-0.5390299286529694,-0.3989345542579827,-0.08716616067943006,-0.10451456282239535,0,-0.223293518459442,-0.10060337449666881],"activity":[[0]],"dinucleotide":[],"positionBias":[],"modifications":[]}]},"modelFittingConstraints":{"enrichmentModel":[{}],"nShifts":0,"addBindingModesSequentially":true,"bindingModeInteractions":[],"flankLengths":[0],"singleModeLengthSweep":false,"bindingModes":[{"maxFlankLength":-1,"positionBiasBinWidth":1,"optimizeSizeHeuristic":false,"maxSize":-1,"optimizeFlankLength":false,"symmetryString":"null","roundSpecificActivity":true,"informationThreshold":0.1,"optimizeMotifShift":false,"fittingStages":[],"optimizeMotifShiftHeuristic":false,"experimentSpecificPositionBias":true,"minSize":-1,"experimentSpecificActivity":true,"optimizeSize":false}]}}
