{"modelSettings":{"letterOrder":"ACGTN","bindingModeInteractions":[],"bindingModes":[{"size":10,"fitLogActivity":true,"flankLength":0,"dinucleotideDistance":0,"componentName":"Binding mode 1","positionBias":false,"singleStrand":false,"modifications":[]}],"letterComplement":"C-G,A-T,N-N"},"coefficients":{"bindingModeInteractions":[],"bindingModes":[{"mononucleotide":[-0.11981743039868675,0,-0.018251645191577737,-0.12365626122199558,-0.0638241554118203,-0.6311013923672593,-0.9183108092093941,-0.8087281505843964,0,-0.5206139843901372,-2.309924560972589,-2.9667440345358163,-2.920658858370133,0,-1.2001156454599093,0,-4.489066729911208,-2.9382228121815483,-1.209905232381094,-1.0770344545971917,0,-5.820244606113118,-5.107509164504309,-5.245182328632125,-1.37210463702205,-4.661016679615855,-1.763083676341195,-4.701899437481361,0,-1.2122990289798354,-1.2120162821695772,-1.5024673688384893,0,-0.7417323461742558,-0.6949162272755053,-0.6494754791972412,-2.102361337090101,0,-1.173096285360415,-0.7164696862310963,-0.8037902939749975,0,-0.56304254932612,-0.621514345349425,-0.44854226370516326,-0.5402934495397052,-0.10423155825019315,-0.8476186078699568,0,-0.31744465215972206],"activity":[[0]],"dinucleotide":[],"positionBias":[],"modifications":[]}]},"modelFittingConstraints":{"enrichmentModel":[{}],"nShifts":0,"addBindingModesSequentially":true,"bindingModeInteractions":[],"flankLengths":[0],"singleModeLengthSweep":false,"bindingModes":[{"maxFlankLength":-1,"positionBiasBinWidth":1,"optimizeSizeHeuristic":false,"maxSize":-1,"optimizeFlankLength":false,"symmetryString":"null","roundSpecificActivity":true,"informationThreshold":0.1,"optimizeMotifShift":false,"fittingStages":[],"optimizeMotifShiftHeuristic":false,"experimentSpecificPositionBias":true,"minSize":-1,"experimentSpecificActivity":true,"optimizeSize":false}]}}
