{"modelSettings":{"letterOrder":"ACGTN","bindingModeInteractions":[],"bindingModes":[{"size":10,"fitLogActivity":true,"flankLength":0,"dinucleotideDistance":0,"componentName":"Binding mode 1","positionBias":false,"singleStrand":false,"modifications":[]}],"letterComplement":"C-G,A-T,N-N"},"coefficients":{"bindingModeInteractions":[],"bindingModes":[{"mononucleotide":[0,-0.3290170570726687,-0.03856057587926465,-0.247600073445156,-0.14431034806228626,-0.12570563845908644,-0.49457610333494806,0,-0.32015061026059755,-0.2176140436815669,-1.3989540186900808,-0.16067873595011584,-2.0558848750129752,0,-0.5859083495610024,-0.31427135379628446,0,-1.2601779804630961,-1.724500498588796,-0.6013949391948491,0,-2.777424907455814,-2.0994761590333044,-4.034616621961343,-1.2019652187007568,-3.876817011818742,-3.6227888366291823,-3.6405994284250047,0,-1.3152197205667595,-3.8502641549363306,-2.4023842419961046,-3.851370534284123,0,-1.2614018795986521,0,-3.1911865402368242,-2.430192064547824,-2.361588923317702,-1.1846496309123071,-0.005745399242757188,-0.7930922976930246,0,-0.6258728645228793,-0.2938648010590827,-0.6926547082035674,0,-0.2776251476735454,-0.447317059159825,-0.3225605794049748],"activity":[[0]],"dinucleotide":[],"positionBias":[],"modifications":[]}]},"modelFittingConstraints":{"enrichmentModel":[{}],"nShifts":0,"addBindingModesSequentially":true,"bindingModeInteractions":[],"flankLengths":[0],"singleModeLengthSweep":false,"bindingModes":[{"maxFlankLength":-1,"positionBiasBinWidth":1,"optimizeSizeHeuristic":false,"maxSize":-1,"optimizeFlankLength":false,"symmetryString":"null","roundSpecificActivity":true,"informationThreshold":0.1,"optimizeMotifShift":false,"fittingStages":[],"optimizeMotifShiftHeuristic":false,"experimentSpecificPositionBias":true,"minSize":-1,"experimentSpecificActivity":true,"optimizeSize":false}]}}
