{"modelSettings":{"letterOrder":"ACGTN","bindingModeInteractions":[],"bindingModes":[{"size":10,"fitLogActivity":true,"flankLength":0,"dinucleotideDistance":0,"componentName":"Binding mode 1","positionBias":false,"singleStrand":false,"modifications":[]}],"letterComplement":"C-G,A-T,N-N"},"coefficients":{"bindingModeInteractions":[],"bindingModes":[{"mononucleotide":[0,-0.43609402028965993,-0.16816083020440686,-0.2748765168613292,-0.20719615711369044,-0.7992619541273567,-0.357556076273974,-0.3301989240218286,0,-0.33274048369401443,-1.017184771296963,0,-0.9025488903847809,-0.9031089259508236,-0.6104370337769135,-0.4372998246288984,0,-1.6992754481986316,-1.0784830110490806,-0.6121642393945624,0,-2.3296604956838833,-2.5319304581342883,-2.3288333495788884,-1.1439416929591582,-4.828919519229339,-4.384973187756236,-4.573618492829731,0,-1.3559796070578283,-3.5006824734887103,-2.1088142587173047,-5.20680404023855,0,-1.240431288550582,0,-4.279920964034723,-3.6941091576377003,-2.078923208438719,-1.23462261129921,-0.3298719040315281,-0.6975467037363718,0,-0.771306382562273,-0.40076511096593587,-0.6558501275505417,0,-0.19694739076711176,-0.49979915241679507,-0.30554500657168293],"activity":[[0]],"dinucleotide":[],"positionBias":[],"modifications":[]}]},"modelFittingConstraints":{"enrichmentModel":[{}],"nShifts":0,"addBindingModesSequentially":true,"bindingModeInteractions":[],"flankLengths":[0],"singleModeLengthSweep":false,"bindingModes":[{"maxFlankLength":-1,"positionBiasBinWidth":1,"optimizeSizeHeuristic":false,"maxSize":-1,"optimizeFlankLength":false,"symmetryString":"null","roundSpecificActivity":true,"informationThreshold":0.1,"optimizeMotifShift":false,"fittingStages":[],"optimizeMotifShiftHeuristic":false,"experimentSpecificPositionBias":true,"minSize":-1,"experimentSpecificActivity":true,"optimizeSize":false}]}}
