{"modelSettings":{"letterOrder":"ACGTN","bindingModeInteractions":[],"bindingModes":[{"size":10,"fitLogActivity":true,"flankLength":0,"dinucleotideDistance":0,"componentName":"Binding mode 1","positionBias":false,"singleStrand":false,"modifications":[]}],"letterComplement":"C-G,A-T,N-N"},"coefficients":{"bindingModeInteractions":[],"bindingModes":[{"mononucleotide":[0,-0.6486784673098929,-0.34022286616752373,-0.1951283705913105,-0.2688351692430205,-0.5209668350102246,-0.7376689939847156,-0.3250058051842921,0,-0.3585708293239709,-0.3632381902934463,-2.296521847497236,-0.6439148239392147,0,-0.5441837282726444,0,-3.0875152054430473,-2.7544718994324384,-3.53075983127959,-1.2565472382933125,-3.4485375860346954,0,-4.414514680839688,-5.116764887076574,-1.337610956761819,0,-3.828815152015879,-2.486824365475271,-2.6507171467588586,-1.2245926103228106,-0.5735236850749721,-0.44624304615575694,-2.3212446858549205,0,-0.5526395377521247,-1.0434187466130411,-1.1512317558283085,0,-1.9572385432948511,-0.793109351103523,0,-0.6711341822972003,-0.5978889417843263,-0.5911532368716617,-0.42511120313261735,0,-0.8596241728107459,-0.712565517880889,-0.06497594382374494,-0.33869623176546],"activity":[[0]],"dinucleotide":[],"positionBias":[],"modifications":[]}]},"modelFittingConstraints":{"enrichmentModel":[{}],"nShifts":0,"addBindingModesSequentially":true,"bindingModeInteractions":[],"flankLengths":[0],"singleModeLengthSweep":false,"bindingModes":[{"maxFlankLength":-1,"positionBiasBinWidth":1,"optimizeSizeHeuristic":false,"maxSize":-1,"optimizeFlankLength":false,"symmetryString":"null","roundSpecificActivity":true,"informationThreshold":0.1,"optimizeMotifShift":false,"fittingStages":[],"optimizeMotifShiftHeuristic":false,"experimentSpecificPositionBias":true,"minSize":-1,"experimentSpecificActivity":true,"optimizeSize":false}]}}
