{"modelSettings":{"letterOrder":"ACGTN","bindingModeInteractions":[],"bindingModes":[{"size":14,"fitLogActivity":true,"flankLength":0,"dinucleotideDistance":0,"componentName":"Binding mode 1","positionBias":false,"singleStrand":false,"modifications":[]}],"letterComplement":"C-G,A-T,N-N"},"coefficients":{"bindingModeInteractions":[],"bindingModes":[{"mononucleotide":[-0.09133909168343379,-0.4552594669784229,-0.36911494087814933,0,-0.2112342865731426,-1.1933467316710615,0,-1.1202088929943805,-0.7824501631668319,-0.6507101645992792,-1.6527154373652735,-3.8233213567204603,0,-3.499276013336138,-1.168281178042141,0,-2.8217278716353764,-2.1198552550409624,-2.2606733338683624,-1.1364447799211785,0,-3.242950895906584,-2.1859077022225866,-1.8339238131386844,-1.1153443302536505,0,-2.8532552571331258,-3.4694635040131208,-1.6706402150745445,-1.1418460612303618,-0.8556105430503633,0,-0.149238227874271,-1.544546658438784,-0.4700851915785125,-1.4119293663925303,0,-2.230666866645241,-0.00723086048936139,-0.5344676308673391,-1.3706587113465822,-3.4967336241803415,0,-3.0973359453318845,-1.101562745870411,0,-1.4704531708008721,-1.7435992102411588,-1.6874301476954279,-0.9227456222292555,0,-2.6676744509077794,-0.967830406680581,-0.8273723918522613,-0.7515624027480405,0,-1.799711248506918,-3.49921632888549,-1.5123425395203576,-1.038486066668421,-1.3334664764187147,0,-0.6136117922266804,-1.668040476427409,-0.6963672170440671,-0.9962784573682892,-0.4879351175778561,-1.3295643431532183,0,-0.5763707485906202],"activity":[[0]],"dinucleotide":[],"positionBias":[],"modifications":[]}]},"modelFittingConstraints":{"enrichmentModel":[{}],"nShifts":0,"addBindingModesSequentially":true,"bindingModeInteractions":[],"flankLengths":[0],"singleModeLengthSweep":false,"bindingModes":[{"maxFlankLength":-1,"positionBiasBinWidth":1,"optimizeSizeHeuristic":false,"maxSize":-1,"optimizeFlankLength":false,"symmetryString":"null","roundSpecificActivity":true,"informationThreshold":0.1,"optimizeMotifShift":false,"fittingStages":[],"optimizeMotifShiftHeuristic":false,"experimentSpecificPositionBias":true,"minSize":-1,"experimentSpecificActivity":true,"optimizeSize":false}]}}
