{"modelSettings":{"letterOrder":"ACGTN","bindingModeInteractions":[],"bindingModes":[{"size":12,"fitLogActivity":true,"flankLength":0,"dinucleotideDistance":0,"componentName":"Binding mode 1","positionBias":false,"singleStrand":false,"modifications":[]}],"letterComplement":"C-G,A-T,N-N"},"coefficients":{"bindingModeInteractions":[],"bindingModes":[{"mononucleotide":[0,-0.49708207501491586,-0.28941860766480865,-0.1504839023863358,-0.2177539256665502,-0.04222150391835111,-1.2489349527161688,-0.548407938735183,0,-0.34837498670403755,-1.9223273473483125,-2.876887199935977,0,-3.3824292968580707,-1.1739765826668798,-3.684320054066567,-4.039834415202678,0,-3.2328253029248173,-1.3073348309029507,-3.3393262709431166,-3.151197871218308,0,-2.860526394496142,-1.2592210238828798,-1.6645162004803828,0,-3.4276214826610016,-0.9690415032838549,-0.915545485904543,-1.3082170062201892,-3.3919121099917544,0,-0.6758092957240254,-0.7914822183480542,-1.7970334362731308,-0.16216003854848182,-1.3793719244369584,0,-0.5674701794752414,-1.764146447619543,-1.860348741891832,0,-1.9709999444624708,-1.0035734232901852,-1.614573459316588,-1.637201597255967,0,-1.5913616299936555,-0.9180752670995114,-1.7888930876029225,0,-1.5051636708241638,-0.0390232351178641,-0.5315155227277418,-0.6893329552135352,0,-1.0536495716631444,-0.7181274055094837,-0.5368965752263172],"activity":[[0]],"dinucleotide":[],"positionBias":[],"modifications":[]}]},"modelFittingConstraints":{"enrichmentModel":[{}],"nShifts":0,"addBindingModesSequentially":true,"bindingModeInteractions":[],"flankLengths":[0],"singleModeLengthSweep":false,"bindingModes":[{"maxFlankLength":-1,"positionBiasBinWidth":1,"optimizeSizeHeuristic":false,"maxSize":-1,"optimizeFlankLength":false,"symmetryString":"null","roundSpecificActivity":true,"informationThreshold":0.1,"optimizeMotifShift":false,"fittingStages":[],"optimizeMotifShiftHeuristic":false,"experimentSpecificPositionBias":true,"minSize":-1,"experimentSpecificActivity":true,"optimizeSize":false}]}}
