{"modelSettings":{"letterOrder":"ACGTN","bindingModeInteractions":[],"bindingModes":[{"size":10,"fitLogActivity":true,"flankLength":0,"dinucleotideDistance":0,"componentName":"Binding mode 1","positionBias":false,"singleStrand":false,"modifications":[]}],"letterComplement":"C-G,A-T,N-N"},"coefficients":{"bindingModeInteractions":[],"bindingModes":[{"mononucleotide":[-0.17086392608073453,-0.027917714900065782,0,-0.0485528138612521,-0.05974690526017265,-0.570218871786949,-0.057031061267259986,0,-0.5075880445871981,-0.2510570008024076,-1.1977413396159564,0,-1.7236114817876078,-0.04740187922976791,-0.49675838994898086,0,-1.4103321913251934,-2.1819490271232,-1.9442145612367134,-0.9808404572728877,0,-2.8172546863037207,-3.07688905074592,-4.236550681926349,-1.2726714023718453,-4.466680542021157,-3.574743309230229,-4.697117803049499,0,-1.3388102636118897,-2.926520253775146,-0.01976831190043349,-1.5649233449444602,0,-0.5784297228248861,0,-3.113596569837968,-2.554919366796561,-1.9648451903285065,-1.1533455067490752,-0.07301071594049446,-0.4517776780763647,0,-0.4512168306124096,-0.2222254518013772,-0.43518951482617485,-0.026197809399172378,0,-0.1298289803746151,-0.13366568627150002],"activity":[[0]],"dinucleotide":[],"positionBias":[],"modifications":[]}]},"modelFittingConstraints":{"enrichmentModel":[{}],"nShifts":0,"addBindingModesSequentially":true,"bindingModeInteractions":[],"flankLengths":[0],"singleModeLengthSweep":false,"bindingModes":[{"maxFlankLength":-1,"positionBiasBinWidth":1,"optimizeSizeHeuristic":false,"maxSize":-1,"optimizeFlankLength":false,"symmetryString":"null","roundSpecificActivity":true,"informationThreshold":0.1,"optimizeMotifShift":false,"fittingStages":[],"optimizeMotifShiftHeuristic":false,"experimentSpecificPositionBias":true,"minSize":-1,"experimentSpecificActivity":true,"optimizeSize":false}]}}
