{"modelSettings":{"letterOrder":"ACGTN","bindingModeInteractions":[],"bindingModes":[{"size":14,"fitLogActivity":true,"flankLength":0,"dinucleotideDistance":0,"componentName":"Binding mode 2","positionBias":false,"singleStrand":false,"modifications":[]}],"letterComplement":"C-G,A-T,N-N"},"coefficients":{"bindingModeInteractions":[],"bindingModes":[{"mononucleotide":[-3.5014776864322394,-3.4553906191790933,-1.9815139594341193,0,-1.2043160911513022,-5.444537937210232,-5.766760998684076,0,-5.9034575485356005,-1.3761661215505439,-4.690735760431508,-5.8805813832093445,0,-4.380160194782214,-1.3620931447250846,-1.047221296282144,0,-3.9505989279131297,-4.11825989798254,-1.059564099625546,0,-0.6984607002090115,-0.4480004539494935,-0.4464822586018711,-0.36523656437076646,-0.16543150298695686,0,-0.2657681585543017,-0.10463907471049705,-0.12931336219944453,-0.08799025033561492,0,-0.02332072416739095,-0.08516140362617008,-0.04838097283853911,-0.14772232776646455,-0.15065023165043812,0,-0.19971720091566958,-0.12166452827462146,-0.23383779281248174,-0.4490664089216523,-0.22453363776498136,0,-0.21424494664902535,-1.454783807740018,-1.423798126219924,0,-0.40022214989269944,-0.6234253919373939,-3.3152939898317957,0,-5.267891588209497,-2.133639035027249,-1.2379748249714146,-6.198839696514897,0,-5.31185495806813,-5.1769137117237225,-1.3737632467193313,0,-0.562659512187329,-1.6761431153673065,-1.9803753027495645,-0.7471791897531727,0,-4.243958235639347,-0.5350128094233035,-2.9495570456897986,-0.8840804968144803],"activity":[[0]],"dinucleotide":[],"positionBias":[],"modifications":[]}]},"modelFittingConstraints":{"enrichmentModel":[{}],"nShifts":0,"addBindingModesSequentially":true,"bindingModeInteractions":[],"flankLengths":[0],"singleModeLengthSweep":false,"bindingModes":[{"maxFlankLength":-1,"positionBiasBinWidth":1,"optimizeSizeHeuristic":false,"maxSize":-1,"optimizeFlankLength":false,"symmetryString":"null","roundSpecificActivity":true,"informationThreshold":0.1,"optimizeMotifShift":false,"fittingStages":[],"optimizeMotifShiftHeuristic":false,"experimentSpecificPositionBias":true,"minSize":-1,"experimentSpecificActivity":true,"optimizeSize":false}]}}
