{"modelSettings":{"letterOrder":"ACGTN","bindingModeInteractions":[],"bindingModes":[{"size":14,"fitLogActivity":true,"flankLength":0,"dinucleotideDistance":0,"componentName":"Binding mode 1","positionBias":false,"singleStrand":false,"modifications":[]}],"letterComplement":"C-G,A-T,N-N"},"coefficients":{"bindingModeInteractions":[],"bindingModes":[{"mononucleotide":[0,-0.6182829131866132,-0.24954778243444053,-0.3691938841857567,-0.28458243280674883,0,-0.6126062197080664,-0.2514393396464669,-0.25858854594334524,-0.25755452915457233,0,-1.624737870407186,-1.2015455832281052,-0.20567906371717548,-0.5482736914427853,-0.4100691256738802,-0.7449876583685544,-0.3307881090477274,0,-0.33662658291432884,-1.3582948720582202,-2.3838848574723794,-1.111690135581032,0,-0.8685171848049581,-4.277323090783251,-3.0104381272624057,-4.483364214053213,0,-1.3144899221272106,-4.250786355943405,-3.5838868827011137,-3.728127977360603,0,-1.3223262774259446,-5.114642023795819,0,-5.39937299266632,-5.616539864935622,-1.3722289971990087,-5.627844680498933,0,-5.278389775898234,-5.357238371718328,-1.3729726289874846,0,-3.416194481512341,-0.533619239640216,-2.4595498356500407,-0.8528529548618896,-0.7519793989957533,-0.34481845713196435,-1.474021570933834,0,-0.5071722664685432,0,-0.27853567359236564,-0.33116408204158887,-0.04879812855535892,-0.1545064191949853,0,-1.4370415226527982,-0.5527603774568028,-0.8286728179047813,-0.5755341431289906,-0.013085461799562381,-0.38183042264051714,-0.3190363524887898,0,-0.16356073510125446],"activity":[[0]],"dinucleotide":[],"positionBias":[],"modifications":[]}]},"modelFittingConstraints":{"enrichmentModel":[{}],"nShifts":0,"addBindingModesSequentially":true,"bindingModeInteractions":[],"flankLengths":[0],"singleModeLengthSweep":false,"bindingModes":[{"maxFlankLength":-1,"positionBiasBinWidth":1,"optimizeSizeHeuristic":false,"maxSize":-1,"optimizeFlankLength":false,"symmetryString":"null","roundSpecificActivity":true,"informationThreshold":0.1,"optimizeMotifShift":false,"fittingStages":[],"optimizeMotifShiftHeuristic":false,"experimentSpecificPositionBias":true,"minSize":-1,"experimentSpecificActivity":true,"optimizeSize":false}]}}
