{"modelSettings":{"letterOrder":"ACGTN","bindingModeInteractions":[],"bindingModes":[{"size":10,"fitLogActivity":true,"flankLength":0,"dinucleotideDistance":0,"componentName":"Binding mode 1","positionBias":false,"singleStrand":false,"modifications":[]}],"letterComplement":"C-G,A-T,N-N"},"coefficients":{"bindingModeInteractions":[],"bindingModes":[{"mononucleotide":[0,-0.604192113435694,-0.45529617689674495,-0.1357808839274277,-0.26990444659697593,-0.3892688144065506,-0.2990106412831661,-0.1591244762396773,0,-0.2008948323889997,-0.9599458956965865,-1.4560044103846241,-0.859953234182214,0,-0.6737066154503456,-3.469228905540533,-2.0157544364704396,-3.5383115364607494,0,-1.209468503039423,-3.068045878271409,-2.8148980399797665,-2.317315242454855,0,-1.1998475217515556,-5.138902185468362,0,-4.286563549457384,-5.326380614165798,-1.362111282369591,-5.699547401702665,0,-4.529740304935821,-5.200794466149973,-1.3668416580393306,0,-1.707146183661874,-0.19020490509953714,-1.018006832804824,-0.5236209806191846,-0.36577501234774346,-0.24725184282947765,-0.9128782594043354,0,-0.32990429593860293,-0.23287523473424354,-0.18403466107188748,-0.320121066216311,0,-0.17726819304341204],"activity":[[0]],"dinucleotide":[],"positionBias":[],"modifications":[]}]},"modelFittingConstraints":{"enrichmentModel":[{}],"nShifts":0,"addBindingModesSequentially":true,"bindingModeInteractions":[],"flankLengths":[0],"singleModeLengthSweep":false,"bindingModes":[{"maxFlankLength":-1,"positionBiasBinWidth":1,"optimizeSizeHeuristic":false,"maxSize":-1,"optimizeFlankLength":false,"symmetryString":"null","roundSpecificActivity":true,"informationThreshold":0.1,"optimizeMotifShift":false,"fittingStages":[],"optimizeMotifShiftHeuristic":false,"experimentSpecificPositionBias":true,"minSize":-1,"experimentSpecificActivity":true,"optimizeSize":false}]}}
