{"modelSettings":{"letterOrder":"ACGTN","bindingModeInteractions":[],"bindingModes":[{"size":12,"fitLogActivity":true,"flankLength":0,"dinucleotideDistance":0,"componentName":"Binding mode 1","positionBias":false,"singleStrand":false,"modifications":[]}],"letterComplement":"C-G,A-T,N-N"},"coefficients":{"bindingModeInteractions":[],"bindingModes":[{"mononucleotide":[-0.3638379268104259,-0.045511064295128634,0,-0.008567448011492118,-0.09376632063746586,-0.4106600426036646,-0.4994851509346656,-0.4488921558689327,0,-0.3186945928684698,0,-3.113248110593738,-1.1968543348488145,-1.091048384844349,-0.8660351684372651,0,-3.7080133147086327,-2.7515268660145775,-1.4612973031810759,-1.1084416516906321,0,-3.7266466018860136,-3.1123666158999255,-4.273838526711759,-1.3070237928714414,-2.927260674777905,-3.875553209271958,0,-0.6167099582046642,-0.9075765719368114,-1.8013270020740988,-4.4153995066577565,0,-2.2662639051273405,-1.1387561607512955,-2.6050217032758054,-1.10251179094203,-1.1513013146817501,0,-0.8427135595324076,-3.791348780934162,0,-2.9324336317100776,-1.433510946377793,-1.112988187530745,0,-3.2607563349784625,-1.231357908571149,-2.7292118290729013,-1.0530229353258667,0,-0.013404628321855405,-0.2777924677590642,-0.11454280311174347,-0.09543422748747464,-0.24584043556777768,-0.12361897957168111,0,-0.18693118623533245,-0.13488536364954062],"activity":[[0]],"dinucleotide":[],"positionBias":[],"modifications":[]}]},"modelFittingConstraints":{"enrichmentModel":[{}],"nShifts":0,"addBindingModesSequentially":true,"bindingModeInteractions":[],"flankLengths":[0],"singleModeLengthSweep":false,"bindingModes":[{"maxFlankLength":-1,"positionBiasBinWidth":1,"optimizeSizeHeuristic":false,"maxSize":-1,"optimizeFlankLength":false,"symmetryString":"null","roundSpecificActivity":true,"informationThreshold":0.1,"optimizeMotifShift":false,"fittingStages":[],"optimizeMotifShiftHeuristic":false,"experimentSpecificPositionBias":true,"minSize":-1,"experimentSpecificActivity":true,"optimizeSize":false}]}}
