{"modelSettings":{"letterOrder":"ACGTN","bindingModeInteractions":[],"bindingModes":[{"size":14,"fitLogActivity":true,"flankLength":0,"dinucleotideDistance":0,"componentName":"Binding mode 1","positionBias":false,"singleStrand":false,"modifications":[]}],"letterComplement":"C-G,A-T,N-N"},"coefficients":{"bindingModeInteractions":[],"bindingModes":[{"mononucleotide":[-0.2692641927790618,-1.5829661564365018,-0.7783736112481758,0,-0.49903762004615726,-2.0571247587403807,-2.6367430781166252,-3.155791723957526,0,-1.1695555313689028,0,-4.339480804874981,-3.6322914855573716,-3.235596939708714,-1.3104121357110181,-4.208554747780508,-3.287908320497039,-4.564130842658141,0,-1.3255580978916086,-3.0896500711404085,-4.164786023657603,0,-3.606498021967897,-1.3017715510639216,-3.258734187218496,0,-2.1243203523233145,-0.47319986608927245,-0.8091436521333764,-0.2389960238756217,-3.189820329836794,-3.3108271999964374,0,-0.762988664375284,0,-3.4771528512086705,-2.5367609289900273,-3.659596413773973,-1.2589919633853752,0,-4.824236473769002,-4.836279296322822,-4.145583448691564,-1.3549862081700421,-3.079570107415208,-3.6777991908297354,-3.5034915633387045,0,-1.289757936589441,-1.9459099232023842,-1.8946523450689696,-0.006097215461341676,0,-0.5589882479424604,0,-1.8188160385070233,-0.6748889875365496,-1.2165533165888753,-0.7094391109061144,0,-0.6917895544677872,-0.22492559558075165,-1.2795764597578652,-0.4395093448875987,-0.9506461505644461,-0.4145542052481028,0,-0.4979121026002753,-0.4098782227450003],"activity":[[0]],"dinucleotide":[],"positionBias":[],"modifications":[]}]},"modelFittingConstraints":{"enrichmentModel":[{}],"nShifts":0,"addBindingModesSequentially":true,"bindingModeInteractions":[],"flankLengths":[0],"singleModeLengthSweep":false,"bindingModes":[{"maxFlankLength":-1,"positionBiasBinWidth":1,"optimizeSizeHeuristic":false,"maxSize":-1,"optimizeFlankLength":false,"symmetryString":"null","roundSpecificActivity":true,"informationThreshold":0.1,"optimizeMotifShift":false,"fittingStages":[],"optimizeMotifShiftHeuristic":false,"experimentSpecificPositionBias":true,"minSize":-1,"experimentSpecificActivity":true,"optimizeSize":false}]}}
