{"modelSettings":{"letterOrder":"ACGTN","bindingModeInteractions":[],"bindingModes":[{"size":8,"fitLogActivity":true,"flankLength":0,"dinucleotideDistance":0,"componentName":"Binding mode 1","positionBias":false,"singleStrand":false,"modifications":[]}],"letterComplement":"C-G,A-T,N-N"},"coefficients":{"bindingModeInteractions":[],"bindingModes":[{"mononucleotide":[-0.4514949377726438,0,-0.14548544853525058,-0.7149795183388123,-0.29086036723827047,-0.7332991858744426,-1.0275617534484907,0,-1.8194861353933967,-0.6929925785925664,-2.7331303589707328,-1.589059168910077,-0.8848786147058165,0,-0.8663718689629398,0,-1.984106255602878,-1.018037960126796,-5.252678426779717,-0.9781394932487978,-3.6159898492357057,-2.015519068620261,-2.5094809362571353,0,-1.1700127413606136,-1.1722897743911163,0,-1.586605347058208,-0.9131043287646579,-0.7362881520531334,0,-0.6463179736854028,-0.1212606416152231,-1.1176943528012537,-0.3795022633967118,-0.1739489546766766,0,-0.1371823014780449,-0.024070884955232685,-0.08111039136249149],"activity":[[0]],"dinucleotide":[],"positionBias":[],"modifications":[]}]},"modelFittingConstraints":{"enrichmentModel":[{}],"nShifts":0,"addBindingModesSequentially":true,"bindingModeInteractions":[],"flankLengths":[0],"singleModeLengthSweep":false,"bindingModes":[{"maxFlankLength":-1,"positionBiasBinWidth":1,"optimizeSizeHeuristic":false,"maxSize":-1,"optimizeFlankLength":false,"symmetryString":"null","roundSpecificActivity":true,"informationThreshold":0.1,"optimizeMotifShift":false,"fittingStages":[],"optimizeMotifShiftHeuristic":false,"experimentSpecificPositionBias":true,"minSize":-1,"experimentSpecificActivity":true,"optimizeSize":false}]}}
