{"modelSettings":{"letterOrder":"ACGTN","bindingModeInteractions":[],"bindingModes":[{"size":14,"fitLogActivity":true,"flankLength":0,"dinucleotideDistance":0,"componentName":"Binding mode 1","positionBias":false,"singleStrand":false,"modifications":[]}],"letterComplement":"C-G,A-T,N-N"},"coefficients":{"bindingModeInteractions":[],"bindingModes":[{"mononucleotide":[-0.42216509013754866,-0.31536338060604496,0,-0.3803298965047057,-0.26501252361993954,-0.18670516460225883,-0.5742570505956701,-0.290381809038041,0,-0.2418202120503211,0,-0.8281883401603487,-1.3099516668431277,-0.684279047855691,-0.5927920846741742,0,-1.3903545721529835,-1.1761305316479276,-0.26644676120219035,-0.543196519404284,-0.3836564873372401,0,-0.08344427626398776,-0.1761617032240288,-0.15088388590355967,-1.2437091397084186,-0.8933380887309204,-0.7577968375847348,0,-0.6132746502718266,0,-1.9100078882206226,-0.2475196467142311,-2.991373756594616,-0.7036862713145182,-4.232628241345425,-3.879375272949761,0,-1.8895899182867826,-1.21544528121235,-1.6210481032149762,-2.9622282280107317,0,-2.3106123057414605,-1.0872307082111916,-1.2952712160039872,-1.1183688762929358,-0.8996193197816149,0,-0.6894736946976089,-3.1095765870702308,0,-2.3829428845275933,-1.1405407936028609,-1.0102274643225444,0,-3.2711052841452952,-0.9051221451326175,-2.2898707866064,-0.9520886071412485,0,-0.016266491776820935,-0.09222477448486188,-0.15168989202668826,-0.0632007632834522,-0.414709544803169,-0.14697105171462788,0,-0.05510735914365217,-0.14207215674940676],"activity":[[0]],"dinucleotide":[],"positionBias":[],"modifications":[]}]},"modelFittingConstraints":{"enrichmentModel":[{}],"nShifts":0,"addBindingModesSequentially":true,"bindingModeInteractions":[],"flankLengths":[0],"singleModeLengthSweep":false,"bindingModes":[{"maxFlankLength":-1,"positionBiasBinWidth":1,"optimizeSizeHeuristic":false,"maxSize":-1,"optimizeFlankLength":false,"symmetryString":"null","roundSpecificActivity":true,"informationThreshold":0.1,"optimizeMotifShift":false,"fittingStages":[],"optimizeMotifShiftHeuristic":false,"experimentSpecificPositionBias":true,"minSize":-1,"experimentSpecificActivity":true,"optimizeSize":false}]}}
