{"modelSettings":{"letterOrder":"ACGTN","bindingModeInteractions":[],"bindingModes":[{"size":9,"fitLogActivity":true,"flankLength":0,"dinucleotideDistance":0,"componentName":"Binding mode 1","positionBias":false,"singleStrand":false,"modifications":[]}],"letterComplement":"C-G,A-T,N-N"},"coefficients":{"bindingModeInteractions":[],"bindingModes":[{"mononucleotide":[-0.06321159058613901,-0.21611622358317195,0,-0.19281884014905248,-0.11400391923621052,-0.7774287842092269,-0.43332849843884347,-0.9509519949426748,0,-0.47228355128919286,-1.5890344622553414,-1.6264113390558963,0,-1.1237204435558183,-0.8405893314480445,0,-2.722113734322556,-3.5642036711173395,-2.771142205932459,-1.240770216852275,-4.168575292553922,-1.867183973862749,-3.5747799959430093,0,-1.2055956450255259,0,-0.8174000150510636,-1.899984514538998,-1.4716977881864335,-0.7870817510458581,-1.5267645471220814,0,-0.4861033404730204,-0.5717001174466176,-0.5121513202494266,-0.9196870469418936,-0.20391054079443105,0,-0.6069198583215907,-0.3713513494805218,-0.3993459423225145,0,-0.212567657707198,-0.11465130011285263,-0.17110235378546426],"activity":[[0]],"dinucleotide":[],"positionBias":[],"modifications":[]}]},"modelFittingConstraints":{"enrichmentModel":[{}],"nShifts":0,"addBindingModesSequentially":true,"bindingModeInteractions":[],"flankLengths":[0],"singleModeLengthSweep":false,"bindingModes":[{"maxFlankLength":-1,"positionBiasBinWidth":1,"optimizeSizeHeuristic":false,"maxSize":-1,"optimizeFlankLength":false,"symmetryString":"null","roundSpecificActivity":true,"informationThreshold":0.1,"optimizeMotifShift":false,"fittingStages":[],"optimizeMotifShiftHeuristic":false,"experimentSpecificPositionBias":true,"minSize":-1,"experimentSpecificActivity":true,"optimizeSize":false}]}}
