{"modelSettings":{"letterOrder":"ACGTN","bindingModeInteractions":[],"bindingModes":[{"size":10,"fitLogActivity":true,"flankLength":0,"dinucleotideDistance":0,"componentName":"Binding mode 1","positionBias":false,"singleStrand":false,"modifications":[]}],"letterComplement":"C-G,A-T,N-N"},"coefficients":{"bindingModeInteractions":[],"bindingModes":[{"mononucleotide":[-0.05486490618696749,-0.39640988496927276,0,-0.3235327538346726,-0.17944604247354487,-0.09431883847308775,-1.0647404064178825,0,-0.4603469511611098,-0.32646635640225385,-1.6546660045362533,0,-3.323626242748346,-2.9783302770173132,-1.1409545200872522,0,-3.2807829814001943,-4.618073496353078,-2.8680819967548135,-1.2871022878234855,-1.3844501619001668,-3.3077509560927227,0,-2.812466456235622,-1.0883279416418532,-3.8816284195129067,-4.258263815769617,0,-3.659106839815987,-1.3275354096758356,-3.6286711265855374,-4.34698993346265,-3.695324631824451,0,-1.3239427094486045,-1.230359843215329,-2.183928559068059,0,-1.0378723137729176,-0.8215527317409577,-0.4118274377612239,0,-0.1265077815438902,-0.15719065900125306,-0.16306408157270413,0,-0.21589841331599757,-0.21281771200575328,-0.2591303439994155,-0.16669143025092933],"activity":[[0]],"dinucleotide":[],"positionBias":[],"modifications":[]}]},"modelFittingConstraints":{"enrichmentModel":[{}],"nShifts":0,"addBindingModesSequentially":true,"bindingModeInteractions":[],"flankLengths":[0],"singleModeLengthSweep":false,"bindingModes":[{"maxFlankLength":-1,"positionBiasBinWidth":1,"optimizeSizeHeuristic":false,"maxSize":-1,"optimizeFlankLength":false,"symmetryString":"null","roundSpecificActivity":true,"informationThreshold":0.1,"optimizeMotifShift":false,"fittingStages":[],"optimizeMotifShiftHeuristic":false,"experimentSpecificPositionBias":true,"minSize":-1,"experimentSpecificActivity":true,"optimizeSize":false}]}}
