{"modelSettings":{"letterOrder":"ACGTN","bindingModeInteractions":[],"bindingModes":[{"size":8,"fitLogActivity":true,"flankLength":0,"dinucleotideDistance":0,"componentName":"Binding mode 1","positionBias":false,"singleStrand":false,"modifications":[]}],"letterComplement":"C-G,A-T,N-N"},"coefficients":{"bindingModeInteractions":[],"bindingModes":[{"mononucleotide":[0,-0.09434105362545941,-0.13219390989781998,-0.19653174988740107,-0.10321873139936458,-0.41043184911365027,-0.14983060090487643,0,-0.7413000164201187,-0.28744491065707395,-1.255127017337371,-1.2227215651073557,0,-2.2902025062612994,-0.8670760334447498,-4.673715201721094,-2.0999207784313643,-1.845258088885627,0,-1.1318163533929664,0,-3.5379026658255452,-0.5606527295000507,-3.9150875292388174,-0.9039611881598378,-0.7660116602508085,-1.950059501062959,-2.059342676440205,0,-0.8354790171796699,-1.1188425274871512,0,-1.048519498285955,-0.6877973174915055,-0.6070630717319547,-0.07735864118878144,-0.24589038685181697,0,-0.6744217983373864,-0.21783992471677238],"activity":[[0]],"dinucleotide":[],"positionBias":[],"modifications":[]}]},"modelFittingConstraints":{"enrichmentModel":[{}],"nShifts":0,"addBindingModesSequentially":true,"bindingModeInteractions":[],"flankLengths":[0],"singleModeLengthSweep":false,"bindingModes":[{"maxFlankLength":-1,"positionBiasBinWidth":1,"optimizeSizeHeuristic":false,"maxSize":-1,"optimizeFlankLength":false,"symmetryString":"null","roundSpecificActivity":true,"informationThreshold":0.1,"optimizeMotifShift":false,"fittingStages":[],"optimizeMotifShiftHeuristic":false,"experimentSpecificPositionBias":true,"minSize":-1,"experimentSpecificActivity":true,"optimizeSize":false}]}}
