{"modelSettings":{"letterOrder":"ACGTN","bindingModeInteractions":[],"bindingModes":[{"size":11,"fitLogActivity":true,"flankLength":0,"dinucleotideDistance":0,"componentName":"Binding mode 3","positionBias":false,"singleStrand":false,"modifications":[]}],"letterComplement":"C-G,A-T,N-N"},"coefficients":{"bindingModeInteractions":[],"bindingModes":[{"mononucleotide":[-0.05773684037660942,-0.882550206950798,-0.20088862954260112,0,-0.23078885366373186,-1.203089602092386,-0.39520884659842626,-0.26285904782119207,0,-0.37736804237483684,-3.6067784368152243,-2.9260927113657758,-3.8251334133414447,0,-1.288658936425896,-4.396417472658529,-4.339211261851853,0,-5.615580756810781,-1.3576982433896758,-3.3661429703915777,-3.928277804301814,-1.99806655223995,0,-1.2125114320984582,-2.2033035503602325,-3.0549960935581844,-2.3107990821287054,0,-1.1577712347354576,-1.859859308578785,0,-2.0451774062540045,-1.9889654906083827,-1.0343083139637836,-1.191355006745682,-0.8519094140815078,0,-1.270442508236048,-0.6876044206575921,-0.8575508446328559,-0.5723817441552512,0,-0.46837765517336116,-0.42526091844061187,-0.8526630292891784,-0.60863329901873,-0.3365082545410827,0,-0.3987506294080247,-0.6848517565284582,-0.5412091454035304,0,-0.34792907917067417,-0.35940797199637553],"activity":[[0]],"dinucleotide":[],"positionBias":[],"modifications":[]}]},"modelFittingConstraints":{"enrichmentModel":[{}],"nShifts":0,"addBindingModesSequentially":true,"bindingModeInteractions":[],"flankLengths":[0],"singleModeLengthSweep":false,"bindingModes":[{"maxFlankLength":-1,"positionBiasBinWidth":1,"optimizeSizeHeuristic":false,"maxSize":-1,"optimizeFlankLength":false,"symmetryString":"null","roundSpecificActivity":true,"informationThreshold":0.1,"optimizeMotifShift":false,"fittingStages":[],"optimizeMotifShiftHeuristic":false,"experimentSpecificPositionBias":true,"minSize":-1,"experimentSpecificActivity":true,"optimizeSize":false}]}}
