{"modelSettings":{"letterOrder":"ACGTN","bindingModeInteractions":[],"bindingModes":[{"size":11,"fitLogActivity":true,"flankLength":0,"dinucleotideDistance":0,"componentName":"Binding mode 1","positionBias":false,"singleStrand":false,"modifications":[]}],"letterComplement":"C-G,A-T,N-N"},"coefficients":{"bindingModeInteractions":[],"bindingModes":[{"mononucleotide":[-0.6797219675426831,-0.6573576316931078,-0.4598950401630262,0,-0.4093501595242844,-0.3319633384287677,-0.7000682286723734,0,-1.1129691127300694,-0.4530887102284872,-2.2722217145272685,0,-2.479048724667365,-2.1371896157232806,-1.120174239897545,0,-2.868058487601001,-3.6845383115861585,-2.9848518036140996,-1.2618977999765941,-3.0023834036894366,0,-3.5506346590880895,-3.1462945584281155,-1.2717287896992986,-2.851751065837221,0,-3.0209832973262465,-1.8484548660290896,-1.1520315127769256,-2.8133770423400897,-3.383168306922217,-3.5079035178393703,0,-1.269488307722695,-3.1204434584197953,-3.1467931451809887,0,-2.7832330110943992,-1.2474322852779713,-1.4427619253632704,-0.39822728124217477,-2.4074005402218264,0,-0.6942313965627633,-0.5187786920308062,-0.29014467299713154,-0.6553242605902909,0,-0.3345374879637126,0,-0.04589376132739886,-0.03524490494857169,-0.16168868066072317,-0.058896229328520455],"activity":[[0]],"dinucleotide":[],"positionBias":[],"modifications":[]}]},"modelFittingConstraints":{"enrichmentModel":[{}],"nShifts":0,"addBindingModesSequentially":true,"bindingModeInteractions":[],"flankLengths":[0],"singleModeLengthSweep":false,"bindingModes":[{"maxFlankLength":-1,"positionBiasBinWidth":1,"optimizeSizeHeuristic":false,"maxSize":-1,"optimizeFlankLength":false,"symmetryString":"null","roundSpecificActivity":true,"informationThreshold":0.1,"optimizeMotifShift":false,"fittingStages":[],"optimizeMotifShiftHeuristic":false,"experimentSpecificPositionBias":true,"minSize":-1,"experimentSpecificActivity":true,"optimizeSize":false}]}}
