{"modelSettings":{"letterOrder":"ACGTN","bindingModeInteractions":[],"bindingModes":[{"size":12,"fitLogActivity":true,"flankLength":0,"dinucleotideDistance":0,"componentName":"Binding mode 1","positionBias":false,"singleStrand":false,"modifications":[]}],"letterComplement":"C-G,A-T,N-N"},"coefficients":{"bindingModeInteractions":[],"bindingModes":[{"mononucleotide":[-0.2286436218091108,0,-0.30629445288653656,-0.1931320349565926,-0.17549839871358489,-0.4478256947615691,0,-0.6341662540265469,-0.11693277734832819,-0.268193691337377,-0.8345760548753933,-1.0883671599896019,0,-0.8262036853024899,-0.5939662281953402,-1.0671216890289896,-0.6112996746720905,-1.1933611515297562,0,-0.6024645915316315,0,-0.44786844777469703,-0.7610882023018348,-0.18112539161433183,-0.307722459242953,-0.7831198843636198,0,-2.491816948550049,-0.9407201803944663,-0.7287307630084572,-3.9554496730841806,0,-2.772101455587198,-0.8022586032987529,-0.9610293901715774,0,-2.7947079285365963,-2.5305867995527036,-1.2537738420126425,-1.031301391579205,-1.9330671572608606,-0.2844813930366987,-2.5584578777419966,0,-0.7059629076770717,-4.4447521191009525,0,-2.7847296960696726,-3.463809872270048,-1.2866336231407438,-0.2987323800172681,0,-0.7846382843360598,-0.14243942234677842,-0.2661545619072173,-0.14530179082532113,0,-0.49309344794211096,-0.017705493689423868,-0.14561964811970737],"activity":[[0]],"dinucleotide":[],"positionBias":[],"modifications":[]}]},"modelFittingConstraints":{"enrichmentModel":[{}],"nShifts":0,"addBindingModesSequentially":true,"bindingModeInteractions":[],"flankLengths":[0],"singleModeLengthSweep":false,"bindingModes":[{"maxFlankLength":-1,"positionBiasBinWidth":1,"optimizeSizeHeuristic":false,"maxSize":-1,"optimizeFlankLength":false,"symmetryString":"null","roundSpecificActivity":true,"informationThreshold":0.1,"optimizeMotifShift":false,"fittingStages":[],"optimizeMotifShiftHeuristic":false,"experimentSpecificPositionBias":true,"minSize":-1,"experimentSpecificActivity":true,"optimizeSize":false}]}}
