{"modelSettings":{"letterOrder":"ACGTN","bindingModeInteractions":[],"bindingModes":[{"size":12,"fitLogActivity":true,"flankLength":0,"dinucleotideDistance":0,"componentName":"Binding mode 1","positionBias":false,"singleStrand":false,"modifications":[]}],"letterComplement":"C-G,A-T,N-N"},"coefficients":{"bindingModeInteractions":[],"bindingModes":[{"mononucleotide":[-0.01369021085843336,-0.17674489806231541,-0.2687159705491773,0,-0.10848847746918668,0,-1.111990850971985,-0.09130742293519667,-0.6419558110642818,-0.36820446489689507,0,-0.401549135458632,-1.1230556630087136,-0.9398009228388844,-0.516981047577775,-3.193619964610744,-3.80389498615747,-2.369099190087949,0,-1.2405746539377511,-4.054550325632526,0,-3.738613555785828,-4.181295506041952,-1.3314189041885633,-3.9157576913245933,-0.21710310499163832,-2.4254887331550026,0,-0.7375133052371328,0,-3.402679810756707,-2.661765619805788,-3.3804063274037803,-1.2577759057219078,-3.541710375724871,-3.8676674515881553,0,-4.0878544127794925,-1.3217752031925967,0,-3.357365191593278,-4.164971717767976,-3.4457634870624476,-1.307263734387392,0,-2.162226580172446,-1.531477776966066,-1.715113572537342,-0.9733719140637805,0,-0.6410723426208342,-0.5965925010371613,-0.3927967007946336,-0.3737563670957177,0,-0.4849450298439075,-0.45962954812303547,-0.7550691198008179,-0.38668258898980506],"activity":[[0]],"dinucleotide":[],"positionBias":[],"modifications":[]}]},"modelFittingConstraints":{"enrichmentModel":[{}],"nShifts":0,"addBindingModesSequentially":true,"bindingModeInteractions":[],"flankLengths":[0],"singleModeLengthSweep":false,"bindingModes":[{"maxFlankLength":-1,"positionBiasBinWidth":1,"optimizeSizeHeuristic":false,"maxSize":-1,"optimizeFlankLength":false,"symmetryString":"null","roundSpecificActivity":true,"informationThreshold":0.1,"optimizeMotifShift":false,"fittingStages":[],"optimizeMotifShiftHeuristic":false,"experimentSpecificPositionBias":true,"minSize":-1,"experimentSpecificActivity":true,"optimizeSize":false}]}}
