{"modelSettings":{"letterOrder":"ACGTN","bindingModeInteractions":[],"bindingModes":[{"size":14,"fitLogActivity":true,"flankLength":0,"dinucleotideDistance":0,"componentName":"Binding mode 1","positionBias":false,"singleStrand":false,"modifications":[]}],"letterComplement":"C-G,A-T,N-N"},"coefficients":{"bindingModeInteractions":[],"bindingModes":[{"mononucleotide":[-0.13619043894174876,-0.3289302904506659,0,-0.2913721512068328,-0.1804411806632903,-0.47481044105116954,0,-0.9944910325786527,-0.28101176574014275,-0.37580895385428115,-1.059750887861604,-3.4599507098514963,0,-3.124912549289416,-1.0342903587243006,0,-3.6147452473026407,-3.138102493570618,-2.488432404678214,-1.2436419685731896,-2.4947542559817037,-3.3298543933288967,0,-3.1764043290222066,-1.237830825346849,0,-2.8428522301647954,-0.03122554473400907,-2.6754526888848984,-0.6460766657278382,0,-2.496019526743095,-3.1886672811126884,-2.5081526778953105,-1.1997669350972375,-1.346534090018582,0,-0.6703460754067514,-0.8387505325017068,-0.5960558105557892,-0.8549018743312011,-1.2197706840656952,-2.463272289750935,0,-0.7953024828710065,-3.825765186746568,0,-3.457007280524618,-3.5946831359374802,-1.3085973908778779,0,-0.8362544402903778,-1.6930662713017215,-1.9415954768662615,-0.820548819764642,-0.7898090970423945,-0.30650469297179495,-1.8108261993943175,0,-0.5304054427912918,0,-0.7241435503922604,-0.4401885481966268,-0.7169139371102808,-0.42429964295113765,-0.7623164720079583,0,-0.6003956391694447,-0.3236447143877692,-0.3788160664108912],"activity":[[0]],"dinucleotide":[],"positionBias":[],"modifications":[]}]},"modelFittingConstraints":{"enrichmentModel":[{}],"nShifts":0,"addBindingModesSequentially":true,"bindingModeInteractions":[],"flankLengths":[0],"singleModeLengthSweep":false,"bindingModes":[{"maxFlankLength":-1,"positionBiasBinWidth":1,"optimizeSizeHeuristic":false,"maxSize":-1,"optimizeFlankLength":false,"symmetryString":"null","roundSpecificActivity":true,"informationThreshold":0.1,"optimizeMotifShift":false,"fittingStages":[],"optimizeMotifShiftHeuristic":false,"experimentSpecificPositionBias":true,"minSize":-1,"experimentSpecificActivity":true,"optimizeSize":false}]}}
