{"modelSettings":{"letterOrder":"ACGTN","bindingModeInteractions":[],"bindingModes":[{"size":13,"fitLogActivity":true,"flankLength":0,"dinucleotideDistance":0,"componentName":"Binding mode 1","positionBias":false,"singleStrand":false,"modifications":[]}],"letterComplement":"C-G,A-T,N-N"},"coefficients":{"bindingModeInteractions":[],"bindingModes":[{"mononucleotide":[-1.2314070469160505,-1.16982856306594,-0.9735013176951446,0,-0.7031673044591156,0,-1.2978640127006402,-0.683270293295795,-0.0581896570229965,-0.3850933609724434,0,-1.955482648112632,-1.158501627130447,-1.5406790327760649,-0.8736575793599086,-1.401248879234851,-2.190823466847738,-2.038283082268472,0,-0.988615511131233,-2.775778846149054,-1.6973716720867227,-2.319847281669778,0,-1.0908272922791562,0,-2.2244357808709156,-2.663467392034868,-2.659460987220039,-1.164895973096529,-1.0547699203123524,-0.4157800601839021,0,-0.13892324970260006,-0.32906229698684303,-3.216002037771103,0,-1.9760021077188314,-2.3295088137835314,-1.1425007032237844,0,-2.5395002489121725,-1.8566853957056,-0.5085142141946175,-0.7784416218120528,-2.1257614462166607,0,-1.629729041941463,-0.12123885888688868,-0.5973157371380415,0,-0.08955266454451838,-0.8094138275452489,-1.1091553007225143,-0.39701473566855755,-0.7260919803712449,-1.0523691708131717,-0.8898293517261209,0,-0.5781986074246088,-0.9259089080716674,-0.7887195672695522,-0.3678939722556489,0,-0.45303323378788624],"activity":[[0]],"dinucleotide":[],"positionBias":[],"modifications":[]}]},"modelFittingConstraints":{"enrichmentModel":[{}],"nShifts":0,"addBindingModesSequentially":true,"bindingModeInteractions":[],"flankLengths":[0],"singleModeLengthSweep":false,"bindingModes":[{"maxFlankLength":-1,"positionBiasBinWidth":1,"optimizeSizeHeuristic":false,"maxSize":-1,"optimizeFlankLength":false,"symmetryString":"null","roundSpecificActivity":true,"informationThreshold":0.1,"optimizeMotifShift":false,"fittingStages":[],"optimizeMotifShiftHeuristic":false,"experimentSpecificPositionBias":true,"minSize":-1,"experimentSpecificActivity":true,"optimizeSize":false}]}}
