{"modelSettings":{"letterOrder":"ACGTN","bindingModeInteractions":[],"bindingModes":[{"size":12,"fitLogActivity":true,"flankLength":0,"dinucleotideDistance":0,"componentName":"Binding mode 1","positionBias":false,"singleStrand":false,"modifications":[]}],"letterComplement":"C-G,A-T,N-N"},"coefficients":{"bindingModeInteractions":[],"bindingModes":[{"mononucleotide":[-0.43003375732870364,0,-0.14032130011394717,-0.3912171454939184,-0.22445710424300602,0,-1.3954344580266145,-0.45238099269847876,-1.3779373823152772,-0.6273897985019191,-0.7862634050784718,0,-1.8941856417971525,-0.11238656453567586,-0.47013031004011885,-0.8674754866837071,-3.7080485955061806,-2.6089063729024886,0,-0.9688012952937034,-4.21743925909653,-4.559119402415776,-3.100820988489252,0,-1.3184302751344747,-2.068427938816207,0,-5.151072466515787,-4.844095866705105,-1.2552202822872387,-4.957822545510317,0,-4.76375751358662,-5.179541018951235,-1.3653235053376866,-4.663868548525371,-4.139617629580426,0,-1.5501550489986362,-1.1731414138549674,-2.5565178007613634,-1.5880630337379384,0,-1.6673187976958699,-1.0005913342270938,-1.1916936835587089,-0.7074334986300277,-1.7130037134008818,0,-0.7047454775840712,-0.2463225342893436,0,-0.11355516372001517,-0.04232505715763768,-0.09626776763609711,-0.338114614221368,-0.14037542751960785,-0.21639981040948797,0,-0.16618484936292122],"activity":[[0]],"dinucleotide":[],"positionBias":[],"modifications":[]}]},"modelFittingConstraints":{"enrichmentModel":[{}],"nShifts":0,"addBindingModesSequentially":true,"bindingModeInteractions":[],"flankLengths":[0],"singleModeLengthSweep":false,"bindingModes":[{"maxFlankLength":-1,"positionBiasBinWidth":1,"optimizeSizeHeuristic":false,"maxSize":-1,"optimizeFlankLength":false,"symmetryString":"null","roundSpecificActivity":true,"informationThreshold":0.1,"optimizeMotifShift":false,"fittingStages":[],"optimizeMotifShiftHeuristic":false,"experimentSpecificPositionBias":true,"minSize":-1,"experimentSpecificActivity":true,"optimizeSize":false}]}}
