{"modelSettings":{"letterOrder":"ACGTN","bindingModeInteractions":[],"bindingModes":[{"size":12,"fitLogActivity":true,"flankLength":0,"dinucleotideDistance":0,"componentName":"Binding mode 1","positionBias":false,"singleStrand":false,"modifications":[]}],"letterComplement":"C-G,A-T,N-N"},"coefficients":{"bindingModeInteractions":[],"bindingModes":[{"mononucleotide":[-0.27491514683732365,-0.2856692771181004,0,-0.34764374475163606,-0.21769027023892312,-0.4132757443082724,-0.07772374172493635,0,-0.31977562834119766,-0.18843666645061122,-0.4073487428085656,-0.1779290283928896,-0.31943121035177136,0,-0.2141292718146263,0,-1.7169238768411572,-0.1794434317975302,-1.4468802362333661,-0.5750725048321728,-4.896272311566035,0,-6.445170399503009,-5.556898101416104,-1.3734538536425855,-4.403186076020109,0,-6.610063071631087,-6.53816706542307,-1.371374053169909,-1.1347472505478133,0,-2.606998973586972,-1.992541428442891,-0.9599765954391898,-1.7695870405960192,-1.2026849549150909,0,-1.126930969533548,-0.8013917812642678,-5.2372827253173355,0,-1.4263760994980872,-0.27992083872528184,-0.6924794142900698,0,-3.1017106712387013,-2.289862947183966,-2.408290790890976,-1.1742348235460436,-2.0260161868907485,-0.949409598345466,-1.0062281732881437,0,-0.7526718659595998,-0.32567541818430223,0,-0.09217623239090322,-0.4345911489324177,-0.19798967696069297],"activity":[[0]],"dinucleotide":[],"positionBias":[],"modifications":[]}]},"modelFittingConstraints":{"enrichmentModel":[{}],"nShifts":0,"addBindingModesSequentially":true,"bindingModeInteractions":[],"flankLengths":[0],"singleModeLengthSweep":false,"bindingModes":[{"maxFlankLength":-1,"positionBiasBinWidth":1,"optimizeSizeHeuristic":false,"maxSize":-1,"optimizeFlankLength":false,"symmetryString":"null","roundSpecificActivity":true,"informationThreshold":0.1,"optimizeMotifShift":false,"fittingStages":[],"optimizeMotifShiftHeuristic":false,"experimentSpecificPositionBias":true,"minSize":-1,"experimentSpecificActivity":true,"optimizeSize":false}]}}
