{"modelSettings":{"letterOrder":"ACGTN","bindingModeInteractions":[],"bindingModes":[{"size":14,"fitLogActivity":true,"flankLength":0,"dinucleotideDistance":0,"componentName":"Binding mode 2","positionBias":false,"singleStrand":false,"modifications":[]}],"letterComplement":"C-G,A-T,N-N"},"coefficients":{"bindingModeInteractions":[],"bindingModes":[{"mononucleotide":[0,-1.3139326837180945,-0.8952622962960848,-1.0424230859681702,-0.678327177645176,-1.6677898062856946,-0.0647459119439251,0,-1.585111215322177,-0.5400423986747398,0,-3.0035710492653345,-2.631315456777216,-1.0045992695956163,-0.9890061588016568,-1.7743417791929088,-3.0999530935283683,-3.618551347331257,0,-1.1699999213507748,-2.0252679490755856,0,-1.184916195279373,-2.695302427363803,-0.977333874277561,0,-3.373153202314559,-3.626126299442374,-2.1274269208049343,-1.2207426899748046,0,-1.684472416943306,-2.0300693673365835,-1.8490393535228795,-0.9981402308556246,0,-2.7318623791218903,-1.6984493894137866,-1.2725688564906465,-0.9622194375438544,-1.4118935469238862,-0.7496356456340378,0,-1.5921373758721278,-0.7341200571683467,-0.45791613814306986,-0.3880008475408716,0,-0.6298908638688574,-0.3412016246897939,-0.15854455587270877,-0.22555340114641886,0,-0.4673527933522408,-0.19902477676912989,0,-0.25002346301275313,-0.12130672312271917,-0.0993945779263905,-0.11374833502111159,0,-0.11720903337317035,-0.04198525146277543,-0.02072734177337754,-0.04401218838461428,0,-0.09996318805854876,-0.07114404818884301,-4.963407989708735E-4,-0.041941830620082915],"activity":[[0]],"dinucleotide":[],"positionBias":[],"modifications":[]}]},"modelFittingConstraints":{"enrichmentModel":[{}],"nShifts":0,"addBindingModesSequentially":true,"bindingModeInteractions":[],"flankLengths":[0],"singleModeLengthSweep":false,"bindingModes":[{"maxFlankLength":-1,"positionBiasBinWidth":1,"optimizeSizeHeuristic":false,"maxSize":-1,"optimizeFlankLength":false,"symmetryString":"null","roundSpecificActivity":true,"informationThreshold":0.1,"optimizeMotifShift":false,"fittingStages":[],"optimizeMotifShiftHeuristic":false,"experimentSpecificPositionBias":true,"minSize":-1,"experimentSpecificActivity":true,"optimizeSize":false}]}}
