{"modelSettings":{"letterOrder":"ACGTN","bindingModeInteractions":[],"bindingModes":[{"size":13,"fitLogActivity":true,"flankLength":0,"dinucleotideDistance":0,"componentName":"Binding mode 1","positionBias":false,"singleStrand":false,"modifications":[]}],"letterComplement":"C-G,A-T,N-N"},"coefficients":{"bindingModeInteractions":[],"bindingModes":[{"mononucleotide":[-0.20328502391008474,-0.061024855821245616,0,-0.05704589672803184,-0.07758426468006419,-0.5781357976486587,-0.12963510757477614,0,-0.46915145249823276,-0.26628208072542237,-1.2313381607071676,-0.05549573275226205,-1.888678602966829,0,-0.5153402443485311,0,-1.3788124082176534,-2.3897303554429334,-2.3049115692656637,-1.0193625348810502,0,-3.3165609104332887,-3.3140971866630444,-3.4890706489772922,-1.288103356480568,-3.6638519382646235,-3.6475111909076707,-4.637610710006252,0,-1.326733570958131,-2.7601036852539336,0,-1.8265794075866681,-6.971355286644609E-4,-0.5871886550542623,0,-3.693324810248484,-2.9169742242027312,-2.17410730121728,-1.2100781916272045,-0.11824615170885266,-0.5454721513798813,0,-0.5821483643606573,-0.27880750405408455,-0.4805753934397998,0,-0.044763798760815376,-0.15981903824032617,-0.1546240658246289,-0.1856094965270949,-0.20241798859677163,0,-0.2378274965229661,-0.1520765774547849,-0.12075429143727767,-0.020592146448927373,-0.12313947095452926,0,-0.06453573221024496,-0.04434887067001414,-0.1653135209505463,-0.17046205138334725,0,-0.09224600852750064],"activity":[[0]],"dinucleotide":[],"positionBias":[],"modifications":[]}]},"modelFittingConstraints":{"enrichmentModel":[{}],"nShifts":0,"addBindingModesSequentially":true,"bindingModeInteractions":[],"flankLengths":[0],"singleModeLengthSweep":false,"bindingModes":[{"maxFlankLength":-1,"positionBiasBinWidth":1,"optimizeSizeHeuristic":false,"maxSize":-1,"optimizeFlankLength":false,"symmetryString":"null","roundSpecificActivity":true,"informationThreshold":0.1,"optimizeMotifShift":false,"fittingStages":[],"optimizeMotifShiftHeuristic":false,"experimentSpecificPositionBias":true,"minSize":-1,"experimentSpecificActivity":true,"optimizeSize":false}]}}
