{"modelSettings":{"letterOrder":"ACGTN","bindingModeInteractions":[],"bindingModes":[{"size":13,"fitLogActivity":true,"flankLength":0,"dinucleotideDistance":0,"componentName":"Binding mode 1","positionBias":false,"singleStrand":false,"modifications":[]}],"letterComplement":"C-G,A-T,N-N"},"coefficients":{"bindingModeInteractions":[],"bindingModes":[{"mononucleotide":[-0.11708345415365073,-0.2051295923599019,0,-0.07553551495254496,-0.09670378608329118,0,-0.5762665727144423,-0.04032150323481165,-0.9049863304564523,-0.31230930858887396,-2.241018309459223,-1.823163550673135,-2.296363089618672,0,-1.0725876786534323,-1.9290023765105906,-1.8646178522818782,-0.1651558301436662,0,-0.6217524938866845,-0.13157333666273718,-1.3681558212876552,0,-0.11655769381704495,-0.280617175304304,-1.1734835953154443,0,-1.1932467605262678,-0.10338617623098045,-0.4642993605924239,-3.203522753291146,-1.9922145119155534,0,-2.5314438644474513,-1.1579197201615472,-0.5531695000750967,0,-5.0821368485900225,-0.4998300282280852,-0.6033227214073126,0,-1.3372703114003663,-5.278730337249116,-5.44067096804265,-1.1457063527312124,0,-6.012110403549761,-4.976530857909637,-6.065349417023689,-1.3746931045474169,-2.4335206641013767,-0.24059710218106023,-0.8472376637411017,0,-0.5523062720414441,0,-0.03629934810811086,-0.3479927878616902,-0.5310464984478014,-0.2050443164139547,-0.16065119845236353,-0.009034740775721417,0,-0.19189600168048404,-0.08665115781307667],"activity":[[0]],"dinucleotide":[],"positionBias":[],"modifications":[]}]},"modelFittingConstraints":{"enrichmentModel":[{}],"nShifts":0,"addBindingModesSequentially":true,"bindingModeInteractions":[],"flankLengths":[0],"singleModeLengthSweep":false,"bindingModes":[{"maxFlankLength":-1,"positionBiasBinWidth":1,"optimizeSizeHeuristic":false,"maxSize":-1,"optimizeFlankLength":false,"symmetryString":"null","roundSpecificActivity":true,"informationThreshold":0.1,"optimizeMotifShift":false,"fittingStages":[],"optimizeMotifShiftHeuristic":false,"experimentSpecificPositionBias":true,"minSize":-1,"experimentSpecificActivity":true,"optimizeSize":false}]}}
