{"modelSettings":{"letterOrder":"ACGTN","bindingModeInteractions":[],"bindingModes":[{"size":12,"fitLogActivity":true,"flankLength":0,"dinucleotideDistance":0,"componentName":"Binding mode 1","positionBias":false,"singleStrand":false,"modifications":[]}],"letterComplement":"C-G,A-T,N-N"},"coefficients":{"bindingModeInteractions":[],"bindingModes":[{"mononucleotide":[0,-0.3416638462812198,-0.10058108554172751,-0.19893199976050635,-0.15242171406733415,0,-0.5759828251227894,-0.38736695117413955,-0.5348463899099105,-0.3471655486349085,-0.02916781419330139,-0.27442944832146043,0,-0.3911402377670301,-0.160302449073738,-2.858178492392927,0,-2.5108875422764423,-1.4704755311210274,-1.0726627924999401,0,-3.098863721916385,-0.4533236214021388,-3.572808529685128,-0.8505675165354034,0,-0.3869824774476527,-1.6621559228864937,-1.100865068962684,-0.5971936882259719,-3.461801023571157,-2.924316951724129,-2.2409760182967045,0,-1.2111407520834232,-1.4233694873345202,-1.2424532232258858,-2.290851803052214,0,-0.8972504424942533,0,-1.793996127464673,-0.9283125536896519,-1.0540305016440938,-0.7391678049435958,0,-0.7875639060950879,-0.7639652572431013,-0.7132905570355179,-0.506337167945027,-0.23153234718781235,0,-0.07577196066810199,-0.1394867869381602,-0.10810061891697312,-0.1410365787452319,-0.20491396012954843,0,-0.18585316436503674,-0.12966161181142782],"activity":[[0]],"dinucleotide":[],"positionBias":[],"modifications":[]}]},"modelFittingConstraints":{"enrichmentModel":[{}],"nShifts":0,"addBindingModesSequentially":true,"bindingModeInteractions":[],"flankLengths":[0],"singleModeLengthSweep":false,"bindingModes":[{"maxFlankLength":-1,"positionBiasBinWidth":1,"optimizeSizeHeuristic":false,"maxSize":-1,"optimizeFlankLength":false,"symmetryString":"null","roundSpecificActivity":true,"informationThreshold":0.1,"optimizeMotifShift":false,"fittingStages":[],"optimizeMotifShiftHeuristic":false,"experimentSpecificPositionBias":true,"minSize":-1,"experimentSpecificActivity":true,"optimizeSize":false}]}}
