{"modelSettings":{"letterOrder":"ACGTN","bindingModeInteractions":[],"bindingModes":[{"size":14,"fitLogActivity":true,"flankLength":0,"dinucleotideDistance":0,"componentName":"Binding mode 1","positionBias":false,"singleStrand":false,"modifications":[]}],"letterComplement":"C-G,A-T,N-N"},"coefficients":{"bindingModeInteractions":[],"bindingModes":[{"mononucleotide":[-0.19713905133506593,-0.11722618321483225,0,-0.2972812394880533,-0.14696536030347881,-0.27866405933309935,0,-0.1758916279333258,-0.20238504484257724,-0.15891269280081352,-0.47467030370579355,-0.19476705379148118,-0.15941779009682566,0,-0.1930519601939085,-0.34765045616648305,-1.076957044707317,0,-2.3377452914033174,-0.6238444267135036,-4.840249208444227,-4.819589270670361,-3.894348504848176,0,-1.3506069816374289,-3.9298650657520393,-4.8123457843184045,-1.7188543200412507,0,-1.1981178859562986,0,-5.303924772720028,-1.7405352431735968,-4.457032231881459,-1.2106657775871787,-3.0243840970187135,0,-2.7221365858667284,-0.4484192797385731,-0.8249892834716636,-0.8782975303213616,-1.5909041019344623,0,-3.1599407169477223,-0.8784777096219595,-1.2218897924510423,-0.7230955982649563,-1.4909229470350132,0,-0.6906077522239131,0,-0.6443985513030608,-0.8603730362155282,-1.4982385633084474,-0.6108734307051463,0,-1.148050713622135,-1.203913560473606,-1.125757216825339,-0.7227412526620709,-0.317156183760229,0,-0.23105608770699249,-0.0895512347984706,-0.15191261796595162,0,-0.024498447102729415,-0.15901712023978742,-0.2088339120868472,-0.09422525191099461],"activity":[[0]],"dinucleotide":[],"positionBias":[],"modifications":[]}]},"modelFittingConstraints":{"enrichmentModel":[{}],"nShifts":0,"addBindingModesSequentially":true,"bindingModeInteractions":[],"flankLengths":[0],"singleModeLengthSweep":false,"bindingModes":[{"maxFlankLength":-1,"positionBiasBinWidth":1,"optimizeSizeHeuristic":false,"maxSize":-1,"optimizeFlankLength":false,"symmetryString":"null","roundSpecificActivity":true,"informationThreshold":0.1,"optimizeMotifShift":false,"fittingStages":[],"optimizeMotifShiftHeuristic":false,"experimentSpecificPositionBias":true,"minSize":-1,"experimentSpecificActivity":true,"optimizeSize":false}]}}
