{"modelSettings":{"letterOrder":"ACGTN","bindingModeInteractions":[],"bindingModes":[{"size":12,"fitLogActivity":true,"flankLength":0,"dinucleotideDistance":0,"componentName":"Binding mode 1","positionBias":false,"singleStrand":false,"modifications":[]}],"letterComplement":"C-G,A-T,N-N"},"coefficients":{"bindingModeInteractions":[],"bindingModes":[{"mononucleotide":[-0.23022384469087775,-0.11767369038178543,0,-0.22296498317280644,-0.13826120986709356,-1.2720799881663414,0,-1.6972730171964494,-1.4800875233822754,-0.860945760098363,0,-1.8783088191255632,-0.9226557878834001,-1.5342295548961118,-0.8176156533936085,-3.7722057419787394,0,-2.8312402707610067,-2.2201279776299314,-1.2118905758798495,-1.5528395519474019,-3.074786655209196,0,-4.981008893651863,-1.1514493365355627,-4.820080064967556,-5.288177042313201,-5.5596291407558205,0,-1.369469393171763,-3.5642555094132016,-3.8887173221431928,0,-3.378920085826024,-1.3066758442503084,0,-0.15116547709791295,-0.4985257686305751,-0.3699826211623627,-0.23639431687900322,-0.23685328148354046,0,-0.4640012009720831,-0.008911086113763567,-0.15987585038626015,-0.2778986588520267,0,-0.41623969103733716,-0.4131716506714449,-0.2618699376492156,0,-0.00871704337702317,-0.07046098099892317,-0.11206926754480628,-0.04675956769449225,-0.06033263869665473,-0.008527709986901444,0,-0.09736006611716519,-0.040772737676747675],"activity":[[0]],"dinucleotide":[],"positionBias":[],"modifications":[]}]},"modelFittingConstraints":{"enrichmentModel":[{}],"nShifts":0,"addBindingModesSequentially":true,"bindingModeInteractions":[],"flankLengths":[0],"singleModeLengthSweep":false,"bindingModes":[{"maxFlankLength":-1,"positionBiasBinWidth":1,"optimizeSizeHeuristic":false,"maxSize":-1,"optimizeFlankLength":false,"symmetryString":"null","roundSpecificActivity":true,"informationThreshold":0.1,"optimizeMotifShift":false,"fittingStages":[],"optimizeMotifShiftHeuristic":false,"experimentSpecificPositionBias":true,"minSize":-1,"experimentSpecificActivity":true,"optimizeSize":false}]}}
