{"modelSettings":{"letterOrder":"ACGTN","bindingModeInteractions":[],"bindingModes":[{"size":12,"fitLogActivity":true,"flankLength":0,"dinucleotideDistance":0,"componentName":"Binding mode 1","positionBias":false,"singleStrand":false,"modifications":[]}],"letterComplement":"C-G,A-T,N-N"},"coefficients":{"bindingModeInteractions":[],"bindingModes":[{"mononucleotide":[0,-0.09149358790753315,-0.06587392197516984,-0.13116968664719142,-0.07098995368485263,0,-0.14068822673845105,-0.14022517186004624,-0.06360819565535891,-0.08438885134891076,-0.04697119256597038,-0.1310626020576766,0,-2.976518403272621E-4,-0.043173680556605434,-1.5503544318328877,-1.3050390853539526,-1.8421979260686379,0,-0.8904990670146328,-3.0346391262018533,-3.9336902058085297,0,-3.4821150241806547,-1.292434638804778,0,-4.309884050065592,-1.9185431155553907,-3.12509707084105,-1.2004884788650267,-4.70477562126726,0,-5.326470079684593,-3.292191457305701,-1.3364709756423963,0,-3.221532310033204,-0.9353035076271032,-2.3233417950008564,-0.9608264261684848,-0.8312665720241408,-0.574671705671729,0,-0.3856789391593751,-0.4010837993977183,-0.43279222225042835,-0.02356070352376216,0,-0.340334736591303,-0.1812395267533528,-0.7353875445742508,-0.39730332849074834,-0.7093522968672317,0,-0.4142236560156248,-0.47650413423797855,-0.47886878759765517,0,-0.3824944166624007,-0.3138235275795502],"activity":[[0]],"dinucleotide":[],"positionBias":[],"modifications":[]}]},"modelFittingConstraints":{"enrichmentModel":[{}],"nShifts":0,"addBindingModesSequentially":true,"bindingModeInteractions":[],"flankLengths":[0],"singleModeLengthSweep":false,"bindingModes":[{"maxFlankLength":-1,"positionBiasBinWidth":1,"optimizeSizeHeuristic":false,"maxSize":-1,"optimizeFlankLength":false,"symmetryString":"null","roundSpecificActivity":true,"informationThreshold":0.1,"optimizeMotifShift":false,"fittingStages":[],"optimizeMotifShiftHeuristic":false,"experimentSpecificPositionBias":true,"minSize":-1,"experimentSpecificActivity":true,"optimizeSize":false}]}}
