{"modelSettings":{"letterOrder":"ACGTN","bindingModeInteractions":[],"bindingModes":[{"size":16,"fitLogActivity":true,"flankLength":0,"dinucleotideDistance":0,"componentName":"Binding mode 1","positionBias":false,"singleStrand":false,"modifications":[]}],"letterComplement":"C-G,A-T,N-N"},"coefficients":{"bindingModeInteractions":[],"bindingModes":[{"mononucleotide":[-1.1334644842255437,-1.1955905132507545,-0.2553523655255585,0,-0.5112070308054307,-0.9538431199471433,-1.6814224628101972,0,-1.7529088969100068,-0.8297485231922588,0,-0.8579649575878583,-2.0373166967034004,-1.4126360733210341,-0.7996735150259974,-1.1290298692653526,0,-2.3751361143746075,-1.5813376805232706,-0.9026045809840038,-2.0521042081551544,0,-1.6780930085964854,-1.1116786054482204,-0.8890402606430885,-1.6830642002239729,-1.193655231915581,-1.2896072656722022,0,-0.8185437676669802,-1.5749940681859074,-1.7639587929420446,-1.2136218466237314,0,-0.8701868457838587,-3.2730731679076084,-2.3452219295242855,-3.3257891944272773,0,-1.2295813553916322,-1.4245180317739856,-1.5318217566755972,0,-2.346057025367862,-0.9464201596979324,0,-2.224533935776232,-2.456962380031478,-3.015195567571127,-1.16888811203707,-1.097627582964415,0,-2.9141374326419234,-2.5799873597424625,-1.0053354260905258,-2.393085391141401,0,-3.067180478655671,-2.2679107379546632,-1.1700321253817294,-2.491683958493433,0,-2.0398907607022823,-0.036325055492619995,-0.6082821960824987,-1.0793557046640267,0,-0.9012038589041356,-0.3125546741003662,-0.47905627011142304,-0.15796099397950858,-0.4879517925371073,-0.22799626951053487,0,-0.20337377268253995,-0.022588436969237513,-0.18445907148685237,0,-0.08820595579801527,-0.07128360884488287],"activity":[[0]],"dinucleotide":[],"positionBias":[],"modifications":[]}]},"modelFittingConstraints":{"enrichmentModel":[{}],"nShifts":0,"addBindingModesSequentially":true,"bindingModeInteractions":[],"flankLengths":[0],"singleModeLengthSweep":false,"bindingModes":[{"maxFlankLength":-1,"positionBiasBinWidth":1,"optimizeSizeHeuristic":false,"maxSize":-1,"optimizeFlankLength":false,"symmetryString":"null","roundSpecificActivity":true,"informationThreshold":0.1,"optimizeMotifShift":false,"fittingStages":[],"optimizeMotifShiftHeuristic":false,"experimentSpecificPositionBias":true,"minSize":-1,"experimentSpecificActivity":true,"optimizeSize":false}]}}
