{"modelSettings":{"letterOrder":"ACGTN","bindingModeInteractions":[],"bindingModes":[{"size":16,"fitLogActivity":true,"flankLength":0,"dinucleotideDistance":0,"componentName":"Binding mode 1","positionBias":false,"singleStrand":false,"modifications":[]}],"letterComplement":"C-G,A-T,N-N"},"coefficients":{"bindingModeInteractions":[],"bindingModes":[{"mononucleotide":[0,-0.3276413354222081,-0.20562194111802956,-0.2888456022588457,-0.19726563350629808,-0.07875574582196876,-0.22709301545176075,-0.5872258118070377,0,-0.19937223481116212,0,-1.0430769050414277,-0.707524600783545,-0.5116922366371428,-0.49236712445707914,-0.8798015174386373,-0.8278056356247703,-1.0510002844605202,0,-0.597173438323125,-0.5062090631674447,-0.5093494536610299,0,-0.7267128882961442,-0.3978100896909468,-1.721059865434052,-0.029755638709715093,0,-1.497228273960463,-0.5220093297606225,-5.251220894424298,0,-6.119358550121617,-4.660827989294566,-1.369535961046248,-5.530150878684833,0,-5.657302631408322,-1.2658758342654757,-1.132078959808491,-1.945366949653338,-0.3956476055669329,-0.8335705265801838,0,-0.575064722016868,-0.8657925346073982,-0.07128302179942025,0,-0.8378273490991495,-0.3622024095336048,0,-0.5801020904377765,-0.44609359381249547,-1.8465701197417668,-0.5285897830614632,-1.5011645461818128,-5.662704811124285,0,-5.838883309232507,-1.179885522221809,-4.858353908046615,-2.667494485496354,0,-5.128938663764791,-1.30645593493631,-2.9878073823533136,0,-1.1004953804347526,-2.1089488912737258,-0.9778540079520146,-0.22668774452175988,-0.7221200062199005,0,-0.371378058470178,-0.2968324063081357,0,-0.6328926245895392,-0.6796325025647874,-0.40495386502110353,-0.39124264289196686],"activity":[[0]],"dinucleotide":[],"positionBias":[],"modifications":[]}]},"modelFittingConstraints":{"enrichmentModel":[{}],"nShifts":0,"addBindingModesSequentially":true,"bindingModeInteractions":[],"flankLengths":[0],"singleModeLengthSweep":false,"bindingModes":[{"maxFlankLength":-1,"positionBiasBinWidth":1,"optimizeSizeHeuristic":false,"maxSize":-1,"optimizeFlankLength":false,"symmetryString":"null","roundSpecificActivity":true,"informationThreshold":0.1,"optimizeMotifShift":false,"fittingStages":[],"optimizeMotifShiftHeuristic":false,"experimentSpecificPositionBias":true,"minSize":-1,"experimentSpecificActivity":true,"optimizeSize":false}]}}
