{"modelSettings":{"letterOrder":"ACGTN","bindingModeInteractions":[],"bindingModes":[{"size":13,"fitLogActivity":true,"flankLength":0,"dinucleotideDistance":0,"componentName":"Binding mode 1","positionBias":false,"singleStrand":false,"modifications":[]}],"letterComplement":"C-G,A-T,N-N"},"coefficients":{"bindingModeInteractions":[],"bindingModes":[{"mononucleotide":[0,-0.1508648207817611,-0.008269540477719772,-0.04409930208553714,-0.04903599326321938,0,-0.04772420233451591,-0.08960231252530093,-0.789089950379782,-0.18574257686611173,-1.76868593547714,0,-3.3852839053213986,-2.8597085094239025,-1.1538260637696067,0,-2.2925421114660542,-2.41862527669967,-2.416390508014982,-1.1399840736931306,-3.4202668471831585,-1.2171588808858966,0,-1.556793762467462,-0.9547816244583445,-0.886733878607512,-1.153918179579347,0,-2.737445057257144,-0.802887671323809,-3.957793157579308,-2.4505023546271394,-6.292753055946326,0,-1.2844554145790164,-3.6015680818679203,-3.870851832218498,0,-3.168539139480248,-1.2999455570490492,-1.0214642255780788,0,-0.429274393377737,-0.11248918932144036,-0.3199795246680439,0,-0.2981279343297203,-0.0037613752198870642,-0.16518933553111648,-0.10920532726888986,0,-0.025331374166690512,-0.07348372194106956,-0.1154930609629834,-0.0525928758729299,-0.10116457849325267,-0.04377184062802275,-0.06067828052260715,0,-0.05074540050383961,-0.07705739550717561,0,-0.06446926319252122,-0.15102886855489717,-0.07170426150919684],"activity":[[0]],"dinucleotide":[],"positionBias":[],"modifications":[]}]},"modelFittingConstraints":{"enrichmentModel":[{}],"nShifts":0,"addBindingModesSequentially":true,"bindingModeInteractions":[],"flankLengths":[0],"singleModeLengthSweep":false,"bindingModes":[{"maxFlankLength":-1,"positionBiasBinWidth":1,"optimizeSizeHeuristic":false,"maxSize":-1,"optimizeFlankLength":false,"symmetryString":"null","roundSpecificActivity":true,"informationThreshold":0.1,"optimizeMotifShift":false,"fittingStages":[],"optimizeMotifShiftHeuristic":false,"experimentSpecificPositionBias":true,"minSize":-1,"experimentSpecificActivity":true,"optimizeSize":false}]}}
