{"modelSettings":{"letterOrder":"ACGTN","bindingModeInteractions":[],"bindingModes":[{"size":14,"fitLogActivity":true,"flankLength":0,"dinucleotideDistance":0,"componentName":"Binding mode 1","positionBias":false,"singleStrand":false,"modifications":[]}],"letterComplement":"C-G,A-T,N-N"},"coefficients":{"bindingModeInteractions":[],"bindingModes":[{"mononucleotide":[-0.06048287911403172,-0.164235314915274,-0.40944386668763677,0,-0.146798544953569,-0.3744346002802601,-0.5168002482001748,-0.21092865105563519,0,-0.2568503783556151,-2.1989790671220133,-2.3696339502849635,-2.844787810325599,0,-1.1531387831216409,-3.504601473424597,-3.471602569757487,0,-3.7011866363542776,-1.303958752226926,0,-4.567982818683727,-3.4529976578041315,-2.2169295242572273,-1.2456870422991793,-4.6711086385680485,0,-4.825319555052606,-3.3714238972660997,-1.3358611864242336,0,-3.8769460747015865,-1.9356684211546982,-3.2306836880423537,-1.2001698650559214,-0.6497268503324596,-0.7290464611426406,0,-0.47496854986985304,-0.4206567681754454,-0.6648769679681334,0,-0.3230011133358861,-0.4276403573681564,-0.3249147772318693,-0.5854871173466882,-0.5856385826504737,-0.4500359915656247,0,-0.37426082594258997,-0.3323323349615892,-0.16264559646131715,0,-0.18909267784305328,-0.16403447470014124,-0.2935252227229359,-0.19205229438572236,-0.20681663520988725,0,-0.1672173411395733,-0.11120319352625962,0,-0.19254388845310277,-0.1362220078475107,-0.10751174083209551,0,-0.16433352615375374,-0.1277719433135862,-0.17213337959971287,-0.11362234866435598],"activity":[[0]],"dinucleotide":[],"positionBias":[],"modifications":[]}]},"modelFittingConstraints":{"enrichmentModel":[{}],"nShifts":0,"addBindingModesSequentially":true,"bindingModeInteractions":[],"flankLengths":[0],"singleModeLengthSweep":false,"bindingModes":[{"maxFlankLength":-1,"positionBiasBinWidth":1,"optimizeSizeHeuristic":false,"maxSize":-1,"optimizeFlankLength":false,"symmetryString":"null","roundSpecificActivity":true,"informationThreshold":0.1,"optimizeMotifShift":false,"fittingStages":[],"optimizeMotifShiftHeuristic":false,"experimentSpecificPositionBias":true,"minSize":-1,"experimentSpecificActivity":true,"optimizeSize":false}]}}
