{"modelSettings":{"letterOrder":"ACGTN","bindingModeInteractions":[],"bindingModes":[{"size":12,"fitLogActivity":true,"flankLength":0,"dinucleotideDistance":0,"componentName":"Binding mode 1","positionBias":false,"singleStrand":false,"modifications":[]}],"letterComplement":"C-G,A-T,N-N"},"coefficients":{"bindingModeInteractions":[],"bindingModes":[{"mononucleotide":[-0.598620093172344,-0.38384618962585293,-0.25224194244250686,0,-0.2850647072731052,0,-0.8526486278081453,-0.3741976807809051,-2.2878451132313886,-0.5907665070234831,-3.0759195650111235,-3.2182576680008665,-2.796679629571872,0,-1.2489839276747263,-3.6569075475715773,-3.331205222378002,-2.541864214755543,0,-1.255019008443324,-0.862536061678151,-4.61608507120743,0,-1.606699387743717,-0.8961632939345757,-2.3729663417401805,0,-2.6936673956549226,-1.539738825695356,-1.067641820683642,-0.6866772767793918,-1.8459178250927657,0,-1.8846088815622797,-0.7913035742081853,-0.2839570355095766,-0.3240748763822303,-3.008621090497378,0,-0.45991280446445465,0,-0.3994139407716535,-2.2099338378113074,-2.296327138167056,-0.7544649350660504,0,-2.5629248719733155,-2.4408901140184036,-2.344322563742535,-1.1551235770578938,-1.281400969119583,-0.11452117922694693,-0.8036737240604759,0,-0.4242189736110344,-0.003735810365844472,0,-0.3705825209010807,-0.2391968010833243,-0.14102708001961103],"activity":[[0]],"dinucleotide":[],"positionBias":[],"modifications":[]}]},"modelFittingConstraints":{"enrichmentModel":[{}],"nShifts":0,"addBindingModesSequentially":true,"bindingModeInteractions":[],"flankLengths":[0],"singleModeLengthSweep":false,"bindingModes":[{"maxFlankLength":-1,"positionBiasBinWidth":1,"optimizeSizeHeuristic":false,"maxSize":-1,"optimizeFlankLength":false,"symmetryString":"null","roundSpecificActivity":true,"informationThreshold":0.1,"optimizeMotifShift":false,"fittingStages":[],"optimizeMotifShiftHeuristic":false,"experimentSpecificPositionBias":true,"minSize":-1,"experimentSpecificActivity":true,"optimizeSize":false}]}}
