{"modelSettings":{"letterOrder":"ACGTN","bindingModeInteractions":[],"bindingModes":[{"size":12,"fitLogActivity":true,"flankLength":0,"dinucleotideDistance":0,"componentName":"Binding mode 1","positionBias":false,"singleStrand":false,"modifications":[]}],"letterComplement":"C-G,A-T,N-N"},"coefficients":{"bindingModeInteractions":[],"bindingModes":[{"mononucleotide":[-0.7077934128665508,-0.4176693034866754,0,-0.45935807439126775,-0.36276514940717175,-0.639934868142491,-0.04372322218398139,0,-0.8433168229956247,-0.31648402351204913,-0.6756652040770734,0,-0.5619216589809404,-1.4226882114337172,-0.5447291581046877,-1.2885351979275144,-1.1493256626068038,0,-0.9683621181617394,-0.7071299366138643,-2.096486582031892,0,-4.609365935865723,-3.2807730262404857,-1.2289105679731718,-3.881550572008663,0,-3.871419415357689,-3.8303437575467685,-1.3250583806135612,0,-3.4155241211430885,-3.356938798983878,-3.968426202437845,-1.3032370392400718,-3.195933050737742,-2.726698048239714,-3.7522829578014547,0,-1.2642294542367734,-0.9754568483266373,-0.6918159420084096,-0.8538409302919177,0,-0.5518809156916986,-0.4863178293512518,-1.3391242425334933,-0.8747843001705018,0,-0.5560351042030265,-1.1622135631542694,-0.967851820154384,-1.3129054399958262,0,-0.7124683750065084,-0.3466204009167839,-0.5094934795093904,0,-0.01585120136470719,-0.19475434395685576],"activity":[[0]],"dinucleotide":[],"positionBias":[],"modifications":[]}]},"modelFittingConstraints":{"enrichmentModel":[{}],"nShifts":0,"addBindingModesSequentially":true,"bindingModeInteractions":[],"flankLengths":[0],"singleModeLengthSweep":false,"bindingModes":[{"maxFlankLength":-1,"positionBiasBinWidth":1,"optimizeSizeHeuristic":false,"maxSize":-1,"optimizeFlankLength":false,"symmetryString":"null","roundSpecificActivity":true,"informationThreshold":0.1,"optimizeMotifShift":false,"fittingStages":[],"optimizeMotifShiftHeuristic":false,"experimentSpecificPositionBias":true,"minSize":-1,"experimentSpecificActivity":true,"optimizeSize":false}]}}
