{"modelSettings":{"letterOrder":"ACGTN","bindingModeInteractions":[],"bindingModes":[{"size":12,"fitLogActivity":true,"flankLength":0,"dinucleotideDistance":0,"componentName":"Binding mode 1","positionBias":false,"singleStrand":false,"modifications":[]}],"letterComplement":"C-G,A-T,N-N"},"coefficients":{"bindingModeInteractions":[],"bindingModes":[{"mononucleotide":[-0.1693345197185243,-0.201564418709256,0,-0.07969251130109978,-0.10951424145648145,0,-0.08938239689441296,-0.04308778923783052,-0.22089494275141597,-0.0849796196821603,-0.5431765148748919,-0.19940312349503042,0,-0.29071364639677366,-0.2395748641791154,0,-0.11652741405414968,-0.2449473979703889,-0.07583457229802537,-0.10543803269915236,-2.2657770364107517,-2.1297851746624734,-4.102319184639404,0,-1.1718715274805827,0,-4.082875928288624,-1.8924261425630333,-4.5901423799802785,-1.2227173447512756,0,-3.7124403901332754,-3.4862401698978855,-5.137500924379671,-1.3271711252566118,-1.9544924698226231,-1.0604711897677994,-1.3209873919634703,0,-0.8239391229535817,-1.0188344986807092,-0.3612289616344295,-0.2196037205742929,0,-0.33523787680076306,-0.29830723123194236,-0.9662047752544223,0,-0.6585184538773499,-0.41543384323194543,-0.4807794568253998,-0.12551732294048001,0,-0.5912096296412086,-0.26984251157491057,-0.38910506774380327,-0.1409990188250978,-0.5171615547896582,0,-0.2413190772595126],"activity":[[0]],"dinucleotide":[],"positionBias":[],"modifications":[]}]},"modelFittingConstraints":{"enrichmentModel":[{}],"nShifts":0,"addBindingModesSequentially":true,"bindingModeInteractions":[],"flankLengths":[0],"singleModeLengthSweep":false,"bindingModes":[{"maxFlankLength":-1,"positionBiasBinWidth":1,"optimizeSizeHeuristic":false,"maxSize":-1,"optimizeFlankLength":false,"symmetryString":"null","roundSpecificActivity":true,"informationThreshold":0.1,"optimizeMotifShift":false,"fittingStages":[],"optimizeMotifShiftHeuristic":false,"experimentSpecificPositionBias":true,"minSize":-1,"experimentSpecificActivity":true,"optimizeSize":false}]}}
