{"modelSettings":{"letterOrder":"ACGTN","bindingModeInteractions":[],"bindingModes":[{"size":12,"fitLogActivity":true,"flankLength":0,"dinucleotideDistance":0,"componentName":"Binding mode 1","positionBias":false,"singleStrand":false,"modifications":[]}],"letterComplement":"C-G,A-T,N-N"},"coefficients":{"bindingModeInteractions":[],"bindingModes":[{"mononucleotide":[0,-0.04354584430311004,-0.0209763857891736,-0.11504503411329914,-0.04396318500125673,-0.05858349720513223,-0.1963388630594074,0,-0.2589060552466451,-0.123092140746708,0,-0.6769158512050693,-0.24953691407599488,-0.7227900863273411,-0.3664585503128327,-0.8089103988977349,0,-0.6655654875456456,-0.8697232512705231,-0.5198691633779368,-1.1208935790880088,0,-1.8961309774298956,-2.763465007540015,-0.9550253011365749,-4.032746127850889,-3.808302107317559,0,-3.516341114744912,-1.3189915358148399,-3.724462271141747,-3.979124125138913,0,-1.5255311156354865,-1.1549179223242247,0,-2.348166709905015,-3.198172894057964,-2.3397216992868293,-1.177058790262223,0,-1.3557561447079123,-1.940373373147457,-0.4338126294908293,-0.668729584417919,-0.47380097879394745,-1.0572105683152366,0,-1.9705165507963018,-0.6398720557452052,-0.9315085204571849,-0.35446965633403194,-0.9255842591898462,0,-0.47328734230459685,-0.13375908947954462,-0.15133377290694439,0,-0.13573040111592638,-0.10329611404969881],"activity":[[0]],"dinucleotide":[],"positionBias":[],"modifications":[]}]},"modelFittingConstraints":{"enrichmentModel":[{}],"nShifts":0,"addBindingModesSequentially":true,"bindingModeInteractions":[],"flankLengths":[0],"singleModeLengthSweep":false,"bindingModes":[{"maxFlankLength":-1,"positionBiasBinWidth":1,"optimizeSizeHeuristic":false,"maxSize":-1,"optimizeFlankLength":false,"symmetryString":"null","roundSpecificActivity":true,"informationThreshold":0.1,"optimizeMotifShift":false,"fittingStages":[],"optimizeMotifShiftHeuristic":false,"experimentSpecificPositionBias":true,"minSize":-1,"experimentSpecificActivity":true,"optimizeSize":false}]}}
