{"modelSettings":{"letterOrder":"ACGTN","bindingModeInteractions":[],"bindingModes":[{"size":12,"fitLogActivity":true,"flankLength":0,"dinucleotideDistance":0,"componentName":"Binding mode 1","positionBias":false,"singleStrand":false,"modifications":[]}],"letterComplement":"C-G,A-T,N-N"},"coefficients":{"bindingModeInteractions":[],"bindingModes":[{"mononucleotide":[-0.782701406280153,-0.4978362182780063,-0.38888850839452616,0,-0.37730643922677815,-0.8242482833457756,-0.015144492583546665,-0.06680121733704603,0,-0.17467627445146444,0,-2.6342448250456862,-1.6705555692631906,-2.054133596615902,-1.0583443900845626,-3.407613737121148,0,-2.7258305888322334,-2.14757960614849,-1.1912389256617104,-2.0909582484462605,-2.410106172839625,0,-3.5258752409151826,-1.1689270844578874,-1.0042508938896182,-0.1526450846330003,-1.0413982492133051,0,-0.43939136551345265,0,-0.7106183664928323,-0.9379519227274393,-0.3403219133420605,-0.43297369964850074,0,-0.1627637757668028,-0.07491093607399169,-0.3805553874352139,-0.14470798114582079,0,-0.012230520274094658,-0.04759108964635894,-0.06851036073913974,-0.03170963663573032,-0.12857139594374067,-0.04965353527011396,0,-0.181663210067035,-0.08752279045364003,-0.06618982208645874,-0.008582187226899629,-0.11838325861536647,0,-0.04715365481658139,-0.12189275201077654,0,-0.08060576799284747,-0.08690157759729733,-0.071343503398338],"activity":[[0]],"dinucleotide":[],"positionBias":[],"modifications":[]}]},"modelFittingConstraints":{"enrichmentModel":[{}],"nShifts":0,"addBindingModesSequentially":true,"bindingModeInteractions":[],"flankLengths":[0],"singleModeLengthSweep":false,"bindingModes":[{"maxFlankLength":-1,"positionBiasBinWidth":1,"optimizeSizeHeuristic":false,"maxSize":-1,"optimizeFlankLength":false,"symmetryString":"null","roundSpecificActivity":true,"informationThreshold":0.1,"optimizeMotifShift":false,"fittingStages":[],"optimizeMotifShiftHeuristic":false,"experimentSpecificPositionBias":true,"minSize":-1,"experimentSpecificActivity":true,"optimizeSize":false}]}}
