{"modelSettings":{"letterOrder":"ACGTN","bindingModeInteractions":[],"bindingModes":[{"size":12,"fitLogActivity":true,"flankLength":0,"dinucleotideDistance":0,"componentName":"Binding mode 1","positionBias":false,"singleStrand":false,"modifications":[]}],"letterComplement":"C-G,A-T,N-N"},"coefficients":{"bindingModeInteractions":[],"bindingModes":[{"mononucleotide":[-0.21368053406420096,-0.09490037916612959,0,-0.16685945840420136,-0.11558246445652351,-0.7112324593580236,0,-0.43880120393572686,-1.1289477061854178,-0.4864497471793803,-1.079967187046102,-0.2779889758164541,-1.4371844964756084,0,-0.5384933664658705,-0.39480001506432416,0,-1.87035354536757,-0.5665722325483832,-0.5127644959741425,-0.011312007368363908,-3.761213029629446,0,-2.4910860265814847,-0.6468232839521459,-5.115322358831247,-2.424708953963485,-5.710077909476192,0,-1.2929676648203803,0,-2.154769274541136,-1.6722663023528024,-0.7903041166792687,-0.8224261111900709,0,-2.6418797911909264,-2.5836338099208644,-1.7511030608596148,-1.1084287332853604,0,-1.3560994947288458,-2.3164752969560225,-1.5523211563308696,-0.9364677347849992,0,-0.4385614412891884,-0.6752969777254739,-0.48105159277518716,-0.3666885443083507,-0.12511701094873384,-0.052906423811683645,-0.243694352448093,0,-0.10131605242893603,-0.17454834662570606,-0.13898531138356307,-0.20209393213159244,0,-0.12581970680690321],"activity":[[0]],"dinucleotide":[],"positionBias":[],"modifications":[]}]},"modelFittingConstraints":{"enrichmentModel":[{}],"nShifts":0,"addBindingModesSequentially":true,"bindingModeInteractions":[],"flankLengths":[0],"singleModeLengthSweep":false,"bindingModes":[{"maxFlankLength":-1,"positionBiasBinWidth":1,"optimizeSizeHeuristic":false,"maxSize":-1,"optimizeFlankLength":false,"symmetryString":"null","roundSpecificActivity":true,"informationThreshold":0.1,"optimizeMotifShift":false,"fittingStages":[],"optimizeMotifShiftHeuristic":false,"experimentSpecificPositionBias":true,"minSize":-1,"experimentSpecificActivity":true,"optimizeSize":false}]}}
