{"modelSettings":{"letterOrder":"ACGTN","bindingModeInteractions":[],"bindingModes":[{"size":12,"fitLogActivity":true,"flankLength":0,"dinucleotideDistance":0,"componentName":"Binding mode 1","positionBias":false,"singleStrand":false,"modifications":[]}],"letterComplement":"C-G,A-T,N-N"},"coefficients":{"bindingModeInteractions":[],"bindingModes":[{"mononucleotide":[0,-0.2714008389554161,-0.29291451411883695,-0.39973586889458623,-0.2297610516131889,0,-0.6660542084687364,-0.6890237641477865,-0.7824289886822395,-0.48082536313370927,0,-1.4188469082376844,-0.7466244854482209,-1.362644792431725,-0.7072767938088833,-1.0077918551025524,-1.4087759076674375,0,-1.0409671136151006,-0.7120347057202904,-0.7157760714563146,-0.38436653338140303,-0.4539574550323975,0,-0.35496063564869945,-1.6503630530937345,-3.1091598888256007,0,-3.6325298541350834,-1.1527508177522805,0,-1.7118244462267163,-2.3290342298703157,-1.9999672723507695,-1.0403913176438893,0,-1.8731665478300228,-1.1957643735118202,-2.054286878046998,-0.9261559387615572,0,-3.2137930257040717,-2.1931786853657105,-2.364976561989682,-1.1665831758704064,-2.4158435099281923,-2.0622723351372167,0,-2.312498777196992,-1.1121001940234136,-2.201890701782446,-1.1060825490310302,-1.1247315623792478,0,-0.8174719344876167,-0.24785199096836674,-0.30790786538477466,0,-0.47312694758979257,-0.24254636952378256],"activity":[[0]],"dinucleotide":[],"positionBias":[],"modifications":[]}]},"modelFittingConstraints":{"enrichmentModel":[{}],"nShifts":0,"addBindingModesSequentially":true,"bindingModeInteractions":[],"flankLengths":[0],"singleModeLengthSweep":false,"bindingModes":[{"maxFlankLength":-1,"positionBiasBinWidth":1,"optimizeSizeHeuristic":false,"maxSize":-1,"optimizeFlankLength":false,"symmetryString":"null","roundSpecificActivity":true,"informationThreshold":0.1,"optimizeMotifShift":false,"fittingStages":[],"optimizeMotifShiftHeuristic":false,"experimentSpecificPositionBias":true,"minSize":-1,"experimentSpecificActivity":true,"optimizeSize":false}]}}
