{"modelSettings":{"letterOrder":"ACGTN","bindingModeInteractions":[],"bindingModes":[{"size":12,"fitLogActivity":true,"flankLength":0,"dinucleotideDistance":0,"componentName":"Binding mode 1","positionBias":false,"singleStrand":false,"modifications":[]}],"letterComplement":"C-G,A-T,N-N"},"coefficients":{"bindingModeInteractions":[],"bindingModes":[{"mononucleotide":[-0.6013661076165988,0,-0.8663511172897218,-0.8315470300176013,-0.5091933377236756,-0.8255217581591507,0,-1.2595244149607647,-0.985380611507197,-0.6466966663178964,0,-2.4400872265260847,-1.8273731023112014,-2.812887800727999,-1.1177797076020375,-2.326439108821177,0,-2.8458902630918286,-2.574319619370865,-1.1777114933264587,-2.4789017532963347,0,-2.385559371594729,-1.065099890860508,-0.967211628383559,-2.456968118406485,-2.808668175995193,-2.897683269012936,0,-1.2030312121069127,-3.195142362030696,-3.436374921763549,0,-3.332051089845454,-1.2829604645030999,-2.437075334593992,-1.9039600898739262,-2.8601318953748245,0,-1.1288229444438764,-1.391339138545158,-1.63016375491017,-1.2891279628186765,0,-0.8438826276119944,-1.222473191190931,-2.0382519262478134,0,-1.5099299646631215,-0.8881391280764133,-0.2497335095715547,0,-0.7913979357037211,-1.2546143310297473,-0.4630657676780175,0,-0.3306474440230307,-0.13645637435060598,-0.15199299806684508,-0.1479499574986902],"activity":[[0]],"dinucleotide":[],"positionBias":[],"modifications":[]}]},"modelFittingConstraints":{"enrichmentModel":[{}],"nShifts":0,"addBindingModesSequentially":true,"bindingModeInteractions":[],"flankLengths":[0],"singleModeLengthSweep":false,"bindingModes":[{"maxFlankLength":-1,"positionBiasBinWidth":1,"optimizeSizeHeuristic":false,"maxSize":-1,"optimizeFlankLength":false,"symmetryString":"null","roundSpecificActivity":true,"informationThreshold":0.1,"optimizeMotifShift":false,"fittingStages":[],"optimizeMotifShiftHeuristic":false,"experimentSpecificPositionBias":true,"minSize":-1,"experimentSpecificActivity":true,"optimizeSize":false}]}}
