{"modelSettings":{"letterOrder":"ACGTN","bindingModeInteractions":[],"bindingModes":[{"size":16,"fitLogActivity":true,"flankLength":0,"dinucleotideDistance":0,"componentName":"Binding mode 1","positionBias":false,"singleStrand":false,"modifications":[]}],"letterComplement":"C-G,A-T,N-N"},"coefficients":{"bindingModeInteractions":[],"bindingModes":[{"mononucleotide":[-1.1901543703501911,-1.17264822686775,0,-0.8212352878227032,-0.6666959483979036,0,-1.0767306093898155,-0.32114128216714555,-1.9814372928988684,-0.596066153366973,-1.257657958468494,0,-2.220583749934945,-1.0229622627941293,-0.825311961666159,-1.2649866930076348,0,-1.2407245354902843,-1.6323024323979478,-0.8170696555581671,-1.0739901609999505,0,-1.9336387411726186,-0.6271102013914511,-0.6830004844881568,-3.0603903202281617,0,-3.2026633691397386,-3.2971242614427068,-1.2689446925916952,-1.1227003440207346,0,-3.1533072399660953,-3.0525480230876334,-1.0389182452239603,-1.6440659577274923,0,-2.452648936167872,-0.16509349309726584,-0.6315476612737224,-0.9593395750174478,-2.8445549692026018,0,-2.436357509554173,-0.9618211252296629,-2.502577152650945,0,-1.2253602649413606,-0.527256307944187,-0.7104216527417582,-1.081522458221313,-1.008074028494791,-0.5396792997272595,0,-0.5590817806404234,-1.5499073152231952,-2.660272578147387,0,-2.2191623717863083,-1.05634555166365,-0.34646901194675017,-0.3332896723535521,-0.6114628680871306,0,-0.29897900035103603,-2.2487784773284116,-1.4394777491185713,0,-1.0826122433362233,-0.8667335080084853,0,-0.07282562832514916,-0.826052364357091,-0.3580767963480014,-0.26573912838568275,-0.11502613568861353,-0.21860215354122214,0,-0.09356342874595036,-0.10378828546258535],"activity":[[0]],"dinucleotide":[],"positionBias":[],"modifications":[]}]},"modelFittingConstraints":{"enrichmentModel":[{}],"nShifts":0,"addBindingModesSequentially":true,"bindingModeInteractions":[],"flankLengths":[0],"singleModeLengthSweep":false,"bindingModes":[{"maxFlankLength":-1,"positionBiasBinWidth":1,"optimizeSizeHeuristic":false,"maxSize":-1,"optimizeFlankLength":false,"symmetryString":"null","roundSpecificActivity":true,"informationThreshold":0.1,"optimizeMotifShift":false,"fittingStages":[],"optimizeMotifShiftHeuristic":false,"experimentSpecificPositionBias":true,"minSize":-1,"experimentSpecificActivity":true,"optimizeSize":false}]}}
