{"modelSettings":{"letterOrder":"ACGTN","bindingModeInteractions":[],"bindingModes":[{"size":12,"fitLogActivity":true,"flankLength":0,"dinucleotideDistance":0,"componentName":"Binding mode 1","positionBias":false,"singleStrand":false,"modifications":[]}],"letterComplement":"C-G,A-T,N-N"},"coefficients":{"bindingModeInteractions":[],"bindingModes":[{"mononucleotide":[0,-0.31557766344905214,-0.16207665887953637,-0.2044812684456534,-0.1640455512146709,-0.21553070550238274,-0.6398788161696218,0,-0.572794691826062,-0.32247470351278235,-0.28658821156502934,-1.1910650950430086,-0.04819853866858703,0,-0.28513105291077745,-0.5294963812806806,-2.22020292491313,0,-1.9733510392427163,-0.7784442852055448,-2.3843730037400883,-2.6841825204772327,0,-2.4618581596714963,-1.1665966840603987,-2.0496856638653242,-2.600710511115164,0,-2.2384535117741207,-1.1165577475490243,-0.8147992958052339,0,-2.4704846832652914,-0.7410437882370089,-0.6912049592131267,-1.282837004404044,-1.936334192480537,0,-1.4392766850492829,-0.8803322288654072,-1.0450059603045274,-1.738479710100109,-0.19833597192567765,0,-0.5329129941948234,-0.39728544582341674,-0.7829109658544267,0,-0.3897328538193585,-0.3543727897597958,0,-0.3908272793421157,-0.16686936796500507,-0.2853870749879883,-0.20011989925272372,-0.2645353297641224,0,-0.5636595652327545,-0.42622686389535613,-0.2911369576050266],"activity":[[0]],"dinucleotide":[],"positionBias":[],"modifications":[]}]},"modelFittingConstraints":{"enrichmentModel":[{}],"nShifts":0,"addBindingModesSequentially":true,"bindingModeInteractions":[],"flankLengths":[0],"singleModeLengthSweep":false,"bindingModes":[{"maxFlankLength":-1,"positionBiasBinWidth":1,"optimizeSizeHeuristic":false,"maxSize":-1,"optimizeFlankLength":false,"symmetryString":"null","roundSpecificActivity":true,"informationThreshold":0.1,"optimizeMotifShift":false,"fittingStages":[],"optimizeMotifShiftHeuristic":false,"experimentSpecificPositionBias":true,"minSize":-1,"experimentSpecificActivity":true,"optimizeSize":false}]}}
