{"modelSettings":{"letterOrder":"ACGTN","bindingModeInteractions":[],"bindingModes":[{"size":13,"fitLogActivity":true,"flankLength":0,"dinucleotideDistance":0,"componentName":"Binding mode 1","positionBias":false,"singleStrand":false,"modifications":[]}],"letterComplement":"C-G,A-T,N-N"},"coefficients":{"bindingModeInteractions":[],"bindingModes":[{"mononucleotide":[0,-0.16237799757313987,-0.11282779728105652,-0.1878994146020112,-0.11313445040716616,0,-0.24559059702878372,-0.18309668979311589,-0.37575877647132927,-0.19185747078730353,0,-1.679325694129876,-0.47726528706176197,-1.3477054741249195,-0.660286374158646,-1.3982811085370088,0,-1.0666050663129685,-2.3136269603855304,-0.861507800494247,-1.6581117926024407,0,-3.447514565672311,-4.650304653640018,-1.177751550377131,-5.923937084849444,-5.917925277541012,0,-6.047469239374695,-1.3785948159864418,-6.045428654218045,-6.649921608261425,0,-6.3805977196575725,-1.380951759382421,0,-4.913183863138848,-5.687070053007915,-4.32402277730796,-1.3625924335093795,0,-3.054755804640604,-4.724005630777219,-1.0358167505292775,-1.0420310280462097,-0.6344024578706495,-2.0154127983667394,0,-2.905066303348347,-0.8449805907580522,-1.6422267891107778,-0.8134602087964096,-1.6206791442949295,0,-0.7794491704924303,-0.13126187805411105,-0.35855525394289245,0,-0.3938807251491192,-0.20760625930429444,-0.14109797695070636,-0.10890986891145227,0,-0.48786431135678865,-0.1686696772362311],"activity":[[0]],"dinucleotide":[],"positionBias":[],"modifications":[]}]},"modelFittingConstraints":{"enrichmentModel":[{}],"nShifts":0,"addBindingModesSequentially":true,"bindingModeInteractions":[],"flankLengths":[0],"singleModeLengthSweep":false,"bindingModes":[{"maxFlankLength":-1,"positionBiasBinWidth":1,"optimizeSizeHeuristic":false,"maxSize":-1,"optimizeFlankLength":false,"symmetryString":"null","roundSpecificActivity":true,"informationThreshold":0.1,"optimizeMotifShift":false,"fittingStages":[],"optimizeMotifShiftHeuristic":false,"experimentSpecificPositionBias":true,"minSize":-1,"experimentSpecificActivity":true,"optimizeSize":false}]}}
