{"modelSettings":{"letterOrder":"ACGTN","bindingModeInteractions":[],"bindingModes":[{"size":12,"fitLogActivity":true,"flankLength":0,"dinucleotideDistance":0,"componentName":"Binding mode 1","positionBias":false,"singleStrand":false,"modifications":[]}],"letterComplement":"C-G,A-T,N-N"},"coefficients":{"bindingModeInteractions":[],"bindingModes":[{"mononucleotide":[-0.369076816117091,0,-0.1708277528197666,-0.060027980396801794,-0.14038993230162874,-0.14003789007278922,-0.21501535052167142,0,-0.03185136467787597,-0.09307383410782744,-0.01957271630654045,-0.9435612741651012,0,-1.3081681960106897,-0.41545047288278847,-4.028915855536519,-2.49592755714521,-3.373096313069439,0,-1.260105070147585,-3.696820708740267,-2.8918922993876395,0,-1.810912094968,-1.1681405685273354,0,-3.6235366153918243,-3.146591737183283,-2.2997736734514946,-1.2293178873456503,-3.8653997219839136,0,-2.7137510845420287,-1.7150264201136636,-1.149483672123725,-1.8226026631635655,-2.66298208955895,0,-3.0287189254014253,-1.1396514043400439,-1.1109462485667123,-0.5302058533390701,-1.5023129115624163,0,-0.6253269769541316,0,-0.28852537596803085,-0.26683535009985526,-0.6494900665157344,-0.27526646866439825,0,-0.5201463526522225,-0.32355581862955063,-0.3590328675364063,-0.28224471153291,-0.172805536234808,0,-0.19960050317822597,-0.044723921554855384,-0.10075432135030352],"activity":[[0]],"dinucleotide":[],"positionBias":[],"modifications":[]}]},"modelFittingConstraints":{"enrichmentModel":[{}],"nShifts":0,"addBindingModesSequentially":true,"bindingModeInteractions":[],"flankLengths":[0],"singleModeLengthSweep":false,"bindingModes":[{"maxFlankLength":-1,"positionBiasBinWidth":1,"optimizeSizeHeuristic":false,"maxSize":-1,"optimizeFlankLength":false,"symmetryString":"null","roundSpecificActivity":true,"informationThreshold":0.1,"optimizeMotifShift":false,"fittingStages":[],"optimizeMotifShiftHeuristic":false,"experimentSpecificPositionBias":true,"minSize":-1,"experimentSpecificActivity":true,"optimizeSize":false}]}}
