{"modelSettings":{"letterOrder":"ACGTN","bindingModeInteractions":[],"bindingModes":[{"size":10,"fitLogActivity":true,"flankLength":0,"dinucleotideDistance":0,"componentName":"Binding mode 1","positionBias":false,"singleStrand":false,"modifications":[]}],"letterComplement":"C-G,A-T,N-N"},"coefficients":{"bindingModeInteractions":[],"bindingModes":[{"mononucleotide":[-0.41036809206380465,0,-0.10753684671482944,-0.03422063522968344,-0.12561772813781222,-0.3185182144416183,-0.7441268208381624,-0.17116569077573018,0,-0.2727748137700664,-3.366300958139509,-1.7541831446877785,-4.31735667704125,0,-1.1867054897358182,-2.363202634549284,-2.616076508323504,0,-3.6301783694036964,-1.209220856344986,0,-1.8222589012227388,-2.3396515671420537,-2.3202835526112846,-1.0815582179520995,-1.1316106863956148,0,-5.108809645407298,-4.134363930806961,-1.0902204815331027,-2.6506277796609132,0,-3.8395658923482556,-3.800537773690882,-1.2779167046591424,-2.2044391279949034,-0.5433611770155817,-1.5165930580103393,0,-0.7388961385042769,-0.9320458934867839,-0.29950284654038706,-0.7868988553767993,0,-0.4345637654691683,-0.31137071266371086,-0.546305417186413,-0.4904570095302343,0,-0.313384869508579],"activity":[[0]],"dinucleotide":[],"positionBias":[],"modifications":[]}]},"modelFittingConstraints":{"enrichmentModel":[{}],"nShifts":0,"addBindingModesSequentially":true,"bindingModeInteractions":[],"flankLengths":[0],"singleModeLengthSweep":false,"bindingModes":[{"maxFlankLength":-1,"positionBiasBinWidth":1,"optimizeSizeHeuristic":false,"maxSize":-1,"optimizeFlankLength":false,"symmetryString":"null","roundSpecificActivity":true,"informationThreshold":0.1,"optimizeMotifShift":false,"fittingStages":[],"optimizeMotifShiftHeuristic":false,"experimentSpecificPositionBias":true,"minSize":-1,"experimentSpecificActivity":true,"optimizeSize":false}]}}
