{"modelSettings":{"letterOrder":"ACGTN","bindingModeInteractions":[],"bindingModes":[{"size":10,"fitLogActivity":true,"flankLength":0,"dinucleotideDistance":0,"componentName":"Binding mode 1","positionBias":false,"singleStrand":false,"modifications":[]}],"letterComplement":"C-G,A-T,N-N"},"coefficients":{"bindingModeInteractions":[],"bindingModes":[{"mononucleotide":[-0.40550279657464827,0,-0.9840119274812724,-1.8929390033599445,-0.6019005202587273,-1.7433226100836903,0,-2.917280974329138,-3.1439132400868655,-1.1455997590409022,0,-2.931196607346088,-1.2079332591438536,-2.152202165943918,-1.002137798161167,-3.090932562743502,-1.9210434816527244,-0.5239700272305816,0,-0.8073922891612284,0,-0.44918359935025887,-3.2880409431217137,-3.5882555265755913,-0.8538311214173192,-2.793441983908889,-2.1393430709788954,-3.9389388544396255,0,-1.2052976908627715,-4.099492128423992,-3.8456703495838527,0,-3.541995378938007,-1.3215290001958986,-2.0400216006621137,-0.5121669929120154,0,-0.03987255045049576,-0.3967035332762072,-1.1694306726029513,-0.648146634593513,-1.4060436966599656,0,-0.6545665718696431,-0.08633695217052129,-0.044332940388116526,0,-0.24655606353839676,-0.09008663333625862],"activity":[[0]],"dinucleotide":[],"positionBias":[],"modifications":[]}]},"modelFittingConstraints":{"enrichmentModel":[{}],"nShifts":0,"addBindingModesSequentially":true,"bindingModeInteractions":[],"flankLengths":[0],"singleModeLengthSweep":false,"bindingModes":[{"maxFlankLength":-1,"positionBiasBinWidth":1,"optimizeSizeHeuristic":false,"maxSize":-1,"optimizeFlankLength":false,"symmetryString":"null","roundSpecificActivity":true,"informationThreshold":0.1,"optimizeMotifShift":false,"fittingStages":[],"optimizeMotifShiftHeuristic":false,"experimentSpecificPositionBias":true,"minSize":-1,"experimentSpecificActivity":true,"optimizeSize":false}]}}
