{"modelSettings":{"letterOrder":"ACGTN","bindingModeInteractions":[],"bindingModes":[{"size":14,"fitLogActivity":true,"flankLength":0,"dinucleotideDistance":0,"componentName":"Binding mode 1","positionBias":false,"singleStrand":false,"modifications":[]}],"letterComplement":"C-G,A-T,N-N"},"coefficients":{"bindingModeInteractions":[],"bindingModes":[{"mononucleotide":[0,-0.04693202215504755,-0.08741091863505002,-0.3339300172313653,-0.10910177062125702,0,-0.7029044038815186,-0.11991360552524366,-0.6591876978268232,-0.3217858785311582,0,-1.2182409760578023,-0.9864350911893185,-0.12044353812375252,-0.44817138703460047,-0.1663883463268414,-1.4444037619686814,-1.089902602922491,0,-0.5030007878797791,-0.1648295966070341,-1.6483587617164313,-0.8254779063008586,0,-0.4786693989284292,-0.6905195205371921,-1.7584596554223149,-0.49232814503907996,0,-0.5600038739067077,-1.6978260268684027,-0.533303369339599,0,-1.428205476340132,-0.6884165593666389,-3.7723357826456785,-3.0046222867231682,0,-4.384011546119057,-1.3046858362523464,-3.6370379402279203,0,-4.718947335145803,-3.274283648595681,-1.3157438629883849,-2.8744312108736647,-4.280254198579234,0,-3.554400985842663,-1.2919975291609025,-3.8865017537583544,0,-1.8180241590317876,-3.161158048974294,-1.1831577508974724,-1.2036810900775041,0,-0.2585774216141745,-1.1467082887628983,-0.515035498597649,-0.13990165607120675,0,-0.9424081528339556,-0.5256501021607392,-0.338869081534316,0,-0.7988856647619813,-0.03439634862020258,-0.18573776988627344,-0.20871385758333058],"activity":[[0]],"dinucleotide":[],"positionBias":[],"modifications":[]}]},"modelFittingConstraints":{"enrichmentModel":[{}],"nShifts":0,"addBindingModesSequentially":true,"bindingModeInteractions":[],"flankLengths":[0],"singleModeLengthSweep":false,"bindingModes":[{"maxFlankLength":-1,"positionBiasBinWidth":1,"optimizeSizeHeuristic":false,"maxSize":-1,"optimizeFlankLength":false,"symmetryString":"null","roundSpecificActivity":true,"informationThreshold":0.1,"optimizeMotifShift":false,"fittingStages":[],"optimizeMotifShiftHeuristic":false,"experimentSpecificPositionBias":true,"minSize":-1,"experimentSpecificActivity":true,"optimizeSize":false}]}}
