{"modelSettings":{"letterOrder":"ACGTN","bindingModeInteractions":[],"bindingModes":[{"size":13,"fitLogActivity":true,"flankLength":0,"dinucleotideDistance":0,"componentName":"Binding mode 1","positionBias":false,"singleStrand":false,"modifications":[]}],"letterComplement":"C-G,A-T,N-N"},"coefficients":{"bindingModeInteractions":[],"bindingModes":[{"mononucleotide":[-0.41498048778542795,-0.0630737224578386,0,-0.004258747525748063,-0.10675656506156701,-0.44247285409516124,0,-0.4248427455256767,-0.3942353073693088,-0.2975594345891667,0,-1.2728997745933286,-0.47491522857342794,-1.3426399787105374,-0.6147466468308991,-2.0547205569168634,0,-0.41232699572351095,-0.8266234868954783,-0.5852975536297811,-0.971033922440383,-3.4874939758042003,-2.1719371532588934,0,-0.9654643312441206,-3.2129147853148083,-4.248181047135155,-3.3119231601264887,0,-1.2992222283501393,-3.9984509955125587,0,-5.905076330080989,-6.480458711750667,-1.363943304542046,-6.090432561214722,0,-6.48380148693414,-6.2389334975660935,-1.380566440679055,-4.132426743394537,-3.197564918722489,0,-2.0467906439368235,-1.215662357749697,-1.6017678428169073,-0.948726073294532,0,-1.331764423119534,-0.7696044744845599,-0.7531000986332517,-0.04917834193672288,-0.9716203758006365,0,-0.3561804066393929,-0.08214774805841518,-0.010750760175318508,0,-0.008463471689562851,-0.024801295764534565,-0.11391214834680308,0,-0.07588892063069475,-0.09065564439033791,-0.06919262110296416],"activity":[[0]],"dinucleotide":[],"positionBias":[],"modifications":[]}]},"modelFittingConstraints":{"enrichmentModel":[{}],"nShifts":0,"addBindingModesSequentially":true,"bindingModeInteractions":[],"flankLengths":[0],"singleModeLengthSweep":false,"bindingModes":[{"maxFlankLength":-1,"positionBiasBinWidth":1,"optimizeSizeHeuristic":false,"maxSize":-1,"optimizeFlankLength":false,"symmetryString":"null","roundSpecificActivity":true,"informationThreshold":0.1,"optimizeMotifShift":false,"fittingStages":[],"optimizeMotifShiftHeuristic":false,"experimentSpecificPositionBias":true,"minSize":-1,"experimentSpecificActivity":true,"optimizeSize":false}]}}
