{"modelSettings":{"letterOrder":"ACGTN","bindingModeInteractions":[],"bindingModes":[{"size":10,"fitLogActivity":true,"flankLength":0,"dinucleotideDistance":0,"componentName":"Binding mode 3","positionBias":false,"singleStrand":false,"modifications":[]}],"letterComplement":"C-G,A-T,N-N"},"coefficients":{"bindingModeInteractions":[],"bindingModes":[{"mononucleotide":[-0.27418958591593245,0,-0.19469148976848238,-0.05246869466736914,-0.12438463305713235,-0.30010501360399555,-0.17078219791403537,0,-0.5096213541380932,-0.22800893450417417,-0.34182887469467405,0,-0.592127621465321,-0.12545928348342805,-0.2402545527901347,-3.1660773836964107,-3.6552712736484696,-5.409540349478458,0,-1.316304912898779,0,-3.072816842695453,-1.3151995531802614,-2.2438558299934668,-1.035102322670307,0,-3.5223179681958374,-5.603542067100998,-4.930046463722628,-1.3466488724277947,-2.623916078662159,-1.6853926124255243,-1.9485852896543996,0,-1.049561124498288,-1.6922630834333754,-0.32299201774367337,-0.18178236748754228,0,-0.37765607903594767,0,-2.46983160334241,-1.2958687697503848,-2.873523332350934,-1.039335426606801,-1.4972868475465275,0,-0.18447930203696306,-0.5374763147304649,-0.415707014580359],"activity":[[0]],"dinucleotide":[],"positionBias":[],"modifications":[]}]},"modelFittingConstraints":{"enrichmentModel":[{}],"nShifts":0,"addBindingModesSequentially":true,"bindingModeInteractions":[],"flankLengths":[0],"singleModeLengthSweep":false,"bindingModes":[{"maxFlankLength":-1,"positionBiasBinWidth":1,"optimizeSizeHeuristic":false,"maxSize":-1,"optimizeFlankLength":false,"symmetryString":"null","roundSpecificActivity":true,"informationThreshold":0.1,"optimizeMotifShift":false,"fittingStages":[],"optimizeMotifShiftHeuristic":false,"experimentSpecificPositionBias":true,"minSize":-1,"experimentSpecificActivity":true,"optimizeSize":false}]}}
