{"modelSettings":{"letterOrder":"ACGTN","bindingModeInteractions":[],"bindingModes":[{"size":11,"fitLogActivity":true,"flankLength":0,"dinucleotideDistance":0,"componentName":"Binding mode 1","positionBias":false,"singleStrand":false,"modifications":[]}],"letterComplement":"C-G,A-T,N-N"},"coefficients":{"bindingModeInteractions":[],"bindingModes":[{"mononucleotide":[0,-0.4226237277359596,-0.15214742347545496,-0.3863893119465768,-0.22511650980180256,-0.16362354809464907,0,-0.25666417323358093,-0.11576632945583532,-0.12971784682936055,-0.3395717999519262,-1.3175260344969297,0,-2.537538222115719,-0.664106491982052,-2.5094085560365613,-0.9216603775827078,-3.7140330209638925,0,-0.9784632403607563,0,-0.8468982967694328,-2.648685250931606,-2.9736182796027735,-0.9476492591283971,0,-1.7391207394633117,-3.8393211023290466,-2.1349542404577746,-1.1121284749971976,0,-4.360503007165783,-3.104103246346457,-2.81304504034874,-1.2750583645122233,-4.18283231235514,0,-4.413497628375328,-1.118534672105532,-1.0831379642500976,0,-4.152044522306312,-2.3739490770911824,-3.585649841818364,-1.2582854247512998,0,-0.21184386334374716,-0.4690484761059738,-0.0852444847573488,-0.17644604487810256,0,-0.656661249669483,-0.26975970404292116,-0.07716548814785362,-0.22068424916819918],"activity":[[0]],"dinucleotide":[],"positionBias":[],"modifications":[]}]},"modelFittingConstraints":{"enrichmentModel":[{}],"nShifts":0,"addBindingModesSequentially":true,"bindingModeInteractions":[],"flankLengths":[0],"singleModeLengthSweep":false,"bindingModes":[{"maxFlankLength":-1,"positionBiasBinWidth":1,"optimizeSizeHeuristic":false,"maxSize":-1,"optimizeFlankLength":false,"symmetryString":"null","roundSpecificActivity":true,"informationThreshold":0.1,"optimizeMotifShift":false,"fittingStages":[],"optimizeMotifShiftHeuristic":false,"experimentSpecificPositionBias":true,"minSize":-1,"experimentSpecificActivity":true,"optimizeSize":false}]}}
