{"modelSettings":{"letterOrder":"ACGTN","bindingModeInteractions":[],"bindingModes":[{"size":12,"fitLogActivity":true,"flankLength":0,"dinucleotideDistance":0,"componentName":"Binding mode 1","positionBias":false,"singleStrand":false,"modifications":[]}],"letterComplement":"C-G,A-T,N-N"},"coefficients":{"bindingModeInteractions":[],"bindingModes":[{"mononucleotide":[-0.039974584394920853,-0.4262833291475223,-0.37805052139549034,0,-0.19269283423971295,-0.409233064097398,-0.09780816511148771,-0.3640404814998437,0,-0.20277572379529782,-0.15738852028987438,-0.681049917082662,0,-1.3669367543230386,-0.4248987372129119,0,-1.8196819351429694,-0.3495158491792223,-0.6920866265034409,-0.5244018653847374,-2.2774616419999987,0,-2.611068311775915,-2.2287368472310822,-1.1365754523453284,-1.0562070208332113,0,-0.981556978244285,-2.5970607876738274,-0.800180309360638,-4.615981537034183,-5.3908697211478,0,-5.819553342495373,-1.3690249326294122,-3.6242097696769937,-3.469914478948307,-2.684876824050084,0,-1.2676055542476112,-4.238634401176386,-4.929056754232264,-4.443018674759163,0,-1.3534197155253873,0,-1.7910072346331365,-0.8194961908324299,-0.9142771242219103,-0.6890296966875901,0,-0.2855933199651961,-0.32407698153821407,-0.41553269984017493,-0.24374449467343537,0,-0.4892465404342077,-0.5030719549643212,-0.2780311922947325,-0.2960396864825247],"activity":[[0]],"dinucleotide":[],"positionBias":[],"modifications":[]}]},"modelFittingConstraints":{"enrichmentModel":[{}],"nShifts":0,"addBindingModesSequentially":true,"bindingModeInteractions":[],"flankLengths":[0],"singleModeLengthSweep":false,"bindingModes":[{"maxFlankLength":-1,"positionBiasBinWidth":1,"optimizeSizeHeuristic":false,"maxSize":-1,"optimizeFlankLength":false,"symmetryString":"null","roundSpecificActivity":true,"informationThreshold":0.1,"optimizeMotifShift":false,"fittingStages":[],"optimizeMotifShiftHeuristic":false,"experimentSpecificPositionBias":true,"minSize":-1,"experimentSpecificActivity":true,"optimizeSize":false}]}}
