{"modelSettings":{"letterOrder":"ACGTN","bindingModeInteractions":[],"bindingModes":[{"size":10,"fitLogActivity":true,"flankLength":0,"dinucleotideDistance":0,"componentName":"Binding mode 1","positionBias":false,"singleStrand":false,"modifications":[]}],"letterComplement":"C-G,A-T,N-N"},"coefficients":{"bindingModeInteractions":[],"bindingModes":[{"mononucleotide":[0,-0.30802364256646886,-0.024237746954896444,-0.29751823692961565,-0.14687412353527834,-0.5089778029541989,-0.07960412884318391,0,-0.4416462457534429,-0.23333006360901953,-0.9972767233964951,0,-1.6521341412223558,-0.21760086847080107,-0.5255291994685987,0,-0.5134789692868225,-0.6873776310207741,-1.4547469231021042,-0.5383841217467813,0,-2.4276962083893605,-2.26858856293495,-3.437736543748905,-1.1843047194768672,-4.394767073366805,-3.9778796680178847,-3.678231555935978,0,-1.3314892984299254,-4.112878617235397,-1.7023601882832904,-3.815731369733277,0,-1.1869230818118075,0,-3.749642059659245,-2.695378940375345,-2.2118842998610444,-1.2035253281020968,-0.2688941814439084,-0.3879988476898629,0,-0.38637285308358493,-0.24777109634856598,-0.5035060570392327,0,-0.022411524422344398,-0.34167616725440664,-0.19454884344534978],"activity":[[0]],"dinucleotide":[],"positionBias":[],"modifications":[]}]},"modelFittingConstraints":{"enrichmentModel":[{}],"nShifts":0,"addBindingModesSequentially":true,"bindingModeInteractions":[],"flankLengths":[0],"singleModeLengthSweep":false,"bindingModes":[{"maxFlankLength":-1,"positionBiasBinWidth":1,"optimizeSizeHeuristic":false,"maxSize":-1,"optimizeFlankLength":false,"symmetryString":"null","roundSpecificActivity":true,"informationThreshold":0.1,"optimizeMotifShift":false,"fittingStages":[],"optimizeMotifShiftHeuristic":false,"experimentSpecificPositionBias":true,"minSize":-1,"experimentSpecificActivity":true,"optimizeSize":false}]}}
