{"modelSettings":{"letterOrder":"ACGTN","bindingModeInteractions":[],"bindingModes":[{"size":14,"fitLogActivity":true,"flankLength":0,"dinucleotideDistance":0,"componentName":"Binding mode 2","positionBias":false,"singleStrand":false,"modifications":[]}],"letterComplement":"C-G,A-T,N-N"},"coefficients":{"bindingModeInteractions":[],"bindingModes":[{"mononucleotide":[-0.018441610325988123,-0.21301618113416598,-0.8326940944466052,0,-0.21543999830257038,-0.1503173345965445,-0.39554449154071936,0,-0.16898387834729167,-0.16893040037863225,-0.12941334176023744,-0.9489948842657201,0,-1.5862493635799253,-0.4819010998888638,-3.0937137294929005,-4.094886838000333,0,-2.9746250117375626,-1.2791836308503877,-0.03958100659717534,-1.63140112740553,-0.5625092561142822,0,-0.38322982345511236,0,-2.412051247305567,-2.728449815391527,-2.783173380255553,-1.1900751032512487,-3.043071846987839,0,-3.7035803371036833,-3.5551002507207863,-1.290164654097245,0,-2.694545207764106,-0.9849805742743567,-1.9042166891994454,-0.9225862253983222,-0.3354566201010307,-0.0296633413222418,-0.6919345408130857,0,-0.2274055870640273,0,-0.23887031281155213,-0.19808348507087015,-0.11641807925357739,-0.13412545879794077,0,-0.6128302820409344,-0.18724552236264191,-0.8350363309065507,-0.35492146784304024,-1.4703006835753114,-1.6271968535817227,-1.964769912182768,0,-0.93743516873467,-1.9670576268477995,-2.5331353872030578,0,-2.28064826150384,-1.1075304131097399,-1.6309887882723573,-1.8966692779346679,-2.0487007104644808,0,-0.9978358254543978],"activity":[[0]],"dinucleotide":[],"positionBias":[],"modifications":[]}]},"modelFittingConstraints":{"enrichmentModel":[{}],"nShifts":0,"addBindingModesSequentially":true,"bindingModeInteractions":[],"flankLengths":[0],"singleModeLengthSweep":false,"bindingModes":[{"maxFlankLength":-1,"positionBiasBinWidth":1,"optimizeSizeHeuristic":false,"maxSize":-1,"optimizeFlankLength":false,"symmetryString":"null","roundSpecificActivity":true,"informationThreshold":0.1,"optimizeMotifShift":false,"fittingStages":[],"optimizeMotifShiftHeuristic":false,"experimentSpecificPositionBias":true,"minSize":-1,"experimentSpecificActivity":true,"optimizeSize":false}]}}
