{"modelSettings":{"letterOrder":"ACGTN","bindingModeInteractions":[],"bindingModes":[{"size":11,"fitLogActivity":true,"flankLength":0,"dinucleotideDistance":0,"componentName":"Binding mode 2","positionBias":false,"singleStrand":false,"modifications":[]}],"letterComplement":"C-G,A-T,N-N"},"coefficients":{"bindingModeInteractions":[],"bindingModes":[{"mononucleotide":[0,-0.05802760117724004,-0.3169997788861254,-0.35279493004712936,-0.16999501066304934,-0.22902635585150932,-0.42333774018564085,0,-0.08106200385779472,-0.17069890921201122,-0.5614520984757734,0,-0.33953795254386154,-0.9606465049028712,-0.4060434347181941,-0.9683116669693543,-1.1441752901431403,0,-1.610271664272628,-0.7454708030939431,-1.8860730083069281,-2.22096762907874,0,-1.876846694243035,-1.0404077733788113,0,-0.8533808816379551,-3.486339826017038,-3.2188746759090163,-0.9831084525197954,-5.810577575514186,-4.674316711424485,-4.749260094515463,0,-1.3655258301857038,-2.4128760233310325,-2.0928648202407785,-3.3628713316693437,0,-1.1651317130437506,0,-4.279443241224831,-2.8411211087168953,-2.098195296424049,-1.2082417384856667,0,-0.34627353512128445,-0.28888614675198565,-0.8931025834050248,-0.33344678108783327,-0.142595533604972,-0.40143786575975526,0,-0.2304811236440485,-0.18313797598367104],"activity":[[0]],"dinucleotide":[],"positionBias":[],"modifications":[]}]},"modelFittingConstraints":{"enrichmentModel":[{}],"nShifts":0,"addBindingModesSequentially":true,"bindingModeInteractions":[],"flankLengths":[0],"singleModeLengthSweep":false,"bindingModes":[{"maxFlankLength":-1,"positionBiasBinWidth":1,"optimizeSizeHeuristic":false,"maxSize":-1,"optimizeFlankLength":false,"symmetryString":"null","roundSpecificActivity":true,"informationThreshold":0.1,"optimizeMotifShift":false,"fittingStages":[],"optimizeMotifShiftHeuristic":false,"experimentSpecificPositionBias":true,"minSize":-1,"experimentSpecificActivity":true,"optimizeSize":false}]}}
