{"modelSettings":{"letterOrder":"ACGTN","bindingModeInteractions":[],"bindingModes":[{"size":14,"fitLogActivity":true,"flankLength":0,"dinucleotideDistance":0,"componentName":"Binding mode 1","positionBias":false,"singleStrand":false,"modifications":[]}],"letterComplement":"C-G,A-T,N-N"},"coefficients":{"bindingModeInteractions":[],"bindingModes":[{"mononucleotide":[-0.9953565110940037,-0.37069687490498904,0,-0.5490848507159383,-0.4165300313281929,-2.137214398672527,-2.624755750847103,-3.5300471977966987,0,-1.1876533401880423,-0.2603656482037042,-1.0347183241123963,-0.5147249400086764,0,-0.3842806700809078,0,-0.4184278329180602,-0.324034856160913,-0.7125147101729254,-0.3313849276885036,-3.9730477311594603,0,-3.0090455824656672,-0.5383486622959861,-0.8843887382547836,-0.4221714089282713,0,-2.93439923862904,-0.7507827599429717,-0.6066111788221428,0,-3.264078626853208,-1.7794404798883836,-1.3401924289955236,-1.0018758797530418,-1.8791301409116488,-2.248395410936847,-2.9153394975222353,0,-1.114378161844106,-0.8116430884541996,-3.4704463216183488,0,-4.513917049065488,-0.9900810298640115,-0.46834645968996647,-1.7071922100867551,0,-3.333468577648226,-0.7748562227235015,-1.1117754248985054,0,-4.077978534362091,-0.6774171748494915,-0.7690334510464035,0,-4.1271728485878665,-1.231940040456367,-1.2025513470138716,-0.9111283174283342,0,-3.0634675624355583,-3.121979465081796,-4.3026674247116485,-1.2870576708815633,-4.975346315908525,0,-0.026304612063453803,-2.4570489282861514,-0.6603741729933533],"activity":[[0]],"dinucleotide":[],"positionBias":[],"modifications":[]}]},"modelFittingConstraints":{"enrichmentModel":[{}],"nShifts":0,"addBindingModesSequentially":true,"bindingModeInteractions":[],"flankLengths":[0],"singleModeLengthSweep":false,"bindingModes":[{"maxFlankLength":-1,"positionBiasBinWidth":1,"optimizeSizeHeuristic":false,"maxSize":-1,"optimizeFlankLength":false,"symmetryString":"null","roundSpecificActivity":true,"informationThreshold":0.1,"optimizeMotifShift":false,"fittingStages":[],"optimizeMotifShiftHeuristic":false,"experimentSpecificPositionBias":true,"minSize":-1,"experimentSpecificActivity":true,"optimizeSize":false}]}}
