{"modelSettings":{"letterOrder":"ACGTN","bindingModeInteractions":[],"bindingModes":[{"size":10,"fitLogActivity":true,"flankLength":0,"dinucleotideDistance":0,"componentName":"Binding mode 1","positionBias":false,"singleStrand":false,"modifications":[]}],"letterComplement":"C-G,A-T,N-N"},"coefficients":{"bindingModeInteractions":[],"bindingModes":[{"mononucleotide":[-0.5307076072156198,0,-0.20167719012996876,-0.17108495170868565,-0.20816340049575266,-0.6324600488860155,-0.06509268688928316,-0.8676580015375353,0,-0.32566168470086215,-2.3256689606858227,-1.9753683761204262,-4.049946656644241,0,-1.1600742975413962,0,-3.5672544709745906,-2.9273979936305623,-3.2339151887728685,-1.2719194843281127,0,-5.232619330257649,-4.7884447072173275,-4.715492706651547,-1.363926038511933,-3.7758455829909288,-4.771529258278344,-2.6890096545090962,0,-1.291590434814748,-2.881917356928416,-3.3942792340045087,-3.3881574226934146,0,-1.269967657977174,-0.3010899667644802,-2.9837806997689826,0,-2.690268909662391,-0.766538077796522,-0.4273223869900782,-0.7713301860135406,0,-1.2563209122805914,-0.5110963432213148,-0.5347530885005718,-0.0404874243687936,-0.6886859575958109,0,-0.271687092871283],"activity":[[0]],"dinucleotide":[],"positionBias":[],"modifications":[]}]},"modelFittingConstraints":{"enrichmentModel":[{}],"nShifts":0,"addBindingModesSequentially":true,"bindingModeInteractions":[],"flankLengths":[0],"singleModeLengthSweep":false,"bindingModes":[{"maxFlankLength":-1,"positionBiasBinWidth":1,"optimizeSizeHeuristic":false,"maxSize":-1,"optimizeFlankLength":false,"symmetryString":"null","roundSpecificActivity":true,"informationThreshold":0.1,"optimizeMotifShift":false,"fittingStages":[],"optimizeMotifShiftHeuristic":false,"experimentSpecificPositionBias":true,"minSize":-1,"experimentSpecificActivity":true,"optimizeSize":false}]}}
