{"modelSettings":{"letterOrder":"ACGTN","bindingModeInteractions":[],"bindingModes":[{"size":13,"fitLogActivity":true,"flankLength":0,"dinucleotideDistance":0,"componentName":"Binding mode 1","positionBias":false,"singleStrand":false,"modifications":[]}],"letterComplement":"C-G,A-T,N-N"},"coefficients":{"bindingModeInteractions":[],"bindingModes":[{"mononucleotide":[0,-0.3617834193428777,-0.013555871439168143,-0.3151911554559277,-0.15881457393885984,0,-0.15596137842746582,-0.4149414024408724,-0.030034093661593708,-0.13742936319643997,-1.6425781157512516,-1.2460117091595828,0,-0.407516196768662,-0.6224878973869555,-2.3142025527552077,0,-2.7329545265141144,-1.7919628861249057,-1.1007360732089202,0,-1.7578038925601618,-2.751687007625357,-1.757694555835796,-1.0436375920895544,0,-3.9683421574351936,-3.1228120591342563,-2.4346358658461638,-1.2460390024668018,-4.5158068707418835,0,-4.256580676404894,-4.330424326041769,-1.3487409855295007,0,-3.8183988324169116,-3.9547492842543868,-3.1138077161475985,-1.3042003476313826,-1.0367128784575916,-3.2392202119852094,0,-3.0975589416131033,-1.0223652571532473,-3.262310608417873,-3.733851994778739,0,-2.897740082948456,-1.275336249677405,-3.8759576547719545,-2.363793179925821,-2.886713947693191,0,-1.2288152040089848,-0.6167598499167752,-0.9309779709475814,0,-0.5663570165363812,-0.4694247097201193,-0.449122582878533,-0.3843391879919409,0,-0.3147532880745487,-0.27146191931550884],"activity":[[0]],"dinucleotide":[],"positionBias":[],"modifications":[]}]},"modelFittingConstraints":{"enrichmentModel":[{}],"nShifts":0,"addBindingModesSequentially":true,"bindingModeInteractions":[],"flankLengths":[0],"singleModeLengthSweep":false,"bindingModes":[{"maxFlankLength":-1,"positionBiasBinWidth":1,"optimizeSizeHeuristic":false,"maxSize":-1,"optimizeFlankLength":false,"symmetryString":"null","roundSpecificActivity":true,"informationThreshold":0.1,"optimizeMotifShift":false,"fittingStages":[],"optimizeMotifShiftHeuristic":false,"experimentSpecificPositionBias":true,"minSize":-1,"experimentSpecificActivity":true,"optimizeSize":false}]}}
