{"modelSettings":{"letterOrder":"ACGTN","bindingModeInteractions":[],"bindingModes":[{"size":11,"fitLogActivity":true,"flankLength":0,"dinucleotideDistance":0,"componentName":"Binding mode 1","positionBias":false,"singleStrand":false,"modifications":[]}],"letterComplement":"C-G,A-T,N-N"},"coefficients":{"bindingModeInteractions":[],"bindingModes":[{"mononucleotide":[-0.0742052783403766,0,-0.04553113652860841,-0.0746548910224103,-0.048131287519682424,0,-0.3304249735880367,-0.9181584306331878,-0.166306204540831,-0.2995324122033192,-0.9130125703854395,-2.520884724747084,0,-1.8317263437383564,-0.890477559811214,-1.5521378802956487,-1.193410332984289,0,-1.4814966587233351,-0.8311012069763772,0,-0.8181273287091559,-2.5164081971153665,-0.19850337248812622,-0.5353047502753217,0,-4.290366223805126,-3.4266719955297553,-3.856097525334251,-1.321119927673729,-5.225060684163943,-1.5690696938114883,-3.1642054534279342,0,-1.158468550434415,-4.023447135263486,-1.5696106870768942,0,-0.8643988895740211,-0.8871433582032388,-1.400670024695141,0,-1.4225980729750372,-0.0505866791381111,-0.4950383362779633,-0.08771656935825423,-0.18144898963164158,0,-0.42640036334707454,-0.1616557231139965,0,-0.1867392602731417,-0.07037540339814807,-0.3167482655868161,-0.13633015710725754],"activity":[[0]],"dinucleotide":[],"positionBias":[],"modifications":[]}]},"modelFittingConstraints":{"enrichmentModel":[{}],"nShifts":0,"addBindingModesSequentially":true,"bindingModeInteractions":[],"flankLengths":[0],"singleModeLengthSweep":false,"bindingModes":[{"maxFlankLength":-1,"positionBiasBinWidth":1,"optimizeSizeHeuristic":false,"maxSize":-1,"optimizeFlankLength":false,"symmetryString":"null","roundSpecificActivity":true,"informationThreshold":0.1,"optimizeMotifShift":false,"fittingStages":[],"optimizeMotifShiftHeuristic":false,"experimentSpecificPositionBias":true,"minSize":-1,"experimentSpecificActivity":true,"optimizeSize":false}]}}
