{"modelSettings":{"letterOrder":"ACGTN","bindingModeInteractions":[],"bindingModes":[{"size":10,"fitLogActivity":true,"flankLength":0,"dinucleotideDistance":0,"componentName":"Binding mode 1","positionBias":false,"singleStrand":false,"modifications":[]}],"letterComplement":"C-G,A-T,N-N"},"coefficients":{"bindingModeInteractions":[],"bindingModes":[{"mononucleotide":[-0.504091994013979,-0.6414212266503418,-0.7905228684490648,0,-0.436876474384428,-0.9060309298499885,-0.6021094414116073,-0.23044225390352047,0,-0.37616270623963854,0,-1.4046843120404486,-0.8727101919210165,-1.1292126234173487,-0.6998949552236409,-2.239150197671181,0,-1.5693963493679055,-1.1959653413692735,-0.9056403361479298,-1.5687718608699521,-2.038331503754649,0,-3.9200104277039944,-1.0799959677065594,-3.0280041706951497,-2.268502610235026,-3.262371108924452,0,-1.2121926267591487,-0.8184600993987701,0,-2.6529650774330453,-2.6860261005215618,-0.9290570867072847,0,-3.9840588375116184,-2.1164726180754245,-3.017474874575843,-1.21403128173193,-1.9632169238923187,-0.36553081826711953,-1.3690516238891797,0,-0.6498088327638875,-0.45960249735308345,0,-0.4025569864311458,-0.26198740349657834,-0.26472638680610655],"activity":[[0]],"dinucleotide":[],"positionBias":[],"modifications":[]}]},"modelFittingConstraints":{"enrichmentModel":[{}],"nShifts":0,"addBindingModesSequentially":true,"bindingModeInteractions":[],"flankLengths":[0],"singleModeLengthSweep":false,"bindingModes":[{"maxFlankLength":-1,"positionBiasBinWidth":1,"optimizeSizeHeuristic":false,"maxSize":-1,"optimizeFlankLength":false,"symmetryString":"null","roundSpecificActivity":true,"informationThreshold":0.1,"optimizeMotifShift":false,"fittingStages":[],"optimizeMotifShiftHeuristic":false,"experimentSpecificPositionBias":true,"minSize":-1,"experimentSpecificActivity":true,"optimizeSize":false}]}}
